,I00001,I00002,I00007,I00008,I00013,I00014,I00019,I00020,I00025,I00026,I00031,I00032
a1bg,166,0,57,4,5,1,30,4,1,0,2,2
a1cf,1298,1713,1396,2199,1446,1723,1603,1708,1656,1693,1238,2019
a2m,7,4,2281,7,3,3,16,20,19,18,54,19
a3galt2,0,0,4,2,0,1,3,0,2,3,7,0
a4galt,153,19,83,32,89,13,78,18,149,15,361,15
a4gnt,51,0,39,0,125,2,47,1,60,0,8,1
aaas,293,112,447,122,275,144,220,112,271,121,229,118
aacs,1371,878,1285,1183,1558,909,886,946,2118,703,1084,1504
aadac,7326,14661,4696,12644,9826,13572,6562,10312,11074,15324,5655,17657
aadacl2,0,0,0,0,0,0,2,0,0,0,0,0
aadacl3,0,0,0,0,0,0,1,0,0,0,0,0
aadat,1310,1996,514,2192,1338,2691,1011,3048,1654,2977,750,2499
aagab,608,704,639,658,609,733,619,673,804,713,429,814
aak1,520,335,741,500,426,345,619,450,607,318,687,378
aamdc,317,350,231,308,312,372,355,362,414,351,223,324
aamp,3464,2280,3506,2555,3402,2251,3379,2272,3589,2293,3345,2386
aanat,3,3,8,0,1,1,2,1,13,4,0,1
aar2,512,433,516,448,471,440,405,385,569,367,490,414
aard,30,29,15,20,21,28,15,9,27,19,13,22
aars2,356,266,329,316,353,298,314,272,362,313,420,311
aarsd1,454,344,306,407,527,440,450,396,499,387,421,418
aasdh,163,174,189,167,195,197,136,155,261,181,248,181
aasdhppt,621,1048,681,965,762,912,639,729,886,991,861,1159
aass,4884,8673,3179,7913,6505,8608,6959,7562,7260,7310,2709,9209
aatf,430,308,404,350,401,328,378,303,534,348,279,296
aatk,76,153,50,114,66,128,56,89,55,85,45,66
abat,5781,6899,2608,7227,6260,7665,4948,6045,8971,6330,4290,7813
abca1,6624,5803,11875,7496,5348,6302,6732,7445,7508,7264,6937,7675
abca12,8,17,19,10,8,14,30,10,20,11,11,22
abca13,7,0,9,4,4,1,4,6,9,4,21,10
abca2,959,759,832,957,938,868,825,941,1146,849,1189,983
abca3,1825,1016,1626,1145,1254,1172,1279,1399,1231,1084,1166,1140
abca4,26,19,38,42,19,20,21,20,42,14,32,19
abca5,502,214,480,230,406,248,605,185,737,169,845,210
abca6,7431,7026,8238,6500,6283,7118,6902,7256,9134,6822,6913,7032
abca7,235,141,344,229,229,148,229,146,230,131,239,181
abca9,472,263,391,578,447,213,543,226,612,320,456,280
abcb10,509,756,379,774,554,718,421,711,699,728,420,846
abcb11,9183,20509,8438,18555,13437,20120,12815,19347,21998,26134,10144,27427
abcb4,5432,3975,5996,4009,7491,3581,7095,3697,10480,4035,10892,3961
abcb5,0,0,0,0,0,0,0,3,2,2,0,2
abcb6,1741,1037,1940,1119,1761,1124,1415,1174,1824,1042,1798,1274
abcb7,1806,1787,1736,1812,1675,1828,1507,1737,2539,1758,1463,1845
abcb8,702,460,538,455,715,479,581,466,738,434,753,534
abcb9,81,36,64,42,80,24,46,37,80,31,82,31
abcc1,313,126,877,209,209,122,402,163,455,151,391,156
abcc10,86,69,153,84,86,73,108,98,143,82,138,83
abcc12,980,2,225,5,748,7,348,6,1513,2,1923,2
abcc2,9576,6205,22081,7288,8697,6012,12634,7914,12654,7484,9430,6789
abcc3,8938,2811,8416,2666,8497,2033,10328,1464,10733,1481,9137,3533
abcc4,1213,86,4519,97,692,68,1621,72,1546,81,1903,81
abcc5,1012,112,1831,233,575,114,873,140,959,144,848,120
abcc6,1537,1756,1592,1860,1392,2045,1312,1889,2200,2028,1054,2395
abcc8,1,0,0,0,1,1,1,0,0,0,0,0
abcc9,1189,1224,1603,1452,793,1486,1258,1122,1052,909,1674,983
abcd1,564,288,446,379,522,293,462,305,675,273,295,371
abcd2,2254,105,2137,126,793,90,1081,113,791,93,1758,146
abcd3,7209,11792,5149,10463,9566,12609,6966,9264,11003,10323,4901,13302
abcd4,141,86,132,108,124,138,84,122,141,129,115,131
abce1,2480,2986,3075,3004,2537,2698,2669,2765,3434,3105,3642,3145
abcf1,1471,877,1457,1072,1231,943,1354,1008,1333,890,1432,980
abcf2,889,905,917,966,985,802,876,779,1209,861,1292,816
abcf3,1074,1109,1152,1202,895,923,988,982,1492,1102,934,1066
abcg1,813,188,1118,302,620,254,707,276,665,221,592,256
abcg2,2936,2341,1479,1673,4195,1994,3119,1843,4648,2358,4346,2613
abcg4,0,3,2,6,1,0,1,0,0,1,2,1
abcg5,1693,822,3093,821,1819,802,2768,1026,3431,754,2152,981
abcg8,1667,785,2461,791,1512,963,1880,1028,2263,846,2048,997
abhd10,148,108,171,120,153,128,162,119,239,122,169,116
abhd11,529,476,428,450,616,441,548,421,708,446,790,417
abhd12,1006,487,1350,593,765,591,803,560,843,512,631,595
abhd12b,10,5,17,7,7,2,4,4,20,7,5,12
abhd13,693,677,747,632,606,686,674,858,845,673,776,651
abhd14a,152,143,159,195,123,169,145,115,141,175,107,159
abhd14b,2191,2395,1738,2441,2019,2854,1759,2189,2497,2261,1410,2981
abhd15,560,564,361,588,665,463,516,635,812,564,363,608
abhd16a,768,580,691,614,625,666,684,505,842,491,880,637
abhd16b,10,2,3,0,3,2,4,1,7,3,4,1
abhd17a,1079,631,981,642,986,685,858,624,829,551,626,615
abhd17b,421,372,486,378,400,439,332,451,409,283,461,479
abhd17c,843,1027,932,1006,614,984,620,773,676,853,457,962
abhd18,380,686,397,621,482,599,339,609,625,728,268,803
abhd2,7274,961,17575,1583,3759,1086,6457,1437,5713,1108,6029,1414
abhd3,1127,1195,1114,1024,1239,945,1210,1034,1645,1040,1734,1053
abhd4,1445,532,1752,613,1155,551,1237,597,1376,557,1122,588
abhd5,1462,589,1630,728,640,861,1329,625,727,969,667,1037
abhd6,357,314,247,326,284,227,239,256,383,281,173,342
abhd8,191,99,127,121,176,77,123,60,141,99,211,61
abi1,1400,935,1697,1055,1146,943,1232,915,1485,813,1378,885
abi2,380,175,608,347,273,174,414,183,477,164,633,166
abi3,334,105,266,137,211,106,271,118,258,121,178,125
abi3bp,60,155,43,316,91,136,79,155,105,130,31,161
abl1,771,334,1067,496,654,383,668,476,986,435,628,510
abl2,449,253,969,341,415,276,566,345,584,253,653,300
ablim1,873,670,883,693,910,654,793,561,1267,621,1544,815
ablim2,71,52,71,67,55,65,66,58,101,44,104,37
ablim3,361,306,312,518,379,539,370,305,433,426,165,625
abo,0,0,0,0,0,0,2,0,0,1,0,1
abr,762,137,852,244,611,167,604,166,983,124,586,177
abra,2,15,11,11,1,1,23,3,4,7,3,4
abracl,370,234,435,215,344,194,352,194,437,183,469,173
abt1,210,187,248,218,211,183,209,178,255,166,169,212
abtb1,496,390,374,376,450,464,441,457,484,447,237,433
abtb2,390,403,591,461,352,431,396,211,434,377,385,576
acaa2,12355,16965,9313,14458,14727,14523,11732,12588,16952,15048,9793,16229
acaca,5141,2654,5341,3387,6602,3900,5470,2626,6321,3221,4098,4075
acacb,2007,1096,1057,1394,1564,2924,1603,1810,1515,1491,853,2694
acad10,838,455,354,483,958,521,781,338,858,387,902,548
acad11,5163,8348,4295,7864,5015,7048,4714,6465,7026,7720,4378,7533
acad8,891,1455,731,1275,1083,1388,985,1125,1343,1284,726,1584
acad9,1697,1450,1550,1468,2374,1481,1916,1298,2883,1390,2386,1514
acadl,2717,1969,2666,2098,2538,1919,2355,1405,2734,1448,2785,2027
acadm,7442,5325,5345,4494,8084,4320,7380,3946,8878,4138,5654,4786
acads,3671,2299,2048,2502,4291,2549,2968,1901,2956,1968,3097,2454
acadsb,2350,4714,1770,4545,2659,4390,2066,4083,3461,4512,1340,4833
acadvl,6853,8049,5498,7490,8190,7273,7164,6676,8807,7218,6550,7759
acan,1,0,0,0,0,0,0,1,0,0,0,0
acap1,64,51,82,61,55,39,50,36,89,37,66,39
acap2,1218,558,1510,832,955,637,1097,658,1196,617,830,654
acap3,121,38,153,96,112,50,89,62,130,73,99,76
acat1,5186,8207,5243,6175,5930,7013,4913,5075,8003,6278,5905,8026
acat2,2108,1605,1696,1598,2927,2526,2662,1851,3740,1719,1995,2477
acbd3,880,408,1387,563,713,410,721,428,931,405,1062,499
acbd4,871,823,707,903,929,799,616,607,919,745,830,760
acbd5,6156,6696,5898,6276,5723,6162,4990,5860,9032,5967,6650,6241
acbd6,433,331,403,314,423,368,391,311,413,247,468,314
acbd7,0,0,9,0,1,0,2,0,0,0,2,0
accs,144,72,128,66,100,73,104,86,173,97,89,84
accsl,0,1,0,1,0,0,0,0,0,0,0,0
acd,176,123,133,113,149,121,144,120,156,99,157,106
ace,175,35,223,132,133,23,193,34,184,40,211,33
ace2,10,15,21,13,17,12,21,27,13,11,27,15
acer1,13,5,16,11,4,9,10,5,10,12,13,9
acer2,869,336,982,284,660,318,1165,302,697,248,1225,347
acer3,655,679,856,850,704,632,719,684,1046,691,730,576
ache,11,12,13,9,13,8,16,11,17,6,6,10
acin1,944,725,1290,883,877,897,992,851,1314,789,786,960
ackr1,40,12,13,10,23,8,18,3,32,7,6,10
ackr2,100,64,80,70,69,79,127,53,101,76,80,39
ackr3,71,40,189,149,73,35,59,36,83,58,189,49
ackr4,42,63,55,101,57,80,54,85,89,70,23,79
acly,7038,5959,8071,6678,12800,12272,10359,4646,11806,6749,5688,11477
acmsd,1168,677,663,894,1231,809,1150,1209,1165,1029,396,1055
aco1,4553,4803,3908,4456,5086,5017,4504,4765,6430,5098,5878,5368
aco2,5271,3020,4876,3152,5427,3071,4809,3155,6547,3341,6630,3491
acod1,40,22,39,22,20,10,18,16,38,52,7,20
acot1,239,106,169,102,116,89,152,58,179,50,196,218
acot11,280,241,264,315,387,245,266,278,279,239,305,153
acot12,2193,2066,1916,1954,1540,2102,2009,1963,1960,1907,991,2032
acot13,1073,839,804,772,1326,763,1181,632,1513,775,1252,801
acot2,246,52,157,70,120,41,136,50,202,29,164,56
acot4,389,187,257,245,274,190,243,169,319,105,338,218
acot6,47,18,60,28,54,16,41,23,51,18,37,18
acot7,256,233,173,229,252,243,198,207,291,218,197,240
acot8,233,235,237,245,237,193,198,191,250,236,141,208
acot9,592,187,581,190,523,126,563,153,776,157,734,165
acox1,28618,37976,20105,31961,28009,37219,24957,28025,35184,26709,18376,36524
acox2,5969,4201,7564,3660,6362,4545,6310,3667,8249,4687,6045,5362
acox3,721,547,604,605,776,721,692,845,1104,663,682,775
acoxl,1,2,4,0,1,1,1,0,0,1,1,0
acp1,1584,1635,1810,1457,1576,1560,1555,1724,2113,1654,1548,1631
acp2,1356,1361,1742,1187,1302,943,1422,1169,1741,1246,1241,1207
acp5,2578,1695,2201,1744,1879,1742,2445,1443,2058,1695,1757,1564
acp6,499,505,501,414,612,477,532,475,652,452,447,518
acp7,0,0,8,0,0,0,3,0,1,0,6,0
acr,1,1,0,0,0,0,0,1,1,0,2,0
acrbp,30,23,44,27,28,28,40,24,63,19,26,34
acrv1,4,9,21,8,10,5,3,9,7,13,12,9
acsbg1,7,10,28,6,15,6,13,5,17,6,16,5
acsbg2,2,2,2,1,0,3,4,5,3,4,2,1
acsf2,1044,1123,696,1277,979,1000,925,1054,1055,967,609,1178
acsf3,619,326,298,308,487,384,354,323,452,313,364,361
acsl1,9594,15092,8466,17123,8193,15454,6957,11501,9399,16406,6678,21663
acsl3,886,845,1173,1055,981,836,884,751,1341,824,1143,795
acsl4,3834,1525,4052,2494,2779,2176,2749,1824,3292,1674,2369,2091
acsl5,13195,8905,12780,6566,11040,10516,13197,6583,12858,8804,9015,13085
acsl6,2,12,3,21,2,12,6,19,7,16,0,9
acsm1,4556,8620,4419,7907,5297,9632,5779,9432,7600,8582,5723,9683
acsm3,2547,2701,1990,2078,2722,2290,2330,2564,3169,2674,2112,2833
acsm4,0,1,149,0,2,0,2,1,3,0,5,2
acsm5,1439,2471,1397,2214,1663,2339,1491,2947,2902,2589,1659,2602
acss1,41,13,60,26,37,14,57,31,65,15,66,23
acss2,3558,4284,2505,3404,4236,11543,3450,4548,6706,4740,1896,9928
acss3,286,511,271,543,340,438,338,346,428,397,200,512
acta1,492,989,1503,1255,0,60,2363,159,43,0,1,0
acta2,377,188,489,327,372,96,376,102,365,242,181,287
actb,34152,18972,40550,24239,30955,22614,33217,16742,34289,18401,33823,21573
actbl2,0,0,0,0,0,0,0,0,0,0,0,0
actc1,11,7,10,5,7,0,26,3,11,0,14,3
actg2,27,18,36,42,22,9,36,23,20,27,4,27
actl10,0,0,1,1,0,0,1,0,0,1,0,0
actl6a,409,457,524,401,455,423,497,454,594,478,407,464
actl6b,0,1,3,1,4,2,3,1,5,3,2,0
actl7a,0,2,3,0,0,0,1,2,1,0,1,1
actl7b,0,0,0,0,0,0,1,0,0,0,0,0
actl9,1,1,0,0,0,2,1,0,0,0,0,2
actn1,1086,413,1296,543,689,414,845,444,770,389,573,564
actn2,35,63,78,72,16,12,117,21,30,10,7,11
actn3,28,92,141,67,4,7,80,11,14,2,24,1
actn4,1878,1213,2387,1860,1661,1517,1897,1262,1757,1250,1868,1409
actr10,959,995,944,934,1003,992,890,845,1143,946,943,1012
actr1a,1497,1092,1509,1261,1599,1091,1484,1223,1821,1176,1426,1138
actr1b,1849,1021,2093,1166,1727,1102,1558,1147,1667,973,1915,1121
actr2,4623,3268,4550,3515,4438,3249,4494,3355,5896,3401,5329,3327
actr3,3532,1884,4550,2339,3419,1862,3550,1780,3800,1736,4167,2030
actr3b,7,8,8,19,6,10,15,7,9,7,4,6
actr5,171,125,192,152,121,105,143,117,193,137,110,142
actr6,258,296,291,352,348,350,344,317,395,292,442,277
actr8,483,511,498,511,447,508,475,488,678,559,385,557
actrt1,0,0,0,0,0,0,0,0,0,0,0,0
actrt2,0,0,0,0,0,0,0,0,0,0,0,0
actrt3,0,0,0,0,0,0,0,0,0,1,0,2
acvr1,202,158,271,220,188,189,190,259,248,153,141,206
acvr1b,335,182,603,264,252,229,264,303,350,257,234,207
acvr1c,2,11,2,13,3,11,7,26,6,15,1,11
acvr2a,653,692,721,806,534,773,663,787,781,696,641,858
acvr2b,33,87,26,71,26,87,24,86,45,70,35,66
acvrl1,244,84,284,187,213,86,222,98,247,109,282,112
acy1,474,517,451,498,400,546,363,569,578,619,347,609
acy3,1274,889,1075,851,1173,917,856,935,974,1087,707,821
acyp1,102,144,82,157,124,171,101,142,158,186,146,170
acyp2,71,42,41,55,66,41,53,19,86,40,50,17
ada,72,42,51,54,50,76,151,56,59,46,30,52
adad1,0,0,0,0,0,0,0,0,0,0,0,0
adad2,0,0,0,0,0,0,0,1,0,0,0,0
adam10,1027,697,1188,1053,986,734,1045,825,1180,802,1302,904
adam11,124,113,153,91,88,156,84,90,152,65,138,53
adam12,125,118,248,176,143,224,134,146,221,181,174,244
adam15,219,68,273,247,152,67,218,70,239,87,230,122
adam17,795,706,902,721,819,582,912,673,1271,746,816,765
adam18,0,0,0,0,0,0,0,0,0,0,0,0
adam19,77,41,138,81,79,40,85,36,136,42,141,59
adam2,0,1,1,0,1,0,1,1,0,0,0,0
adam20,0,0,0,0,0,0,0,0,0,0,0,0
adam21,1,1,4,2,1,3,1,0,6,1,4,4
adam22,21,20,52,28,35,19,42,12,58,24,95,26
adam23,1180,636,579,835,978,703,1022,718,796,496,297,530
adam28,4,6,17,6,6,7,8,8,16,2,7,8
adam29,0,0,0,0,0,0,0,0,0,0,0,0
adam30,0,0,1,0,1,0,0,0,0,1,1,0
adam32,29,1,18,3,32,2,12,2,54,4,58,2
adam33,40,11,48,39,25,8,28,13,47,16,16,12
adam5,0,0,2,0,2,0,0,1,3,0,5,1
adam7,3,1,0,3,2,1,1,2,1,2,2,0
adam8,161,33,266,72,70,18,223,47,199,93,102,67
adam9,2050,1568,2230,1827,1442,1611,1593,1780,1871,1682,1461,1808
adamdec1,417,131,296,158,482,95,557,113,412,90,893,68
adamts1,482,248,673,361,373,336,606,309,651,209,561,392
adamts10,230,95,387,205,198,114,192,101,313,129,237,134
adamts12,53,17,94,20,75,11,76,21,104,27,104,28
adamts13,85,142,92,160,84,144,83,100,122,102,46,128
adamts14,120,11,173,19,31,12,70,18,74,17,127,30
adamts15,123,35,228,135,52,38,146,43,167,74,199,57
adamts16,7,0,8,2,6,2,3,3,17,1,6,4
adamts17,3,0,17,10,1,3,5,7,4,6,7,8
adamts18,0,0,0,0,0,0,0,0,1,0,0,0
adamts19,3,0,0,10,0,0,0,2,2,2,0,2
adamts2,383,180,594,386,389,228,346,181,486,226,295,255
adamts20,0,1,1,2,0,0,1,0,0,0,0,3
adamts3,4,5,48,25,11,10,6,9,16,11,7,15
adamts4,46,6,106,29,45,6,83,9,60,21,83,24
adamts5,194,73,244,240,244,103,218,76,442,67,221,93
adamts6,53,31,117,37,42,27,71,41,101,28,131,33
adamts7,149,74,162,103,145,79,111,73,348,100,192,114
adamts8,7,1,5,14,1,2,8,5,8,5,2,3
adamts9,179,70,331,129,151,88,242,100,337,122,441,127
adamtsl1,103,28,112,195,111,29,115,43,166,50,116,58
adamtsl2,460,139,577,241,495,233,437,177,617,161,679,123
adamtsl3,21,15,32,48,31,30,33,15,34,17,34,9
adamtsl4,66,35,117,77,47,23,73,39,75,43,55,44
adamtsl5,44,15,40,65,15,19,25,24,25,34,51,13
adap1,175,37,107,47,155,23,95,35,176,31,279,26
adap2,889,658,981,656,754,596,675,793,1036,598,621,654
adar,623,418,812,543,702,496,609,505,741,470,452,541
adarb1,422,239,539,339,438,289,365,324,533,239,582,310
adarb2,40,20,47,22,39,12,14,17,40,18,38,19
adat1,85,72,98,103,84,89,89,77,111,97,70,100
adat2,55,48,57,45,54,53,44,48,40,30,39,42
adat3,26,12,67,19,34,14,41,27,42,17,25,23
adck1,347,276,252,297,382,292,250,225,344,282,197,328
adck2,161,109,172,127,98,95,116,107,129,116,92,149
adck5,523,537,411,390,480,495,511,345,490,420,512,650
adcy1,283,6,1065,5,141,14,559,14,35,6,62,18
adcy10,11,11,40,9,15,8,23,6,21,16,25,15
adcy2,16,9,135,14,19,10,47,9,31,3,45,5
adcy3,93,37,106,87,81,42,104,27,122,37,112,28
adcy4,139,111,122,140,111,98,150,87,110,91,81,103
adcy5,58,36,41,73,37,22,43,37,57,41,37,45
adcy6,607,250,985,269,474,236,480,341,807,226,339,328
adcy7,408,136,492,295,401,129,463,164,593,158,435,169
adcy8,1,0,79,1,4,0,4,0,3,1,0,0
adcy9,433,474,532,457,457,550,386,521,648,538,385,685
adcyap1,0,0,0,0,0,0,0,0,1,0,0,0
adcyap1r1,36,40,43,62,30,45,17,52,57,40,57,32
add1,1389,734,1584,1086,1297,849,1292,749,1606,728,1757,903
add2,5,0,39,1,2,0,3,1,0,1,3,1
add3,627,445,466,840,724,478,676,428,809,448,488,456
adgb,106,92,69,109,113,61,167,62,175,60,62,79
adgra1,0,1,2,1,0,2,0,4,0,2,1,2
adgra2,248,88,227,179,170,95,208,106,188,99,202,105
adgra3,647,719,704,855,699,559,629,598,851,730,723,861
adgrb1,0,0,2,2,0,0,2,0,0,0,0,1
adgrb2,14,2,3,21,4,1,3,1,13,2,1,4
adgrb3,22,13,33,30,16,13,21,23,38,14,16,23
adgrd1,152,64,71,637,70,48,109,92,186,156,12,109
adgre1,2324,992,1640,1230,2261,836,2852,1149,2660,1121,1652,1040
adgre5,1575,564,2824,928,1412,570,1711,510,1445,658,1323,725
adgrf1,158,204,267,290,45,372,74,627,107,550,16,634
adgrf3,0,2,2,2,0,0,2,0,1,1,0,2
adgrf4,2,2,24,9,1,1,3,2,3,1,1,0
adgrf5,1522,1078,1640,1474,1266,1054,1544,970,1505,1029,1508,1088
adgrg1,380,34,314,150,194,57,170,50,238,55,344,70
adgrg2,30,12,30,24,10,9,30,4,34,7,14,14
adgrg3,139,68,101,78,110,71,155,78,132,76,63,85
adgrg4,2,1,7,6,2,3,3,2,10,6,7,9
adgrg5,7,9,10,6,6,0,9,0,15,0,18,1
adgrg6,184,67,85,110,141,56,166,59,154,68,87,54
adgrg7,1,0,1,3,3,0,2,27,3,8,0,28
adgrl1,148,63,107,147,91,80,104,69,132,68,95,70
adgrl2,849,627,923,917,679,830,752,1066,864,730,796,858
adgrl3,34,22,55,16,30,14,51,28,64,31,52,27
adgrl4,898,720,932,812,779,702,789,551,1019,631,877,644
adgrv1,88,82,99,72,95,95,91,65,170,80,65,66
adh4,1373,6860,1061,4896,3105,4102,2231,3671,3912,5438,508,4747
adh5,6964,10681,6231,8958,8840,10018,8286,8891,9985,10366,5711,10354
adh7,212,306,213,294,208,249,189,288,266,231,146,332
adhfe1,1849,2387,1035,1894,2409,2429,2178,2176,3063,2229,1440,2325
adi1,1644,1613,1282,1758,1686,1908,1233,1597,1688,1491,1017,1721
adig,1,7,3,5,0,3,2,2,0,0,0,3
adipoq,18,37,4,21,2,2,9,13,5,13,0,69
adipor1,3565,1760,4182,2042,3196,1976,3099,1967,3010,1750,2896,2061
adipor2,8137,14324,7994,11731,10118,13346,8527,9085,14008,14875,5769,16913
adk,11918,15695,8924,13560,12535,15832,12282,13892,16098,13891,8142,13675
adm,52,35,193,48,48,35,103,26,80,28,95,41
adm2,1,0,100,1,2,0,5,1,1,0,4,3
adnp,72,46,48,36,9,67,41,37,86,42,37,17
adnp2,237,209,266,257,202,153,205,181,287,228,218,237
ado,443,402,594,490,503,391,445,345,474,355,413,395
adora1,738,120,577,137,804,136,619,259,943,223,1189,199
adora2a,43,23,57,31,41,15,45,21,43,19,62,20
adora2b,6,1,9,16,5,4,6,4,16,12,7,3
adora3,12,13,28,11,20,8,12,13,24,11,16,15
adpgk,333,242,345,315,265,225,379,323,344,262,234,300
adprh,158,130,160,141,134,135,198,111,130,125,94,141
adprhl1,3,6,11,10,0,1,14,1,0,0,0,0
adprm,427,303,385,278,417,334,444,286,613,320,519,302
adra1a,43,131,21,76,41,58,36,84,69,54,16,75
adra1b,491,715,349,579,583,814,437,545,544,647,301,799
adra1d,6,0,3,1,1,0,0,1,13,0,3,1
adra2a,6,0,2,1,1,0,3,1,2,0,0,1
adra2b,227,140,99,123,137,118,95,83,281,109,106,120
adra2c,2,0,0,4,0,2,1,0,0,0,0,0
adrb1,31,18,34,12,31,16,36,23,36,16,16,13
adrb2,111,17,230,53,83,17,280,21,154,26,222,28
adrb3,40,54,190,72,68,56,49,71,129,52,158,77
adrm1,1222,914,1347,1000,1048,947,1077,885,1105,922,980,993
adsl,640,338,654,410,598,427,537,344,724,394,641,453
adtrp,1143,2936,928,2486,1134,2755,925,2722,1519,2543,588,2323
aebp1,457,98,474,1048,181,83,332,109,339,163,392,181
aebp2,789,328,1002,511,648,465,835,420,779,357,929,403
aen,501,247,924,270,406,303,477,293,514,289,288,275
afap1,91,43,115,141,90,50,102,56,142,60,164,80
afap1l1,160,73,194,115,154,77,148,69,209,74,242,93
afap1l2,49,35,42,80,44,37,56,26,59,45,29,38
aff1,711,525,886,730,689,581,787,663,851,594,892,782
aff2,6,6,26,6,2,0,4,5,9,2,7,3
aff3,29,13,19,40,18,19,34,10,35,10,12,14
aff4,2812,2557,3931,3115,2852,2788,3714,3094,4021,2446,3909,2989
afg3l2,1398,885,1531,920,1214,1007,1249,1064,1628,972,1527,1084
afm,4458,4868,6775,3521,3277,3841,4735,3704,4492,4861,3073,6096
afmid,1331,2088,925,1827,2109,2069,1565,1286,2352,1766,1470,1927
afp,1369,43,11753,41,224,61,2261,36,277,36,158,58
aftph,1353,1148,1428,1212,1476,1205,1473,1274,1886,1191,1607,1334
aga,675,253,706,257,594,354,471,292,742,334,763,332
agap1,513,215,595,456,418,171,420,287,457,251,591,260
agap2,42,33,49,63,60,47,60,58,57,53,64,35
agap3,577,301,486,371,454,328,426,363,518,280,470,330
agbl1,2,1,3,4,1,2,2,4,3,0,2,3
agbl2,15,12,21,16,18,16,21,10,30,21,15,16
agbl3,145,109,84,120,120,97,114,109,164,118,105,96
agbl4,6,0,4,5,5,3,6,1,7,5,7,0
agbl5,122,83,211,74,128,77,131,100,209,67,262,76
ager,13,3,15,8,9,3,7,4,8,3,17,3
agfg1,1583,720,2568,803,1320,661,1357,733,1734,693,2625,799
agfg2,509,549,466,567,631,601,524,574,719,648,625,666
aggf1,679,559,699,703,610,663,565,696,768,596,541,677
agk,172,157,123,164,132,174,197,163,259,159,137,182
agl,1564,1372,1548,1391,1568,1408,1774,1514,2334,1049,1517,1383
agmat,1297,2178,927,1817,2027,2226,1329,1710,1685,1895,1008,1832
agmo,1429,1971,1373,1556,1712,1684,1458,1402,2373,1806,2138,1909
ago1,534,383,489,492,492,402,457,497,595,373,379,530
ago2,725,290,1256,556,503,326,756,375,706,339,644,388
ago3,374,374,569,484,388,433,463,457,597,353,451,537
ago4,113,106,126,103,98,81,137,89,161,80,97,140
agpat1,190,70,257,125,194,89,190,90,232,92,220,113
agpat2,3280,4077,3837,3451,4179,3612,3513,2668,5380,3846,3857,3558
agpat3,3211,2497,2890,2593,3021,2378,3127,2471,3115,2280,2310,2633
agpat4,56,26,47,43,45,21,62,31,70,33,45,35
agpat5,391,261,445,318,340,262,347,271,394,323,336,306
agps,838,570,987,694,697,536,752,518,1068,506,821,564
agr2,1,0,0,1,3,0,0,29,1,18,0,5
agr3,0,0,0,0,0,0,0,0,0,0,0,0
agrn,924,368,995,498,764,376,666,501,982,466,1332,479
agrp,2,3,6,0,2,1,3,2,7,2,1,3
agt,9035,7927,8123,7850,6858,7331,5972,6638,8214,7271,10758,7192
agtpbp1,303,289,361,325,308,305,343,439,394,319,279,334
agtr2,0,0,0,0,0,0,0,0,0,0,0,1
agtrap,238,129,251,277,243,130,247,182,235,168,175,181
agxt,3473,5600,3576,5519,3917,6409,4157,4437,3644,5368,800,6496
agxt2,4599,3472,2499,3410,4864,3871,3403,3307,6186,3302,5042,3753
ahctf1,1947,2180,2351,2371,2171,2150,2270,1769,2645,1956,3803,2600
ahcy,24505,36336,15596,36992,25863,34909,22164,31488,28706,33658,13735,34315
ahcyl1,1952,1505,1924,1743,2003,1750,1985,1722,2227,1551,1827,1665
ahcyl2,519,605,445,803,483,682,471,582,538,1025,335,785
ahdc1,213,136,319,172,137,114,185,130,235,135,154,157
ahi1,50,40,45,60,35,47,46,42,43,33,41,56
ahnak,8229,2998,8527,12144,5579,2722,7365,3551,10641,4933,11976,5025
ahnak2,512,69,700,524,213,78,223,118,843,118,523,109
ahr,562,797,1034,1263,661,1253,1053,1291,1058,761,681,872
ahrr,23,16,40,24,23,16,21,17,46,24,20,29
ahsa1,1536,1662,1554,1992,1597,1564,1337,1362,1776,2289,1147,1788
ahsg,211784,123783,226456,120508,108313,126392,168629,138715,128219,138717,91110,137846
aicda,0,1,5,3,2,0,3,2,11,1,1,1
aida,590,227,880,311,435,217,537,260,746,213,845,264
aif1,361,140,304,155,412,131,380,169,481,161,348,128
aif1l,10,4,33,4,8,4,15,3,21,1,21,5
aifm1,2139,1871,1726,1664,2117,1932,1768,1803,2986,2029,1252,2223
aifm2,572,242,503,305,641,299,730,374,677,298,634,241
aifm3,71,70,56,88,106,81,77,101,92,79,89,68
aig1,357,252,696,244,190,261,356,289,377,197,382,284
aim2,125,48,565,77,102,34,190,65,170,64,221,70
aimp1,704,559,802,530,680,577,817,490,872,618,733,578
aimp2,190,127,223,192,208,127,178,107,243,126,256,159
aip,540,295,450,337,472,267,454,209,490,290,457,291
aipl1,2,4,4,2,0,3,3,5,6,2,0,4
aire,319,817,434,621,421,747,298,666,466,902,234,746
ajap1,8,2,9,4,12,8,11,1,9,2,1,1
ajuba,542,120,488,152,332,91,398,254,676,140,231,126
ak1,73,75,96,96,65,7,122,29,72,23,64,26
ak2,2449,2625,2690,2629,2887,2344,2113,2732,3269,2842,1647,2861
ak3,6619,7154,4927,6919,6382,6977,5869,6669,7457,6286,6383,7233
ak4,1725,1153,1510,1121,1551,964,1446,907,1823,1058,1961,1124
ak5,8,5,10,17,10,7,12,3,17,10,6,6
ak7,6,4,4,0,27,9,18,11,1,7,2,5
ak8,4,3,11,2,3,0,4,0,2,1,2,2
ak9,4,6,13,2,5,3,6,4,11,6,5,11
akain1,0,0,0,0,0,0,0,0,0,0,0,0
akap1,1625,1522,1523,1581,1650,1537,1351,1513,2141,1460,1519,1638
akap10,393,245,445,323,360,291,384,335,493,280,385,332
akap11,1280,1232,1422,1255,1102,1472,1240,1543,1881,1177,1376,1456
akap12,319,148,539,270,254,197,407,131,435,148,593,183
akap13,1752,1458,2378,2130,1470,1438,1953,1881,2340,1640,1938,2367
akap14,0,0,1,0,2,0,3,0,4,0,1,4
akap3,0,1,1,0,0,1,2,1,0,0,0,0
akap4,0,0,0,0,0,0,0,0,0,0,0,0
akap5,22,33,38,38,18,27,27,36,70,28,21,57
akap6,23,21,30,22,29,10,64,7,47,6,13,16
akap7,153,169,139,172,179,179,144,171,216,136,173,143
akap8,666,516,862,565,657,639,792,721,1064,563,795,515
akap8l,305,280,415,250,342,284,388,366,607,302,443,314
akap9,1695,1630,2403,1817,1812,1662,1845,2112,3278,1797,3098,1999
akip1,305,229,281,195,302,195,321,193,355,242,247,211
akirin1,693,734,876,841,756,814,799,784,874,782,972,721
akirin2,324,276,423,336,266,324,297,251,350,243,383,342
akna,151,62,215,147,131,55,192,78,212,84,168,82
aknad1,4,3,4,4,1,1,5,2,2,2,2,2
akr1a1,8328,6946,8205,7009,8306,6529,7139,6228,10077,6571,8726,7158
akr1b10,121,57,165,93,102,42,99,51,147,57,147,53
akr1d1,5321,3852,2712,3631,6913,3608,5828,3158,7317,3744,5098,4354
akt1,1187,679,1227,1033,972,731,1076,1009,1055,728,923,748
akt1s1,622,448,816,473,503,449,600,390,531,497,372,469
akt2,1736,1650,2066,1999,1510,1810,1525,1786,1701,1693,1028,1912
akt3,262,173,293,272,210,134,255,134,283,136,221,164
aktip,394,255,322,286,363,277,341,242,422,256,452,314
alad,1434,1889,1195,1945,1539,1958,1175,1674,1597,1748,1280,1983
alas1,4484,4023,5784,3040,4796,1828,8891,7131,9997,1881,6066,6327
alas2,2287,2732,1827,2778,2316,2340,1976,2619,3055,2958,1316,3026
alb,1602336,1173167,2073459,849848,1278724,903846,1341171,768234,1506964,1240400,2376724,1670857
alcam,3424,1194,3574,1412,2403,1424,2705,1197,3301,1186,2697,1473
aldh16a1,1251,1433,1161,1426,1364,1540,1137,1410,1470,1240,1267,1284
aldh18a1,228,43,289,86,177,43,194,119,187,74,280,105
aldh1a1,26093,35230,12840,22659,29178,22870,19903,20672,37028,24364,26346,25441
aldh1a2,135,14,276,198,76,10,60,36,134,53,84,42
aldh1a3,44,40,24,56,17,46,27,32,33,36,43,49
aldh1b1,5532,1387,2749,1179,4991,1796,3510,1384,5159,1653,4829,1802
aldh1l1,20669,26529,14570,24719,25138,32771,26231,24304,24570,26463,9259,31375
aldh1l2,87,30,143,41,53,18,39,179,45,81,79,121
aldh2,21830,20478,22671,23174,24260,26539,21769,17106,21826,17555,19880,23421
aldh3a1,0,3,17,2,4,1,69,0,0,0,1,0
aldh3a2,8959,4028,6385,3775,6295,2399,6060,2398,9608,2679,6848,3577
aldh3b1,290,102,296,108,266,65,331,98,303,98,708,77
aldh3b2,0,1,1,5,2,1,9,1,4,4,11,1
aldh4a1,4642,6036,3877,6550,5245,6959,4333,5357,5137,5458,2561,6916
aldh5a1,832,977,818,1054,859,1012,743,880,807,859,711,1058
aldh6a1,6361,10649,4609,10376,7080,10336,5486,8332,8968,8724,4180,10573
aldh7a1,8356,8798,5267,8782,8229,9860,7839,7373,9336,7564,5257,9579
aldh8a1,4153,7606,3304,6052,5535,7394,4599,6914,6385,6988,3063,7484
aldh9a1,4309,3248,3267,3626,3722,3840,3506,2719,3446,2745,2280,3993
aldoa,3709,1879,5478,2502,2897,1681,4742,1784,3722,1785,3658,1805
aldob,93283,70247,53482,67574,108091,72552,87034,60351,100030,70594,67382,72112
aldoc,347,250,323,243,434,376,463,297,531,238,265,376
alg1,420,266,403,284,351,256,328,274,454,289,280,336
alg11,767,799,943,888,698,644,718,837,954,879,979,832
alg12,335,210,461,280,274,131,235,134,296,189,308,180
alg13,168,138,134,167,148,174,134,140,202,135,117,177
alg14,380,347,743,291,433,319,551,245,508,354,450,353
alg2,281,198,297,363,210,294,224,268,295,188,219,269
alg3,138,107,143,108,123,121,123,130,155,94,88,129
alg5,782,720,806,627,825,639,929,659,962,703,813,710
alg6,317,249,304,252,260,221,220,253,399,311,288,272
alg8,136,99,318,131,101,102,163,95,185,131,158,141
alg9,278,296,307,297,294,276,309,290,346,311,241,313
alk,3,0,1,0,2,0,2,0,5,0,4,0
alkbh1,165,125,312,114,155,126,158,121,217,106,129,191
alkbh2,104,75,175,76,116,77,102,65,120,88,202,44
alkbh3,439,313,403,251,411,319,360,295,598,282,369,293
alkbh4,83,55,74,53,94,53,78,66,92,39,102,69
alkbh5,2185,1529,2072,1983,2125,1622,2148,1844,2264,1525,1942,1856
alkbh6,188,135,212,154,188,165,205,151,231,173,142,127
alkbh7,152,196,119,194,194,210,159,168,190,185,139,182
alkbh8,143,209,178,221,134,200,137,188,223,183,154,203
allc,0,0,4,0,0,0,0,0,0,0,0,0
alms1,149,122,248,160,161,114,164,147,302,132,169,147
alox12,39,33,46,64,34,34,43,23,50,35,28,24
alox12b,0,0,0,0,0,0,6,0,0,0,0,0
alox15,37,9,36,95,4,9,9,12,45,20,29,9
alox5,121,9,181,65,15,8,81,13,45,22,35,20
alox5ap,145,51,129,135,135,57,179,56,169,112,100,104
aloxe3,5,2,9,4,2,2,9,4,6,3,5,5
alpi,0,0,0,0,0,0,0,18,0,0,0,0
alpk1,196,104,265,193,195,125,225,181,334,180,176,161
alpk2,8,15,25,12,7,13,32,14,7,3,15,5
alpk3,10,16,25,21,3,0,48,3,11,3,15,1
alpl,380,100,226,156,397,111,290,149,520,144,683,133
als2,1624,1956,1946,2079,1862,2204,1621,2043,2294,2128,2010,2740
als2cl,575,437,907,431,557,348,585,391,906,413,487,543
alx1,0,0,0,0,0,0,0,0,0,0,0,1
alx3,0,0,0,0,1,0,0,0,0,0,0,0
alx4,8,7,14,7,6,4,11,8,13,17,8,11
alyref,365,379,443,383,462,350,482,264,535,357,528,309
amacr,2281,2767,1711,2746,2621,2610,1755,2296,2832,2551,2312,2929
ambn,0,0,0,0,0,0,0,0,0,0,0,0
ambp,40948,50421,59251,39504,34162,46339,41967,49629,40401,48496,38911,43248
ambra1,618,384,902,557,503,470,508,454,655,466,552,461
amd1,1232,1128,2045,1367,1569,1611,1771,1836,2599,1033,2823,2285
amdhd1,2841,3827,2190,3369,3226,4051,3100,2715,3347,3380,2001,4388
amdhd2,777,252,655,286,556,238,537,306,676,220,776,246
amelx,1,3,6,3,2,1,2,1,3,4,1,4
amer1,290,179,206,224,220,123,154,198,289,191,152,186
amer2,1,4,3,3,1,1,2,4,2,3,2,3
amer3,0,0,1,0,0,0,0,0,0,0,0,0
amfr,7613,4932,5358,5555,5475,5646,5041,6598,6458,4857,5887,6191
amh,3,2,0,1,4,0,2,1,2,2,0,2
amhr2,9,3,2,9,4,3,8,5,7,4,5,5
amigo1,84,145,86,195,87,105,74,138,76,129,78,123
amigo2,113,83,68,140,117,94,89,113,103,91,56,101
amigo3,26,26,57,34,26,34,34,32,41,35,16,41
ammecr1,64,62,102,67,74,89,90,49,69,47,71,72
ammecr1l,887,802,835,1010,858,907,856,997,1157,793,814,1007
amn,37,1,50,1,21,2,25,2,34,0,25,3
amn1,379,630,524,411,413,357,476,385,618,278,546,560
amot,625,175,554,231,435,248,376,269,594,187,493,201
amotl1,534,309,562,645,515,382,564,319,655,353,483,519
amotl2,587,630,755,784,480,504,533,449,831,376,433,536
ampd1,25,40,35,22,9,25,25,60,58,91,11,16
ampd2,530,392,631,498,500,290,372,319,523,377,283,510
ampd3,100,43,109,97,70,42,102,40,92,44,65,60
amph,0,1,2,2,0,2,2,0,1,0,2,2
amt,1181,1386,813,1310,1059,1584,1105,1176,1454,1263,961,1508
amtn,0,0,0,0,0,0,0,0,0,0,0,0
amy2b,298,18,150,7,326,7,58,3040,20,770,0,896
amz1,98,22,85,22,71,23,81,17,81,20,84,16
amz2,495,342,475,333,540,314,523,411,605,312,435,352
anapc1,1505,1119,2317,1510,1346,1196,1564,1347,2274,1336,1857,1463
anapc10,192,168,200,191,178,141,157,148,230,169,209,196
anapc11,322,230,291,280,301,255,261,196,299,242,277,214
anapc13,361,407,417,412,417,450,403,357,481,399,408,400
anapc15,227,219,247,191,234,172,236,171,276,190,186,168
anapc16,599,412,770,468,682,551,710,460,756,529,790,504
anapc2,808,390,848,550,594,442,609,389,837,387,723,448
anapc4,895,546,927,558,911,478,762,518,1226,515,1476,521
anapc5,2048,1161,1902,1344,1978,1239,2092,1307,2516,1199,3240,1447
anapc7,519,315,463,318,532,411,485,346,580,354,642,365
ang,1278,6642,2644,4957,2316,5107,2943,8584,3148,6262,750,3956
angel1,43,31,34,51,31,42,29,48,44,32,22,51
angel2,522,372,572,404,500,357,516,418,651,344,608,424
angpt1,80,44,92,60,85,31,77,24,129,33,242,46
angpt2,129,38,718,35,114,23,123,51,162,37,275,29
angpt4,6,2,4,2,10,3,7,1,12,4,7,2
angptl1,10,10,29,29,5,6,10,22,13,14,6,2
angptl2,652,292,483,542,551,421,500,339,777,296,634,364
angptl3,10633,12379,8963,11584,10948,11258,8972,9362,14967,11323,17150,13538
angptl4,1274,732,834,1126,884,1726,1651,644,1767,757,3074,931
angptl6,100,206,62,222,74,199,103,160,107,179,33,203
angptl7,97,24,74,81,55,14,112,23,104,22,17,18
angptl8,1109,1986,3988,656,947,376,564,1884,728,1237,460,647
ank1,11,14,49,32,11,6,44,9,14,11,10,6
ank2,111,102,147,138,177,95,207,140,224,121,125,173
ank3,732,355,868,486,551,477,507,693,817,442,614,550
ankar,0,0,0,0,0,0,0,0,0,0,0,0
ankdd1a,0,0,0,0,0,0,0,0,1,2,0,0
ankdd1b,16,10,11,14,11,8,6,12,10,12,6,11
ankef1,7,12,18,9,7,6,8,9,17,11,5,18
ankfy1,1416,1092,1578,1196,1562,1134,1655,1202,2155,1182,1661,1224
ankhd1,1176,1084,1344,1241,1174,1107,1349,1174,1837,1033,1301,1167
ankib1,965,795,1121,931,1070,800,1107,826,1434,857,1595,917
ankk1,0,0,0,1,0,0,0,0,0,0,0,0
ankle1,12,3,26,4,16,2,34,12,22,7,15,9
ankle2,995,791,1129,900,1082,867,920,802,1290,797,1343,944
ankmy1,2,1,0,3,1,0,1,1,5,1,2,0
ankmy2,208,228,218,211,220,166,150,198,311,202,179,179
ankra2,207,191,208,207,193,213,193,222,248,201,170,189
ankrd1,32,11,106,9,36,5,42,6,83,5,80,17
ankrd10,243,144,335,230,234,208,307,214,410,179,373,198
ankrd11,1202,667,1571,995,801,767,1051,854,1317,709,1010,917
ankrd12,419,214,528,342,285,196,397,301,630,208,568,231
ankrd13a,607,321,543,506,504,331,542,351,569,317,617,344
ankrd13b,58,14,92,14,44,11,51,8,80,10,81,9
ankrd13c,626,569,773,801,628,692,628,655,755,560,481,715
ankrd13d,15,11,14,8,13,2,14,5,22,3,9,6
ankrd16,226,148,404,138,163,106,196,173,456,177,276,167
ankrd17,1727,1229,3000,1556,1597,1520,1804,1987,2443,1314,2193,1557
ankrd2,6,13,7,24,2,11,21,14,12,9,4,4
ankrd22,2,2,5,3,2,0,3,1,1,2,6,1
ankrd23,67,194,191,180,52,31,332,30,77,24,105,41
ankrd24,105,73,116,90,107,74,92,105,131,87,104,83
ankrd26,188,172,252,174,181,183,212,181,258,192,139,222
ankrd27,851,394,1105,445,710,468,832,517,928,361,733,493
ankrd28,724,722,673,838,688,757,673,756,861,585,738,693
ankrd29,17,18,24,29,17,15,13,4,22,11,21,14
ankrd31,0,0,0,1,0,1,0,1,0,0,0,0
ankrd33,0,0,0,0,0,0,0,0,0,0,0,0
ankrd33b,333,769,240,754,585,1179,460,767,713,781,519,802
ankrd34a,1,0,1,2,0,0,3,0,1,0,0,2
ankrd34b,0,1,0,2,1,0,0,1,0,0,0,0
ankrd34c,1,2,5,2,1,0,3,3,7,4,2,2
ankrd35,6,3,8,2,5,1,5,0,11,2,10,2
ankrd36,0,1,0,0,0,0,0,0,0,0,0,2
ankrd37,38,23,174,21,30,11,68,19,59,24,222,34
ankrd39,123,73,150,72,132,53,92,70,142,85,192,61
ankrd40,969,582,818,729,918,613,830,620,856,553,796,706
ankrd42,54,31,49,22,38,22,39,24,52,30,54,21
ankrd44,262,209,318,278,256,173,366,190,378,191,370,189
ankrd45,0,0,1,0,0,0,0,0,1,1,0,1
ankrd46,1191,912,851,924,1186,912,843,826,1528,938,1340,840
ankrd49,199,216,216,161,192,196,182,213,316,222,188,199
ankrd50,367,223,543,301,340,245,296,258,388,239,372,249
ankrd52,270,196,409,330,276,225,314,316,324,165,240,255
ankrd53,2,3,2,1,3,1,2,1,2,2,0,1
ankrd54,203,129,230,167,196,138,135,111,231,123,222,152
ankrd55,37,0,24,10,25,6,20,7,26,11,8,3
ankrd6,70,11,116,16,50,16,78,11,72,11,133,15
ankrd60,0,0,1,0,0,0,0,0,0,0,0,0
ankrd61,10,5,9,6,12,10,9,11,12,12,11,11
ankrd63,0,0,0,0,0,0,0,0,0,0,1,0
ankrd65,1,0,0,0,0,0,0,0,2,0,0,0
ankrd66,0,1,4,0,1,0,2,1,3,0,2,1
ankrd7,0,0,0,1,0,0,0,0,0,0,0,0
ankrd9,50,31,101,61,43,40,49,55,59,42,39,25
anks1b,1,0,3,1,0,1,0,0,1,2,1,1
anks3,258,169,274,189,258,158,248,184,357,192,213,178
anks4b,1565,1450,2300,1794,1654,1912,938,2282,2457,1983,866,1735
anks6,45,11,49,19,21,4,26,7,52,13,71,11
ankub1,10,16,29,16,18,13,18,17,20,14,12,23
ankzf1,402,314,506,309,440,303,395,358,577,392,497,360
anln,89,23,213,41,141,22,193,36,177,47,151,56
ano1,119,95,86,370,130,103,128,164,218,128,71,121
ano10,696,204,1068,214,493,236,665,284,622,265,777,269
ano2,9,1,2,1,7,3,4,3,6,1,3,1
ano3,3,0,6,0,0,0,0,1,0,1,0,0
ano4,30,32,54,26,25,14,29,24,37,30,27,22
ano5,11,14,9,21,11,8,16,4,19,3,20,3
ano6,792,331,778,496,581,329,796,353,790,270,747,377
ano7,1,0,14,1,0,1,2,1,7,2,3,2
ano8,110,82,135,84,104,84,108,81,159,49,165,69
ano9,7,2,5,11,7,3,10,7,10,3,2,11
anp32a,1906,2779,1576,2201,1774,2678,1616,1924,2548,2560,1404,2482
anp32b,704,421,682,495,472,400,446,353,502,311,409,384
anp32e,400,494,439,540,459,449,435,331,489,460,394,482
anpep,1717,1026,1830,1202,1137,1137,1204,1366,1347,1205,829,1142
antxr1,130,37,111,270,132,34,136,48,142,77,137,83
antxr2,1277,829,1763,906,1575,966,1490,1069,1795,963,2409,1024
antxrl,0,0,1,2,0,0,0,0,0,0,0,0
anxa1,737,212,605,813,484,195,687,243,900,370,483,354
anxa10,0,0,4,0,1,0,0,0,0,0,0,1
anxa11,381,332,440,421,358,407,351,342,384,272,277,357
anxa13,1303,16,821,12,688,13,757,22,1954,22,1452,25
anxa2,2928,425,7022,1221,1974,339,1815,436,3022,743,2874,705
anxa3,451,173,531,321,373,132,445,202,614,271,467,232
anxa4,2775,1011,2963,1032,1920,985,2031,956,2802,1000,3022,1037
anxa5,7561,1597,7520,1764,6550,1625,7394,1483,9306,1641,6819,1722
anxa6,4139,2288,3229,2551,4049,2379,3847,2139,4716,2324,4530,2598
anxa7,3715,1728,3694,1859,2789,1581,3142,1705,4264,1490,2334,1775
anxa8,57,32,42,172,13,51,34,71,46,53,1,50
anxa9,75,22,86,47,47,25,61,27,87,20,68,20
aoah,219,55,178,94,191,48,334,41,255,34,220,67
aoc1,35,0,41,4,31,1,32,3,37,1,48,1
aoc2,17,9,31,13,21,8,23,10,24,6,17,4
aoc3,11,6,12,17,7,4,10,9,15,11,13,16
aox1,3337,2341,5922,2200,4215,1755,4130,1892,5827,2272,6014,2749
ap1ar,499,401,494,427,473,408,468,437,625,417,424,479
ap1b1,1628,1027,1503,1210,1482,1191,1519,1147,1637,1135,1439,1269
ap1g1,1916,1982,1842,2242,1823,1817,1791,1840,2447,1919,2290,2177
ap1g2,212,98,200,103,150,79,186,79,287,84,164,110
ap1m1,561,309,483,390,453,329,428,306,513,305,462,381
ap1m2,9,1,8,1,11,2,20,18,20,11,10,13
ap1s1,634,284,793,297,615,304,546,264,637,283,706,241
ap1s2,218,102,270,182,225,115,319,93,275,100,365,128
ap1s3,62,56,148,57,54,48,81,61,132,73,59,84
ap2a1,630,311,811,467,465,402,536,426,483,369,399,414
ap2a2,3055,2358,3440,2738,2710,2310,2960,2047,2851,2137,2561,2430
ap2b1,1875,1315,2012,1635,1883,1401,1995,1271,2361,1312,2078,1622
ap2m1,4610,3034,4208,3163,3672,3264,3768,2996,4629,3137,2528,3128
ap2s1,998,735,1077,799,935,757,1032,651,932,729,657,699
ap3b1,1255,987,1915,1146,990,1244,1212,1221,1222,1128,961,1232
ap3b2,9,5,17,9,2,5,8,14,15,12,7,16
ap3d1,1458,1085,1791,1433,1448,1140,1449,1206,1563,1245,1242,1288
ap3m1,2178,2526,2375,3020,2995,2619,2508,2751,3512,2931,1560,2607
ap3m2,113,56,136,72,111,55,101,48,178,49,108,62
ap3s1,856,660,1144,763,778,483,810,507,948,554,901,592
ap3s2,481,400,528,463,454,418,427,395,540,418,417,427
ap4b1,456,444,525,371,532,463,538,407,576,463,429,462
ap4e1,306,209,471,360,213,226,289,247,438,225,307,284
ap4m1,371,282,367,245,358,268,357,288,525,323,443,273
ap4s1,169,222,125,223,175,227,167,229,232,201,124,208
ap5b1,99,60,85,81,91,57,94,61,128,64,81,72
ap5m1,363,429,368,396,377,345,410,460,561,366,367,414
ap5s1,338,230,376,191,221,201,242,196,279,183,232,209
ap5z1,261,137,261,138,231,133,189,149,337,176,298,166
apaf1,383,151,565,214,373,132,432,148,429,125,366,158
apba1,43,18,29,36,36,16,43,18,41,12,23,14
apba2,10,15,15,22,21,25,33,5,22,4,3,17
apba3,618,551,696,693,612,502,590,462,584,573,417,545
apbb1,48,27,51,66,34,22,31,19,53,33,37,34
apbb1ip,95,59,81,109,82,37,88,53,97,74,95,59
apbb2,476,250,557,297,441,289,480,364,726,260,846,336
apc,1186,862,1209,1327,1064,1013,1236,1078,1489,917,1288,1084
apc2,17,13,32,22,16,6,28,17,38,11,21,10
apcdd1,2,1,67,5,5,3,4,5,8,5,0,3
apcs,6415,4329,16622,3077,4491,4764,7824,10196,4692,4490,16121,3346
apeh,1002,1087,947,1054,1036,1050,1060,1012,1410,1069,943,1020
apex1,673,601,674,538,717,647,703,561,940,752,615,672
apex2,143,107,245,164,178,149,212,147,239,134,141,176
aph1a,1089,914,1153,982,1145,890,1088,998,1182,865,733,1039
aph1b,205,92,355,137,149,102,249,86,239,96,253,109
api5,1816,1815,2261,2004,1830,1770,1851,1636,2339,1731,1999,2002
apip,365,311,337,321,455,339,295,302,452,273,299,344
aplf,87,65,103,55,89,68,104,86,111,64,70,66
apln,20,3,484,3,7,6,19,1,41,4,212,12
aplnr,20,0,36,8,16,1,17,1,29,5,21,5
aplp1,27,8,18,36,7,9,14,16,24,25,16,15
aplp2,6846,4565,8424,4552,6497,4456,7728,4245,8212,4177,6662,5257
apmap,829,850,874,686,719,668,712,687,1050,723,637,808
apoa1,191403,106525,214400,108514,71964,147137,133722,112343,120451,135906,99986,146206
apoa2,78163,93604,59161,85084,91910,84522,80216,70170,109855,87203,63313,105553
apoa4,49198,8512,36091,6814,15555,6485,17107,2188,17609,4129,5377,2307
apoa5,14514,21021,6785,15396,15472,17422,12351,15203,20563,15889,2450,17799
apob,167806,307381,261253,312901,195793,269528,188662,310116,305298,316299,154376,316445
apobec1,736,574,671,491,883,324,809,390,887,588,818,657
apobec2,16,9,32,17,2,3,37,1,4,3,6,2
apobec4,0,0,1,0,0,0,0,0,0,0,0,0
apobr,131,52,158,60,81,46,112,48,159,51,82,65
apoc1,62103,66910,68729,60868,57022,64707,58796,46791,75581,59078,39165,61728
apoc2,21150,2837,39276,2601,8935,2695,17496,2472,11084,3122,7406,2816
apoc3,21001,23799,15814,23515,17185,27309,19057,18132,19032,23249,10289,21932
apoc4,8235,12022,8076,12593,9252,11689,8201,9258,9097,12070,5847,11569
apod,15,6,23,12,18,2,16,8,11,9,2,8
apoe,276346,234752,362695,221962,227688,237324,256386,192501,292618,232228,178025,243246
apof,8904,13566,12172,9971,9850,12513,11871,13280,11573,14101,7089,11824
apoh,30434,39404,33568,31417,36178,37352,39903,32688,45415,36735,31100,39461
apol6,4,9,18,3,1,2,6,3,6,4,5,6
apold1,74,41,172,69,49,31,131,49,88,52,464,40
apom,7845,3957,9920,4086,3142,4696,7877,4516,4576,4932,7014,4587
apoo,462,362,285,392,426,438,383,440,544,427,329,516
apool,680,549,452,523,773,595,569,527,899,582,523,626
app,5139,1190,4912,2303,2979,1260,3616,1170,3666,1149,3010,1448
appbp2,761,694,985,762,956,685,930,711,1310,650,961,849
appl1,685,459,699,611,685,523,726,600,979,525,925,643
appl2,460,307,787,380,433,343,477,449,565,357,590,404
aprt,1437,479,1047,570,1094,493,1054,586,1466,521,1392,538
aptx,182,166,178,216,169,184,136,190,237,189,192,169
aqp1,4563,2724,3420,3801,3979,3510,3620,2690,3393,2628,2244,3016
aqp11,581,395,619,346,454,420,363,621,598,404,326,342
aqp2,0,0,0,1,0,0,0,0,0,0,0,0
aqp3,16,10,15,12,8,10,27,18,34,13,12,23
aqp4,85,48,48,37,136,26,114,27,181,61,55,152
aqp5,5,3,2,28,10,2,3,10,9,5,0,3
aqp6,0,0,0,0,0,0,0,0,0,0,0,0
aqp7,86,1,60,13,79,4,50,5,126,14,118,18
aqp8,3076,2316,2880,1004,3137,3628,4597,892,5297,2160,2396,3778
aqp9,2955,6761,3585,6373,3245,6464,2561,7788,4611,6002,1448,7693
aqr,723,584,922,670,627,591,669,591,1027,681,856,663
ar,611,279,208,393,520,260,364,125,726,102,152,123
araf,1359,822,1275,983,1161,977,1012,892,1553,888,771,989
arap1,1114,1277,1736,1407,1131,1121,1169,1073,1331,1195,944,1250
arap2,1302,821,1419,929,1123,886,1396,930,1708,792,1577,946
arap3,315,179,366,266,269,210,279,177,321,169,284,239
arc,37,3,22,7,28,7,8,2,22,0,10,3
arcn1,3659,4229,4742,4533,3044,3800,3704,3760,4464,4131,3395,4405
areg,10,1,184,0,8,0,1,0,8,0,19,0
arel1,1236,1111,1265,924,1401,898,1298,1122,1706,1081,1123,1151
arf1,4864,3564,4929,3798,4748,3433,4664,3293,5256,3531,4527,3830
arf3,1789,712,2312,843,1275,773,1186,867,1701,685,1658,791
arf4,2338,1551,2847,2165,1885,1501,2163,1414,2327,1468,1398,1832
arf5,1184,984,972,1050,1062,1051,928,866,1003,936,648,928
arf6,1993,1721,2353,1959,1943,1397,1687,1512,1901,1529,1364,1651
arfgap1,616,464,925,515,509,431,530,538,718,507,507,445
arfgap2,2698,2357,3851,2272,2264,2219,2157,2364,3001,2431,2119,2369
arfgap3,686,290,1015,433,431,179,474,259,582,236,756,269
arfgef1,2349,1634,3210,2439,2523,1865,2574,2037,2697,1665,3303,1949
arfgef2,1829,965,2157,1316,1438,1175,1464,1387,2038,1054,1982,1282
arfgef3,20,2,15,3,18,0,8,88,13,45,3,52
arfip1,803,611,975,626,829,590,765,526,921,590,1079,613
arfip2,248,187,384,218,221,209,262,263,344,221,219,239
arfrp1,281,196,352,229,227,193,248,194,301,206,222,265
arg1,26385,27727,22186,25698,29026,32362,30607,25273,24792,26600,16325,28727
arg2,29,11,864,17,122,13,39,19,24,8,39,10
arglu1,660,567,916,663,573,563,610,652,853,566,649,571
arhgap1,527,260,935,403,385,255,466,295,582,249,490,294
arhgap10,360,117,388,190,144,130,333,99,351,116,322,115
arhgap11a,194,19,434,44,179,33,245,44,200,32,249,51
arhgap12,1025,1036,1199,1098,1054,940,1034,947,1556,1004,1389,1043
arhgap15,179,100,198,142,194,65,188,79,283,93,281,66
arhgap17,298,140,372,242,257,144,249,176,336,143,230,151
arhgap18,738,434,707,446,849,382,898,426,996,368,1130,509
arhgap19,447,129,468,165,429,151,444,167,452,130,334,161
arhgap20,5,5,9,33,4,3,7,7,14,6,8,7
arhgap21,695,353,960,545,484,394,655,679,937,387,555,579
arhgap22,362,13,414,23,219,14,214,8,311,8,378,8
arhgap23,379,172,316,257,299,173,287,195,321,156,201,214
arhgap24,245,214,201,164,266,188,179,133,287,194,405,230
arhgap25,244,82,243,119,199,63,245,73,242,67,217,65
arhgap26,360,458,386,568,279,568,304,559,367,633,352,591
arhgap27,332,31,308,59,251,31,217,34,300,29,362,37
arhgap28,45,18,53,116,34,33,24,35,54,31,33,39
arhgap29,1957,2538,1826,2483,2008,2356,1512,2825,2788,1864,1901,2497
arhgap30,411,137,439,261,358,145,408,161,560,161,375,170
arhgap31,487,273,547,452,327,308,544,271,516,286,461,320
arhgap32,250,200,375,339,210,338,279,353,342,226,237,298
arhgap33,4,2,6,4,7,0,5,0,7,0,2,2
arhgap35,1912,2086,2420,2570,1780,1987,1898,2116,2520,2169,2012,2360
arhgap36,1,0,4,1,8,0,18,2,6,1,7,2
arhgap39,126,54,182,84,103,71,119,67,183,63,147,90
arhgap4,242,127,153,175,177,95,171,102,213,103,138,96
arhgap40,1,0,108,0,0,0,1,1,0,0,1,0
arhgap42,644,1292,648,1546,696,1378,638,1219,986,1402,599,1470
arhgap44,111,12,92,64,55,17,54,25,84,33,64,37
arhgap5,2748,5801,3029,5487,3254,5102,2787,4802,4230,4777,5216,4735
arhgap6,194,128,203,154,156,123,117,124,216,96,146,192
arhgap8,8,0,3,8,0,2,6,3,11,2,8,1
arhgap9,165,52,183,84,114,38,153,66,152,63,139,39
arhgdia,2176,816,2469,1294,1705,987,2010,905,1948,790,1783,924
arhgdib,623,257,632,438,524,184,555,268,674,278,507,273
arhgdig,17,0,17,3,20,1,5,77,7,19,27,40
arhgef1,459,222,609,422,365,282,438,326,464,235,322,312
arhgef10,171,71,203,171,165,68,188,73,209,89,290,91
arhgef10l,610,544,649,570,427,491,455,531,495,581,591,510
arhgef11,747,534,937,726,647,656,800,702,793,635,508,786
arhgef12,3793,3323,4173,4475,2959,3682,3551,4144,4682,3601,3281,4170
arhgef15,165,121,199,156,124,103,135,139,178,102,135,129
arhgef16,239,42,197,50,210,78,134,84,312,63,323,78
arhgef17,160,93,181,176,137,82,156,79,232,86,152,95
arhgef18,722,480,627,562,593,499,669,419,722,499,841,554
arhgef19,393,373,399,547,439,410,404,412,464,420,385,387
arhgef2,615,97,708,215,367,92,458,159,573,126,596,164
arhgef25,84,31,115,109,81,25,70,44,106,36,68,42
arhgef26,367,411,443,337,426,517,714,708,711,312,514,773
arhgef28,40,6,132,24,39,4,40,39,55,15,57,15
arhgef3,876,659,967,780,797,686,955,546,1148,748,1215,648
arhgef33,2,0,2,1,1,1,0,1,2,2,2,0
arhgef37,69,133,71,158,136,145,174,141,150,202,66,286
arhgef38,5,2,1,0,2,0,1,8,1,8,1,2
arhgef39,14,3,40,5,37,7,32,3,36,8,34,12
arhgef4,24,15,34,23,9,8,25,22,27,17,19,9
arhgef40,385,173,679,231,290,179,240,151,393,155,274,176
arhgef5,1355,613,1663,624,1123,542,1180,654,1396,663,969,738
arhgef6,283,134,269,172,267,111,276,140,420,141,364,122
arhgef7,773,367,815,455,595,356,742,384,835,390,813,434
arhgef9,79,52,67,37,95,27,83,14,120,25,69,49
arid1a,392,301,502,482,348,351,382,385,437,252,323,370
arid1b,602,427,675,531,618,449,586,490,631,357,805,483
arid2,640,495,938,701,626,530,735,593,997,601,851,579
arid3a,63,36,112,95,61,30,86,46,62,47,67,39
arid3b,31,37,74,27,33,29,43,36,60,38,33,28
arid3c,0,0,0,0,1,0,1,0,0,0,0,0
arid4a,475,390,862,536,427,517,470,457,603,360,418,507
arid4b,601,518,1025,720,609,777,670,761,943,651,653,763
arid5a,108,71,155,92,67,54,105,92,146,74,161,110
arid5b,497,880,625,519,452,410,655,856,688,396,472,1752
arih1,1188,1130,1721,1311,986,1171,1232,1153,1412,1173,1022,1343
arih2,856,810,1061,793,664,828,852,1044,1009,692,772,839
arl1,2979,2648,2593,2851,2733,2641,2695,2607,3240,2379,2458,2709
arl10,79,60,74,47,75,48,81,42,88,49,75,44
arl11,69,6,36,15,33,6,50,12,55,16,46,12
arl13a,1,0,2,2,0,0,3,2,5,0,0,0
arl13b,189,378,189,421,176,266,179,260,243,397,221,260
arl14,4,0,2,0,6,1,1,1,5,5,1,1
arl14ep,442,319,611,343,362,352,316,284,527,292,464,276
arl14epl,2,0,3,1,0,0,3,2,4,1,2,1
arl15,224,383,262,246,251,238,241,258,277,254,228,220
arl16,89,87,121,111,111,92,125,94,135,90,100,81
arl2,92,70,91,73,77,41,78,52,94,48,72,36
arl2bp,413,80,326,124,243,101,245,185,293,116,250,83
arl3,203,162,162,180,214,158,201,164,226,155,200,177
arl4a,605,971,510,815,586,634,608,436,709,671,634,726
arl4c,227,91,308,151,218,100,215,102,236,96,239,93
arl4d,389,125,196,775,437,789,455,298,835,669,767,196
arl5a,3935,3356,5737,4000,3385,3186,3332,3369,4242,3019,4137,3955
arl5b,786,917,1240,1119,669,1067,761,1027,1146,870,1120,1104
arl5c,98,115,146,128,147,74,102,67,105,107,56,120
arl6,89,78,88,57,130,63,88,58,138,52,102,55
arl6ip1,2615,3623,2607,3163,3199,3196,2752,3757,4064,3730,2047,3653
arl6ip4,507,401,457,441,564,388,535,389,627,411,645,391
arl6ip5,1359,526,1504,605,1147,553,1364,455,1181,509,965,463
arl6ip6,154,136,225,156,131,160,145,140,197,131,148,148
arl8a,400,114,390,166,253,121,299,150,348,119,347,128
arl8b,1268,1123,1084,1191,1306,1268,1161,1207,1416,1087,1112,1249
arl9,0,1,2,3,3,3,0,2,2,1,3,1
armc1,836,933,823,1122,1001,902,831,884,1092,894,730,954
armc10,299,154,302,192,250,169,215,181,367,167,385,158
armc12,3,0,1,0,0,0,1,2,2,0,3,0
armc2,220,106,300,141,194,116,194,124,273,116,203,134
armc3,5,1,3,1,2,2,0,2,2,0,3,1
armc5,156,94,163,121,114,102,128,100,130,95,99,128
armc6,152,77,144,116,120,98,76,67,112,107,167,99
armc7,76,42,89,47,71,32,91,29,80,26,70,56
armc8,414,419,387,452,456,475,391,428,621,438,386,439
armc9,277,107,170,105,273,108,182,108,371,121,304,116
armcx1,97,53,91,72,77,75,85,40,102,49,52,67
armcx2,128,55,182,134,133,61,117,54,181,76,166,73
armcx3,572,484,741,554,384,376,512,386,762,482,447,486
armcx4,454,67,392,108,388,97,378,102,443,75,184,94
armcx5,84,67,83,73,75,66,66,73,111,72,64,74
armcx6,48,16,37,22,36,13,34,16,33,11,29,13
arnt,708,516,842,643,654,559,727,559,769,500,592,705
arnt2,19,1,264,14,18,5,15,5,21,4,71,5
arpc1a,1018,712,920,884,1012,776,923,626,1087,658,987,744
arpc1b,3025,784,3686,1088,2546,801,2954,813,2711,924,3785,801
arpc2,3174,1807,3927,1774,2722,1633,3202,1627,3287,1762,3547,1789
arpc3,1978,1363,1921,1249,2086,1341,1994,1215,2573,1391,2747,1301
arpc4,1371,791,1256,849,1178,813,1226,734,1102,659,927,795
arpc5,2534,1341,2585,1494,2291,1386,2233,1279,2439,1162,2385,1375
arpc5l,965,652,1414,775,865,686,758,706,1019,636,873,715
arpin,211,171,185,204,182,183,168,185,240,179,173,163
arpp19,1108,822,1246,965,1170,857,1224,678,1603,831,1434,948
arpp21,3,3,15,5,4,2,8,8,7,6,2,11
arr3,0,1,3,0,0,0,0,1,2,0,1,0
arrb1,1129,413,981,754,1006,430,1019,455,1171,459,1226,536
arrb2,594,231,531,359,527,208,577,272,579,256,476,280
arrdc1,125,40,173,64,148,46,146,45,162,34,143,41
arrdc2,517,160,300,181,770,264,621,130,1269,177,848,127
arrdc3,5845,3270,2083,1896,2345,4202,1598,9349,4097,6021,1645,4270
arrdc4,513,210,435,320,359,301,374,172,314,208,380,205
arrdc5,0,0,0,0,0,0,1,0,0,0,1,0
arsa,1007,398,1021,447,919,428,605,421,1361,419,1157,455
arsb,424,284,492,421,429,303,394,326,476,313,406,372
arsg,863,497,707,435,677,712,667,470,719,508,1731,554
arsi,8,1,8,16,9,0,3,5,6,5,1,9
arsj,3,1,6,4,1,0,2,1,1,2,0,5
arsk,291,255,364,259,333,262,333,254,416,267,404,280
art1,5,18,11,12,0,0,17,8,1,0,0,0
art3,86,68,67,64,72,29,99,46,94,38,50,44
art4,221,76,219,83,208,90,191,67,289,71,359,67
art5,1,3,0,6,0,0,1,0,0,0,0,0
artn,0,0,4,1,4,0,2,0,2,1,1,1
arv1,29,21,28,25,25,18,19,19,32,24,22,25
arvcf,374,251,354,277,393,252,326,191,414,216,381,276
arx,0,0,0,0,0,0,0,0,0,0,0,0
as3mt,1263,930,745,952,1095,1140,1004,1101,1320,866,2030,851
asah1,2401,1215,2257,1241,2184,1257,2506,1430,2946,1295,2846,1397
asah2,843,455,639,565,739,496,717,503,820,372,1102,511
asap1,499,227,543,321,375,274,344,248,424,208,388,296
asap2,171,239,194,195,204,290,196,131,198,181,224,267
asap3,209,154,252,163,297,103,207,232,431,210,380,147
asb1,203,168,395,205,241,131,300,234,333,179,319,209
asb10,7,4,2,5,3,1,8,0,3,1,1,3
asb11,14,13,7,8,6,0,15,14,8,1,2,5
asb12,0,3,0,1,0,0,6,0,1,0,0,0
asb13,609,711,614,715,666,707,468,630,714,684,515,806
asb14,4,13,2,7,0,0,18,2,7,2,6,1
asb15,0,1,2,2,0,1,4,2,6,0,1,2
asb16,5,8,8,5,9,3,7,11,5,12,4,5
asb17,1,0,1,1,0,0,1,0,0,0,1,0
asb18,30,20,39,36,25,40,27,28,43,27,43,33
asb2,201,65,161,93,116,30,92,38,115,45,73,32
asb3,277,306,289,296,312,293,281,303,384,337,373,303
asb4,29,8,22,12,20,8,44,11,40,7,20,8
asb5,3,11,14,15,1,4,22,6,4,6,8,2
asb6,269,117,363,146,251,126,250,156,295,134,251,137
asb7,258,230,349,251,216,228,266,284,319,234,215,245
asb8,511,340,592,338,441,403,414,397,521,334,468,373
asb9,0,0,1,0,0,0,0,0,2,0,0,0
ascc1,250,178,241,201,287,223,282,190,301,208,293,186
ascc2,507,319,620,397,513,328,580,384,640,361,535,380
ascc3,1207,1621,1660,1664,1437,1451,1517,1655,1836,1610,1600,1696
ascl1,0,0,0,0,0,0,0,1,0,0,0,0
ascl2,3,0,20,1,0,0,0,0,0,1,0,0
ascl3,0,0,0,0,0,2,3,3,0,0,3,0
ascl4,5,1,6,2,5,5,3,3,4,1,2,1
ascl5,0,0,0,0,0,0,0,0,0,0,0,0
asf1a,220,214,222,245,226,252,212,224,275,232,217,211
asf1b,32,11,54,16,35,6,38,13,41,7,34,10
asgr1,7618,9013,7338,7538,8768,8702,8827,7676,9795,8192,7299,7997
asgr2,2353,2863,1578,2830,2820,3145,2626,2315,3949,2696,3193,3119
ash1l,1091,911,1371,1218,1104,1062,1312,1270,1571,944,1059,1238
ash2l,548,364,407,390,432,362,405,362,532,377,508,355
asic1,60,33,56,35,48,18,45,29,34,34,28,27
asic2,0,0,0,3,0,0,0,0,1,0,0,0
asic3,8,4,4,5,8,3,8,3,13,3,5,3
asic4,0,0,0,0,0,0,0,1,1,0,0,0
asic5,92,88,68,72,115,92,76,97,111,89,119,80
asl,7713,6540,5099,6730,9576,7278,9476,6700,9484,6150,6843,7247
asmt,0,0,0,0,0,0,0,1,0,0,0,0
asns,396,451,2530,530,296,565,809,628,190,313,191,489
asnsd1,1346,1139,1585,1099,1462,1096,1318,1145,1755,1172,2208,1129
aspa,192,332,138,277,250,303,181,316,347,346,151,318
aspdh,642,1157,600,910,565,1185,565,1001,753,1115,556,1191
aspg,2411,2651,2732,1876,2523,2657,1766,2421,3177,2782,1265,2312
asph,1788,1503,1788,1652,1482,1400,1585,1517,2003,1631,1993,1800
asphd1,5,4,15,6,0,2,7,2,13,11,4,8
asphd2,0,0,1,6,0,0,2,0,2,0,0,0
aspm,126,20,252,23,186,12,209,28,185,32,187,38
aspn,36,17,29,94,20,5,43,18,38,15,33,15
asprv1,9,7,9,3,4,2,160,0,9,8,11,3
aspscr1,913,1004,960,1073,1109,1097,936,902,1203,1067,872,1026
asrgl1,470,316,501,305,461,349,520,323,511,288,811,294
ass1,45506,45845,23512,47886,58465,64458,41239,39618,46767,45539,14832,64948
aste1,69,78,120,98,76,65,83,93,125,75,79,103
astl,0,0,0,0,0,0,1,1,0,0,0,0
astn1,10,3,9,10,6,13,5,7,28,8,24,5
astn2,43,44,37,42,30,50,39,34,45,39,34,33
asxl1,687,314,1010,517,455,321,676,446,716,433,663,429
asxl2,687,617,978,820,655,747,684,824,1022,726,678,768
asxl3,10,4,8,3,10,3,9,2,13,1,14,1
asz1,7,0,6,0,4,1,4,0,11,0,17,0
atad1,1449,1750,1418,1492,1645,1522,1481,1535,2016,1636,2231,1675
atad2,286,154,500,206,336,136,361,176,475,171,399,190
atad2b,300,276,362,390,275,358,319,412,375,365,291,404
atad3a,698,676,779,704,665,747,639,703,788,671,532,837
atad5,67,87,129,67,67,57,106,66,114,70,84,78
atat1,116,139,91,120,104,85,86,70,110,114,124,134
atcay,2,0,0,1,2,1,5,0,0,0,0,0
ate1,891,854,1496,994,918,886,931,790,1179,863,974,941
atf1,414,239,506,289,319,316,347,290,440,274,437,322
atf2,816,706,1049,906,745,854,801,756,1099,759,828,836
atf3,313,59,422,138,135,35,178,52,218,118,365,98
atf4,2146,2251,3438,2183,1949,1833,2081,2018,2446,1602,2568,2165
atf5,4463,2183,4825,2898,2862,2336,3158,1709,2712,1674,1645,2006
atf6,2498,1852,3132,2279,2530,1937,2790,2169,2936,1828,3814,2210
atf6b,310,260,323,347,278,226,246,194,266,218,313,247
atf7,296,175,388,257,250,171,247,239,352,182,322,214
atf7ip,816,740,967,1045,655,802,673,850,977,773,651,832
atf7ip2,2,0,1,1,1,2,0,0,1,1,0,1
atg10,80,138,76,120,116,151,87,94,140,113,85,131
atg101,639,752,636,709,664,776,565,525,692,819,747,675
atg12,824,640,884,667,795,603,880,606,1002,613,956,651
atg13,463,491,639,582,316,422,474,481,435,470,405,569
atg14,377,278,268,325,306,352,332,324,419,361,265,389
atg16l1,977,692,1473,750,961,835,1006,1020,1370,685,1276,821
atg16l2,326,324,341,300,350,511,376,255,562,472,254,517
atg2a,969,505,1093,592,711,592,751,774,716,610,604,617
atg2b,894,821,1273,964,794,960,877,1110,1073,945,751,1066
atg3,1538,1687,1111,1749,1418,1537,1163,1344,1750,1539,1004,1587
atg4a,592,426,455,380,641,400,492,413,657,425,518,404
atg4b,828,615,819,623,839,622,732,521,896,620,839,647
atg4c,203,186,273,229,185,181,239,183,227,196,245,210
atg4d,416,404,501,480,368,470,376,525,405,428,328,397
atg5,1142,1716,1110,1464,1533,1486,1365,1285,1534,1502,1307,1395
atg7,969,731,810,823,875,802,752,689,1001,695,678,802
atg9a,847,685,967,808,874,812,849,831,953,777,765,877
atg9b,10,12,13,8,6,4,6,5,8,6,6,12
atic,1000,469,1436,570,853,564,928,520,1111,631,959,584
atl1,54,41,56,45,50,54,47,45,60,49,61,42
atl2,1833,1772,1592,1828,2127,2168,2210,1770,2254,1902,2490,1840
atl3,3503,3336,3493,3666,4128,3309,3562,3190,5151,3099,4279,3577
atm,534,642,822,706,586,671,695,841,962,662,723,696
atmin,255,188,182,211,206,127,197,208,277,174,228,186
atn1,33,28,39,64,47,23,55,32,33,32,33,32
atoh1,0,0,0,0,0,0,0,1,0,0,0,0
atoh7,0,0,0,0,0,0,0,0,0,0,0,0
atoh8,158,128,106,216,179,243,152,117,217,202,74,116
atox1,4136,1950,3176,1975,4700,1946,3737,1719,4129,2024,3374,1908
atp10a,65,19,706,57,65,21,49,39,125,31,65,31
atp10b,13,6,10,11,8,8,10,19,18,12,14,12
atp10d,146,57,205,163,141,82,289,82,267,105,244,80
atp11a,672,1366,726,1225,566,1064,543,1355,849,1275,482,985
atp11b,880,750,1061,790,917,768,851,853,1127,666,1184,835
atp11c,3792,11037,4289,11410,5165,9439,4228,9377,8250,9104,2656,9971
atp12a,0,0,0,0,0,0,1,0,0,0,0,0
atp13a1,1060,595,1308,703,843,624,889,706,952,640,966,740
atp13a2,795,280,810,404,598,318,738,459,624,355,490,340
atp13a3,3641,3802,4004,4531,3134,3682,3521,3998,4253,3719,3055,4338
atp13a4,3,2,40,1,5,1,1,5,4,2,3,2
atp13a5,1,0,1,0,2,0,0,0,4,3,3,0
atp1a1,8059,4679,8146,5681,6695,5492,6624,6530,7705,5266,8178,5329
atp1a2,161,128,431,156,269,18,241,64,156,31,316,47
atp1a3,23,10,22,37,21,5,16,22,36,33,17,38
atp1a4,6,1,61,3,7,7,4,2,26,2,49,2
atp1b1,1287,467,1674,634,1317,642,1374,672,1468,538,1744,640
atp1b2,5,2,6,15,6,2,11,5,6,4,58,6
atp1b3,973,711,989,955,784,787,919,761,974,790,818,821
atp1b4,0,0,0,0,0,0,2,0,0,0,0,0
atp2a1,106,351,373,424,1,23,521,52,22,5,3,0
atp2a2,3547,4345,5159,6095,3255,2960,4397,2909,3842,3972,4669,4780
atp2a3,119,49,96,115,72,33,101,42,126,47,86,49
atp2b1,1316,1175,1670,1547,1265,1025,1487,1215,1630,1144,1404,1262
atp2b2,194,44,576,40,240,26,230,36,237,48,244,65
atp2b3,0,1,0,1,0,0,0,0,1,1,3,0
atp2b4,353,235,323,353,254,170,275,190,318,192,361,282
atp2c1,1140,1151,1217,1341,1008,1048,1069,1163,1455,1109,1195,1181
atp2c2,2,0,9,0,2,0,4,14,2,7,7,1
atp4a,62,74,43,71,92,71,33,59,37,94,85,73
atp4b,0,0,0,0,1,0,0,0,2,0,0,0
atp6ap1,2132,1266,2181,1468,1715,1331,1918,1378,2477,1323,1564,1488
atp6ap1l,0,0,1,0,0,0,0,0,0,0,0,0
atp6ap2,1449,822,1342,952,1332,837,1308,838,1936,850,1487,868
atp6v0a1,1061,498,1198,701,820,606,802,571,836,544,531,720
atp6v0a2,927,552,964,762,998,522,889,735,1126,647,1224,707
atp6v0a4,9,6,4,13,10,10,15,20,11,12,4,10
atp6v0b,1671,1054,1547,1219,1579,1052,1436,1095,1497,1071,1663,1084
atp6v0c,3635,2017,3267,2178,3451,2075,3448,1977,3720,1983,4339,2097
atp6v0d1,1588,972,1104,1269,1250,1049,1011,1080,1259,1045,1051,1090
atp6v0d2,299,53,243,132,134,137,181,106,275,102,253,106
atp6v0e2,64,29,54,54,102,22,93,35,71,34,31,30
atp6v1a,2325,1672,2206,1774,2291,1610,2192,1709,2912,1678,1988,1666
atp6v1b1,5,1,0,0,7,0,5,0,3,0,11,0
atp6v1b2,1646,808,1277,952,1365,941,1307,917,1562,860,1297,992
atp6v1c1,1374,723,1386,726,1327,758,1232,803,1647,811,1737,781
atp6v1c2,1,1,7,0,2,2,2,2,4,0,1,5
atp6v1d,708,660,725,668,776,537,645,653,968,695,838,642
atp6v1e1,2803,1749,3037,1798,2619,1867,2601,1856,2974,1745,2487,1874
atp6v1e2,0,0,0,0,0,0,1,0,0,0,0,0
atp6v1f,1108,797,1033,826,1099,812,1060,747,1036,749,833,743
atp6v1g1,1718,1358,1543,1357,1757,1436,1788,1160,2085,1187,2224,1410
atp6v1g2,25,9,25,18,26,10,23,13,24,7,36,18
atp6v1g3,2,2,3,0,1,4,1,1,2,5,5,0
atp6v1h,1911,1353,1988,1348,2038,1398,1820,1201,2485,1270,2356,1413
atp7a,351,246,556,298,353,215,429,250,586,228,410,269
atp7b,988,440,702,461,663,531,511,536,982,512,961,609
atp8a1,432,305,506,409,417,300,563,222,582,223,557,260
atp8a2,4,11,26,11,5,3,12,6,16,3,23,7
atp8b1,1211,1499,1636,1632,1252,1676,1213,1751,1813,1778,1544,1916
atp8b2,208,72,244,170,139,74,136,78,223,90,166,88
atp8b3,0,0,0,0,0,0,0,0,1,2,0,0
atp8b4,112,133,193,95,112,77,135,86,168,115,110,168
atp9a,2603,910,3063,1007,1479,911,1880,844,2328,892,2072,994
atp9b,1021,615,1038,757,945,674,953,797,1237,725,966,753
atpaf1,322,260,313,331,232,309,272,305,309,244,236,273
atpaf2,289,236,279,302,304,288,346,299,341,281,294,324
atr,581,575,866,680,650,641,832,734,951,634,773,689
atraid,1511,1305,1182,1154,1696,1239,1513,1187,2164,1204,2439,1230
atrip,91,102,167,109,108,114,123,120,133,110,83,138
atrn,1376,1309,1839,1501,1173,1491,1310,2108,1989,1564,1352,2012
atrnl1,585,862,629,1120,712,971,671,1030,899,931,876,1127
atrx,2528,2367,2861,2722,2311,2265,2429,2381,3867,2177,2517,2357
atxn1,423,509,568,1068,431,893,475,723,608,1378,409,652
atxn10,2571,928,2918,1049,2182,1075,1987,1018,2540,981,2745,975
atxn1l,688,469,739,522,582,474,566,536,760,515,729,585
atxn2,629,534,966,674,614,606,586,641,844,656,567,717
atxn2l,309,201,586,267,232,202,316,238,336,192,207,243
atxn3,529,574,619,562,538,560,542,503,754,589,494,638
atxn7,396,325,570,379,391,364,420,506,614,416,340,485
atxn7l1,121,184,175,192,104,100,128,145,194,143,143,236
atxn7l2,19,20,34,15,29,16,29,15,30,12,22,21
atxn7l3,526,317,710,401,451,297,567,405,585,364,430,382
atxn7l3b,1924,1856,1843,2021,1885,1833,1851,2018,2077,1620,1687,2148
auh,547,568,535,542,521,661,472,565,669,555,437,553
aunip,3,1,9,0,2,0,8,1,4,2,5,1
aup1,1991,1469,1742,1745,1836,1626,1868,1414,1665,1403,1135,1644
aurka,107,32,223,29,149,27,165,31,120,35,121,47
aurkaip1,1070,1134,827,1126,1215,1093,1042,971,1248,1181,1226,1056
aurkb,51,7,55,7,72,4,88,11,55,7,67,11
aurkc,0,0,1,0,0,0,2,0,0,2,0,0
auts2,43,30,68,64,35,30,44,47,65,39,40,35
aven,292,218,310,289,203,276,198,271,275,232,153,278
avil,3,5,5,4,2,7,4,5,4,5,2,6
avl9,748,874,823,799,718,694,893,713,990,737,712,1028
avp,0,0,0,0,0,0,0,0,0,0,0,0
avpi1,1324,595,1928,628,1185,637,1175,523,998,636,1173,614
avpr1a,60,792,450,768,143,890,135,586,103,633,42,1015
avpr1b,1,0,2,1,0,0,0,1,0,0,1,0
avpr2,6,4,8,7,4,2,7,1,10,3,2,1
awat1,2,0,1,0,3,0,0,0,2,1,0,0
awat2,38,32,27,36,38,39,25,32,51,32,31,34
axdnd1,11,13,24,33,21,21,27,20,36,21,18,16
axin1,565,301,498,355,472,331,532,345,548,284,567,363
axin2,66,83,468,163,113,141,102,118,132,86,35,48
axl,2014,761,1943,1167,1772,840,2072,735,1858,683,1670,768
azgp1,28979,30178,22146,26470,29731,26744,26740,24127,36939,27876,45043,26530
azi2,1088,1154,1309,1275,978,1178,1181,1208,1377,1096,1211,1129
azin1,2660,2640,2574,3522,2679,2798,2209,2991,3559,3366,2122,2872
azin2,37,20,56,22,54,31,46,29,94,44,65,29
b2m,44990,32341,45831,26911,35941,32721,36395,29763,55914,30985,42198,33262
b3galnt1,87,27,68,68,84,29,91,33,80,37,42,45
b3galnt2,439,513,805,598,453,463,479,489,628,527,375,625
b3galt1,568,486,475,791,238,862,799,1263,489,607,315,445
b3galt2,31,53,72,85,35,44,54,39,79,37,60,63
b3galt4,30,8,17,19,12,6,16,6,17,7,13,7
b3galt5,7,10,9,10,11,5,11,6,13,6,14,4
b3galt6,74,83,153,92,87,89,71,90,117,98,90,109
b3gat1,0,0,1,1,1,1,0,0,1,0,0,0
b3gat2,27,11,76,34,26,19,36,35,54,25,40,18
b3gat3,508,500,455,515,522,512,486,392,436,440,521,435
b3glct,52,41,66,62,41,49,71,38,73,39,58,44
b3gnt2,438,408,502,353,406,460,299,442,588,381,592,339
b3gnt3,70,29,71,50,72,47,76,38,57,31,78,44
b3gnt4,3,0,4,0,3,0,0,2,0,0,0,0
b3gnt5,17,7,9,23,5,3,12,15,38,6,7,4
b3gnt6,1,1,1,2,1,0,0,0,1,0,0,0
b3gnt7,2,1,9,17,1,4,3,2,13,7,8,3
b3gnt8,63,72,92,79,73,78,64,107,108,129,67,112
b3gnt9,48,20,54,87,52,28,65,39,88,36,58,49
b4galnt1,1201,661,1226,800,904,799,1025,830,992,701,838,737
b4galnt2,1,1,11,1,4,1,8,12,7,1,0,10
b4galnt3,34,71,22,46,69,79,17,84,46,62,9,54
b4galnt4,22,2,44,4,4,3,7,4,10,1,12,4
b4galt1,1053,824,1444,1107,750,731,1065,1084,1055,690,1081,1067
b4galt2,20,9,43,19,18,8,19,10,22,5,97,9
b4galt3,167,102,277,93,177,94,174,128,192,60,203,124
b4galt4,89,41,72,82,79,34,64,59,101,48,66,41
b4galt5,1107,229,1085,397,861,252,694,367,1506,292,736,428
b4galt6,434,53,729,164,291,79,368,67,357,64,499,81
b4galt7,227,171,389,220,206,165,197,156,213,177,137,210
b4gat1,390,273,286,300,406,307,309,254,373,285,302,259
b9d1,37,13,35,29,24,16,45,14,62,17,59,6
b9d2,64,48,89,47,63,38,58,41,59,33,87,31
baalc,1,0,0,0,0,0,1,0,0,0,0,0
baat,3075,8480,1716,8178,4901,6798,3641,5639,6227,7496,3333,7205
babam1,1175,795,928,895,973,940,985,771,988,800,1047,844
bace1,555,625,668,720,536,664,622,691,777,616,621,709
bace2,196,121,202,173,230,172,170,117,194,142,130,154
bach1,1717,1141,1951,1061,908,812,1057,1115,1603,1079,916,1424
bach2,121,94,205,147,77,103,106,117,109,102,126,116
bad,401,310,308,348,439,261,379,246,363,250,437,204
bag1,1544,1282,1452,1421,1579,1198,1431,1193,1478,1238,1404,1366
bag2,101,59,160,39,126,42,145,22,143,43,174,74
bag3,303,190,347,491,254,268,253,179,265,159,196,316
bag4,638,798,531,773,588,829,584,800,840,697,648,927
bag5,363,328,328,346,322,308,343,374,407,273,278,323
bag6,1119,719,1142,969,922,799,1079,736,974,649,969,833
bahcc1,95,64,83,130,78,88,79,124,126,123,57,92
bahd1,385,138,451,162,277,146,266,160,367,103,322,178
baiap2,700,307,624,436,837,532,995,432,875,519,1201,353
baiap2l1,538,253,586,329,563,302,604,338,564,305,726,363
baiap2l2,28,0,7,1,9,1,17,0,14,0,6,2
baiap3,11,8,31,2,18,4,14,2,13,2,23,6
bak1,409,189,368,216,326,149,302,187,445,192,317,161
bambi,133,105,169,131,155,118,120,80,226,117,183,82
banf1,464,297,398,329,462,353,596,303,432,303,382,305
banf2,0,0,0,0,1,0,0,2,0,0,0,0
bank1,200,128,153,214,183,105,216,119,260,113,113,109
banp,124,102,198,110,161,158,125,162,227,142,112,242
bap1,780,520,625,536,700,519,710,576,840,528,571,527
bard1,26,9,41,10,36,4,31,11,46,6,42,9
barhl1,6,1,3,0,1,3,4,2,10,6,4,1
barhl2,0,0,3,3,0,2,0,0,4,5,2,1
barx1,11,1,1,13,5,2,3,0,3,0,3,2
barx2,4,0,2,1,3,0,9,1,3,2,3,0
basp1,156,60,217,94,122,32,137,40,173,59,285,35
batf,43,21,29,26,42,12,46,12,35,13,33,9
batf2,17,2,33,11,7,7,13,6,18,9,9,8
batf3,46,15,37,13,25,7,26,17,46,13,16,12
bax,595,247,1089,266,423,254,577,260,543,239,496,244
baz1a,415,272,1000,363,386,348,554,352,630,305,474,340
baz1b,1779,1145,2415,1603,1733,1278,1664,1616,2427,1377,1845,1575
baz2a,565,429,933,581,591,407,685,589,764,466,543,568
baz2b,561,435,877,533,455,447,542,456,817,491,693,543
bbc3,182,129,124,121,137,82,98,83,82,156,94,108
bbip1,305,338,335,352,333,319,342,298,396,326,405,317
bbof1,5,10,11,15,15,11,11,19,27,11,12,12
bbox1,3508,4027,2921,3863,3598,4156,2672,3403,4587,3953,3318,3903
bbs1,49,33,72,52,65,56,39,42,84,48,62,41
bbs10,159,189,142,156,197,145,86,157,231,140,136,135
bbs12,32,21,22,31,49,13,20,10,55,20,42,12
bbs2,84,56,63,51,69,41,51,71,124,49,98,68
bbs4,90,94,119,102,79,129,102,110,123,119,85,81
bbs5,111,78,114,93,136,89,102,93,153,90,155,95
bbs7,141,75,159,81,143,72,139,101,196,71,127,102
bbs9,155,118,131,171,207,157,211,218,212,142,202,171
bbx,744,659,715,797,761,624,731,759,1060,641,706,758
bcam,290,94,530,322,183,160,288,124,280,118,387,160
bcan,0,0,3,0,1,0,0,1,5,3,1,1
bcap29,178,209,165,254,219,230,179,145,203,168,162,199
bcap31,3111,2314,2877,1969,2611,1921,2582,2079,3915,2354,2033,2260
bcar1,675,277,699,403,375,340,318,401,472,343,351,336
bcar3,841,769,795,1121,842,940,574,817,819,1107,439,715
bcas1,2,2,8,1,1,0,2,0,4,1,3,0
bcas2,550,416,543,443,521,415,491,401,591,351,386,414
bcas3,450,358,428,493,498,356,478,478,545,420,365,445
bcat1,1,0,1,1,2,1,6,2,2,6,0,9
bcat2,724,802,712,934,649,780,535,1050,796,797,410,696
bccip,1115,1203,1320,1220,1059,1141,1172,1062,1255,1148,1019,1160
bcdin3d,63,50,93,33,32,52,38,32,56,53,63,51
bche,4747,2871,3691,3356,4699,2935,5178,2173,5627,2451,5891,3176
bckdha,3632,3473,2737,3359,3469,3536,2718,3302,3281,3284,1657,3262
bckdhb,1019,1050,819,918,889,1171,999,968,1240,902,712,1098
bckdk,373,252,421,291,247,231,293,306,388,279,350,275
bcl10,551,240,577,240,441,213,420,194,508,213,535,268
bcl11a,16,11,10,17,14,3,11,12,21,9,13,14
bcl11b,18,21,23,28,15,8,13,7,29,6,31,15
bcl2,153,70,190,173,122,55,177,63,234,53,256,85
bcl2l1,1014,450,2038,527,640,380,1075,406,863,544,1046,489
bcl2l10,0,0,0,0,0,0,0,0,0,0,0,0
bcl2l11,256,96,878,168,187,133,261,150,248,128,364,84
bcl2l12,61,54,111,74,77,65,79,65,104,68,70,79
bcl2l13,816,602,819,679,726,684,814,722,864,641,606,668
bcl2l14,100,9,89,12,17,17,36,21,24,11,25,6
bcl2l15,3,3,13,4,3,1,3,2,1,1,4,3
bcl2l2,569,475,676,431,517,426,487,515,724,357,414,448
bcl3,262,205,333,246,193,148,177,114,199,210,86,168
bcl6,213,234,177,922,147,1190,137,270,311,1020,158,520
bcl6b,88,18,124,46,59,34,64,46,80,23,106,15
bcl7a,129,117,180,156,144,147,110,190,226,154,144,134
bcl7b,297,152,305,215,278,171,308,148,324,174,299,178
bcl7c,279,310,383,342,298,257,370,273,315,252,212,361
bcl9,60,37,68,58,44,26,71,48,70,54,39,37
bcl9l,146,167,212,232,147,126,149,198,172,134,95,185
bclaf1,1595,1836,2456,1662,1546,2096,2116,2122,2562,1548,2136,1915
bco1,608,117,497,106,147,162,320,171,198,169,295,135
bco2,221,567,119,461,318,566,209,426,485,609,198,610
bcor,259,175,468,329,225,274,243,251,283,251,258,202
bcorl1,107,80,132,94,115,82,127,78,153,66,61,86
bcr,514,359,533,531,486,383,472,404,586,418,442,469
bcs1l,308,205,232,203,313,236,253,185,337,212,331,282
bdh1,6032,3245,5044,3277,5027,3023,3857,2682,5613,3301,1848,3675
bdh2,226,350,207,259,290,295,154,193,416,255,77,293
bdkrb1,0,0,0,1,0,1,1,1,0,0,2,1
bdkrb2,5,1,9,1,4,0,4,2,1,1,3,2
bdnf,25,21,20,60,33,32,18,36,53,33,14,40
bdp1,618,576,1257,696,550,686,806,733,1050,609,687,814
bean1,5,0,24,1,4,1,2,3,3,1,4,3
becn1,1423,1129,1423,1110,1327,1079,1410,1175,1686,1117,1530,1149
begain,0,2,1,8,0,0,1,0,3,1,0,0
bend3,123,93,143,94,89,84,103,130,118,85,84,99
bend4,44,40,39,61,40,36,76,49,72,53,28,47
bend5,6,3,2,13,9,1,8,3,10,3,6,1
bend6,44,13,17,27,21,8,33,13,20,13,43,9
bend7,196,125,260,112,109,144,146,199,146,116,169,170
best1,17,8,32,15,13,5,12,12,35,21,23,15
best2,0,0,0,0,0,0,0,0,0,1,1,0
best3,1,0,1,1,0,0,1,0,1,0,0,0
bet1,1275,1895,1203,1776,1638,1434,1557,1179,1572,1744,1299,1894
bet1l,562,366,800,484,423,451,499,507,632,468,378,402
bex1,191,0,163,3,17,0,122,0,64,0,15,2
bex2,74,0,59,0,46,0,12,4,46,1,23,6
bex4,92,2,19,6,29,2,38,6,39,4,7,3
bfar,1008,1054,915,1011,919,932,945,1178,1394,1084,697,1066
bfsp1,5,2,7,6,6,1,4,7,9,3,4,3
bfsp2,2,1,4,1,1,2,2,0,0,0,1,1
bglap,0,0,1,0,0,0,0,0,0,0,0,0
bgn,2183,1011,2057,2459,1947,1369,1994,874,2096,931,2305,1070
bhlha15,69,14,197,52,56,7,58,172,45,43,93,74
bhlha9,0,0,0,0,0,0,0,0,0,0,0,0
bhlhe22,11,5,10,4,6,1,6,0,1,1,40,2
bhlhe23,0,0,0,0,0,0,0,0,0,0,0,0
bhlhe40,1760,1072,2896,1787,1642,1492,1324,1805,2396,1371,2047,749
bhlhe41,69,50,65,65,30,26,29,108,88,79,43,44
bhmt,60326,127274,33845,105747,79316,156945,64836,90014,92628,105732,28663,121722
bhmt2,3541,4215,3100,4769,4340,5343,3671,4084,4366,4516,2338,5172
bicc1,698,116,638,486,524,134,503,145,891,168,1050,171
bicd1,233,174,410,475,280,165,333,236,454,243,285,366
bicd2,531,331,680,420,442,302,562,288,659,345,538,380
bid,463,204,374,224,405,198,359,287,621,277,433,181
bik,161,109,62,89,204,80,113,89,216,139,275,54
bin1,571,204,893,295,485,174,760,173,595,168,784,217
bin2,196,81,223,115,190,70,204,93,202,120,147,102
bin3,407,235,422,203,305,235,369,243,487,221,276,199
birc2,806,703,928,819,864,663,848,722,1363,793,1144,771
birc3,650,403,534,400,721,366,717,428,917,406,755,394
birc5,66,27,108,39,93,24,132,45,140,41,93,36
birc6,4436,3879,5034,4415,4513,4014,5135,4470,6666,4100,6864,4781
birc7,1,1,0,5,0,0,0,0,0,1,0,0
bivm,457,346,382,403,492,362,410,444,571,343,606,335
blcap,498,450,935,354,471,460,486,382,581,365,292,488
blk,19,10,15,35,11,3,20,10,31,8,3,11
blm,97,86,118,98,114,158,100,215,181,215,100,86
blmh,895,1028,695,918,1132,1010,993,968,1388,989,996,1009
blnk,152,39,147,82,160,66,117,44,182,56,267,51
bloc1s1,1249,1021,1089,989,1207,1022,1227,862,1200,903,1094,921
bloc1s2,250,213,347,206,264,212,226,149,282,215,287,166
bloc1s3,201,137,270,108,161,118,157,108,188,134,129,110
bloc1s4,201,177,184,174,225,185,210,149,250,116,242,154
bloc1s5,526,518,560,457,606,541,463,389,647,460,407,481
bloc1s6,390,289,515,261,360,238,333,242,450,261,473,284
blvra,374,303,449,308,375,323,421,266,474,345,345,319
blvrb,4123,1979,5568,1705,4308,1622,5490,1288,4469,1526,4281,1646
blzf1,1523,1414,1373,1704,1491,2356,1292,1512,1262,1606,1398,1384
bmf,290,248,407,275,341,142,280,308,416,406,652,149
bmi1,927,815,992,1098,1032,908,903,778,1255,769,1216,756
bmp1,1557,1427,1629,1617,1287,1770,1273,1684,1679,1471,1199,1739
bmp10,30,74,35,127,47,146,75,127,77,70,6,141
bmp15,0,0,0,0,0,0,2,0,0,0,0,0
bmp2,403,341,166,468,354,393,343,320,275,259,94,321
bmp2k,581,273,544,436,481,249,644,361,690,271,702,336
bmp3,16,13,26,17,20,10,20,62,38,36,15,36
bmp4,114,40,190,69,96,33,35,31,91,51,106,58
bmp5,245,380,304,390,326,383,309,319,382,336,325,355
bmp6,122,64,107,93,100,93,115,57,141,51,298,41
bmp7,144,50,204,57,41,45,30,87,55,71,29,57
bmp8a,1,0,1,0,0,0,0,1,0,2,0,1
bmp8b,67,6,240,6,73,2,75,2,61,6,333,8
bmper,68,10,80,34,62,22,100,4,115,25,208,31
bmpr1a,1238,1154,1340,1249,1209,1074,1189,1144,2019,1186,1369,1088
bmpr1b,0,14,1,15,4,28,3,4,1,6,0,10
bmpr2,1508,1257,1631,2039,1428,1312,1693,1244,1721,1076,1882,1397
bms1,713,609,889,722,659,612,762,647,833,615,607,705
bmx,23,21,14,19,19,7,9,13,19,18,5,8
bnc1,81,34,23,241,23,25,43,33,45,37,2,36
bnc2,23,11,28,71,16,16,25,14,56,18,17,26
bnip1,300,279,295,250,360,307,339,259,388,290,363,302
bnip2,1165,1001,1584,1038,1058,951,1173,992,1481,976,1177,991
bnip3,5112,2638,4063,3052,3354,2778,5198,3427,4199,2576,3525,2470
bnip3l,2573,2231,2533,2423,2203,2065,2410,2066,2612,1980,2085,2002
bnipl,2,1,3,1,0,0,9,2,0,0,1,1
boc,62,17,38,152,44,10,55,19,55,29,24,20
bod1,503,483,420,412,453,409,527,396,526,364,483,344
bok,594,332,496,232,708,375,580,245,717,289,1148,369
bola1,364,315,335,302,407,332,370,229,398,252,316,273
bola2,445,384,574,361,430,376,456,328,513,393,392,295
bola3,662,528,520,592,697,705,684,602,746,619,458,723
boll,4,3,7,4,2,2,5,3,3,4,4,1
bop1,672,425,786,500,661,449,580,383,686,420,645,512
bora,45,30,56,26,43,17,48,25,57,27,48,37
borcs5,131,125,114,147,146,123,90,165,125,118,89,133
borcs6,223,113,171,137,191,124,199,136,181,129,155,123
borcs7,143,100,82,98,114,81,98,86,122,77,113,83
borcs8,291,217,300,231,240,213,222,200,273,212,284,203
bpgm,587,348,661,428,488,255,667,417,526,381,530,430
bphl,1980,2238,1157,2212,2166,2503,1718,1819,2083,1932,1115,2351
bpi,0,0,0,0,0,0,0,0,0,0,0,0
bpifa1,0,0,1,0,0,0,0,0,0,0,0,0
bpifa2,0,0,0,0,0,0,0,0,1,1,0,0
bpifa3,0,0,0,0,0,0,0,0,0,0,0,0
bpifb1,1,0,4,2,2,3,0,2,3,3,2,1
bpifb2,0,0,0,0,0,0,0,0,0,0,0,0
bpifb3,0,0,0,0,0,0,0,0,0,0,0,0
bpifb4,1,0,9,0,0,0,0,0,0,0,0,0
bpifb6,0,0,4,0,0,0,0,0,1,0,0,0
bpifc,8,9,22,13,8,2,9,14,20,20,9,14
bpnt1,1977,1294,2137,1373,1984,1394,2005,1383,2136,1459,2300,1571
bptf,1465,2243,1982,1015,1604,1501,1468,1030,1344,830,1244,826
braf,467,478,492,658,439,543,563,611,569,485,428,592
brap,2383,2323,2024,1903,2423,2272,2500,2442,2704,2370,1908,2157
brat1,335,168,308,205,306,158,217,173,337,175,365,191
brca1,137,42,397,54,154,74,204,89,222,51,353,40
brca2,196,124,246,179,201,149,234,204,318,209,376,160
brcc3,758,722,609,750,710,655,623,625,977,665,724,698
brd1,619,344,1008,493,550,450,600,417,792,369,668,559
brd2,1523,1449,2042,1565,1393,1360,1887,1298,1870,1159,1762,1636
brd3,438,337,699,416,376,402,468,518,540,360,368,421
brd4,280,224,335,403,277,268,356,292,364,209,297,264
brd7,578,439,489,465,481,423,465,449,669,476,517,512
brd8,535,371,718,377,487,366,553,391,774,438,597,452
brd9,237,191,332,191,225,185,209,221,325,182,224,227
brdt,37,25,23,35,32,26,32,29,37,35,44,44
brf1,226,178,328,213,190,220,199,261,273,223,170,244
brf2,176,96,138,109,155,97,93,86,157,101,124,103
bri3,705,291,359,347,626,386,453,302,547,234,524,274
bri3bp,629,469,628,606,599,480,538,562,622,469,624,701
bricd5,1,0,1,0,0,0,1,0,0,1,0,0
brinp1,0,0,0,1,0,0,2,0,0,0,0,0
brinp2,2,5,5,3,4,4,10,4,12,1,8,4
brinp3,6,0,11,0,30,0,36,0,19,0,19,0
brip1,114,82,192,72,113,74,144,130,199,96,191,101
brix1,451,336,627,380,409,401,346,315,576,325,632,338
brk1,1090,751,925,900,1019,693,999,652,1060,707,729,746
brms1,282,213,232,258,307,188,274,187,286,211,296,196
brms1l,129,75,128,94,129,101,109,90,169,58,100,72
brox,1153,837,1625,849,1147,871,1411,897,1668,736,1750,990
brpf1,312,237,472,311,268,272,313,294,399,214,358,340
brpf3,181,127,222,150,153,131,265,201,197,145,255,165
brs3,0,0,0,0,0,0,0,0,1,0,0,1
brsk1,7,5,8,4,9,2,10,4,12,4,4,11
brsk2,11,10,13,7,10,3,3,19,8,9,8,14
brwd1,1355,1173,1931,1486,1360,1338,1788,1640,2223,1222,1384,1579
brwd3,429,463,499,541,476,436,424,541,676,487,391,549
bscl2,611,639,644,675,576,625,619,591,636,651,621,676
bsdc1,1232,968,1171,940,1047,1037,1033,1027,1200,937,1066,1076
bsg,7548,5302,13039,5342,7242,5726,7805,5930,7633,5742,7176,5600
bsn,16,1,14,7,9,4,15,6,25,1,29,4
bsnd,0,0,0,0,0,0,0,0,0,0,0,0
bsph1,0,0,0,0,0,0,0,0,0,0,0,0
bspry,25,8,16,8,21,7,24,23,31,10,25,14
bst1,65,24,49,122,27,37,49,51,80,86,42,76
bst2,6444,2364,3791,2226,4725,2308,4034,2250,5013,2818,3241,2482
bsx,0,0,0,0,0,0,0,0,0,0,0,0
btaf1,1029,936,1279,1159,981,1062,1191,1130,1410,1088,1212,1097
btbd1,918,1171,1006,1206,784,1016,837,825,1160,951,826,1057
btbd10,116,61,232,75,100,57,146,88,167,55,125,92
btbd16,14,12,35,18,16,13,12,30,38,26,24,23
btbd17,2,0,50,1,0,0,1,0,1,0,1,0
btbd18,3,5,6,5,7,2,3,4,13,5,3,7
btbd19,38,23,63,28,29,27,44,34,49,25,37,38
btbd2,313,201,229,279,328,270,248,221,307,216,198,248
btbd3,215,141,319,172,184,103,235,115,232,117,356,126
btbd6,213,161,219,187,181,164,176,163,208,157,196,187
btbd7,339,283,496,368,304,326,363,348,460,346,347,394
btbd8,28,17,24,29,57,24,36,17,41,20,114,24
btbd9,457,262,462,358,385,289,432,338,498,245,539,334
btc,482,86,771,54,415,82,616,47,564,66,960,65
btd,1351,998,1083,1014,1088,1098,1353,964,1467,963,1186,1187
btf3,2663,2485,3648,2637,2658,2596,2794,2359,3038,2457,2360,2543
btf3l4,946,1070,898,924,1016,984,863,918,1281,990,1312,985
btg1,1112,964,1261,1020,1163,844,1201,547,1343,982,1367,1000
btg2,1555,645,3707,721,625,296,1683,396,900,1471,962,779
btg3,319,160,1184,167,229,196,258,142,387,124,574,119
btg4,0,0,0,0,0,0,0,0,0,0,0,0
btk,66,53,68,52,79,25,101,39,107,35,70,37
btla,61,38,38,56,35,11,58,43,110,28,74,16
btn1a1,1,1,8,1,3,1,3,2,1,2,2,2
btn2a2,0,0,0,0,0,0,0,0,0,0,0,0
btnl2,7,7,7,5,7,1,6,3,15,3,3,3
btnl9,261,202,405,302,272,233,296,169,360,199,346,243
btrc,322,224,301,197,310,264,274,273,390,232,331,256
bub1,43,5,108,11,62,5,81,14,70,7,62,10
bub1b,109,16,200,18,118,12,127,34,134,33,113,30
bub3,610,549,878,562,612,595,680,497,823,485,647,553
bud13,88,84,195,108,105,76,143,79,136,77,82,112
bud31,1025,893,953,928,1205,893,1016,896,1229,989,1331,971
bysl,276,224,384,331,292,254,319,215,301,261,373,288
bzw1,4877,4482,6725,4623,5468,4029,5345,3870,6553,4144,7048,4344
bzw2,158,161,229,203,180,157,172,145,243,160,175,140
c1d,1220,1301,912,1338,1465,1225,1156,984,1642,1125,1463,1153
c1galt1,1446,2177,1499,2434,1833,1861,1914,1728,2060,1677,1979,2000
c1galt1c1,845,664,675,694,886,634,707,524,1083,679,641,689
c1qa,3164,1153,2449,1683,3189,1096,3639,1215,3086,1154,2759,1060
c1qb,3724,1419,3159,1971,3692,1325,4327,1499,3508,1470,3180,1257
c1qbp,866,652,689,729,809,787,856,641,886,588,779,823
c1qc,3488,1370,2863,1851,3265,1206,4103,1349,3178,1382,2809,1219
c1ql1,0,0,0,0,0,0,0,0,0,0,0,0
c1ql2,0,0,0,0,0,0,0,0,1,0,1,0
c1ql3,37,37,30,47,53,44,36,27,63,31,121,41
c1ql4,3,5,1,1,5,5,2,1,2,6,3,2
c1qtnf1,454,125,338,239,311,150,343,170,289,108,362,125
c1qtnf2,44,16,20,35,25,16,35,23,40,17,26,13
c1qtnf3,14,8,5,17,4,5,10,3,11,9,5,7
c1qtnf4,7,4,6,9,12,2,8,1,8,1,5,4
c1qtnf6,88,7,67,30,58,13,59,13,53,17,113,21
c1qtnf7,82,30,54,88,56,38,53,38,89,39,51,45
c1qtnf9,14,12,124,14,6,3,19,9,15,8,53,15
c1rl,2080,2449,2034,2363,2038,2340,1676,2383,1993,2547,1318,2783
c2,3758,3274,3340,3572,3678,3552,3881,3866,5085,3671,4581,3631
c2cd2,2492,2467,2018,2302,2513,2584,2272,2247,3219,2408,1565,3150
c2cd2l,433,338,505,531,302,385,323,522,382,372,244,439
c2cd3,254,190,403,243,218,244,313,224,326,209,245,281
c2cd4a,1,1,0,0,0,0,0,0,1,0,0,0
c2cd4b,2,1,0,0,0,0,0,0,0,1,0,1
c2cd4c,28,8,56,4,25,0,28,7,32,8,21,7
c2cd4d,12,19,4,19,19,18,8,16,16,11,0,8
c2cd5,186,124,261,195,153,105,158,129,185,135,128,160
c3,222661,131503,262631,168651,246518,127387,309591,191903,251286,122636,374917,148868
c3ar1,607,189,468,432,502,193,437,237,537,375,430,268
c4b,29346,34079,41306,35502,30226,38482,39282,44503,45586,36088,61919,34654
c5ar1,101,27,98,114,67,23,111,34,87,64,53,37
c5ar2,308,246,295,345,340,289,300,195,334,243,251,191
c6,3412,5468,2427,6067,4310,6554,3889,8797,6387,8869,3342,8301
c7,196,103,121,350,142,66,205,55,225,70,342,67
c8a,8560,32632,7225,26040,9108,29632,8195,32215,15603,30777,10817,26401
c8b,2819,11332,2380,10865,3898,14662,2768,14827,5331,14860,1985,14113
c8g,5355,8450,4433,7733,5085,7870,5399,5900,7051,8017,2964,7140
c9,9013,19891,4139,16327,10785,22575,7490,27529,15779,26439,7022,18899
caap1,120,117,196,154,119,122,110,106,129,123,237,124
cab39,2679,1902,4258,2041,2393,1713,2673,1944,3236,1879,4349,1847
cab39l,1667,1543,1230,1584,1298,1495,1404,1403,1778,1559,1381,1603
cabin1,456,242,637,404,377,279,449,411,531,307,472,325
cables1,97,37,107,83,61,69,73,90,99,32,144,36
cables2,322,296,408,302,251,325,281,374,434,271,316,374
cabp1,4,3,18,17,6,4,4,11,14,7,8,7
cabp2,6,1,11,3,21,0,14,82,4,26,6,26
cabp4,7,2,8,3,9,3,2,1,14,1,4,3
cabp5,2,0,2,1,0,0,0,2,3,1,2,0
cabp7,1,0,2,0,1,1,0,1,3,0,1,1
cabs1,0,0,0,0,0,0,0,0,0,0,0,0
cabyr,38,43,41,48,63,78,57,49,109,48,53,54
cacfd1,404,291,612,394,250,274,333,264,346,239,257,291
cachd1,88,25,126,88,92,41,51,49,147,29,284,44
cacna1a,33,33,32,27,28,16,34,34,55,21,28,44
cacna1b,106,1,761,0,23,1,90,4,52,4,178,3
cacna1c,44,8,131,24,20,7,36,17,32,10,30,19
cacna1d,47,49,35,95,39,66,46,71,69,72,42,75
cacna1e,18,24,54,29,14,16,31,24,59,24,21,32
cacna1f,12,6,2,3,8,3,11,0,10,5,3,2
cacna1g,4,4,6,38,4,1,6,3,6,3,4,5
cacna1h,11,1,110,15,7,2,15,4,11,1,4,1
cacna1i,3,4,10,9,1,8,6,6,14,1,0,3
cacna1s,11,65,63,51,4,7,70,6,14,3,11,1
cacna2d1,117,64,138,142,111,51,156,49,138,46,149,60
cacna2d2,3,1,9,3,2,2,3,7,3,5,3,3
cacna2d3,4,1,0,4,0,2,2,0,1,1,2,2
cacna2d4,46,17,30,16,33,8,34,11,88,12,26,30
cacnb1,28,8,19,18,12,5,26,5,31,7,27,6
cacnb2,18,8,16,27,12,8,21,16,21,13,11,15
cacnb3,50,12,94,68,38,9,42,21,56,21,35,12
cacnb4,79,94,87,81,84,80,53,60,98,75,74,65
cacng1,4,3,6,2,2,1,9,2,4,0,10,1
cacng2,2,2,8,9,5,2,3,9,6,6,4,4
cacng3,2,0,0,1,2,1,0,0,1,2,0,2
cacng4,4,7,16,1,5,3,6,9,10,4,2,2
cacng5,0,0,0,0,0,0,0,0,1,0,0,0
cacng6,1,8,8,5,0,1,7,0,0,0,0,0
cacng7,7,4,17,8,18,3,7,2,18,5,10,2
cacng8,1,1,8,2,1,3,3,2,3,0,1,1
cactin,212,104,241,153,192,164,208,138,200,150,170,189
cacul1,1942,1292,1930,1535,1967,1394,2007,1755,2247,1354,2123,1661
cacybp,977,931,1097,1200,1080,614,1016,570,1319,1008,1523,885
cad,334,285,453,517,317,241,328,235,325,333,465,328
cadm1,845,626,1105,631,861,610,903,495,1127,479,920,670
cadm2,1,4,5,6,4,3,2,7,2,5,1,5
cadm3,96,80,66,127,74,86,83,59,94,72,48,129
cadm4,135,245,72,303,79,220,131,340,107,214,198,198
cadps,1,0,13,0,0,0,0,0,0,1,0,1
cadps2,335,514,206,535,273,622,220,554,362,477,387,538
cage1,30,28,47,24,30,20,38,24,40,19,33,20
calb1,5,4,5,11,1,5,4,6,3,5,10,4
calb2,0,0,1,0,0,0,1,0,0,0,0,0
calca,5,0,1,11,1,0,6,5,8,5,1,3
calcb,6,1,2,3,1,0,2,0,4,0,0,1
calcoco1,649,258,529,336,510,391,517,360,560,320,510,276
calcoco2,0,0,0,0,1,0,1,0,2,0,1,1
calcr,0,9,1,3,1,3,0,0,1,5,1,1
calcrl,910,1270,1074,1326,904,1087,941,978,1162,951,935,1034
cald1,8340,4852,7777,5688,6473,5380,6952,4586,7813,4780,5771,5668
calhm1,0,0,0,0,0,0,0,0,0,0,0,1
calhm2,100,40,96,80,86,47,163,50,81,54,62,57
calhm3,0,0,0,0,0,0,0,0,0,0,0,0
calm1,5310,5151,6120,5422,5011,4903,5482,4425,7065,4922,5057,5512
calml3,0,0,4,0,0,1,48,0,2,0,0,0
calml4,175,31,257,34,277,28,255,23,273,31,506,24
caln1,29,67,27,52,41,58,26,33,52,42,76,75
calr,18863,17965,18586,19908,15177,16121,13487,16940,20114,19370,17775,18513
calr3,39,54,43,50,51,41,45,42,69,53,74,57
calu,4795,3331,6041,3491,3808,2974,4352,3085,5020,3477,3919,3565
caly,0,0,0,2,0,0,0,0,1,0,0,1
camk1,698,349,736,440,599,323,550,278,710,313,584,332
camk1d,1541,1757,2020,1343,1677,2714,1898,1763,2304,1532,2018,2844
camk1g,0,0,1,1,0,0,1,0,1,0,0,1
camk2a,11,2,20,6,6,2,14,5,11,2,10,10
camk2b,517,235,424,250,547,232,437,299,567,184,685,236
camk2d,452,238,494,374,397,215,419,279,536,233,503,253
camk2g,265,192,215,223,236,198,255,207,332,175,200,222
camk2n1,961,777,986,861,738,739,614,829,812,699,608,585
camk2n2,44,10,26,14,32,2,29,10,18,11,24,12
camk4,31,34,85,53,35,20,47,52,64,43,63,51
camkk1,30,9,27,27,34,3,33,16,30,11,27,7
camkk2,196,133,182,216,160,190,212,234,225,219,342,237
camkmt,31,17,23,12,22,27,31,21,27,10,46,14
camkv,0,0,1,6,1,0,0,1,3,0,0,0
camp,6,0,23,5,1,2,14,2,10,6,33,1
camsap1,283,166,472,254,293,198,314,281,423,188,329,272
camsap2,693,525,1294,701,776,637,947,621,1123,561,1093,741
camsap3,175,122,227,100,194,136,153,145,281,122,200,127
camta1,63,59,45,64,52,51,54,48,45,44,52,41
camta2,155,124,211,180,128,119,177,161,189,111,118,145
cand1,1517,1637,1897,1865,1639,1770,1658,1620,1810,1544,1571,1916
cand2,89,22,113,26,83,9,89,6,104,16,145,21
cant1,631,390,625,453,520,380,583,410,606,375,512,436
canx,13181,13483,14004,13653,14029,12316,14056,12920,18243,14556,15896,14441
cap1,2436,1488,2886,1632,2197,1414,2111,1353,2408,1260,2677,1470
cap2,151,17,34,17,82,5,111,5,225,5,85,8
capg,457,105,392,234,300,67,429,95,434,172,457,112
capn1,749,394,774,447,654,378,619,395,668,339,639,376
capn10,486,386,394,392,600,468,559,565,659,371,780,540
capn11,1,5,7,2,9,44,64,4,12,36,0,17
capn12,2,2,19,4,1,2,4,3,2,7,1,4
capn13,1,0,0,0,3,0,0,1,0,2,0,0
capn15,187,91,171,143,157,109,167,125,168,125,136,140
capn2,2492,1088,3112,1391,2020,1101,1979,940,2466,1280,2473,1258
capn3,36,32,66,57,26,18,36,30,24,33,31,26
capn5,224,48,287,99,171,57,141,64,209,48,185,69
capn6,56,58,84,110,104,85,88,53,135,64,49,66
capn7,1056,1124,1046,1216,1089,1007,1162,1093,1591,1098,955,1167
capn8,37,377,216,395,14,571,15,460,73,343,84,225
capn9,5,0,2,0,5,1,0,0,5,1,7,0
capns1,2649,1341,3047,1496,1965,1368,2079,1168,2030,1215,1558,1219
capns2,3,1,3,1,2,2,8,0,4,0,2,3
caprin1,6222,7199,7642,7460,6882,7112,6160,4979,9363,6593,8168,7926
caprin2,65,29,145,45,67,34,88,47,104,45,77,61
caps2,69,93,154,150,65,47,100,115,150,114,98,141
capsl,24,3,48,2,19,0,32,3,36,2,15,1
capza1,1518,1326,1810,1460,1646,1125,1778,1146,2030,1421,1572,1311
capza2,2576,1851,2397,2011,2197,1703,2855,1767,2475,1788,1931,1773
capza3,0,0,0,0,0,0,0,0,0,0,0,0
capzb,1330,772,1336,983,1120,892,1151,786,1203,751,1084,850
card10,420,90,458,112,279,102,261,117,372,63,373,83
card11,51,14,73,29,42,17,21,12,60,15,27,9
card14,11,2,37,1,2,2,22,7,11,0,1,0
card19,175,86,293,129,133,101,113,99,144,77,140,87
card6,160,115,205,153,121,156,162,149,220,117,183,138
card9,33,23,35,21,35,10,46,14,68,27,44,18
carf,182,172,304,178,195,159,230,233,340,196,247,195
carhsp1,2283,1612,2064,1666,2003,1615,1667,1461,2433,1653,1394,1540
carm1,303,226,423,297,213,261,251,239,269,193,152,273
carnmt1,483,506,400,540,469,428,443,406,504,420,491,447
carns1,22,11,18,12,13,11,20,9,18,10,34,11
cars2,355,269,278,310,349,262,305,256,362,302,404,321
cartpt,0,0,1,0,0,0,0,1,0,0,0,0
casc3,309,165,349,270,252,215,320,212,292,206,252,232
casd1,514,838,562,764,614,933,631,861,827,932,493,1032
cask,630,474,611,590,562,447,479,477,693,411,573,545
caskin1,3,2,5,3,4,4,3,3,2,1,5,4
caskin2,343,160,513,218,338,209,379,213,361,154,311,157
casp1,398,131,507,145,520,96,481,116,525,113,778,125
casp12,905,94,845,191,1017,90,1073,63,1716,94,1945,74
casp14,0,0,0,0,0,0,3,0,2,0,0,0
casp2,207,135,243,173,183,108,227,102,224,132,221,101
casp3,762,711,896,591,813,762,731,588,1040,698,805,832
casp4,441,106,393,175,451,78,439,112,613,112,757,102
casp6,302,287,267,230,327,329,252,344,380,298,187,278
casp7,477,502,403,484,578,551,447,464,673,503,544,553
casp8,950,533,1086,606,760,467,712,573,995,585,771,655
casp9,330,371,362,329,372,291,247,432,412,450,319,376
casq1,20,90,79,67,2,4,77,7,5,4,22,2
casq2,28,25,43,30,30,3,83,4,58,10,9,8
casr,0,1,0,1,1,2,1,0,3,0,1,0
cass4,9,7,12,19,14,11,11,4,13,16,14,14
cast,1798,1005,2761,1045,1283,1111,1656,1076,1907,1168,1797,1210
casz1,35,18,57,33,31,14,37,22,49,23,41,43
cat,39510,48584,37376,46615,42649,52203,35056,42218,58918,45971,36341,57103
catip,4,1,7,7,3,0,2,4,9,4,10,3
catsper1,0,0,0,0,0,0,0,0,0,0,0,0
catsper2,49,41,67,38,47,44,36,38,86,47,55,59
catsper3,2,1,0,0,1,0,2,2,2,2,0,1
catsper4,2,2,10,1,4,4,2,5,4,0,3,4
catsperb,0,0,3,0,0,1,2,1,2,1,2,0
catsperd,37,14,72,26,15,8,19,15,40,10,15,5
cav1,436,250,409,795,324,241,452,233,1246,250,497,271
cav2,584,249,591,374,523,215,838,222,729,256,738,212
cav3,1,2,3,4,3,0,7,1,3,3,2,0
cbarp,33,9,60,21,26,11,23,20,41,17,46,14
cbfa2t2,358,256,512,272,336,234,347,363,508,291,343,325
cbfa2t3,31,16,37,39,28,27,23,29,30,16,27,22
cbfb,684,359,752,490,475,451,676,471,740,321,689,426
cbl,400,284,500,492,348,259,473,307,518,270,455,407
cblb,226,131,294,205,166,111,250,126,256,113,244,157
cblc,500,208,625,199,388,212,362,199,403,238,272,197
cbll1,91,111,128,187,115,138,97,97,113,92,90,124
cbln1,1,0,0,0,0,0,0,0,0,0,0,0
cbln2,0,0,2,0,0,0,0,2,0,0,0,0
cbln3,58,26,38,17,23,22,24,20,50,24,39,29
cbln4,0,0,0,0,0,0,0,0,0,0,0,0
cbr1,5205,636,5786,830,3551,671,5521,724,4450,675,4303,774
cbr3,2282,16,3121,45,1178,11,2743,19,2291,13,2227,24
cbr4,767,725,543,716,771,729,670,677,958,728,1117,699
cbs,4531,9408,3843,8570,5922,8835,5563,7201,5936,8531,4689,9503
cbx1,671,659,624,656,735,579,662,587,896,649,680,673
cbx2,121,122,109,154,116,181,83,123,149,214,79,117
cbx3,1394,1194,1453,1218,1189,1152,1200,1024,1538,1077,1115,1195
cbx4,253,231,431,312,262,219,263,275,356,335,174,202
cbx5,1439,1087,2076,1370,1272,1097,1280,1236,2148,1066,1999,1171
cbx6,270,83,240,246,208,88,197,98,236,84,264,115
cbx7,222,132,185,136,160,136,163,149,238,91,233,109
cbx8,132,107,157,155,144,138,122,104,165,143,124,118
cby1,160,102,158,122,231,78,125,90,187,88,166,80
cby3,0,0,1,0,0,0,0,0,1,0,0,0
cc2d1a,391,178,326,189,307,152,271,160,323,173,292,174
cc2d1b,373,194,402,244,294,186,351,191,427,229,451,198
cc2d2a,132,65,137,118,114,90,126,82,170,85,160,88
cc2d2b,0,2,8,5,1,1,3,1,17,2,0,1
ccar1,935,773,1301,837,912,816,1152,825,1325,809,1055,930
ccar2,528,343,567,399,482,407,442,360,555,383,406,396
ccbe1,56,50,60,130,54,77,63,71,89,73,27,70
ccdc102a,20,16,40,25,36,16,35,19,52,23,30,19
ccdc106,10,7,21,11,8,11,12,4,10,7,10,10
ccdc107,56096,45713,49596,56731,58521,54958,46455,31468,54613,47214,68528,39535
ccdc110,1,0,0,0,0,0,0,0,1,0,0,0
ccdc112,13,8,17,15,8,4,11,4,11,8,17,6
ccdc116,16,8,14,11,16,5,11,12,20,8,9,8
ccdc117,591,558,645,721,595,824,595,525,732,455,468,915
ccdc12,431,312,444,353,369,301,361,263,449,302,365,322
ccdc120,194,12,274,19,119,11,117,5,183,18,99,15
ccdc121,0,0,0,0,0,0,0,0,0,0,0,0
ccdc122,257,144,165,160,291,199,307,147,346,160,235,127
ccdc124,487,306,423,357,444,312,394,280,383,337,409,361
ccdc125,212,120,441,154,149,160,168,185,195,164,134,133
ccdc126,66,43,81,55,79,37,58,24,82,54,85,54
ccdc127,641,554,1028,609,548,518,623,537,763,526,550,595
ccdc13,0,0,0,1,1,0,0,0,0,0,1,0
ccdc134,94,40,109,88,63,33,56,43,80,53,73,56
ccdc136,11,1,31,10,7,1,9,3,13,1,11,3
ccdc137,176,127,296,147,161,150,236,138,281,145,173,171
ccdc138,59,53,45,55,72,69,51,68,64,54,53,55
ccdc14,48,36,74,30,42,29,40,27,75,24,62,17
ccdc141,262,247,452,390,268,319,337,375,496,333,445,361
ccdc142,40,12,38,36,29,24,27,20,44,25,22,25
ccdc146,29,5,28,8,22,11,25,4,24,14,26,9
ccdc148,123,94,96,79,85,73,162,72,128,53,48,59
ccdc149,159,95,180,177,137,53,145,53,114,89,234,72
ccdc15,25,60,56,53,29,43,38,50,63,33,32,68
ccdc150,1,0,2,5,1,4,0,1,5,1,7,4
ccdc152,238,151,317,159,233,138,264,152,340,164,431,152
ccdc154,1,1,1,0,0,0,0,1,1,1,1,6
ccdc157,212,237,318,312,292,232,219,333,306,254,206,273
ccdc158,46,28,21,30,44,35,43,17,59,27,71,28
ccdc159,59,63,113,81,61,64,87,71,95,77,73,83
ccdc160,15,3,8,7,16,5,11,6,11,2,9,10
ccdc166,68,41,50,61,39,38,38,41,52,52,29,33
ccdc167,206,200,259,244,165,160,221,176,273,229,372,172
ccdc169,7,10,11,17,6,8,8,10,18,13,12,10
ccdc17,57,62,77,40,51,53,57,61,76,62,62,43
ccdc170,3,1,4,2,5,3,2,0,2,1,6,2
ccdc171,259,225,211,201,324,182,321,204,366,161,431,164
ccdc172,0,0,0,0,0,0,0,0,0,0,0,0
ccdc174,221,221,282,205,198,202,232,190,317,198,208,248
ccdc175,0,0,0,0,0,0,0,0,1,1,0,0
ccdc177,0,0,0,0,0,0,0,2,0,0,0,0
ccdc178,0,0,0,0,0,0,0,0,0,0,0,0
ccdc18,26,17,49,6,30,15,54,15,63,19,77,12
ccdc180,9,2,6,4,3,0,1,2,3,1,9,4
ccdc181,166,112,128,104,210,97,183,111,294,112,291,107
ccdc182,0,0,0,0,0,0,0,0,0,0,0,0
ccdc183,3,1,5,1,3,2,3,3,8,3,7,2
ccdc184,1,0,2,1,0,0,0,0,2,1,1,0
ccdc185,0,0,0,0,0,0,0,0,0,0,0,0
ccdc186,422,442,414,530,359,455,482,467,549,445,550,441
ccdc187,1,0,1,2,0,0,1,1,1,0,0,1
ccdc188,0,0,0,0,0,0,1,0,0,1,0,0
ccdc190,5,0,122,0,4,0,2,0,8,0,14,0
ccdc191,97,73,98,71,122,73,97,87,162,81,83,87
ccdc22,373,253,254,271,374,241,282,213,441,270,301,238
ccdc24,89,62,139,51,52,116,89,62,128,106,60,100
ccdc25,983,1117,1017,1121,884,1076,912,1282,1196,1237,768,1205
ccdc27,1,2,3,9,0,2,1,4,1,1,2,1
ccdc28a,236,210,219,142,211,220,221,181,281,215,218,191
ccdc28b,84,84,69,87,79,71,65,77,109,86,99,73
ccdc3,178,49,187,81,225,108,172,49,227,48,114,58
ccdc30,74,129,155,210,98,163,106,172,233,197,118,184
ccdc32,220,114,187,111,151,108,165,142,203,115,136,113
ccdc33,0,0,5,0,1,0,3,0,0,0,1,0
ccdc34,109,54,175,64,125,43,125,68,197,69,182,61
ccdc38,12,21,10,20,8,10,16,11,18,17,12,18
ccdc39,15,17,15,28,21,12,17,15,32,8,10,20
ccdc40,1,1,2,4,3,3,5,2,6,4,7,1
ccdc42,2,1,1,0,2,0,0,0,3,0,3,0
ccdc43,298,294,279,308,344,296,320,270,361,315,368,301
ccdc47,2089,2532,2503,2155,1977,2119,2219,2371,2793,2370,2235,2452
ccdc50,2093,1729,1827,1852,1851,1589,2070,1615,2766,1388,1659,1846
ccdc51,218,232,278,228,209,213,149,174,271,241,220,198
ccdc54,0,0,1,0,0,0,0,0,0,0,0,0
ccdc57,40,26,45,31,46,23,47,30,78,34,52,25
ccdc59,246,267,335,229,279,227,267,243,325,292,239,271
ccdc6,449,404,559,482,440,381,611,433,510,346,499,423
ccdc60,9,12,23,18,14,15,18,31,29,14,20,21
ccdc61,82,47,104,61,89,55,55,53,69,40,56,39
ccdc62,53,34,63,70,66,47,48,54,69,57,52,49
ccdc63,13,6,19,11,7,4,14,14,17,13,11,13
ccdc66,136,137,192,160,167,175,154,109,265,144,186,160
ccdc68,61,25,78,33,71,35,77,37,110,30,82,36
ccdc69,24,18,37,13,31,19,25,9,48,15,32,19
ccdc70,0,0,0,0,0,0,0,0,0,0,0,0
ccdc71,348,258,406,266,268,275,281,266,391,273,279,306
ccdc71l,273,171,299,193,209,135,216,96,252,103,185,155
ccdc73,52,43,58,45,44,35,30,29,58,38,54,29
ccdc74a,4,5,17,5,3,2,7,5,10,4,12,5
ccdc77,113,100,165,92,126,105,138,108,201,121,135,148
ccdc78,6,5,19,8,5,5,12,9,13,9,24,8
ccdc8,63,35,75,54,54,33,67,34,71,33,49,60
ccdc80,1361,426,1130,1674,1332,338,1498,431,2016,541,1230,461
ccdc81,0,0,0,0,0,0,0,0,0,1,0,0
ccdc82,131,106,176,126,92,88,114,88,152,83,140,112
ccdc83,0,0,0,0,1,0,0,0,0,0,1,0
ccdc85a,3,5,1,3,4,2,5,4,3,2,17,3
ccdc85b,107,75,256,97,70,67,78,86,113,74,97,68
ccdc85c,70,62,65,61,71,61,47,76,70,55,41,66
ccdc86,219,135,270,174,217,117,229,147,179,101,169,143
ccdc87,3,0,2,1,2,0,0,3,0,0,0,0
ccdc88a,223,123,274,224,230,87,288,105,394,104,482,132
ccdc88b,138,60,146,73,104,34,142,49,164,56,142,42
ccdc88c,212,37,197,65,91,29,104,55,223,55,204,50
ccdc89,6,5,17,6,2,4,6,5,4,12,4,1
ccdc9,326,193,369,227,277,238,282,234,378,194,245,202
ccdc90b,238,254,260,218,237,235,254,185,299,221,256,240
ccdc91,784,729,731,674,816,699,780,606,911,689,480,657
ccdc92,10,6,7,19,7,2,9,6,7,3,5,5
ccdc93,562,364,763,422,560,363,620,453,793,395,634,410
ccdc97,142,110,229,169,136,115,186,133,131,122,88,114
ccer1,0,0,0,0,0,0,0,0,0,0,0,0
ccer2,0,0,0,0,0,0,1,0,1,0,0,0
cchcr1,90,33,108,40,77,40,73,50,98,48,105,43
ccin,0,0,0,0,0,0,0,0,1,0,0,0
cck,0,0,3,0,0,0,2,0,3,0,0,0
cckar,56,8,28,5,57,0,13,361,12,114,6,154
cckbr,0,0,2,0,0,0,0,1,0,1,0,1
ccl1,0,0,0,0,0,0,1,0,2,0,1,1
ccl11,7,2,10,9,2,2,6,10,13,1,28,5
ccl17,3,1,5,4,6,3,29,0,16,0,29,3
ccl19,19,2,14,23,29,12,31,10,42,10,26,8
ccl2,103,23,100,39,213,26,56,12,182,28,38,40
ccl20,61,0,94,0,123,0,53,0,38,0,17,1
ccl22,5,1,6,5,4,0,9,1,8,3,24,10
ccl24,77,72,49,65,50,41,65,99,77,84,127,60
ccl25,137,111,155,109,159,92,96,92,210,98,188,107
ccl26,0,0,0,0,0,0,0,0,0,0,0,0
ccl28,13,28,21,50,6,36,11,41,20,28,9,44
ccl3,38,6,40,12,27,7,22,13,32,15,13,7
ccl4,27,7,31,11,20,7,27,5,25,8,22,6
ccl5,80,21,164,24,80,29,42,18,76,12,55,19
ccl7,17,9,33,20,32,1,20,5,31,8,5,14
ccl8,157,64,254,250,30,12,108,24,233,18,91,18
ccm2,474,260,564,294,386,246,430,255,419,271,383,272
ccm2l,101,33,96,38,123,36,62,37,86,32,67,32
ccna1,0,0,0,0,0,0,0,0,1,0,0,0
ccna2,165,33,221,20,189,22,307,23,216,39,164,33
ccnb1,130,19,305,14,194,11,295,22,194,22,150,20
ccnb1ip1,0,0,2,0,0,0,2,1,0,1,0,0
ccnb2,73,7,125,14,75,9,141,6,80,4,88,15
ccnb3,0,0,0,0,1,0,0,0,0,0,0,0
ccnc,485,696,431,741,561,741,525,543,672,664,703,656
ccnd1,1618,330,1953,688,1648,682,1629,847,2264,524,1303,801
ccnd2,469,262,620,497,459,235,425,275,624,283,483,420
ccnd3,863,334,696,501,615,331,743,364,706,346,751,390
ccndbp1,445,269,571,292,355,309,451,305,571,309,459,302
ccne1,117,9,346,8,48,16,79,55,52,15,79,9
ccne2,64,38,99,77,67,38,84,39,128,51,116,42
ccnf,170,281,218,399,403,408,379,222,317,401,384,402
ccng1,2134,1614,2717,1569,1962,1359,2210,1286,2261,1297,1885,1296
ccng2,574,473,508,329,572,363,642,206,609,357,940,564
ccnh,320,379,417,362,370,376,316,293,408,294,358,346
ccni,2431,1933,1961,2406,2591,2300,2228,1906,2324,1752,2651,2239
ccnj,95,71,67,84,94,63,67,58,86,56,77,79
ccnjl,0,6,6,11,3,9,6,1,3,4,4,11
ccnk,81,67,111,116,92,81,107,82,92,86,78,89
ccnl1,650,1117,1037,1009,698,779,892,746,1092,977,858,1136
ccnl2,1073,1261,1754,1121,1031,1229,999,1522,1707,1456,1566,1595
ccno,4,8,2,8,2,4,3,5,1,11,1,8
ccnt1,741,693,1338,822,733,814,886,762,1289,600,959,970
ccnt2,724,650,1221,776,776,624,891,718,1140,700,1059,875
ccny,1781,1570,1871,1539,1700,1469,1727,1421,2148,1344,2158,1538
ccnyl1,167,108,310,136,191,115,200,139,218,111,287,111
ccp110,132,149,255,138,102,103,157,111,206,149,173,114
ccpg1,1229,1252,1150,1389,1063,1248,1272,1532,1484,1261,1358,1248
ccr1,96,34,140,98,80,9,100,20,147,60,190,56
ccr10,11,1,9,1,18,10,9,4,8,7,7,0
ccr2,411,159,347,216,470,71,321,134,743,202,387,140
ccr3,71,9,87,5,62,7,18,16,54,16,103,18
ccr4,7,4,9,6,7,4,10,5,10,4,15,2
ccr5,449,312,506,352,528,170,489,242,665,373,412,310
ccr6,6,4,3,5,10,2,4,1,3,1,4,0
ccr7,28,5,20,22,17,5,15,7,36,4,28,12
ccr8,4,0,1,3,0,0,1,0,3,0,3,1
ccr9,22,20,37,39,31,21,25,30,44,30,28,29
ccrl2,84,39,72,56,66,32,93,45,88,64,120,42
ccs,2154,2148,1501,2209,2125,2497,2093,2217,1950,2300,1592,2401
ccsap,12,3,38,6,14,3,13,11,19,10,19,10
ccser1,12,4,23,6,9,5,10,22,19,8,20,8
ccser2,1719,1162,1703,1436,1581,1167,1610,1240,2428,1188,1435,1174
cct2,2146,2004,2905,2169,2333,2103,2527,1917,2853,2253,2371,2326
cct3,2671,2382,2906,2524,3028,2130,2892,2090,3366,2836,2484,2601
cct4,2985,2572,3080,2929,3167,2581,3321,2202,3676,2698,3354,2672
cct5,4693,3538,5061,3689,4794,3598,4521,3118,6018,4018,6763,3787
cct6b,14,18,13,15,19,15,7,16,19,12,15,10
cct7,2682,1869,2799,2113,2475,2064,2774,1913,2846,2317,2088,2320
cct8,3815,3452,3992,3181,3483,3284,3559,3050,5025,3684,2831,3704
ccz1,903,827,853,760,1019,822,851,794,1192,737,1231,818
cd101,11,8,27,15,18,6,3,4,17,4,17,6
cd109,13,6,85,48,7,5,24,8,19,7,73,12
cd14,705,58,1100,155,501,37,861,96,633,171,745,145
cd151,2012,1137,2653,1370,1677,1110,1958,970,2128,1202,1985,985
cd160,15,11,32,19,22,7,19,7,42,14,24,15
cd163,169,743,124,1020,116,838,287,1133,167,842,88,866
cd163l1,5,4,1,27,2,1,3,3,16,4,1,1
cd164,4251,6839,5087,7553,5280,7258,4902,6086,5194,6333,4985,7437
cd164l2,4,0,2,1,2,0,3,3,1,0,11,1
cd177,9,2,8,5,6,3,5,1,14,5,12,3
cd180,114,68,85,91,118,61,76,65,136,77,63,67
cd19,33,23,18,35,18,0,24,11,58,10,15,12
cd2,20,21,36,24,20,7,15,12,45,4,34,10
cd200,108,32,182,183,87,37,64,40,105,56,203,53
cd200r1,104,29,111,70,110,50,91,45,134,43,104,48
cd207,393,95,202,184,516,131,666,154,524,270,151,67
cd22,160,51,121,89,116,53,123,56,190,37,80,50
cd226,43,40,33,82,21,13,39,24,44,30,69,21
cd244,28,10,181,33,31,10,38,16,52,18,43,19
cd247,35,31,47,13,43,6,34,18,63,13,53,7
cd248,51,14,40,110,18,7,23,21,30,32,20,32
cd27,21,8,28,16,18,10,21,17,24,14,15,11
cd274,129,75,209,96,98,58,103,73,169,89,131,86
cd276,147,30,224,34,92,39,121,82,140,40,154,50
cd28,28,9,38,27,18,11,18,9,39,8,70,5
cd2ap,2627,1171,2670,1594,2171,1264,2557,1339,3010,1191,3460,1302
cd2bp2,768,429,867,490,580,494,625,527,716,461,548,501
cd300a,510,187,544,220,408,150,452,211,467,175,338,190
cd300c,2,3,1,2,5,1,2,0,2,3,2,0
cd300e,113,75,64,72,88,40,142,68,74,66,47,58
cd300lb,170,62,149,83,99,30,125,61,164,69,106,46
cd300ld,453,285,377,401,450,229,600,311,476,319,336,284
cd300lf,85,45,138,44,87,40,153,60,125,44,174,29
cd300lg,369,288,309,351,307,283,388,252,306,216,313,287
cd302,5222,7420,6506,6121,4883,7658,5710,7732,6758,6590,4947,5775
cd320,154,78,129,91,116,84,141,100,138,125,148,96
cd33,104,53,179,115,115,66,130,50,154,61,177,75
cd34,570,177,800,947,376,122,369,242,684,232,956,195
cd36,7351,1393,4148,1222,6942,911,6252,1334,9403,1534,8315,1434
cd37,90,44,83,90,67,28,69,49,112,39,37,35
cd38,904,461,759,630,742,488,994,424,808,419,726,469
cd3d,31,25,57,27,32,9,23,16,57,20,47,22
cd3e,13,5,22,21,13,8,14,5,21,5,21,9
cd3g,30,21,52,33,35,18,25,7,74,14,51,15
cd4,31,47,55,40,39,87,32,29,94,57,68,51
cd40,143,46,196,50,76,24,64,35,127,60,65,55
cd40lg,1,2,0,9,2,2,1,1,1,1,3,2
cd44,947,455,1006,760,757,308,1106,381,1057,448,942,577
cd46,98,149,357,193,133,158,187,132,266,147,244,142
cd47,1763,1092,1890,1634,1503,1216,1719,1171,1609,1054,1344,1137
cd48,224,97,227,155,278,67,255,94,333,103,281,97
cd5,15,6,10,12,11,6,12,3,16,2,20,6
cd52,472,200,486,247,487,115,537,141,609,178,591,160
cd53,813,461,806,530,785,327,883,393,1069,507,785,456
cd55,725,600,386,861,703,591,754,577,888,607,278,717
cd5l,8950,4296,4913,4013,6363,3572,11643,4946,7033,3736,2682,3433
cd6,14,7,14,13,11,4,10,2,23,2,33,6
cd63,1799,107,2585,320,1480,120,1754,127,1685,149,2015,160
cd68,843,250,717,367,662,215,704,268,685,268,477,261
cd69,14,18,24,26,17,10,18,12,45,15,60,13
cd7,15,9,24,14,34,13,30,8,34,5,26,6
cd70,0,0,0,0,0,0,0,0,0,0,0,0
cd72,177,79,267,124,272,82,230,104,275,69,286,51
cd74,6887,1592,5977,2674,7410,1465,5605,802,9634,985,9754,1322
cd79a,41,29,15,44,24,14,43,15,60,9,13,8
cd79b,112,39,74,56,90,21,119,36,127,29,58,20
cd80,30,8,25,14,20,14,17,8,18,18,14,12
cd81,8059,4471,8701,4650,5542,4469,6046,3864,6264,4408,6233,3653
cd82,1322,875,1698,875,1286,924,1137,945,1461,851,1160,919
cd83,193,58,189,180,211,93,146,45,228,62,268,39
cd84,777,420,671,576,699,374,837,416,918,471,771,419
cd86,306,161,251,170,270,140,335,125,337,125,286,134
cd8a,49,14,106,28,39,17,30,12,69,14,57,20
cd9,2511,480,4277,608,1912,486,3039,399,2065,472,2531,421
cd93,891,259,1574,460,789,256,793,291,1016,337,1555,334
cd96,11,7,12,18,10,3,12,5,32,5,30,5
cd99l2,846,637,806,593,708,655,688,678,1107,642,573,659
cda,304,146,336,123,200,116,175,100,225,85,344,88
cdadc1,485,501,371,523,417,502,406,514,610,510,285,477
cdan1,195,148,297,174,198,140,204,178,247,147,158,138
cdc123,986,829,1440,825,858,847,937,812,1367,852,1249,864
cdc14a,72,38,93,53,67,44,66,42,82,28,85,55
cdc14b,553,854,878,558,652,762,536,764,923,754,645,805
cdc16,664,590,687,647,651,552,575,550,703,615,673,582
cdc20,132,16,158,15,177,13,176,10,122,18,107,22
cdc20b,0,0,0,0,0,0,0,0,0,0,0,0
cdc23,335,263,369,320,314,287,287,290,450,293,278,330
cdc25a,143,80,348,78,179,72,198,116,242,84,218,88
cdc25b,113,14,96,44,56,14,75,21,80,13,51,24
cdc25c,16,3,24,5,35,4,32,2,21,2,16,1
cdc26,488,561,467,547,480,501,482,467,641,506,562,566
cdc27,987,951,1325,1073,1176,967,1371,949,1514,1109,1504,986
cdc34,981,813,1010,909,1072,698,1079,860,960,749,836,849
cdc37,1089,985,1067,1002,902,1004,1047,954,1204,971,907,921
cdc37l1,656,752,667,771,644,690,727,768,862,781,848,808
cdc40,463,491,506,511,490,535,558,509,688,512,587,537
cdc42,5240,3342,4980,3416,4763,3504,4582,3226,6337,3236,6059,3791
cdc42bpa,1170,709,1587,986,1003,722,1200,745,1444,632,1695,898
cdc42bpb,1294,932,1988,1292,1120,1119,1081,1195,1321,1051,994,1172
cdc42bpg,394,148,482,237,270,175,329,229,310,123,334,176
cdc42ep1,773,229,842,364,652,313,575,376,935,326,749,325
cdc42ep2,155,52,117,112,124,58,108,65,103,65,103,67
cdc42ep3,94,41,113,119,80,58,69,26,118,42,92,59
cdc42ep4,920,515,930,686,997,782,1073,648,1207,686,931,640
cdc42ep5,158,83,385,46,71,23,103,25,58,15,32,48
cdc42se1,1023,311,1154,420,1097,282,975,296,1104,273,831,325
cdc42se2,618,316,738,454,555,284,607,276,753,312,661,341
cdc45,48,29,74,19,65,15,68,12,67,19,54,15
cdc5l,673,620,639,614,617,670,711,604,891,529,990,666
cdc6,20,8,48,8,19,3,25,7,53,6,36,11
cdc7,15,7,44,12,13,6,25,4,43,10,43,12
cdc73,384,346,431,577,411,406,457,355,519,323,751,340
cdca2,49,15,78,13,62,10,91,21,78,26,51,31
cdca3,134,25,185,23,188,24,221,30,187,27,120,21
cdca4,156,104,242,95,106,106,134,89,151,96,132,71
cdca5,33,2,34,5,38,2,47,4,20,4,22,5
cdca7,45,36,101,49,40,39,32,45,56,32,33,36
cdca7l,55,7,85,12,28,11,50,7,68,11,57,9
cdca8,67,15,98,35,49,17,64,22,60,13,63,21
cdcp1,185,140,335,146,232,196,147,122,252,177,288,181
cdcp2,0,0,0,0,0,0,0,0,0,0,0,0
cdh1,1876,550,2398,604,1245,793,982,972,1358,1048,2106,1075
cdh10,17,29,11,26,9,23,11,13,30,22,13,27
cdh11,119,45,49,390,55,17,153,55,186,98,23,95
cdh12,0,0,1,2,0,0,0,0,3,0,1,0
cdh13,119,89,176,112,105,113,92,59,105,69,107,82
cdh15,12,8,1,9,7,3,9,6,8,8,1,6
cdh16,8,2,3,4,3,1,5,1,5,0,8,0
cdh17,96,6,2484,9,35,6,27,28,64,8,58,16
cdh18,22,29,25,36,59,32,37,16,27,26,33,23
cdh19,43,9,40,25,99,7,51,3,59,6,147,4
cdh2,1268,1813,1611,1794,1329,2050,1328,1914,1941,1876,1438,2087
cdh20,3,2,6,4,4,1,3,0,5,2,5,3
cdh22,0,0,7,0,0,0,1,0,0,0,0,0
cdh23,17,6,19,22,8,4,8,4,31,11,18,7
cdh24,3,0,4,3,1,2,6,1,5,3,6,6
cdh26,3,0,2,0,3,0,3,0,9,0,10,1
cdh3,100,10,72,118,57,18,86,30,90,46,49,37
cdh4,36,13,27,20,26,15,28,14,29,7,27,14
cdh5,1350,766,1518,908,1024,781,1390,636,1032,534,1442,772
cdh6,15,0,22,2,14,2,16,4,18,2,23,4
cdh7,3,4,8,5,2,4,4,5,8,2,3,3
cdh8,1,1,1,3,0,1,0,1,3,1,0,1
cdh9,4,1,6,0,5,0,2,0,7,0,10,0
cdhr1,2,0,3,2,1,0,3,1,3,1,2,1
cdhr2,364,6,750,6,146,3,72,19,103,6,123,3
cdhr3,0,0,0,0,0,0,1,0,0,0,1,1
cdhr4,0,1,0,0,0,0,4,3,0,0,1,0
cdhr5,1391,1009,1516,916,1366,1157,1212,973,1729,945,1352,873
cdip1,1221,880,1297,892,1187,1286,1410,1189,1333,935,1102,1187
cdipt,868,556,1249,640,759,572,913,692,994,649,805,658
cdk1,142,16,258,24,266,21,348,44,265,37,275,46
cdk10,413,276,346,295,308,280,309,297,357,290,320,310
cdk11b,566,343,712,522,517,359,484,329,665,405,566,439
cdk12,576,472,977,558,558,560,709,606,950,508,764,699
cdk13,817,714,1310,869,758,802,919,855,972,669,656,903
cdk14,147,117,197,242,158,126,212,130,253,160,152,194
cdk15,12,25,29,16,17,15,12,16,35,32,8,28
cdk16,466,270,457,401,364,293,373,332,443,269,268,355
cdk17,603,572,1022,627,577,584,713,507,819,583,771,633
cdk18,473,275,652,310,375,209,342,283,401,261,362,231
cdk19,271,244,378,230,342,186,367,215,443,231,399,240
cdk2,174,147,265,124,181,158,230,182,229,141,211,162
cdk20,88,81,128,116,86,97,80,66,86,89,92,101
cdk2ap1,581,443,774,482,528,469,641,462,689,431,596,481
cdk2ap2,1023,820,1559,1027,907,600,980,445,776,735,897,700
cdk4,922,664,1170,744,797,593,824,614,1158,637,839,663
cdk5,441,253,364,266,474,304,356,278,466,278,542,296
cdk5r1,7,5,17,9,12,5,12,6,10,6,9,9
cdk5r2,0,0,0,0,0,0,0,0,0,0,0,0
cdk5rap1,290,326,229,525,428,184,385,409,279,404,253,233
cdk5rap2,255,151,294,174,256,199,315,175,369,185,305,211
cdk5rap3,1382,1205,1327,1221,1283,1130,1363,1109,1590,1258,1277,1061
cdk6,1041,511,1547,726,902,487,988,712,1265,523,1201,712
cdk7,592,494,945,624,522,504,519,517,678,561,576,584
cdk8,700,510,842,499,698,522,646,640,1040,581,864,620
cdk9,467,297,738,356,394,362,443,348,482,315,382,326
cdkal1,284,373,431,350,269,323,283,334,372,352,294,352
cdkl1,12,13,9,11,9,13,5,15,18,8,10,10
cdkl2,219,101,194,129,169,126,141,138,257,118,316,120
cdkl3,34,9,51,11,27,7,34,11,57,10,33,21
cdkl4,11,4,2,15,7,7,8,10,17,4,16,8
cdkl5,198,212,181,205,217,246,151,283,377,220,189,240
cdkn1a,263,61,652,62,356,103,875,13,207,44,1308,102
cdkn1b,677,576,607,731,611,528,499,476,734,455,499,523
cdkn1c,74,22,65,45,46,18,39,19,58,13,9,19
cdkn2a,64,19,295,12,28,15,39,3,33,3,31,3
cdkn2aip,307,357,342,354,302,328,254,278,372,375,298,296
cdkn2b,211,6,390,14,45,7,68,4,47,7,67,7
cdkn2c,264,82,205,94,332,105,256,103,325,81,303,80
cdkn2d,61,34,56,58,77,27,69,46,79,56,54,38
cdkn3,45,2,70,3,53,0,56,3,62,5,69,3
cdnf,17,21,40,29,30,21,27,25,33,29,23,25
cdo1,21178,32021,16209,28253,24053,30362,25683,23087,25074,25180,20406,27237
cdon,129,78,87,639,95,63,80,92,183,118,33,118
cdpf1,172,119,180,131,219,93,161,86,239,105,303,119
cdr1,0,0,0,0,0,0,0,0,0,0,0,0
cdr2,97,59,217,80,48,28,93,39,96,44,97,60
cdr2l,116,44,137,118,76,56,89,37,102,53,68,61
cdrt4,3,0,0,0,2,1,0,0,0,0,0,0
cds1,25,9,20,20,34,7,30,15,22,11,14,12
cds2,3526,1702,4318,2034,2627,1940,3164,2128,4319,1957,2868,2111
cdsn,5,0,13,0,1,0,11,1,3,0,20,2
cdt1,103,20,86,31,76,29,64,60,55,39,60,30
cdv3,2753,2730,3128,3151,2205,2339,2554,3058,3036,2738,2296,2806
cdx1,0,0,0,0,0,0,0,0,0,0,0,0
cdx2,1,0,0,1,0,0,0,1,0,0,0,0
cdx4,0,0,0,0,0,3,0,0,0,0,0,0
cdyl,176,95,255,139,135,96,242,108,171,112,169,110
cdyl2,73,69,56,92,52,62,74,70,84,30,73,62
ceacam1,1041,1886,1970,1733,1130,1937,1084,1936,1492,2018,833,2404
ceacam16,5,2,4,0,1,1,2,3,9,1,5,1
ceacam18,8,5,17,6,19,0,13,4,43,2,10,3
ceacam19,10,6,8,7,6,5,9,5,12,5,9,5
ceacam3,4,4,8,3,3,3,3,4,4,3,1,4
ceacam5,0,0,0,0,0,0,0,0,0,0,0,0
cebpa,5185,5725,5258,4593,5174,5304,3830,6586,5311,5800,2492,4413
cebpb,694,800,1201,865,916,913,1426,1091,911,885,733,368
cebpd,174,153,341,263,241,154,456,139,382,93,318,137
cebpe,150,100,82,109,154,95,103,120,264,111,110,90
cebpg,1858,1266,2407,1398,1379,1257,1457,1376,1711,1166,1750,1372
cebpz,1047,1139,1097,1178,1064,1156,1204,1034,1455,1167,1686,1153
cecr2,244,403,367,393,183,400,227,331,322,471,148,398
cel,11164,611,5126,273,10265,166,1950,46744,1216,14563,1,21519
cela1,8356,1463,4364,1077,6546,1122,1650,52816,1520,17549,1048,20662
cela2a,8816,809,3973,350,7073,240,1522,68945,954,22162,16,26812
cela3a,0,0,0,0,0,0,0,12,0,9,0,0
cela3b,5060,306,2614,118,4162,68,948,23136,580,6946,2,8693
celf1,2161,1589,2915,1933,1787,1832,1996,1819,2471,1767,1906,1981
celf2,306,266,314,545,274,246,368,261,421,272,284,323
celf3,7,5,13,4,8,2,7,6,9,3,4,7
celf4,17,15,32,28,9,11,21,12,30,9,21,16
celf5,4,2,4,2,2,0,1,3,7,7,3,3
celf6,4,3,0,3,2,3,3,5,3,3,2,4
celsr1,697,333,559,351,869,274,577,213,737,297,1247,491
celsr2,14,6,19,10,10,1,8,13,12,9,5,12
celsr3,16,5,9,4,14,1,3,5,25,8,10,4
cemip,5,2,11,12,4,1,5,5,12,9,3,8
cend1,2,2,9,5,6,2,2,1,1,1,1,6
cenpa,148,55,206,57,177,72,180,85,166,74,122,61
cenpb,2607,1327,2679,1611,1678,1354,1419,1297,1785,1114,1243,1170
cenpe,115,19,208,14,140,16,180,41,183,27,162,32
cenpf,190,15,376,27,294,17,384,30,303,41,340,46
cenph,15,8,35,4,12,10,29,10,24,6,28,8
cenpi,50,14,88,10,67,6,80,34,93,21,73,16
cenpk,26,20,39,9,35,15,36,9,23,18,29,20
cenpl,125,96,234,92,196,113,162,133,204,105,175,97
cenpm,39,20,47,11,88,31,72,18,71,25,76,31
cenpn,21,11,24,11,20,7,31,16,14,7,22,12
cenpo,83,60,133,81,73,68,96,78,161,85,84,68
cenpp,20,12,39,11,29,16,22,10,39,13,29,13
cenpq,94,90,88,82,113,93,99,87,144,96,119,106
cenpt,79,16,77,31,82,14,72,26,72,27,88,24
cenpu,18,9,40,12,28,5,28,9,34,16,32,10
cenpv,323,216,238,218,343,234,286,239,354,224,338,213
cenpw,42,20,43,28,88,25,68,21,40,26,44,29
cep104,158,104,202,140,121,99,159,137,166,101,172,126
cep112,28,4,19,26,22,10,28,14,32,11,23,9
cep120,437,321,486,351,369,376,444,307,516,293,452,369
cep126,9,3,4,1,6,6,6,7,9,3,6,4
cep128,68,45,84,73,66,50,68,61,118,42,76,70
cep131,62,49,90,47,69,31,64,63,101,55,53,40
cep135,125,132,189,132,177,136,188,179,282,137,253,178
cep152,77,70,156,79,68,77,95,114,161,85,118,84
cep162,315,171,287,247,197,243,291,323,428,347,311,267
cep164,283,162,316,257,227,212,242,211,324,197,286,202
cep170,591,309,1011,443,456,248,554,317,801,309,802,380
cep170b,684,292,877,431,460,313,532,413,530,316,292,419
cep19,157,118,178,107,196,112,176,117,250,118,144,95
cep192,473,157,736,197,450,143,540,160,666,168,749,198
cep250,395,187,469,261,295,200,325,206,472,198,266,238
cep290,194,170,416,220,215,122,246,185,344,214,254,198
cep295,194,167,337,178,187,183,233,229,318,188,244,232
cep350,1367,1005,2075,1315,1454,1080,1613,1376,1965,1178,1845,1487
cep41,88,50,57,60,71,47,74,46,80,82,52,91
cep44,188,240,223,220,207,223,191,203,265,220,231,244
cep55,31,5,57,5,43,5,49,6,50,3,39,5
cep57,274,306,328,304,245,275,288,328,382,305,343,284
cep57l1,129,131,136,100,175,85,135,128,229,125,168,117
cep63,189,212,191,258,185,237,183,232,266,213,181,239
cep68,301,288,334,270,367,320,336,330,475,269,317,267
cep70,91,87,113,75,113,75,104,98,157,94,144,72
cep72,35,17,52,11,42,8,36,22,37,19,38,17
cep76,184,133,212,157,176,139,187,157,195,137,240,157
cep78,57,59,68,55,68,52,42,67,89,53,64,67
cep83,232,232,317,214,234,223,294,186,360,198,302,240
cep85,4273,1752,5013,1665,3226,1683,3620,2697,4094,2332,2902,2847
cep85l,238,362,443,442,270,543,440,464,391,440,433,423
cep89,150,81,174,119,122,118,132,128,173,102,140,109
cep95,112,124,206,140,127,118,149,115,230,133,186,137
cep97,149,126,210,131,176,126,168,139,232,127,125,164
cept1,1968,1970,1866,1692,2456,1528,2394,1563,2760,1705,2541,1794
cer1,1,2,11,3,3,2,1,0,7,3,1,4
cercam,37,14,25,54,26,9,28,9,43,26,29,21
cerk,469,118,729,250,320,144,540,136,361,150,515,175
cerkl,31,42,43,39,21,33,34,27,58,21,93,25
cers2,4535,4745,5035,4531,4824,4995,4609,4114,5564,4200,2935,5134
cers3,0,0,4,1,0,0,6,3,1,0,4,1
cers4,137,83,148,155,111,91,122,102,164,100,109,109
cers5,145,61,158,139,117,75,137,75,190,81,183,90
cers6,959,297,2059,516,518,221,929,375,822,314,1128,452
ces4a,13,55,6,46,2,34,0,78,8,44,7,48
ces5a,0,0,5,2,0,0,0,1,0,3,0,6
cetn1,0,0,0,0,0,0,0,0,0,0,0,0
cetn2,457,332,374,345,486,371,404,368,592,321,352,320
cetn3,661,618,768,631,654,568,542,533,757,592,657,512
cfap100,9,7,11,5,12,4,11,9,22,9,11,6
cfap126,44,22,47,17,48,21,40,21,46,20,81,10
cfap157,9,1,23,2,7,0,6,3,3,1,5,4
cfap161,0,0,0,0,0,0,1,0,2,0,2,2
cfap20,621,360,406,333,534,324,383,301,627,365,599,377
cfap206,0,0,1,0,0,0,0,0,4,1,0,0
cfap221,1,0,1,0,7,0,2,0,2,0,27,0
cfap36,422,341,297,366,536,359,452,334,621,279,635,293
cfap43,66,28,88,68,60,50,188,42,106,34,174,53
cfap44,24,2,17,2,30,0,28,3,46,3,93,0
cfap45,36,37,68,34,28,31,52,44,79,49,57,41
cfap46,0,1,2,3,0,1,0,2,0,1,2,1
cfap52,11,0,14,1,2,1,2,1,8,0,10,1
cfap53,235,39,283,90,258,74,482,28,290,28,647,28
cfap57,0,0,1,0,1,2,2,0,1,0,0,0
cfap58,0,0,0,0,0,0,0,0,0,0,0,0
cfap61,4,12,12,10,7,16,9,16,17,15,13,6
cfap69,46,5,40,26,32,5,52,14,57,4,67,13
cfap70,5,1,5,2,3,2,5,3,6,1,10,2
cfap73,0,0,1,0,1,0,0,1,0,0,0,0
cfap74,29,16,29,19,19,11,12,23,29,22,17,16
cfap77,5,4,6,5,3,5,0,8,7,1,0,8
cfap97,424,454,359,411,424,409,384,420,523,364,455,479
cfb,33082,33291,37001,28190,33995,28327,39332,35226,45870,32655,54831,27917
cfc1,0,0,0,0,0,0,0,0,0,0,0,0
cfd,63,111,15,114,1,14,32,71,14,42,0,242
cfdp1,1177,957,905,836,1121,821,974,798,1451,954,1337,885
cfh,36176,53753,41522,48361,37759,44029,48157,57772,50758,45166,99802,42845
cfhr1,2140,4108,1352,3758,3060,3324,1898,3276,3859,3672,3690,3751
cfhr2,17209,21233,16183,20443,17682,19903,14355,15615,17742,19797,20999,19776
cfhr3,115,230,82,191,131,138,110,134,136,210,143,181
cfi,17587,16849,24057,12151,13936,16912,18654,16711,18648,16298,15843,16451
cfl1,4027,2365,4263,2698,3769,2331,4020,2086,4367,2170,3999,2475
cfl2,1075,1187,1068,1301,1128,1165,986,1040,1268,962,875,1031
cflar,2843,2620,5128,3479,3004,2415,3072,2514,4086,2518,3851,3111
cfp,1468,652,951,772,1205,552,2050,718,1364,683,582,698
cftr,44,3,37,5,37,3,51,4,78,2,144,1
cga,2,0,2,0,2,0,3,1,0,0,6,1
cggbp1,1338,1283,1249,1744,1232,1252,1275,1126,1402,991,1037,1424
cgn,794,589,944,559,925,589,655,544,958,729,758,778
cgnl1,2417,1745,2476,2144,2064,1529,2068,1957,2926,1997,2447,1773
cgref1,245,30,161,26,130,21,126,27,188,26,146,15
cgrrf1,744,590,621,596,700,608,686,600,948,645,646,568
ch25h,14,1,25,7,19,3,12,3,19,4,18,7
chac1,68,93,75,27,56,33,58,58,82,53,198,143
chac2,492,599,443,627,630,522,426,485,725,549,666,624
chad,16,14,37,43,12,24,19,19,19,20,11,20
chadl,25,12,8,5,28,7,24,6,16,6,8,10
chaf1a,101,15,113,19,80,17,94,26,118,21,117,12
chaf1b,86,30,112,37,109,40,95,42,103,52,98,36
champ1,271,186,294,195,198,174,247,170,280,174,200,217
chat,1,0,3,2,0,0,1,2,1,1,0,0
chchd1,676,783,548,889,711,811,662,574,876,735,717,650
chchd10,4107,5120,3075,5681,4990,5206,4429,4524,4195,4224,3186,5480
chchd2,9106,9801,6406,9793,10900,8909,8203,7338,10236,8404,10733,8731
chchd3,2135,1973,1473,1991,2151,1905,2068,1835,2442,2073,1602,1991
chchd4,441,230,438,249,455,231,422,232,523,234,344,245
chchd5,325,200,691,153,304,198,293,171,339,203,471,181
chchd6,129,46,123,32,101,36,91,41,104,34,50,34
chchd7,113,189,115,210,127,216,82,249,144,227,127,223
chd1,1666,1157,2083,1496,1600,1490,2064,1529,2486,1341,2313,1414
chd1l,322,205,300,190,344,242,332,240,355,241,307,227
chd2,1112,1040,1596,1228,945,1183,1090,1189,1704,1176,1231,1091
chd3,1055,1408,2114,1817,981,1555,1098,1901,1321,1757,964,1643
chd4,3240,1832,4284,2481,2697,2180,2844,2442,3165,1805,2410,2383
chd5,3,2,5,8,2,0,1,3,6,0,1,3
chd6,503,401,711,501,439,432,516,568,838,479,561,606
chd7,393,270,630,371,323,352,491,420,469,346,558,416
chd8,834,659,1122,846,751,793,914,881,1242,752,769,804
chd9,10286,4062,12580,4747,7843,4199,9321,5831,8543,5225,8683,6278
chdh,2941,2679,2235,2577,3227,2464,2924,2546,4302,2649,2760,3238
chek1,31,12,54,20,33,9,39,7,51,23,52,18
chek2,122,69,119,73,136,55,93,86,170,70,111,86
cherp,156,111,182,175,129,143,151,137,166,102,146,137
chfr,432,392,421,376,455,412,394,378,543,393,442,429
chga,3,0,48,4,0,0,1,7,1,4,0,35
chgb,1,0,76,18,1,0,1,6,0,0,0,47
chic1,118,245,261,339,113,319,93,372,156,445,61,432
chic2,501,366,697,441,431,339,520,340,602,388,789,330
chid1,1344,1065,1883,1212,1136,1024,1065,1275,1425,1494,1170,1215
chit1,0,0,0,0,0,0,3,0,0,0,0,0
chka,1143,969,4787,732,1148,1293,1352,391,1019,910,1670,1511
chkb,641,389,638,383,598,376,588,365,707,401,889,390
chl1,32,14,20,213,5,14,39,34,58,105,8,131
chm,857,798,845,759,715,734,692,650,1038,724,778,746
chml,195,109,841,139,183,109,363,99,330,113,329,123
chmp1a,1702,1119,1420,1147,1447,1137,1303,1139,1680,1060,1540,1030
chmp1b,850,642,847,678,820,721,790,568,962,579,943,583
chmp2a,1842,1544,2050,1562,1695,1619,1826,1351,2162,1448,1823,1511
chmp2b,1275,531,1106,714,1018,604,998,460,1014,443,716,604
chmp3,2025,1627,1788,1709,1957,1394,1854,1499,2245,1546,1648,1565
chmp4b,1673,839,2314,946,1329,831,1600,967,1691,826,1566,897
chmp4c,353,73,548,71,287,61,331,101,368,99,554,94
chmp5,1507,1477,1545,1483,1563,1363,1428,1189,1965,1425,1919,1419
chmp6,686,283,827,314,551,273,555,274,575,263,563,235
chmp7,1432,727,1372,764,953,876,1127,921,1098,679,929,868
chn1,6,5,21,13,10,0,5,0,9,4,10,2
chn2,746,558,688,555,568,552,582,579,745,505,640,648
chodl,1,1,1,7,0,0,1,1,1,0,0,1
chordc1,722,1021,951,1454,668,844,838,615,1128,1170,745,1116
chp1,5071,4907,7007,5074,3867,4791,4162,4887,4668,4488,3847,5091
chp2,158,137,211,180,148,138,138,146,149,110,111,132
chpf,186,48,183,119,111,31,129,31,131,57,85,48
chpf2,672,361,1027,432,621,365,670,524,758,413,790,387
chpt1,3869,5169,2622,4950,5004,4436,3530,3442,6185,3348,5114,3873
chrac1,417,263,356,272,435,258,352,281,425,263,466,259
chrd,105,102,143,122,71,73,63,88,74,111,34,87
chrdl1,30,24,25,83,21,25,32,18,34,14,15,20
chrdl2,2,2,8,2,9,4,1,3,3,2,8,5
chrm1,12,7,29,9,4,17,6,15,25,23,7,7
chrm2,5,3,3,2,4,0,8,3,6,3,14,2
chrm3,164,107,131,54,106,85,76,66,179,45,205,131
chrm4,1,0,1,0,0,0,0,0,0,0,0,0
chrm5,0,0,0,0,0,0,0,0,0,1,0,0
chrna1,4,7,25,3,4,4,10,5,16,9,7,7
chrna10,0,0,0,0,0,0,0,1,0,0,0,4
chrna2,64,37,90,47,77,52,71,45,96,56,40,48
chrna3,0,0,2,0,0,1,0,0,2,0,0,1
chrna4,107,23,147,41,89,159,109,34,131,96,99,162
chrna5,2,9,15,9,5,13,13,5,22,5,4,18
chrna6,0,0,0,0,0,0,0,0,0,0,0,0
chrna7,0,2,1,1,1,0,1,1,0,1,0,0
chrna9,0,1,1,1,0,0,3,0,1,0,0,0
chrnb1,46,7,97,34,31,10,43,10,79,13,144,7
chrnb2,34,42,38,42,31,30,26,49,34,24,12,30
chrnb3,10,11,12,11,1,8,7,15,12,10,5,11
chrnb4,5,8,8,6,4,2,2,4,5,8,5,10
chrnd,0,3,7,3,0,1,4,0,4,1,1,7
chrne,1,1,3,2,3,2,0,0,8,0,4,1
chrng,2,1,5,3,3,2,2,3,2,1,4,1
chst1,5,4,28,10,8,0,8,1,12,5,10,5
chst10,9,11,25,13,9,13,16,16,21,13,9,25
chst11,73,13,96,45,42,11,66,19,63,35,37,50
chst12,51,12,37,34,26,16,35,14,31,22,15,24
chst13,153,147,189,165,141,95,160,101,177,136,94,67
chst14,76,25,97,43,58,28,62,28,84,30,69,22
chst15,448,289,579,446,419,348,572,299,537,278,562,382
chst2,206,53,194,67,152,52,107,303,134,120,196,185
chst3,9,26,24,20,15,8,27,23,41,18,14,81
chst4,10,10,6,65,7,11,6,11,14,18,0,21
chst5,0,0,0,0,0,0,0,0,0,0,0,0
chst7,45,38,28,26,36,30,23,40,45,22,28,21
chst8,8,1,13,4,3,2,5,0,4,0,2,1
chst9,6,1,4,2,4,0,3,1,6,5,8,0
chsy1,165,131,219,174,132,108,179,145,186,86,213,168
chsy3,130,75,354,84,87,82,75,98,84,76,162,96
chtf18,18,4,35,4,15,3,33,3,22,5,19,7
chtf8,1089,805,1053,957,976,868,1008,858,1357,898,1128,959
chtop,1065,1277,1176,1230,1143,1067,1082,1049,1346,1105,947,1161
chuk,2610,3299,3107,3070,2925,3230,2843,3523,3383,3291,2989,3408
churc1,676,567,718,625,695,611,571,559,707,608,703,595
ciao1,1064,891,1144,836,1007,946,929,895,1270,873,914,900
ciapin1,643,346,518,398,667,436,509,557,674,445,532,310
ciart,42,5,91,15,54,3,41,90,209,32,60,7
cib1,886,683,1101,729,801,750,859,687,794,770,747,783
cib2,55,142,117,156,58,133,49,134,59,133,7,118
cib3,1078,26,230,51,1280,64,739,25,2431,70,2872,128
cib4,0,0,0,0,1,0,0,0,0,0,0,0
cic,338,200,543,361,239,191,335,226,313,226,269,255
cidea,9,1,29,2,8,1,7,0,7,0,29,12
cideb,2261,2179,1632,1955,2139,2351,1886,1904,3087,2219,1191,2287
cidec,944,59,410,46,598,31,374,35,462,56,72,81
ciita,171,74,184,90,163,32,130,40,261,48,171,45
cilp,56,30,39,170,29,16,56,25,42,33,27,8
cilp2,0,0,2,4,0,0,1,1,0,1,1,1
cinp,274,221,331,218,251,213,236,191,278,247,216,233
cipc,378,441,493,535,420,526,492,622,685,562,462,485
cirbp,315,320,247,228,275,285,262,349,335,245,334,171
cisd1,2062,2424,1268,2118,2453,2744,2009,1971,2747,2285,1482,2321
cisd2,723,613,740,708,740,660,680,678,788,608,495,702
cisd3,608,519,610,447,776,486,651,420,818,488,534,566
cish,199,601,245,61,211,42,258,179,212,22,182,889
cit,45,17,87,30,44,23,50,27,31,16,42,19
cited1,1,0,20,0,1,0,0,0,1,0,0,0
cited2,207,245,345,333,187,258,225,198,177,314,359,237
cited4,5,4,6,3,13,4,7,5,8,2,6,5
ciz1,408,173,523,255,297,213,336,225,450,241,367,250
ckap2,113,5,145,5,136,3,146,18,118,18,92,22
ckap2l,75,6,131,9,87,6,128,9,116,14,94,7
ckap4,125,48,151,123,79,50,157,55,152,59,101,111
ckap5,788,699,1098,725,724,637,852,616,1243,730,1004,740
ckb,338,119,276,198,362,132,385,125,344,128,261,140
cklf,54,24,52,27,48,19,52,12,54,13,62,23
ckm,201,745,630,591,2,36,946,100,28,3,4,3
ckmt2,33,352,132,156,1,5,271,34,3,0,0,0
cks1b,139,91,232,152,101,75,131,84,145,79,69,90
cks2,304,368,667,394,359,392,262,279,418,376,308,333
clasp1,686,383,1213,488,663,413,784,496,1020,455,1013,571
clasp2,479,369,596,519,477,436,545,446,534,354,530,428
clasrp,147,93,268,97,113,89,121,122,157,114,108,121
clca1,1,0,10,0,4,0,0,231,5,2,3,0
clca2,0,0,6,2,1,0,2,0,0,0,8,0
clcc1,852,1059,747,1086,961,1156,835,1130,1228,1145,665,1218
clcf1,87,16,174,25,82,15,78,7,103,12,116,11
clcn1,3,5,4,4,1,0,7,2,2,1,0,0
clcn2,445,625,306,627,356,551,354,703,640,607,168,607
clcn3,1330,1372,1510,1416,1288,1215,1409,1289,1800,1366,1513,1533
clcn4,1373,1471,1520,1600,1316,1451,1448,1449,1860,1437,1582,1546
clcn5,407,191,486,244,270,150,282,208,453,185,379,245
clcn6,102,78,132,84,83,94,94,76,124,53,126,85
clcn7,961,558,976,630,852,647,870,834,1157,714,959,719
clcnka,0,0,0,0,0,0,0,0,0,0,0,0
clcnkb,0,0,0,0,0,0,0,0,0,0,0,0
cldn1,2636,2482,4576,2040,1984,2050,2294,1199,2919,2230,1714,2500
cldn10,19,9,6,60,6,17,11,27,19,22,1,13
cldn11,5,0,2,4,4,0,3,0,3,0,0,2
cldn12,1542,1742,1307,1661,1897,1885,1408,1873,2362,1731,2046,1953
cldn14,292,166,388,131,241,139,275,127,190,143,360,181
cldn15,104,25,43,266,21,46,57,44,74,48,53,38
cldn16,0,0,0,0,0,0,0,0,0,0,0,0
cldn17,0,0,0,0,0,0,0,0,0,0,0,0
cldn18,6,3,2,4,5,12,4,3,10,0,4,1
cldn19,0,0,0,0,0,0,0,0,0,0,0,0
cldn2,1985,1614,1387,1464,1607,1304,1470,1537,2016,1409,424,1668
cldn20,3,1,6,6,3,2,1,5,1,3,1,5
cldn22,1,1,1,1,3,0,4,2,2,2,1,0
cldn23,7,2,9,1,7,0,8,2,29,1,43,2
cldn24,0,0,0,0,0,0,1,0,0,0,1,0
cldn3,1850,974,1557,1116,1511,1168,986,897,1493,1082,1342,943
cldn4,26,1,25,2,22,1,24,4,44,0,47,1
cldn5,299,126,183,201,201,143,112,120,198,123,219,125
cldn6,5,2,5,3,8,0,0,3,25,1,26,5
cldn7,105,3,49,5,54,1,50,11,234,8,594,6
cldn8,25,2,19,1,37,5,17,32,42,17,19,13
cldn9,1,0,1,0,2,0,1,5,0,1,0,1
cldnd1,206,208,233,241,230,161,173,160,242,141,131,193
cldnd2,6,0,27,0,0,0,11,0,0,0,2,2
clec10a,80,22,51,87,36,14,46,11,64,20,32,16
clec11a,80,32,64,93,87,38,55,33,81,25,80,41
clec12a,584,258,514,257,627,235,606,279,714,264,366,190
clec12b,0,1,2,1,3,1,4,1,2,0,1,0
clec14a,1042,662,645,574,816,530,694,568,799,591,598,561
clec16a,387,334,368,399,407,375,371,398,513,363,313,420
clec1a,182,102,189,123,170,84,144,91,225,104,216,122
clec1b,615,350,397,369,475,316,640,407,542,314,245,284
clec2d,3374,6831,2412,5470,4322,5410,2852,6684,4946,7644,1534,10019
clec2l,0,0,0,0,0,0,0,0,3,0,0,0
clec3a,0,0,0,0,0,0,0,0,0,0,0,0
clec3b,8,2,6,50,2,3,3,6,12,10,3,9
clec4d,98,36,46,77,26,11,79,51,83,93,36,83
clec4e,67,27,34,57,17,11,28,36,77,110,33,48
clec4f,4969,3672,2028,3900,4400,3604,6134,3800,4260,3778,1675,3659
clec4g,1608,1577,721,1505,1681,1611,1675,1491,1728,1514,342,1529
clec5a,42,10,26,16,37,10,39,8,65,18,58,13
clec7a,1303,370,1054,384,1291,217,781,379,1355,393,1101,228
clec9a,59,56,76,48,67,50,76,46,113,56,83,71
clgn,1,0,2,1,0,0,0,0,3,0,2,0
clhc1,2,1,1,1,5,0,3,1,6,1,6,0
clic1,956,419,928,504,808,359,882,400,1150,435,1065,415
clic3,16,25,17,30,30,18,29,16,38,32,46,32
clic4,2096,1657,2787,2343,1767,1782,1978,1477,2128,1596,1886,2020
clic5,74,74,78,112,94,87,85,64,136,39,95,110
clic6,5,1,13,1,10,0,13,6,23,7,6,9
clint1,1919,1053,1799,1294,1635,1080,1921,892,2024,836,1741,1249
clip1,1392,806,1334,1106,1316,885,1375,960,1449,848,1481,1027
clip2,421,63,685,110,326,68,302,51,296,63,523,71
clip3,22,10,14,81,21,12,30,9,21,10,19,3
clip4,14,20,8,35,6,21,15,20,7,16,1,13
clk1,1585,1512,2578,2082,1807,2195,1938,1622,2549,1427,3494,1785
clk2,205,149,356,176,204,158,229,179,289,167,150,196
clk3,404,396,557,373,361,381,422,418,481,461,374,499
clk4,705,748,979,837,719,908,794,789,1212,660,1146,758
clmn,1204,842,897,1029,908,951,713,1646,1429,960,689,1244
clmp,351,37,677,89,165,45,206,38,212,35,223,37
cln3,300,148,277,172,291,162,277,161,315,148,290,187
cln5,883,769,1078,823,875,776,923,683,1019,743,771,758
cln6,187,34,187,73,95,45,107,53,114,28,62,28
cln8,844,510,753,722,789,648,895,529,829,610,769,605
clnk,4,1,3,8,4,0,4,2,4,2,7,0
clns1a,614,545,786,572,555,615,616,582,757,563,523,587
clock,1403,2336,1524,2589,1896,2155,1684,1646,2055,2195,2439,2583
clp1,314,301,418,337,330,382,351,365,532,295,374,406
clpb,791,696,795,683,747,597,701,605,824,629,606,760
clpp,776,663,596,694,807,693,734,593,924,670,857,678
clps,2114,149,999,57,1459,30,327,10072,209,3291,0,4149
clpsl2,0,0,0,0,0,0,0,0,0,0,0,0
clptm1,1683,1211,2555,1330,1383,1298,1613,1344,1607,1269,1282,1550
clptm1l,2184,1442,3743,1874,1938,1527,1986,1678,1884,1449,1581,1690
clpx,2172,7576,1810,4485,3305,5723,3534,2478,2960,4332,3156,5908
clrn1,8,7,26,9,12,14,17,20,28,11,19,19
clrn2,0,0,0,0,0,0,0,0,0,0,0,0
clrn3,0,0,5,0,0,0,1,2,2,0,0,0
clspn,43,8,68,11,28,7,60,15,63,16,43,13
clstn1,241,107,250,289,178,105,202,205,225,120,206,165
clstn2,11,12,32,6,14,3,6,6,27,5,49,6
clstn3,233,219,56,80,198,107,54,53,215,92,91,83
clta,2236,1292,1854,1524,1964,1341,1755,1303,1945,1337,2018,1435
cltb,935,801,1208,874,792,758,877,842,894,756,563,834
cltc,9738,7293,11015,9478,9997,7457,11492,7020,11581,6977,14076,8382
clu,40866,21570,32896,19644,28416,23229,35566,24831,45352,20591,44166,20358
cluh,4210,3738,3763,4194,4321,4249,4455,3641,4310,3595,2982,4920
clvs1,1,4,2,3,0,5,5,0,2,0,2,1
clvs2,8,2,8,4,1,3,5,3,4,1,12,4
clybl,562,448,264,443,505,502,464,372,700,419,466,488
cma1,72,8,277,181,8,8,20,7,96,7,11,15
cmas,1290,865,1192,861,1326,831,1574,872,1232,884,900,906
cmbl,2808,3265,1784,3138,3074,2816,2304,2266,3207,2736,3815,2814
cmc1,260,291,253,298,226,297,281,262,400,248,273,232
cmc2,164,169,118,123,175,165,139,161,186,160,146,160
cmc4,80,85,54,93,95,56,74,57,124,59,75,57
cmip,476,245,610,379,342,253,434,253,352,193,399,294
cmklr1,253,91,211,201,227,97,323,98,275,127,229,127
cmpk1,2383,2157,2223,2256,2309,2058,1936,1871,2630,1947,2219,2209
cmpk2,257,175,301,154,371,113,268,120,331,198,258,168
cmss1,67,40,74,38,81,77,70,51,85,60,37,64
cmtm1,0,0,1,0,0,0,0,0,1,0,5,0
cmtm3,289,97,248,207,212,112,256,107,279,116,194,139
cmtm4,1346,890,872,980,1120,771,1025,974,1520,768,1275,1019
cmtm5,0,0,1,0,0,0,0,0,0,0,0,1
cmtm6,1617,2189,1634,2214,1477,2740,1376,2332,1828,2551,1257,3091
cmtm7,173,66,147,119,123,55,161,61,180,79,141,54
cmtm8,547,654,517,535,523,707,525,596,741,674,462,643
cmtr1,1121,972,1096,909,1236,922,1309,1040,1508,1032,1400,1081
cmtr2,155,123,219,122,125,95,128,95,163,88,179,135
cmya5,49,152,135,126,20,11,260,42,35,2,12,6
cnbd1,0,0,0,0,1,0,0,0,0,0,0,0
cnbd2,1258,457,1242,501,1095,538,1127,637,1003,521,1076,696
cnbp,5505,6858,5064,6232,5468,6456,5294,5637,6684,6255,5127,6166
cndp1,42,16,34,17,29,10,34,18,67,29,33,12
cndp2,924,549,1023,659,914,630,952,524,1092,531,1004,683
cnep1r1,356,323,391,332,293,304,337,242,438,228,399,331
cnfn,0,0,1,0,0,0,12,0,0,0,0,0
cnga1,0,1,2,2,1,1,1,0,1,2,2,4
cnga2,0,0,0,1,0,0,0,0,0,0,0,0
cnga3,14,9,26,17,13,15,11,17,17,21,14,25
cnga4,0,0,0,0,0,0,0,0,0,0,3,0
cngb1,19,18,29,15,22,15,17,25,24,12,14,23
cngb3,2,0,1,1,4,0,1,0,2,0,7,0
cnih1,1089,889,1057,1082,983,987,1029,801,1086,851,955,1042
cnih2,11,4,12,12,6,8,12,7,14,8,11,2
cnih3,5,3,9,1,3,3,2,3,2,3,4,3
cnih4,449,224,606,265,453,260,432,227,554,260,555,253
cnksr1,9,3,12,3,6,0,8,5,9,6,9,6
cnksr2,0,2,2,1,0,0,0,0,4,1,2,3
cnksr3,229,167,203,207,162,216,152,142,160,146,146,185
cnn1,17,16,8,35,18,11,40,24,20,50,15,26
cnn2,270,121,368,297,264,136,322,103,327,111,284,137
cnn3,2300,1878,2227,1943,2174,1613,2171,1626,2982,1955,1897,1967
cnnm1,20,6,2,1,14,4,24,3,9,0,26,8
cnnm2,188,129,158,138,145,143,183,143,166,125,152,113
cnnm3,336,172,312,254,309,186,260,191,338,195,319,230
cnnm4,89,71,82,101,102,69,87,76,122,75,115,123
cnot1,2643,2514,2675,2561,2495,2587,2614,2763,3710,2593,3076,2752
cnot10,450,445,606,460,365,409,537,415,583,467,416,446
cnot11,464,367,615,349,460,375,461,333,460,293,537,360
cnot2,747,786,814,752,777,752,832,786,1123,948,806,871
cnot3,169,140,315,157,161,170,213,187,237,154,139,182
cnot4,259,230,349,267,266,281,281,220,384,192,238,269
cnot6,749,749,895,1192,821,737,878,714,1033,600,1055,823
cnot6l,941,792,846,1072,987,986,887,758,1070,676,1055,893
cnot7,645,484,710,521,562,553,586,462,712,429,583,568
cnot8,762,835,955,790,864,764,739,714,941,940,689,789
cnp,626,471,667,531,704,647,577,341,719,411,1048,469
cnppd1,1012,678,1185,613,763,702,793,811,1067,639,845,692
cnpy1,1,0,3,2,0,0,0,0,0,1,0,0
cnpy2,1380,1444,1295,1591,1323,1517,1303,1347,1527,1547,1433,1500
cnpy3,765,649,750,747,694,517,703,538,873,653,959,670
cnpy4,189,143,237,163,202,129,186,98,297,159,273,135
cnr1,10,2,10,1,5,0,6,4,16,2,31,2
cnr2,164,119,95,159,145,116,135,110,164,127,123,132
cnrip1,63,31,45,46,49,26,41,22,51,20,34,29
cnst,279,154,399,270,234,218,288,229,330,187,423,163
cntd1,1,6,17,0,8,3,5,8,10,3,9,7
cntf,10,20,19,31,19,18,24,20,23,19,35,24
cntfr,22,11,12,27,9,12,21,16,11,15,10,17
cntln,118,72,140,112,108,60,112,83,154,57,94,54
cntn1,37,17,72,24,27,21,38,31,63,31,22,42
cntn2,24,6,8,8,19,12,21,11,44,8,13,5
cntn3,13,12,31,18,8,12,9,16,13,14,10,16
cntn4,1,0,4,0,2,1,1,1,2,1,0,2
cntn5,0,0,1,1,0,0,0,1,0,0,0,0
cntn6,2,3,1,5,2,0,0,0,2,2,1,0
cntnap1,69,12,76,21,81,7,59,13,64,11,26,18
cntnap2,5,4,13,2,3,6,3,4,10,3,3,6
cntnap3,7,5,5,24,5,13,0,4,4,5,0,7
cntnap4,2,5,26,1,0,0,1,2,7,1,2,3
cntrl,637,428,1008,530,540,488,824,563,1013,554,699,564
cntrob,96,91,134,77,105,72,103,96,118,100,106,76
coa3,945,654,938,801,1059,656,897,528,829,604,1009,694
coa4,131,95,199,110,87,127,97,97,138,94,79,91
coa5,2040,1637,2251,1559,2158,1587,2179,1543,2499,1421,2396,1690
coa6,742,562,528,567,715,502,553,477,666,500,861,430
coa7,484,431,480,390,469,385,434,462,671,389,661,387
coasy,2812,2085,1374,1968,3332,2118,2548,1810,3038,1925,2307,2036
cobl,496,243,458,508,470,477,413,630,510,407,528,410
cobll1,402,361,527,585,272,357,362,464,478,362,322,409
coch,1,3,11,3,4,1,4,3,17,5,3,7
cog1,356,285,416,343,389,321,414,313,446,284,421,288
cog2,633,440,458,433,504,453,450,428,718,475,595,473
cog3,585,567,817,621,590,534,609,543,837,488,614,607
cog4,1398,1402,1103,1370,1353,1329,1087,1439,1703,1626,1365,1422
cog5,349,440,343,447,425,448,318,403,529,461,308,436
cog6,573,616,759,598,646,521,694,569,718,623,495,666
cog7,489,420,633,491,444,428,414,367,458,364,374,497
cog8,712,531,614,689,611,548,550,579,704,576,772,618
coil,117,87,98,77,134,122,121,83,135,98,129,101
col10a1,5,12,8,10,8,6,8,13,14,8,5,8
col11a1,1,1,2,8,2,1,4,0,1,0,0,2
col11a2,15,13,37,26,17,5,13,15,21,14,9,24
col12a1,166,46,682,175,222,62,293,38,253,91,201,236
col13a1,119,113,67,151,125,183,122,101,83,122,27,130
col14a1,2597,1966,2624,2513,2793,1880,3017,1696,3894,1944,3086,1979
col15a1,364,202,560,380,443,181,299,202,526,255,865,264
col16a1,162,67,157,213,133,88,184,109,240,87,193,102
col17a1,7,2,14,6,5,5,15,4,4,3,7,3
col18a1,10804,11706,11906,13043,10714,13846,11178,12229,11703,12349,7572,14669
col19a1,0,1,1,2,2,1,0,2,0,0,0,1
col1a1,977,146,1496,1079,1043,173,1054,288,1281,517,844,1137
col1a2,1843,425,2454,2176,1912,391,2068,777,2574,1066,1503,2026
col20a1,36,32,67,23,24,29,18,11,34,37,28,44
col22a1,94,10,77,26,41,15,36,30,58,34,23,23
col23a1,16,4,25,28,19,10,24,5,16,15,13,3
col24a1,19,12,8,27,5,10,11,29,26,46,5,55
col25a1,11,23,15,19,18,91,13,33,49,19,11,23
col26a1,22,7,33,21,13,11,16,12,37,30,28,31
col27a1,138,232,310,174,254,170,136,203,434,258,250,334
col28a1,24,1,20,3,27,0,25,0,46,3,19,0
col2a1,0,0,0,0,0,0,0,0,0,0,1,0
col3a1,5365,1362,5388,6219,5090,1229,3692,2569,8120,4106,6371,6618
col4a1,5598,962,7576,1473,3866,1126,4724,1296,4921,1305,8732,1720
col4a2,2058,465,3494,682,1653,560,2085,681,2082,671,3393,841
col4a3,366,23,1079,44,61,27,288,23,213,26,40,28
col4a4,71,17,223,46,56,22,100,18,114,19,43,22
col4a5,405,42,395,251,647,31,649,75,788,122,341,84
col4a6,110,28,52,185,68,11,86,33,109,40,36,38
col5a1,458,195,505,456,382,202,395,246,523,285,361,693
col5a2,1002,223,1258,689,1066,253,957,316,1410,504,1051,704
col5a3,326,478,344,312,603,359,315,368,932,476,328,582
col6a1,777,300,695,1193,644,303,732,317,948,514,1701,576
col6a2,391,128,372,805,376,143,375,195,490,283,1110,295
col6a3,1356,311,1577,787,1360,476,1377,357,2033,475,2106,588
col6a5,425,134,281,1596,191,49,344,216,782,230,1414,159
col6a6,122,40,197,133,66,24,80,50,155,32,244,17
col7a1,14,5,19,2,46,7,9,81,23,30,4,38
col8a1,94,36,215,62,120,43,123,20,150,24,62,26
col8a2,34,12,53,58,36,7,47,4,61,10,13,16
col9a1,1,0,1,0,0,0,0,0,3,0,0,0
col9a2,0,1,1,0,1,0,3,0,1,0,4,0
col9a3,10,6,27,14,7,6,8,9,16,4,8,10
colec10,742,1626,454,1410,701,1243,939,1272,1076,1322,274,1713
colec11,893,737,803,672,873,726,845,612,1118,685,939,645
colec12,1434,1837,2111,1921,1686,1625,1689,1503,2560,1856,2807,1821
colgalt1,2398,1052,2282,1177,1898,1168,1900,1183,2472,1161,2638,1175
colgalt2,18,28,54,51,17,58,30,91,41,67,28,57
colq,1,5,4,5,1,1,1,3,2,0,1,2
commd1,729,782,589,728,918,811,850,678,1004,793,1252,811
commd10,218,94,218,109,190,160,232,127,280,120,263,154
commd2,347,375,412,400,443,377,371,341,442,361,400,335
commd3,1764,1463,1864,1480,1881,1607,1514,1278,2287,1462,2203,1411
commd4,387,339,360,297,353,338,351,321,464,353,400,293
commd5,443,240,433,271,420,266,335,258,437,263,516,223
commd6,592,493,456,493,579,489,496,394,670,456,551,468
commd7,432,370,508,390,374,404,431,340,601,385,422,498
commd8,678,499,697,582,701,453,670,484,897,442,1019,479
commd9,366,284,393,315,344,233,287,277,385,250,380,269
comp,1,2,3,24,2,0,0,1,2,5,1,2
comt,11781,19547,9054,15972,13838,19804,11412,15308,16487,20736,6065,22271
comtd1,224,64,223,61,177,71,207,66,243,60,174,63
copa,7341,5230,10715,5785,6901,5187,7421,4954,8855,5309,9289,5828
copb1,2760,2987,3684,2914,2335,2725,2745,2574,3299,2866,2497,2967
copb2,3705,4153,4802,3811,3207,3925,3500,4075,4711,4220,3842,4047
cope,1876,1327,1669,1647,1438,1439,1639,1402,1669,1373,1568,1494
copg1,2334,1550,2856,2076,2020,1710,2275,1666,2284,1755,1618,1980
copg2,830,843,741,790,914,925,827,822,1079,869,640,901
coprs,91,53,88,73,97,39,85,52,116,42,70,55
cops2,2021,2226,2396,2243,1912,2124,1812,1953,2417,2141,2430,2123
cops3,989,1208,1022,1156,1352,1210,1202,1171,1395,1262,1335,1201
cops4,1037,893,986,796,1210,865,1045,865,1414,823,1341,930
cops5,1514,1246,2003,1221,1761,1282,1765,1137,2058,1195,2632,1233
cops6,1099,955,1042,996,1159,1082,1144,935,1133,957,1464,986
cops7a,1040,636,935,662,864,581,874,571,964,596,571,629
cops7b,152,129,216,144,204,109,174,182,202,146,241,131
cops8,638,445,815,422,621,435,688,386,868,414,710,471
copz1,3161,2317,3185,2271,3259,2405,2837,2222,3872,2217,3120,2589
copz2,374,214,288,233,371,221,336,232,328,202,239,206
coq10a,196,286,217,303,247,332,245,322,232,236,137,247
coq10b,702,306,925,579,656,481,1073,860,1230,381,1261,508
coq2,903,600,708,629,928,692,774,585,962,576,969,586
coq3,368,541,304,583,399,518,285,465,423,634,266,548
coq4,169,99,165,114,179,115,133,81,194,105,162,145
coq5,483,458,479,493,533,448,466,476,620,463,577,489
coq6,259,226,275,241,320,273,228,246,334,253,199,249
coq7,430,283,512,313,508,368,526,297,621,310,468,328
coq9,2173,1729,1316,1800,2246,1941,1643,1524,1948,1629,1855,1791
corin,6,5,9,9,12,2,9,5,12,6,7,4
coro1a,571,299,514,354,532,150,529,163,770,233,589,187
coro1b,1895,926,1571,1145,1720,1040,1630,950,1874,993,1932,906
coro1c,1042,397,1352,573,754,452,853,481,933,399,1182,506
coro2a,101,38,205,64,83,47,105,33,133,47,185,41
coro2b,43,25,47,40,30,20,36,18,40,21,23,30
coro6,8,4,35,8,21,3,25,6,29,5,21,3
coro7,446,194,493,239,347,275,487,249,475,191,350,239
cort,1,0,0,0,0,0,1,0,1,0,0,0
cotl1,1060,304,849,541,970,372,877,363,901,337,748,328
cox10,167,107,159,171,202,152,165,183,218,168,167,170
cox11,154,171,123,148,176,155,156,158,179,165,169,137
cox14,609,393,555,375,608,404,437,322,657,393,564,366
cox15,560,484,626,467,622,495,570,485,614,495,644,578
cox16,694,946,643,957,743,894,547,823,839,989,633,909
cox17,921,473,729,446,848,461,859,404,1148,436,819,456
cox18,146,130,154,136,187,130,122,157,173,151,167,171
cox19,920,550,614,463,1138,482,852,410,1235,504,1101,495
cox20,315,425,298,409,510,448,425,323,557,375,564,395
cox4i1,8429,6293,5154,6717,7567,7046,5839,5311,7176,5905,6577,6414
cox4i2,2,2,7,3,5,0,5,1,2,2,8,0
cox5a,2075,2466,1770,2531,2106,2725,2051,2341,2459,2377,1686,2781
cox5b,2863,2646,2798,2400,3871,2917,3514,2404,4001,2475,4212,2859
cox6a1,3795,2966,2942,3133,4562,3106,3427,2715,3964,2859,4470,3001
cox6a2,18,98,70,70,1,8,139,9,9,1,1,0
cox6b1,4255,4387,4258,3916,4758,4384,4519,3851,5684,4231,3656,4636
cox6b2,7,1,3,4,3,1,5,2,4,0,9,2
cox6c,5737,6043,4791,5743,7424,5995,5515,4864,7989,6163,9461,6105
cox7a1,34,87,53,126,28,16,77,16,43,13,51,19
cox7a2,3315,4703,3193,4547,3946,4517,3544,3846,4720,4816,3597,4545
cox7a2l,3577,2414,3412,2567,3235,2641,3710,2346,3742,2407,3842,2320
cox7b,5034,5171,3386,5111,5470,5200,4276,4000,5903,5029,3361,5160
cox7b2,0,0,0,1,0,0,0,0,1,1,0,0
cox7c,3758,3898,3157,3756,4213,3497,3475,2920,4364,3738,3096,3939
cox8a,3749,3420,2887,3152,4244,3536,3629,3041,4540,3283,3981,3614
cox8c,0,0,0,0,0,0,0,0,0,0,0,0
cp,60960,39229,63548,31762,49207,33159,95826,47765,69389,37235,48431,32093
cpa1,8443,611,3787,227,7570,127,1557,41042,896,12227,3,19125
cpa2,1730,122,792,48,1525,18,244,12694,173,3749,2,4723
cpa3,67,14,356,175,3,5,10,13,80,12,7,7
cpa4,0,0,0,0,0,0,4,0,0,0,0,0
cpa5,0,0,0,0,0,0,0,0,0,0,0,0
cpa6,197,267,410,376,187,222,234,390,420,310,270,371
cpb1,10780,736,4902,292,9542,171,1384,92014,817,25538,6,28506
cpb2,11495,10578,19041,8362,11366,10371,14896,13144,16501,11949,16974,9877
cpd,1453,907,1451,1161,1558,1197,1572,1471,2166,1102,2292,1280
cpe,1273,48,5263,236,410,85,1432,85,553,136,1811,124
cpeb1,125,51,178,68,73,33,95,52,174,42,88,29
cpeb2,540,667,454,949,484,947,730,443,535,590,823,1131
cpeb3,222,169,212,177,149,149,202,166,180,122,149,159
cpeb4,1214,1493,1614,1625,1206,1255,1263,1089,1342,1146,1433,1558
cped1,1536,1314,993,1438,1094,1552,1403,1640,1558,1370,1258,1524
cplx1,0,0,0,1,0,0,0,0,0,0,0,0
cplx2,76,19,53,49,54,27,64,29,67,42,31,25
cplx3,0,0,0,0,1,0,0,1,0,0,0,2
cplx4,0,0,0,0,0,0,0,0,0,0,0,0
cpm,91,45,253,59,61,72,50,95,79,76,50,78
cpn1,3614,2950,3804,2993,3507,3509,3657,3379,3593,3170,3283,3751
cpn2,5876,6433,4520,6289,4939,6802,4701,7656,6492,6068,3253,6544
cpne1,557,448,711,550,452,442,510,427,588,324,487,485
cpne2,248,144,220,186,143,146,197,168,218,120,259,144
cpne3,2221,2405,2483,2429,2351,2186,2477,2068,3301,2162,3073,2218
cpne4,0,0,0,0,0,0,0,0,0,1,0,0
cpne5,37,42,66,42,25,61,28,29,67,33,40,38
cpne6,0,0,0,1,2,0,0,0,0,0,0,0
cpne7,10,3,5,7,6,3,4,3,11,5,19,6
cpne8,379,240,594,309,355,257,351,245,544,243,859,172
cpne9,10,17,33,13,11,13,17,16,27,18,10,8
cpox,901,1811,997,1873,1048,1389,780,1420,1103,1212,428,1699
cpped1,1053,827,748,845,899,803,896,767,1121,814,592,827
cpq,2319,1599,1207,1548,2166,1691,2039,1465,3236,1552,3195,1774
cps1,81233,133594,78782,127809,108363,155327,104425,129601,125671,149115,83239,174403
cpsf1,1146,749,2550,850,1026,853,1045,691,1078,698,1361,878
cpsf2,614,584,814,730,572,625,563,661,772,689,663,657
cpsf3,732,629,809,635,661,670,671,631,865,593,674,732
cpsf4,258,312,334,256,316,339,246,316,317,259,264,233
cpsf4l,33,57,22,58,34,106,29,84,68,56,25,47
cpsf6,894,987,1325,1275,863,983,1010,1022,1332,894,1044,1008
cpsf7,352,284,474,313,325,333,348,359,439,275,408,353
cpt1a,8523,4255,7703,4953,6080,5044,6611,6673,7383,4616,4650,4547
cpt1b,69,51,100,53,33,16,95,25,62,28,68,28
cpt1c,32,9,23,25,26,6,24,4,41,8,43,9
cpt2,1666,2214,1176,2149,1740,1702,1434,1507,2061,1956,1564,1997
cptp,353,276,358,289,288,263,263,322,356,252,219,275
cpvl,0,0,0,0,0,0,0,0,1,0,0,0
cpxcr1,0,0,0,0,0,0,0,0,0,0,0,0
cpxm1,124,20,72,126,97,18,128,24,177,33,112,64
cpxm2,92,28,88,155,95,9,111,11,113,20,28,14
cpz,47,10,17,75,29,12,43,14,41,14,25,31
cr1l,1278,1052,1862,1133,1373,1158,1335,1030,1789,1071,1780,1230
cr2,31,23,31,41,29,20,30,28,51,23,51,24
crabp1,0,0,0,0,0,0,0,0,0,0,0,0
crabp2,0,0,0,3,1,0,8,0,1,0,0,9
cracr2a,3,2,7,4,8,4,4,7,11,1,8,6
cracr2b,141,52,116,96,76,48,111,77,129,57,108,53
cradd,202,181,143,166,189,204,228,194,247,200,215,148
crat,1027,507,943,536,902,383,1063,374,1164,332,1172,415
crb1,8,11,15,4,8,5,14,11,17,7,11,12
crb2,34,16,14,92,12,5,19,16,33,22,10,20
crb3,209,179,204,176,192,189,174,177,235,186,198,162
crbn,1064,1075,933,957,1217,1139,1045,1010,1243,1071,1022,980
crcp,518,316,500,349,669,433,665,493,777,405,809,332
crct1,0,0,4,0,0,0,65,0,0,0,0,0
creb1,733,667,840,861,755,677,856,665,1205,653,821,794
creb3,864,831,1072,781,767,724,782,820,1078,857,1084,702
creb3l1,26,10,19,47,14,5,16,19,25,13,18,21
creb3l2,561,353,786,639,356,323,543,319,391,258,397,496
creb3l3,3931,4007,3398,3602,3533,3188,3153,3499,3524,3927,2687,3930
creb3l4,5,3,8,7,6,4,6,7,12,9,10,3
crebbp,720,543,887,834,624,643,845,734,873,561,599,790
crebl2,1353,1179,1166,1201,1146,1187,1198,1280,1439,1106,818,1260
crebrf,1457,1865,1239,1592,1263,1138,1464,1299,1811,1619,1937,1321
crebzf,574,698,810,765,513,642,501,646,763,628,605,610
creg1,14347,6856,21210,6545,15249,5493,15029,5180,16292,5648,17785,6667
creg2,12,5,15,13,5,5,14,6,21,7,13,7
creld1,596,494,601,692,476,437,559,415,538,653,371,622
creld2,866,1617,2737,2497,625,367,888,495,894,1649,1794,785
crem,383,699,420,684,451,605,736,402,577,518,440,814
crh,0,0,0,0,0,0,0,0,0,0,0,0
crhbp,0,0,2,0,0,0,0,0,0,0,0,0
crhr1,3,0,2,0,0,0,1,0,83,0,6,0
crhr2,3,4,2,3,1,0,7,2,1,0,2,2
crim1,839,399,976,618,711,378,858,414,1004,344,803,327
crip1,751,227,458,923,471,206,679,304,992,428,987,351
crip2,1126,757,973,976,1019,715,888,544,823,608,677,852
crip3,3,11,6,4,13,7,3,5,14,5,10,0
cript,807,697,729,743,905,670,847,664,943,669,1177,645
crisp1,0,0,388,0,0,0,7,0,1,0,0,0
crisp2,11,0,6,1,3,0,13,0,6,0,2,0
crisp3,0,0,0,1,0,0,0,1,0,0,0,0
crispld1,1,1,0,5,1,0,4,1,2,0,0,3
crispld2,173,62,142,245,96,41,163,40,146,39,212,46
crk,2244,1982,2361,2355,2256,1785,2276,1959,2841,1944,2773,1982
crkl,681,447,825,604,609,555,717,529,885,435,472,563
crlf1,5,2,3,4,1,1,2,14,2,6,1,5
crlf2,283,130,335,130,227,103,176,124,208,108,298,81
crlf3,342,233,445,261,331,231,384,264,451,222,332,262
crls1,1282,1159,1530,1205,1367,908,1555,863,1947,758,2292,907
crmp1,2,1,5,7,5,1,1,0,4,0,6,0
crnkl1,465,434,685,458,461,505,518,471,711,490,591,459
crnn,0,0,0,0,0,0,0,0,0,0,0,0
crocc,45,16,50,38,34,18,44,27,58,23,31,20
crocc2,0,0,0,0,1,0,0,0,1,0,0,0
crot,12310,29164,8136,19601,18377,17376,14921,16349,20609,20635,17758,22184
crp,4125,7572,2542,7473,4208,6902,4601,7451,5630,6608,4344,6968
crtac1,0,0,0,0,0,0,0,0,0,0,0,0
crtam,2,1,7,4,2,0,5,0,6,1,9,1
crtap,300,72,325,177,218,83,246,88,260,87,239,90
crtc1,90,47,74,87,72,57,75,84,86,64,65,76
crtc2,141,160,160,177,166,150,165,151,180,159,90,170
crtc3,188,170,326,239,154,170,213,178,245,161,168,274
crx,13,8,21,8,6,13,7,13,24,20,13,10
cry1,106,187,193,187,117,138,129,68,92,167,204,220
cry2,541,302,778,459,378,294,442,473,612,519,417,322
cryaa,2,1,1,0,1,0,3,0,1,0,0,2
cryab,111,107,92,174,70,45,139,58,111,60,59,59
cryba1,8,5,7,12,1,4,14,9,13,8,12,5
cryba2,0,1,1,0,1,1,1,0,3,2,0,2
cryba4,2,7,8,3,3,4,4,4,2,1,7,2
crybb1,3,1,0,5,1,0,4,1,1,0,2,0
crybb2,0,0,0,0,0,0,0,0,0,0,0,0
crybb3,12,19,38,12,19,71,10,74,13,22,37,12
crybg3,211,307,233,475,214,351,248,361,299,404,244,419
cryga,0,0,0,0,0,0,0,0,0,0,0,0
crygb,0,0,0,1,0,0,0,0,0,0,0,0
crygc,0,0,0,0,0,0,0,0,0,1,0,0
crygd,0,0,0,0,0,0,0,0,0,0,0,0
crygn,24,29,5,49,70,39,40,56,61,31,138,25
crygs,1,0,0,1,0,1,2,0,2,1,0,1
cryl1,425,327,261,314,412,265,460,220,482,244,329,382
crym,82,27,53,75,59,30,51,40,99,50,109,37
cryz,2273,1458,1163,1335,2167,1653,1856,1226,2432,1328,1622,1467
cryzl1,415,301,424,316,403,263,367,276,554,279,362,282
cs,2057,2317,2519,2504,2942,3001,2615,2141,2676,2368,1855,2953
csad,4516,5156,3045,2854,5329,3408,3305,3582,8402,3574,7372,4375
csdc2,32,17,53,35,27,12,29,18,45,11,28,26
csde1,8321,9108,9423,9388,8806,8806,9695,8492,10368,8497,7655,8531
cse1l,938,1095,1232,1145,1092,1081,1157,1057,1569,1198,1494,1190
csf1,438,148,441,421,382,198,321,254,495,188,356,202
csf1r,4262,1946,2785,2727,3715,1642,5552,2132,3973,1872,2980,1956
csf2,1,0,0,0,1,0,0,0,4,0,1,1
csf2ra,209,51,240,115,152,66,188,63,192,84,156,54
csf2rb,447,175,333,235,429,161,554,178,465,154,371,135
csf3,0,0,0,0,0,0,0,0,2,0,1,1
csf3r,129,83,206,98,144,54,102,64,170,78,139,55
csgalnact1,51,21,81,28,35,23,31,23,47,16,78,29
csgalnact2,459,373,513,481,375,332,452,341,488,343,502,388
csk,862,555,862,687,780,579,718,655,904,547,554,645
csmd1,15,4,8,4,10,2,11,2,21,4,12,8
csmd2,2,7,14,4,4,4,11,5,10,6,6,8
csmd3,5,5,23,8,5,5,11,18,21,11,16,13
csn1s1,2,1,0,0,0,2,1,2,0,0,2,1
csn2,1,1,2,0,1,0,0,0,0,0,1,2
csn3,358,1,1906,0,16,2,55,0,29,1,14,2
csnk1a1,3237,2410,3374,2966,2654,2739,2729,2476,3263,2345,2952,2828
csnk1d,1318,803,1379,897,1228,915,1340,894,1557,857,1068,1054
csnk1e,261,83,628,144,254,96,277,88,316,98,369,120
csnk1g1,181,139,321,220,140,141,199,182,278,140,221,190
csnk1g2,1230,698,1466,782,1019,818,1070,866,961,716,785,771
csnk1g3,744,512,950,591,622,631,748,548,785,488,965,566
csnk2a1,3034,3330,4034,3068,2801,3289,3101,3215,4549,3277,3498,3580
csnk2a2,276,155,279,175,185,213,229,210,266,149,227,199
csnk2b,1248,822,1130,910,1007,944,1070,874,1113,836,1190,863
cspg4,23,2,29,12,23,4,22,4,33,11,49,24
cspg5,11,34,31,31,15,19,12,14,23,24,14,28
cspp1,463,368,882,410,531,436,526,436,842,444,851,494
csrnp1,140,307,294,245,170,88,216,162,179,175,151,282
csrnp2,92,58,172,78,94,72,108,71,133,58,122,71
csrnp3,5,1,7,1,1,0,2,1,2,1,3,8
csrp1,889,307,1147,546,744,363,818,337,857,325,603,356
csrp2,456,548,454,713,571,453,617,508,784,489,549,462
csrp3,487,397,149,361,262,549,363,518,345,344,178,318
cst11,0,0,0,0,0,0,0,0,0,0,0,0
cst3,3723,2351,3541,2773,3408,2179,3545,2050,4282,2226,3679,2213
cst6,6,3,10,6,2,3,16,6,6,9,5,6
cst7,6,6,20,8,4,4,11,3,21,3,14,4
cst8,4,0,12,0,0,0,3,0,1,0,2,0
cst9,0,0,1,0,0,0,0,0,1,0,0,0
cstb,3183,573,3301,536,4260,544,3632,518,4028,553,6027,484
cstf1,414,307,507,338,379,354,400,330,513,323,380,294
cstf2,517,353,573,389,486,382,463,320,730,389,523,422
cstf2t,801,917,785,895,885,887,723,738,1162,878,932,891
cstf3,263,224,474,279,248,263,356,272,330,253,345,280
cstl1,0,0,0,0,0,0,0,0,0,0,0,0
ctag2,0,0,0,0,0,0,0,0,0,0,0,0
ctbp1,1005,552,1049,799,993,675,954,595,1107,609,1095,690
ctbp2,140,76,177,147,155,67,132,64,163,85,109,103
ctbs,529,430,583,411,453,461,457,415,632,417,517,379
ctc1,219,119,254,123,218,131,198,137,268,113,214,154
ctcf,743,614,750,791,693,667,702,592,824,549,635,696
ctcfl,46,50,61,54,44,29,73,36,77,56,27,40
ctdnep1,212,155,240,244,152,151,247,154,189,136,159,153
ctdp1,294,173,286,189,258,214,255,223,275,172,236,178
ctdsp1,1931,1128,1945,1296,1868,1228,1640,1146,2031,1070,1602,1226
ctdsp2,1156,606,1158,949,843,818,950,733,991,654,689,639
ctdspl,205,117,137,198,199,117,154,128,192,112,156,149
ctdspl2,340,340,547,402,329,386,454,328,615,332,498,406
ctf1,44,55,68,41,25,63,30,39,54,38,49,43
cth,6929,15294,5617,16360,16897,12247,12918,8519,14432,11593,4813,14136
cthrc1,6,3,3,4,2,0,2,1,3,3,0,13
ctif,347,313,411,383,287,305,367,351,350,276,380,347
ctla4,6,4,18,3,7,2,9,0,25,2,18,0
ctnna1,3804,2095,4157,2626,3042,2480,3623,2312,4419,2213,3754,2494
ctnna2,5,3,15,2,1,2,5,4,12,2,9,2
ctnna3,3,5,6,9,2,0,3,0,4,3,4,0
ctnnal1,243,150,205,189,243,116,205,185,295,126,221,129
ctnnb1,6953,6378,9474,6785,6121,6674,6330,6392,8357,6861,7808,6810
ctnnbip1,214,189,198,134,204,175,195,151,247,139,234,168
ctnnbl1,378,244,468,273,312,254,272,234,384,313,300,278
ctnnd1,2857,1737,3723,2026,2110,1938,2680,1917,3200,1828,2562,2189
ctnnd2,9,3,6,1,5,2,10,1,6,0,4,1
ctns,302,263,291,209,289,271,309,319,453,207,336,302
ctps2,933,230,902,258,814,280,810,256,1086,252,1117,274
ctr9,875,647,1929,793,862,609,1131,732,1135,726,1724,750
ctrb1,11612,786,6499,301,10902,224,2590,56611,1315,16537,4,24395
ctrc,32,21,44,29,79,21,28,373,33,156,24,99
ctrl,2370,265,1184,119,2136,57,464,21893,301,7060,4,8106
ctsa,4046,2238,4655,2240,3439,2297,3936,2209,5155,2137,4403,2455
ctsb,22405,11829,18308,13394,19180,11444,22816,11528,22517,11778,14056,11845
ctsc,4939,3067,6319,3003,3883,2052,4908,3092,4596,3034,5310,2665
ctsd,17575,8033,21152,8882,14193,8082,16508,8261,17567,9121,10940,8860
ctse,16,2,26,16,15,5,14,11,20,4,8,17
ctsf,440,407,356,464,378,319,364,347,457,403,364,408
ctsg,0,0,4,0,0,0,0,0,2,2,3,0
ctsh,4215,5651,4552,5095,4641,4861,4475,4519,5536,5073,5746,4852
ctsk,166,17,114,61,137,25,159,27,173,45,130,27
ctsl,15043,14020,18297,11471,13990,15568,14694,15755,17479,14683,9594,13664
ctso,1182,1411,1117,1342,1575,1365,1570,1265,1964,1224,1495,1292
ctss,4257,2143,4167,1924,4724,1381,5404,1952,6038,2197,4913,2075
ctsw,44,21,41,19,33,10,23,16,60,16,55,15
ctsz,9489,3591,11780,3928,6278,4001,6418,3917,8906,3890,8286,3742
cttn,1453,816,2919,876,1226,884,1472,849,1541,762,1423,925
cttnbp2,11,2,16,10,17,11,16,4,45,4,6,12
cttnbp2nl,277,113,315,219,246,137,398,133,298,106,433,143
ctu1,94,79,127,85,83,83,112,64,110,74,79,77
ctu2,266,182,259,216,198,202,226,182,213,173,253,182
ctxn1,16,1,17,6,1,1,4,0,11,3,9,8
ctxn2,0,0,0,0,0,0,0,0,0,0,0,0
ctxn3,3,2,4,2,0,0,7,1,0,0,0,0
cubn,3,1,3,15,7,8,7,2,15,6,23,3
cuedc1,57,32,66,67,40,22,44,35,90,17,60,31
cuedc2,311,187,205,240,278,186,286,156,359,155,260,166
cul1,1855,1827,1674,1833,1884,1909,1923,1842,2262,1786,1527,1849
cul2,822,1097,731,1310,843,1043,811,1004,989,1102,1108,1217
cul3,1691,1224,1997,1493,1618,1414,1630,1405,1807,1221,2214,1470
cul4a,2692,1942,2306,2261,2484,2133,2293,2241,3168,1929,2755,2434
cul4b,940,801,805,894,830,827,756,777,1291,783,765,889
cul5,681,933,884,936,655,1037,743,952,974,863,817,1023
cul7,828,140,643,175,883,131,1004,117,672,116,879,166
cul9,306,99,214,136,234,118,345,129,278,107,441,136
cuta,500,313,370,363,492,362,476,306,451,323,519,406
cutc,235,245,248,255,239,298,220,280,294,301,191,256
cux1,665,568,593,780,609,650,589,673,683,585,621,666
cux2,122,87,215,81,96,71,153,90,126,57,327,59
cuzd1,301,34,159,7,269,2,42,2958,28,724,0,746
cwc15,843,920,810,875,723,886,773,786,1010,807,736,834
cwc22,381,309,630,352,302,294,349,328,485,333,391,313
cwc25,199,194,255,196,232,191,264,231,297,153,276,225
cwc27,160,165,181,166,170,167,145,141,210,168,177,188
cwf19l1,246,257,231,261,211,288,209,246,270,280,198,277
cwf19l2,433,714,533,688,472,652,486,566,713,688,505,616
cwh43,0,0,0,0,0,0,1,0,0,0,0,0
cx3cl1,140,19,159,49,144,14,117,13,152,16,156,8
cx3cr1,312,52,394,76,488,74,250,42,418,69,430,46
cxadr,5034,3683,5161,3814,5323,3269,4964,2202,8045,3775,5776,3979
cxcl1,647,730,919,414,488,199,357,488,695,1273,425,489
cxcl10,173,57,161,48,141,39,60,44,210,70,68,64
cxcl11,48,35,77,47,34,40,20,37,64,27,25,11
cxcl12,2721,4021,1908,4967,3345,4206,2712,4780,3938,3253,2773,3446
cxcl13,121,64,24,291,62,59,272,119,379,50,21,80
cxcl14,208,42,743,54,140,144,324,130,375,63,1076,43
cxcl16,826,283,711,404,905,256,903,222,1024,239,1209,257
cxcl17,27,0,66,5,1,0,1,1,2,0,0,1
cxcl2,44,7,18,24,4,11,17,10,26,34,12,21
cxcl3,10,5,63,4,2,2,2,6,11,10,2,9
cxcl5,13,3,63,29,15,7,26,15,30,22,66,20
cxcl9,630,350,1308,236,457,209,358,146,803,170,929,250
cxcr1,9,0,3,0,4,0,0,0,7,0,1,0
cxcr2,72,68,165,61,70,57,97,82,157,94,117,117
cxcr3,28,11,21,12,26,6,19,4,36,7,35,10
cxcr4,131,30,312,102,156,44,239,23,201,43,411,52
cxcr5,7,17,9,22,16,5,19,6,21,2,6,9
cxcr6,51,53,73,97,56,42,46,45,128,54,77,44
cxxc1,426,372,476,414,413,426,385,346,478,338,391,416
cxxc4,16,10,15,18,14,9,9,22,10,12,7,14
cxxc5,441,415,453,520,439,447,351,424,483,446,381,430
cyb561,496,245,487,248,395,267,527,382,510,267,662,210
cyb561a3,202,134,208,181,190,140,138,173,216,165,211,167
cyb561d1,127,115,135,94,115,89,107,133,200,105,82,102
cyb561d2,199,139,175,160,186,150,157,151,238,154,170,156
cyb5a,15263,21211,14870,20540,16533,18950,16683,15161,20426,18884,15715,19143
cyb5b,6422,9994,6605,9560,7094,11016,5513,8737,8765,10595,6845,12451
cyb5d1,334,294,373,310,369,312,339,291,461,306,304,273
cyb5d2,276,317,299,371,318,334,258,315,338,326,225,359
cyb5r1,322,112,491,147,261,110,204,144,296,155,277,143
cyb5r2,3,6,8,9,5,3,6,4,11,1,4,5
cyb5r3,14281,5822,9786,6158,10272,8491,9042,5907,10445,6625,7738,7790
cyb5r4,886,895,1138,1070,869,896,909,998,1291,940,805,1070
cyb5rl,146,203,126,178,166,195,132,183,178,192,148,192
cyba,717,223,553,395,558,210,616,232,604,252,472,226
cybb,5081,826,3355,1075,6068,766,4888,909,5950,946,4154,855
cybrd1,34,21,31,81,10,21,12,30,35,19,14,27
cyc1,2981,2336,2073,2638,3232,2595,2393,2092,2715,2143,2800,2539
cycs,1762,1940,1417,1855,1990,1731,1471,1507,2105,1717,1563,2049
cyfip1,2067,1456,2404,1668,1768,1625,1900,1482,2535,1588,1908,1685
cyfip2,84,40,134,122,85,64,106,101,144,55,111,75
cygb,417,167,448,321,452,213,435,147,529,125,532,113
cylc1,0,0,0,0,0,0,0,0,0,0,0,0
cylc2,0,0,0,0,0,0,0,0,0,0,0,0
cyld,883,784,780,930,764,746,713,836,1118,760,860,816
cyp11a1,8,5,47,7,1,0,6,5,4,4,5,31
cyp11b1,3,1,71,3,1,3,0,2,11,3,4,33
cyp11b2,0,0,1,0,0,0,0,0,1,0,2,2
cyp17a1,1661,192,660,167,784,864,550,652,515,230,410,169
cyp19a1,3,2,2,3,5,2,3,3,8,2,1,7
cyp1a1,53,15,173,31,46,20,18,22,48,30,24,18
cyp1a2,2125,5476,10239,6803,2361,6713,1395,7398,3419,7808,1951,7822
cyp1b1,225,55,172,306,129,67,238,75,231,150,162,152
cyp20a1,594,296,765,410,508,383,587,324,721,340,664,389
cyp24a1,0,0,0,0,0,0,0,0,0,0,0,0
cyp26a1,323,236,426,533,905,423,861,199,815,357,418,324
cyp26b1,234,210,98,306,219,105,341,52,58,189,114,123
cyp26c1,9,8,15,8,6,4,5,7,12,10,11,6
cyp27a1,4212,7884,4038,7951,5324,9118,6008,8907,7431,8452,3161,9904
cyp27b1,0,1,1,0,2,1,1,2,0,2,3,0
cyp2e1,13069,93439,18483,96503,17561,74841,12240,101991,20533,82759,3154,93204
cyp2r1,329,524,280,432,398,505,360,512,567,478,352,498
cyp2s1,59,13,93,98,32,18,33,24,29,21,10,40
cyp2u1,163,979,122,1328,397,1272,148,1210,393,1434,214,1060
cyp2w1,0,0,0,0,0,0,1,0,0,0,0,2
cyp39a1,713,262,634,363,551,237,803,555,489,339,1548,413
cyp46a1,15,15,5,14,6,10,7,7,31,4,100,11
cyp4b1,732,494,386,410,504,445,463,413,547,355,229,474
cyp4x1,26,29,54,29,22,30,26,28,38,32,43,35
cyp7a1,2391,1010,2617,2477,2665,5734,1489,18205,6204,1646,192,1731
cyp7b1,819,11523,536,15527,1847,16073,1442,21619,1786,17999,1309,10086
cyp8b1,550,5646,484,4314,1129,6289,634,5674,2239,5258,1351,5213
cys1,43,28,25,42,25,13,26,21,61,26,30,22
cysltr1,99,54,128,94,119,38,156,51,157,73,199,89
cysltr2,20,11,20,16,18,13,14,12,18,8,20,9
cysrt1,0,0,0,0,0,0,14,0,0,0,0,0
cystm1,446,160,383,161,353,198,404,120,565,123,753,130
cyth1,730,665,884,631,748,677,1075,608,1071,692,680,717
cyth2,435,241,554,262,366,268,377,272,441,248,418,311
cyth3,349,174,445,281,388,173,411,157,449,152,515,185
cyth4,594,183,653,287,449,155,548,167,651,205,404,179
cytip,126,88,183,136,109,60,216,66,240,63,334,45
cytl1,2,0,0,7,0,0,3,1,0,1,1,3
cyyr1,190,233,185,359,226,255,250,141,213,148,339,170
d2hgdh,826,518,563,538,752,571,708,479,858,482,834,673
dhrsx,340,223,349,255,283,248,286,205,321,247,329,219
daam1,1045,1202,1157,1188,1071,1014,783,1290,1485,1110,906,1329
daam2,74,56,88,87,97,80,121,83,100,73,102,69
dab1,37,2,60,3,9,2,19,5,19,1,15,1
dab2,468,288,392,792,378,312,439,266,476,261,363,345
dab2ip,616,199,964,282,323,189,347,186,558,206,350,201
dach1,6,7,2,8,7,7,6,7,10,6,8,3
dach2,4,5,5,5,1,1,5,3,4,1,4,2
dact1,81,58,67,90,61,61,44,166,124,84,46,105
dact2,342,243,236,227,352,255,203,264,302,291,340,176
dact3,23,13,16,39,26,9,18,13,20,4,11,4
dad1,1197,918,1407,928,977,811,1058,868,1268,936,744,855
dag1,1156,932,1304,1363,1207,982,1325,1013,1655,966,1247,1194
dagla,20,13,34,36,27,11,30,46,37,24,19,34
daglb,727,667,765,871,805,896,814,786,785,741,832,769
dalrd3,452,437,486,484,441,406,390,381,511,413,335,457
dand5,40,29,36,39,53,28,37,32,42,34,41,28
dao,0,0,0,1,0,0,1,0,2,0,1,1
dap,2589,1770,2369,1851,2275,1972,2197,2355,2356,1614,1877,1657
dap3,705,668,710,592,732,644,698,623,792,601,538,711
dapk1,1354,1411,1681,1763,1012,1494,1437,1434,1293,1439,947,1534
dapk2,431,170,422,205,246,184,246,118,334,182,339,135
dapk3,357,301,425,302,308,299,309,237,314,311,286,260
dapl1,0,1,1,0,0,0,15,2,3,0,0,0
dapp1,144,44,219,85,133,29,170,43,195,61,247,48
dars2,605,502,607,456,732,500,648,443,874,552,1050,504
daw1,0,0,0,0,0,0,0,2,0,0,1,0
daxx,342,206,364,248,287,181,248,208,352,235,264,214
dazap1,624,420,725,401,592,507,564,497,625,403,527,416
dazap2,2404,1890,2207,1913,2462,1808,2148,1639,3065,1686,2713,1761
dazl,2,2,2,2,3,1,1,1,0,1,1,2
dbf4,182,66,219,59,178,55,178,114,264,82,275,83
dbh,1,0,10,4,0,0,0,0,0,0,0,0
dbi,14049,14803,12557,11339,19328,15664,16120,12031,20262,14033,17259,14914
dbn1,107,27,144,76,80,28,101,16,99,34,107,49
dbndd1,11,3,15,8,5,3,13,6,13,11,12,6
dbndd2,404,127,558,167,310,169,350,121,461,132,464,141
dbnl,766,452,782,542,758,466,774,447,860,441,747,488
dbp,1228,62,866,279,352,85,107,1235,1293,660,90,57
dbr1,168,172,194,185,147,175,147,201,191,141,167,179
dbt,1585,2209,1525,1995,1700,2207,1502,2014,2071,2082,1051,2578
dbx1,0,0,0,0,0,0,0,0,0,0,0,0
dbx2,0,0,0,0,0,0,0,0,0,0,0,0
dcaf10,630,595,761,782,579,591,601,696,720,574,774,712
dcaf11,4870,5900,3631,5502,4918,5262,4308,5437,6919,6078,2229,5467
dcaf12,697,509,978,653,641,500,709,579,849,506,782,605
dcaf12l1,163,46,84,84,189,59,151,54,144,53,13,68
dcaf12l2,3,2,6,5,1,0,0,1,0,0,0,4
dcaf13,660,609,795,490,759,535,757,529,941,546,1320,574
dcaf15,167,91,167,66,145,74,127,97,119,96,186,91
dcaf17,369,303,528,323,330,310,329,341,606,280,522,331
dcaf4,101,67,121,43,110,70,91,63,121,55,93,46
dcaf5,694,521,897,673,540,609,619,735,768,515,513,594
dcaf6,914,567,1362,689,709,673,912,641,926,558,1025,616
dcaf7,1099,831,1158,1031,1207,937,1218,935,1314,766,1167,1047
dcaf8,3291,2715,4142,2830,3477,3043,3390,3029,4450,2837,4131,3247
dcakd,293,174,237,199,252,165,238,168,266,180,230,172
dcbld1,162,45,165,54,119,57,164,71,178,56,108,65
dcbld2,211,141,778,244,185,167,171,191,268,160,168,214
dcc,0,0,0,0,0,2,0,0,0,0,0,0
dcdc2b,20,24,29,17,19,14,17,12,28,14,25,20
dcdc2c,24,16,62,40,18,28,44,29,49,37,40,39
dchs1,219,93,326,150,189,90,209,86,181,75,284,111
dchs2,8,7,9,18,5,9,11,6,11,6,8,10
dck,244,96,222,130,260,141,247,138,269,133,290,153
dclk1,43,21,65,78,33,7,69,23,81,45,49,74
dclk2,25,10,46,12,16,12,20,11,34,18,24,14
dclk3,183,136,57,187,154,166,41,254,193,219,147,136
dclre1a,317,268,336,295,430,241,317,280,533,310,400,241
dclre1b,116,103,164,114,106,83,180,96,188,70,111,100
dclre1c,157,123,314,153,137,99,148,172,292,137,218,204
dcn,6620,6607,4294,13131,6637,6046,6899,5448,9502,5980,4785,6138
dcp1a,187,151,297,193,170,162,216,167,278,168,196,217
dcp1b,73,41,85,69,34,52,52,50,74,64,53,49
dcp2,682,512,833,551,716,513,743,601,1082,513,864,612
dcps,301,383,293,315,264,308,260,314,397,357,313,389
dcst1,11,8,30,5,9,6,9,4,26,9,6,17
dcst2,5,2,4,4,3,1,1,4,3,3,2,4
dcstamp,5,5,4,4,2,2,6,3,8,2,2,1
dct,73,152,33,169,64,219,46,238,58,261,13,204
dctd,9,3,27,5,6,1,11,5,17,6,9,4
dctn1,767,396,772,592,565,434,543,411,605,395,412,393
dctn2,2261,1576,2042,1818,2246,1945,2265,1624,2057,1490,2026,1736
dctn3,491,464,482,466,469,411,462,383,558,396,496,477
dctn4,947,713,966,702,902,721,906,715,1223,753,1106,701
dctn5,460,389,660,405,441,420,476,379,583,421,464,423
dctn6,329,245,312,258,248,236,270,194,410,218,335,214
dctpp1,513,466,407,401,443,416,396,412,495,431,398,368
dcun1d1,1397,1712,1560,1717,1594,1665,1534,1902,1805,1604,1620,1674
dcun1d2,335,302,297,344,325,312,318,307,372,324,262,381
dcun1d3,318,206,545,235,247,205,371,240,405,201,427,260
dcun1d4,634,548,575,714,642,448,458,603,828,494,749,496
dcun1d5,551,684,583,704,513,622,558,615,703,638,560,560
dcx,10,11,20,19,8,8,4,13,24,26,10,30
dcxr,881,1533,765,1427,1139,1569,1093,1172,1103,1430,483,1416
dda1,296,175,316,219,267,184,228,188,263,166,224,192
ddah1,2416,1476,1546,1590,2441,984,2218,860,2498,1178,2044,1096
ddah2,160,47,105,95,109,37,99,31,127,54,188,48
ddb1,8229,4424,9440,5243,7282,5286,7280,5075,7744,4815,7731,5527
ddb2,154,77,160,70,124,75,118,75,231,65,269,66
ddc,1297,1848,1196,2487,2165,2234,1945,1389,2149,2789,2466,2518
ddhd1,446,472,479,533,433,559,514,417,571,427,418,483
ddhd2,663,392,485,447,596,476,544,472,839,361,985,479
ddi1,3,1,1,0,3,0,1,0,3,2,7,1
ddias,81,27,138,21,50,24,71,25,76,26,29,32
ddit3,337,88,512,133,180,106,185,103,204,139,207,113
ddit4,298,131,963,273,383,204,1105,109,482,141,1615,101
ddit4l,132,27,178,39,84,7,80,13,105,12,112,14
ddn,0,0,0,1,3,0,0,0,0,0,0,0
ddo,375,287,347,352,537,324,408,310,539,355,421,313
ddost,2343,1688,3004,2142,1915,1803,1910,1909,2144,1735,2135,2056
ddr1,473,22,455,153,244,28,213,44,380,35,751,50
ddr2,346,203,303,605,325,227,289,213,404,214,342,248
ddrgk1,1742,1367,1584,1425,1383,1449,1414,1202,1842,1245,1476,1511
ddt,3247,3665,2422,3873,3523,3882,3727,3086,3348,3850,1110,3984
ddx1,2130,1700,2439,1771,1998,1784,1958,1726,2515,1816,1912,1837
ddx10,333,405,346,465,307,402,311,332,435,366,403,367
ddx11,166,78,192,102,130,73,153,117,204,89,210,108
ddx17,2678,2552,3802,3231,2496,1959,2280,2201,3586,2590,2952,2317
ddx18,430,307,647,396,414,323,509,266,633,357,608,358
ddx19a,481,354,402,418,381,374,383,380,421,323,427,420
ddx19b,554,512,720,567,434,550,413,736,692,535,435,582
ddx20,249,251,365,201,287,251,338,291,423,264,224,252
ddx21,1053,773,1607,1145,1047,957,1220,940,1269,970,1206,934
ddx23,1258,914,1488,1021,1094,967,1062,926,1441,855,1300,1033
ddx24,1065,743,1157,862,927,888,869,880,1133,827,716,814
ddx25,18,3,269,8,2,3,44,2,4,6,1,4
ddx27,569,356,787,476,454,427,521,398,669,415,569,439
ddx28,460,276,419,255,359,247,347,293,396,305,404,243
ddx31,163,127,286,173,160,131,167,177,252,141,173,172
ddx39b,1066,627,1273,740,896,771,1018,656,1222,757,1036,800
ddx3x,5976,7467,7402,7717,6759,7284,6656,7381,9404,5988,7022,7494
ddx3y,2534,2666,2725,2757,1670,2879,1784,2430,2060,2426,566,2740
ddx4,5,0,2,0,1,2,3,0,2,0,5,3
ddx41,727,432,682,511,675,417,631,472,706,492,596,465
ddx42,959,826,1239,945,969,851,1034,886,1326,824,1069,864
ddx43,1,1,6,1,1,1,3,1,1,3,3,1
ddx46,954,848,1184,866,823,1031,870,1080,1142,795,865,882
ddx47,578,492,598,506,471,529,544,496,699,509,411,546
ddx49,486,331,492,379,446,316,383,334,514,350,530,354
ddx5,9898,8419,11523,8563,9927,9525,10845,10073,15100,9331,12214,8897
ddx50,1301,1657,1333,1760,1227,1238,1252,1374,1559,1373,1515,1449
ddx51,148,122,207,158,133,123,155,107,192,129,206,172
ddx52,669,619,804,570,748,601,847,564,1004,704,1306,577
ddx54,890,510,867,589,833,589,802,607,787,541,1055,628
ddx55,141,91,194,112,146,91,137,123,189,103,190,135
ddx56,580,456,679,471,557,477,631,480,678,426,531,558
ddx59,113,98,119,80,117,99,113,90,167,76,164,81
ddx6,1771,1756,2084,2585,1743,1973,2122,2009,2542,1639,2014,2016
ddx60,426,425,407,362,532,425,355,481,712,501,422,404
deaf1,148,129,189,127,138,115,162,114,161,107,112,113
decr1,3407,4110,2289,3474,3648,3488,2797,3226,4659,3325,3560,3971
decr2,4078,2849,2415,2922,3129,2760,3631,2300,3988,2400,3674,3017
dedd,325,288,439,272,352,257,329,270,381,286,292,319
dedd2,476,307,503,321,289,385,275,377,390,459,234,358
def6,31,7,19,13,16,6,27,9,37,7,29,9
def8,1001,629,550,645,763,667,576,555,814,689,608,596
defa5,0,0,0,0,0,0,0,0,0,0,0,0
defb1,515,16,154,25,461,18,418,5,756,28,1245,22
degs1,3459,1815,2478,1910,3310,1791,3069,1695,4301,1793,3823,2041
degs2,18,2,41,9,13,8,29,17,51,9,24,4
dek,1100,1103,1208,1249,1087,1204,1054,1032,1161,945,1016,1103
dennd1a,339,255,355,290,282,255,296,244,437,209,285,298
dennd1b,1154,771,1575,1024,1089,899,1219,945,1625,837,1574,907
dennd1c,83,60,108,79,95,58,70,68,89,58,85,80
dennd2a,138,77,147,148,100,91,121,84,162,97,97,125
dennd2c,33,34,45,52,37,33,49,40,59,19,45,36
dennd2d,293,230,323,215,392,205,288,219,503,223,397,240
dennd3,199,94,222,121,165,75,150,89,206,59,273,84
dennd4a,922,950,1028,872,766,1041,1012,1070,1242,958,1048,989
dennd4b,164,75,175,121,100,57,137,81,190,97,84,82
dennd4c,1330,1113,1646,1290,1225,1297,1317,1367,1595,1185,1386,1496
dennd5a,1411,896,1896,1188,1160,910,1562,844,1503,826,1286,1086
dennd5b,2485,2247,2685,2475,2081,2675,2560,3075,3127,2522,1639,2887
dennd6a,939,645,933,806,773,763,874,749,1012,705,631,812
dennd6b,94,68,99,64,76,58,67,74,121,86,76,78
denr,569,543,664,538,634,572,639,539,802,516,811,575
depdc1b,12,2,21,2,12,0,16,2,13,5,14,1
depdc5,303,279,258,278,358,293,315,316,422,294,398,312
depdc7,802,917,1027,814,740,880,502,980,1048,958,690,913
deptor,2666,2394,1939,2906,2221,2680,2066,3395,3306,2444,2848,2722
dera,1198,1223,806,995,1250,1272,1130,1018,1432,1130,787,1202
derl1,3905,2689,6453,2795,3527,2682,3236,2642,4287,2733,3856,2629
derl2,1952,2140,2151,2190,2222,1914,2355,1677,2768,2165,2296,2156
derl3,113,68,223,168,56,12,58,80,39,74,105,59
des,214,229,288,323,171,113,518,109,182,126,138,137
desi1,515,410,576,477,562,423,388,455,501,385,385,403
desi2,924,509,1240,606,977,520,1057,398,1018,512,1665,599
det1,133,103,249,92,138,86,142,82,143,108,132,101
dexi,207,259,174,319,279,291,187,238,305,255,131,217
dffa,215,213,274,246,213,214,203,247,313,229,200,219
dffb,39,28,73,33,36,37,44,42,57,28,47,35
dgat1,533,401,651,339,634,326,537,324,688,288,623,340
dgat2,6212,5882,8691,6637,5833,7864,4346,8588,6573,6881,4370,6612
dgat2l6,1,2,6,7,1,4,3,3,7,8,1,7
dgcr2,1235,978,1244,1226,1169,1187,1060,1197,1447,1111,728,1329
dgcr6,571,506,260,493,515,527,457,423,595,464,216,481
dgcr8,334,295,366,331,305,245,331,284,442,250,279,303
dgka,160,134,154,176,134,127,139,160,170,169,177,156
dgkb,1,3,0,2,2,1,3,2,3,3,0,1
dgkd,1091,362,2290,522,990,395,955,555,1236,428,1363,522
dgke,161,102,273,117,125,87,174,124,220,120,280,112
dgkg,10,8,28,4,5,2,9,5,10,7,10,8
dgkh,53,24,95,38,40,34,57,40,69,41,70,43
dgki,1,2,0,1,1,0,1,0,0,1,2,0
dgkk,0,0,0,0,0,0,0,0,0,0,0,0
dgkq,501,373,659,343,569,397,564,533,852,438,692,442
dgkz,1332,443,1800,603,1017,521,973,553,1115,455,929,555
dguok,243,172,251,221,202,170,185,189,276,195,141,210
dhcr24,13477,6659,11646,7944,10637,8314,9967,10647,12343,7259,5180,6879
dhcr7,1193,780,1744,809,922,1402,1147,1264,1080,895,695,1252
dhdds,455,449,462,559,390,448,337,387,444,456,368,479
dhdh,2936,3203,2106,3366,2884,3599,2705,3205,3833,3108,2088,3603
dhfr,862,920,1053,816,1072,845,1003,1027,1128,891,906,799
dhh,8,7,8,8,9,9,2,0,6,6,2,6
dhodh,166,142,142,168,181,133,137,149,204,154,150,185
dhps,283,130,258,173,204,125,172,151,252,164,219,142
dhrs1,2008,2210,1755,1946,1888,1974,2020,1755,2534,2167,1219,2109
dhrs11,386,313,345,380,436,301,428,230,421,373,308,308
dhrs13,162,60,97,69,126,59,116,62,176,63,163,58
dhrs2,0,1,0,0,0,0,0,0,0,0,2,1
dhrs3,1868,2232,1543,2022,2132,2084,1690,1478,2127,2127,1862,2319
dhrs4,1971,1874,1225,1700,1817,1486,1607,1275,2221,1505,1054,1492
dhrs7,567,464,746,414,424,428,505,357,689,428,512,490
dhrs7b,556,457,488,415,733,459,656,380,813,521,721,419
dhrs7c,2,8,14,10,0,1,11,1,0,0,0,0
dhrs9,777,356,933,354,778,307,735,115,1053,412,1454,349
dhtkd1,880,829,677,970,835,862,849,875,1485,863,570,1024
dhx15,1887,1734,2366,1942,1900,1690,2021,1672,2398,1751,2679,1933
dhx16,727,614,869,713,720,663,693,661,828,613,885,700
dhx29,346,333,479,464,349,331,370,340,416,400,377,414
dhx30,531,473,695,664,540,556,523,546,733,561,518,638
dhx32,934,673,1363,606,729,680,873,597,864,535,798,591
dhx33,546,408,840,450,589,395,880,509,823,489,689,609
dhx34,174,113,227,139,161,131,146,167,173,138,141,144
dhx35,248,124,317,124,167,126,151,125,211,105,167,112
dhx36,1116,1234,1274,1454,1144,1418,1154,1274,1324,1189,963,1450
dhx37,252,155,337,215,262,180,263,207,296,164,368,224
dhx38,664,366,770,538,520,468,564,390,636,477,670,537
dhx40,1124,1123,964,1291,1150,961,1086,1053,1273,920,1247,1119
dhx57,404,245,488,353,353,245,430,267,515,273,618,321
dhx58,489,279,347,238,601,263,468,239,617,320,512,238
dhx8,462,347,585,456,513,456,566,403,625,394,501,439
dhx9,1101,1046,1674,1433,1125,1146,1417,1222,1578,1092,1783,1254
diablo,572,612,560,576,693,523,524,494,772,571,913,537
diaph1,1107,837,1025,1270,1011,913,1088,889,1120,787,1099,1068
diaph2,396,423,526,657,387,470,452,504,561,409,441,509
diaph3,67,14,97,17,49,6,105,20,81,16,52,20
dicer1,876,754,982,1059,720,849,814,1069,1018,810,622,1096
dido1,1117,812,2005,1076,899,1006,1136,1044,1686,925,1155,864
dimt1,111,76,176,96,102,96,102,103,158,100,142,102
dio1,1247,3013,331,2582,1461,2522,869,3062,1565,3158,1559,1300
dio2,4,2,3,4,0,1,2,0,3,0,1,1
dio3,2,0,3,0,0,0,2,0,4,0,2,0
dip2a,215,102,265,164,179,86,234,105,254,80,226,99
dip2b,573,247,948,392,453,305,569,412,614,269,608,375
dip2c,629,532,806,725,578,602,678,639,747,608,562,684
diras1,0,0,0,0,0,0,0,0,0,0,0,0
diras2,3,1,7,6,1,1,2,2,6,1,9,1
dis3,207,207,268,242,194,213,236,214,299,170,182,284
dis3l,325,394,308,495,350,381,307,424,373,446,289,450
dis3l2,339,317,361,322,485,385,425,369,540,352,508,394
disc1,16,3,45,19,13,13,26,18,18,18,27,10
disp1,82,45,389,90,46,53,86,40,71,47,102,57
disp2,23,80,99,69,22,86,34,57,47,58,67,67
dixdc1,402,454,303,397,326,373,270,413,531,482,354,351
dkc1,487,415,475,386,455,352,369,370,650,458,322,426
dkk1,7,2,2,1,2,1,3,3,6,6,5,6
dkk2,15,5,379,5,10,8,17,11,18,9,22,6
dkk3,353,101,380,312,316,120,352,88,321,91,242,66
dkk4,1,4,0,8,3,29,0,9,4,13,0,6
dkkl1,0,1,0,1,2,1,1,1,1,1,3,0
dlat,618,824,688,839,723,1086,732,771,894,679,592,1065
dlc1,1392,997,1170,1670,907,1144,816,920,1026,1109,871,954
dld,2547,3457,1962,3497,3312,3197,2427,2785,3820,3121,2554,3414
dlec1,27,13,34,17,14,14,9,13,43,22,14,16
dleu7,2,0,0,1,0,1,0,0,2,0,0,0
dlg1,1565,1082,1662,1321,1261,1341,1323,1292,1693,1124,1348,1328
dlg2,15,7,14,15,36,1,28,4,25,9,40,8
dlg3,365,393,340,383,360,382,293,406,488,433,195,425
dlg4,26,18,28,29,22,5,21,9,22,5,23,11
dlg5,118,73,170,113,92,75,112,88,174,65,82,115
dlgap1,58,70,89,65,55,71,70,68,103,56,89,101
dlgap2,15,0,0,0,1,0,0,0,3,0,1,0
dlgap3,0,1,2,1,2,0,1,0,1,1,0,2
dlgap4,318,93,385,188,227,125,231,112,302,122,264,153
dlgap5,62,10,97,10,74,3,88,10,94,19,57,15
dlk1,266,0,87,1,26,1,14,1,22,0,69,2
dlk2,2,0,2,1,0,0,4,0,6,0,1,0
dll1,76,44,137,60,80,77,82,51,129,78,78,63
dll3,1,2,8,2,1,2,5,1,8,6,2,6
dll4,178,64,252,73,105,48,122,45,144,49,279,49
dlst,2811,2823,2445,2697,2934,3059,2592,2808,3344,2738,2013,3181
dlx1,5,5,63,3,1,3,2,7,17,13,9,7
dlx2,0,0,9,0,0,0,0,0,0,0,0,0
dlx3,1,0,18,0,0,0,3,0,0,0,1,1
dlx4,36,1,65,4,22,2,27,1,13,2,70,2
dlx5,0,0,0,0,0,0,0,0,0,0,0,0
dlx6,112,367,104,25,182,139,71,66,50,30,18,28
dmap1,213,223,208,179,230,214,212,181,275,219,235,229
dmbt1,3677,348,2169,494,3345,78,991,29023,456,8511,4,12690
dmbx1,0,1,5,3,3,1,0,3,2,2,5,2
dmc1,0,0,2,1,0,1,0,1,0,1,2,0
dmd,1151,700,874,748,933,754,825,800,1429,693,882,798
dmgdh,4391,8285,3068,8539,5490,10671,4438,7511,5785,7904,2109,9594
dmkn,38,7,11,79,10,12,117,40,30,29,1,31
dmp1,2,1,0,3,2,0,3,0,3,0,5,1
dmpk,859,209,656,268,578,183,1003,202,880,183,534,213
dmrt1,0,0,0,0,0,0,0,0,1,0,0,0
dmrt2,1,6,90,10,0,6,0,13,2,7,1,8
dmrt3,0,0,3,1,0,0,0,0,0,1,0,0
dmrta1,14,59,38,77,11,35,14,8,24,10,12,13
dmrta2,1,0,1,1,0,0,1,2,1,2,1,1
dmrtb1,0,0,0,0,0,0,0,0,0,0,0,0
dmrtc2,0,0,0,0,1,0,0,0,0,0,0,0
dmtf1,519,531,736,622,560,606,549,619,875,566,639,648
dmtn,21,10,17,18,11,5,14,6,27,7,24,10
dmwd,268,184,357,204,231,170,284,192,286,197,187,176
dmxl1,1683,1652,1953,1991,1770,1772,2092,1934,2628,1619,2339,2029
dmxl2,831,1070,972,1464,1146,1368,1445,1695,1768,1112,1130,1457
dna2,155,211,232,202,170,252,142,282,256,197,172,237
dnaaf1,1,1,2,1,1,2,2,3,3,0,1,0
dnaaf2,90,115,111,88,98,97,74,97,132,92,66,107
dnaaf3,20,5,23,19,12,6,16,5,18,4,10,10
dnaaf5,185,103,147,116,144,108,125,119,146,103,150,111
dnah1,99,8,93,17,114,13,245,9,252,21,152,10
dnah10,3,0,4,3,2,1,5,1,2,0,4,0
dnah11,7,1,9,2,4,2,4,2,13,1,23,3
dnah12,12,0,10,0,12,1,14,6,21,3,18,2
dnah14,26,25,42,29,27,31,22,15,25,35,28,22
dnah17,18,16,59,14,23,36,29,20,50,27,24,31
dnah2,28,3,33,8,14,0,24,6,15,13,20,6
dnah3,3,0,2,2,4,2,3,1,2,0,11,1
dnah5,34,7,25,3,78,13,72,8,193,8,175,17
dnah6,0,0,12,5,0,1,1,0,8,1,4,1
dnah8,19,19,14,28,37,9,20,7,41,14,41,19
dnah9,0,0,4,4,5,1,1,4,8,3,3,5
dnaja1,3697,5839,4434,8373,4264,5400,3945,4742,5791,7375,4888,6619
dnaja2,3326,2270,2922,2355,2639,2339,2562,2244,3069,2067,3373,2271
dnaja3,1937,1737,1665,1858,1719,1786,1755,2002,1935,1743,1321,1870
dnaja4,105,160,126,227,109,150,139,109,122,180,116,147
dnajb1,462,302,596,482,415,453,492,302,610,318,412,569
dnajb11,1898,2267,2337,2829,1480,1564,1711,2099,1845,2343,1495,2118
dnajb12,931,743,1062,776,922,718,885,750,996,761,777,770
dnajb13,21,13,47,21,17,9,33,12,52,12,37,12
dnajb14,598,523,779,747,677,487,683,541,764,529,691,682
dnajb2,983,801,1167,939,1165,696,1024,560,1221,870,889,868
dnajb4,678,576,997,963,916,951,926,663,1092,588,747,924
dnajb5,85,67,86,103,78,52,83,68,87,69,95,44
dnajb6,1536,1463,1669,1503,1499,1378,1525,1510,2054,1497,2011,1481
dnajb7,2,7,7,6,5,2,2,1,4,3,4,6
dnajb8,0,0,0,1,0,1,0,0,1,1,1,0
dnajb9,1352,1338,1767,2457,843,1397,929,836,1170,876,1320,1292
dnajc1,948,736,1379,877,778,701,892,821,1471,881,1009,838
dnajc10,2699,996,7060,1158,2056,841,2722,1245,3212,1124,5273,1082
dnajc11,881,838,1038,933,899,846,815,1003,1099,999,928,925
dnajc12,172,410,595,303,264,289,253,709,179,278,291,217
dnajc13,984,982,1232,1165,1012,1055,1320,1142,1499,1049,1188,1201
dnajc14,850,809,1003,902,867,703,962,766,1137,837,957,855
dnajc15,577,558,413,575,588,565,576,509,665,451,419,516
dnajc16,346,261,454,282,259,265,312,322,341,256,335,283
dnajc17,81,45,93,44,65,56,61,47,66,52,65,53
dnajc18,370,212,349,277,371,267,410,293,489,249,496,237
dnajc19,1007,1232,832,1203,1233,1221,987,927,1160,1057,900,1073
dnajc2,573,426,611,485,624,402,563,378,666,426,797,431
dnajc21,409,393,502,447,364,360,385,353,497,402,461,391
dnajc22,2111,2145,2762,2014,2366,2348,2073,2154,3234,2252,2692,2375
dnajc24,138,96,160,118,116,125,109,114,165,101,164,93
dnajc25,370,376,543,386,324,384,375,354,452,363,458,432
dnajc27,27,31,40,35,27,31,32,28,33,34,43,19
dnajc28,280,287,197,263,294,317,198,267,341,315,183,314
dnajc3,6363,8499,7783,10095,6476,6165,6800,7822,8804,8977,8244,7756
dnajc30,248,185,199,224,237,206,188,204,228,194,250,182
dnajc4,172,118,128,134,172,147,162,122,174,116,184,124
dnajc5,1530,1078,2306,1419,1275,1097,1455,1258,1744,1093,1698,1259
dnajc5b,0,0,0,0,0,0,0,0,0,0,0,0
dnajc5g,0,0,0,0,0,0,0,0,0,0,0,0
dnajc6,7,10,14,23,8,7,9,12,11,6,11,12
dnajc7,958,754,950,690,863,861,941,754,1178,796,819,841
dnajc8,592,561,698,489,588,482,575,525,694,525,829,438
dnajc9,215,128,189,143,165,114,147,133,260,122,150,120
dnal1,52,31,106,56,56,26,50,52,92,62,86,51
dnal4,161,88,156,103,123,83,109,97,125,91,143,81
dnali1,2,3,5,4,3,0,5,0,8,1,4,3
dnase1,113,28,33,20,262,18,34,16,1835,13,482,16
dnase1l1,213,99,167,148,190,105,189,107,297,117,172,88
dnase1l2,8,18,11,18,15,12,15,3,25,5,13,16
dnase1l3,828,834,372,904,665,894,744,638,591,589,284,799
dnase2b,453,563,462,504,438,567,364,472,556,563,270,583
dnd1,12,3,20,5,6,10,13,4,23,8,8,10
dner,0,1,66,0,2,0,1,0,1,0,1,0
dnhd1,31,12,92,27,47,28,46,32,46,32,55,17
dnlz,444,299,579,318,429,290,397,305,501,342,346,282
dnm1,18,9,26,62,18,2,22,10,26,22,15,13
dnm1l,1346,1159,1373,1329,1289,1157,1365,1004,1790,1276,1230,1416
dnm2,1243,749,1545,997,914,807,1047,808,1108,737,1020,873
dnm3,57,22,76,35,33,11,41,20,58,19,90,23
dnmbp,541,278,409,325,356,332,346,271,474,345,607,358
dnmt1,459,278,751,357,492,323,452,329,619,328,572,371
dnmt3a,666,322,775,512,512,418,536,468,801,450,432,456
dnmt3b,44,48,80,61,38,64,39,30,56,37,73,55
dnmt3l,1,1,0,1,0,0,0,0,0,0,1,0
dnpep,1795,1041,2022,1279,1828,895,1688,860,1791,1057,2460,972
dnph1,202,132,153,135,236,158,178,132,201,140,243,139
dntt,238,33,67,40,168,76,124,34,139,33,39,45
dnttip1,296,122,431,161,244,181,244,172,278,153,338,147
dnttip2,601,588,730,613,746,636,721,618,861,674,725,635
doc2a,0,0,1,0,0,1,0,0,0,0,0,0
doc2b,7,3,5,7,1,5,5,1,2,2,2,1
dock1,863,556,1176,808,641,720,802,866,823,631,1126,750
dock10,772,412,820,535,766,307,951,353,1162,332,797,405
dock11,257,138,200,290,217,103,309,118,335,145,219,159
dock2,537,240,528,474,505,179,676,242,803,249,574,265
dock3,25,19,23,48,18,22,17,19,42,20,10,18
dock4,471,560,967,636,420,626,574,691,592,449,535,620
dock5,538,424,661,520,459,487,553,645,750,469,406,542
dock6,289,229,444,314,256,245,236,167,322,223,352,304
dock7,598,346,858,466,565,391,760,399,889,345,780,536
dock8,905,741,685,1039,1013,846,791,803,1113,775,962,922
dock9,524,389,568,463,460,389,503,375,765,341,520,468
dohh,445,350,477,424,436,378,462,371,503,367,390,345
dok1,142,48,103,70,118,42,108,35,110,53,81,42
dok2,133,73,119,107,118,46,146,52,128,77,82,67
dok3,84,25,66,51,57,19,72,25,69,32,60,27
dok4,62,30,59,32,47,15,36,29,104,27,67,27
dok5,33,56,38,35,48,36,51,67,66,45,41,58
dok6,15,10,50,37,15,19,14,19,36,23,12,25
dok7,2,1,4,2,4,0,3,0,2,2,2,1
dolk,345,284,385,270,257,274,318,291,367,276,273,288
dolpp1,234,217,318,174,244,168,169,220,315,182,129,216
donson,104,67,163,88,117,77,123,73,143,66,72,80
dot1l,122,109,233,145,141,106,209,133,203,88,133,120
dpagt1,386,422,382,514,317,370,385,373,454,439,301,481
dpep1,171,43,161,100,228,19,222,38,213,33,175,28
dpep2,61,11,33,27,32,7,38,26,69,45,25,36
dpep3,2,0,0,0,0,0,0,0,1,1,0,0
dpf1,18,1,33,6,16,11,21,11,16,9,34,7
dpf2,412,280,470,356,357,320,398,350,474,276,347,341
dpf3,19,18,21,14,18,12,5,22,21,21,9,21
dph1,320,338,292,311,368,288,385,345,412,347,414,284
dph2,98,40,124,73,69,71,79,56,121,40,90,83
dph3,515,422,517,419,451,383,512,393,633,436,438,394
dph5,247,202,285,214,305,260,288,261,387,227,260,236
dph6,106,88,151,121,98,98,100,83,150,73,141,110
dph7,157,105,117,108,122,109,97,106,201,101,150,75
dpm1,731,872,857,648,656,763,706,708,1027,759,668,796
dpm2,305,211,480,202,242,201,219,166,320,209,252,182
dpm3,440,404,393,392,470,393,399,336,416,382,340,383
dpp10,67,65,145,95,53,57,81,100,179,88,87,129
dpp4,2328,3944,1524,3540,3209,3777,2629,3281,5557,3832,4401,4277
dpp6,14,15,39,27,12,28,29,28,55,36,17,30
dpp7,974,541,930,478,1048,596,825,600,1325,598,1811,525
dpp8,1360,1404,1632,1648,1269,1481,1344,1613,1929,1427,1423,1607
dpp9,724,586,1012,788,666,648,869,622,722,605,921,708
dppa2,1,1,6,1,2,0,0,0,2,0,6,2
dppa3,4,3,4,4,5,3,5,2,10,2,4,0
dppa4,0,0,0,0,0,0,0,0,0,0,1,0
dpt,554,249,188,815,610,181,368,225,610,278,494,190
dpy19l1,1053,1634,1111,1674,1284,1640,1242,1656,1439,1691,1258,1661
dpy19l2,1,0,0,1,0,0,1,0,0,0,1,2
dpy19l3,170,452,390,433,174,711,185,490,201,314,445,428
dpy19l4,560,604,612,629,570,552,591,587,639,538,652,631
dpy30,455,329,358,347,523,352,527,294,524,316,666,329
dpyd,4758,12038,3697,12632,6515,14058,6147,11085,8147,10628,2756,11513
dpys,5737,3830,1967,3536,5745,3445,5088,2965,7044,2985,5547,3830
dpysl2,739,380,756,844,611,467,612,328,806,373,888,477
dpysl3,257,73,345,253,283,93,267,82,333,116,482,136
dpysl4,9,2,11,5,12,1,7,2,16,6,6,3
dpysl5,9,3,7,22,3,6,5,0,5,5,2,2
dqx1,317,104,430,113,206,102,284,99,354,103,167,118
dr1,662,401,666,603,581,484,589,383,727,369,1001,456
dram1,112,48,92,93,66,32,105,50,136,78,80,87
dram2,1750,1766,1656,1732,2098,1506,1996,1367,2328,1553,2126,1738
drap1,1009,635,831,777,853,614,852,553,771,579,766,558
draxin,3,5,7,5,1,0,4,3,4,2,2,7
drc1,178,22,185,15,61,26,40,36,60,41,51,22
drc7,0,0,1,0,0,0,0,0,0,0,1,0
drd1,2,1,5,4,2,3,1,2,2,2,2,3
drd2,0,0,0,0,0,0,0,0,0,0,0,1
drd3,0,0,5,0,0,0,0,0,2,0,0,0
drd4,1,0,3,0,0,0,0,1,0,0,0,0
drd5,0,0,0,0,0,0,0,0,0,0,0,0
drg1,1212,932,1043,992,1197,982,1222,950,1354,891,1289,990
drg2,619,589,623,631,746,587,697,536,801,571,651,631
drosha,230,96,288,179,217,139,187,132,244,115,255,151
drp2,10,9,5,8,10,6,2,7,25,6,19,9
dsc1,1,0,1,0,1,0,37,1,2,1,3,0
dsc2,1179,669,1324,635,989,638,1080,846,1686,822,1917,713
dsc3,1,0,0,0,1,0,6,0,5,0,0,0
dscam,2,0,5,1,3,1,1,0,6,1,4,0
dscaml1,0,0,1,0,1,0,0,0,2,0,1,1
dscc1,15,21,34,13,23,15,26,34,42,20,42,24
dse,758,456,565,626,670,515,658,414,724,469,447,582
dsel,99,62,84,150,81,55,98,66,132,78,98,107
dsg2,1779,1422,1974,1571,1498,1559,1723,1752,2456,1524,2865,1627
dsg3,3,0,3,0,1,0,9,0,6,1,5,2
dsg4,0,0,0,0,0,0,0,0,0,0,1,0
dsn1,83,6,73,9,53,8,70,16,97,12,49,5
dsp,1975,1000,2928,1131,1758,1063,1886,1294,2322,955,2072,1443
dspp,0,0,0,0,0,0,0,0,0,0,0,0
dst,5966,1964,18103,2990,4507,2088,8083,2826,7670,2323,8552,3043
dstn,7633,4060,7279,4319,7447,4518,7215,4571,8331,4471,6814,4933
dstyk,472,353,537,378,481,343,516,343,651,349,577,395
dtd1,241,184,157,179,218,207,181,165,266,183,156,197
dtd2,201,244,198,202,262,252,198,172,264,203,164,213
dthd1,4,2,2,0,1,0,0,1,0,1,0,0
dtl,45,31,117,31,54,15,64,38,103,33,92,32
dtna,20,20,33,25,15,10,25,17,45,8,20,16
dtnb,580,438,572,526,507,547,652,506,679,531,484,575
dtnbp1,556,460,538,479,492,500,527,450,495,386,341,479
dtwd1,148,175,288,202,154,178,140,142,211,172,171,140
dtwd2,83,79,63,89,70,80,63,58,87,70,87,71
dtx1,29,20,34,20,23,22,25,24,26,12,22,11
dtx2,118,74,126,77,87,87,87,76,122,92,119,75
dtx3,125,44,153,89,95,49,158,52,140,62,119,41
dtx3l,1433,1441,1326,1596,1487,1237,1114,1450,2031,1504,778,1411
dtx4,534,455,447,486,538,411,555,290,458,404,576,489
dtymk,379,243,552,266,389,321,385,208,424,292,631,280
duox1,2,1,3,1,4,3,5,2,3,1,2,1
duox2,3,1,1,6,2,0,3,26,10,10,1,13
duoxa1,1,0,4,0,0,0,1,0,1,0,0,0
duoxa2,2,2,0,1,0,0,2,5,5,3,0,1
dus1l,1361,1187,1198,1210,1580,1019,1617,1089,1718,1029,1623,1212
dus2,309,182,236,184,228,187,210,180,252,199,324,199
dus3l,283,188,295,197,286,170,287,188,271,174,346,176
dus4l,39,89,43,74,63,61,51,58,66,61,34,68
dusp1,283,993,780,1473,740,381,1278,597,932,949,1048,1184
dusp10,146,83,207,95,130,85,102,81,162,121,246,83
dusp11,998,825,1163,921,892,761,1092,994,1441,961,734,1073
dusp12,461,414,578,376,471,382,399,273,531,343,553,351
dusp14,41,19,46,20,111,16,87,8,57,21,110,28
dusp15,1,1,1,2,0,0,0,0,1,0,0,0
dusp16,846,562,977,773,684,794,890,581,926,719,830,801
dusp18,22,5,37,8,11,1,10,4,14,7,10,7
dusp19,215,166,155,175,227,150,167,130,252,169,190,172
dusp2,18,7,27,24,21,8,23,7,41,5,46,8
dusp21,0,0,0,0,0,0,0,0,0,0,0,0
dusp22,235,170,286,196,215,147,179,159,229,154,147,134
dusp23,136,88,182,138,147,101,141,124,145,88,145,135
dusp26,8,2,4,11,5,0,5,39,2,14,0,14
dusp28,220,150,190,121,261,154,195,130,268,116,305,134
dusp3,1707,926,1718,1236,1588,930,1951,957,1844,901,1764,991
dusp4,231,70,751,81,115,51,201,44,172,72,284,92
dusp5,184,28,428,74,40,28,84,32,60,31,107,23
dusp6,1533,678,4853,1341,1002,781,1773,739,1256,922,1345,641
dusp7,192,81,226,120,138,67,113,78,171,65,98,90
dusp8,40,18,60,25,38,19,71,8,49,13,63,30
dusp9,32,1,40,3,22,2,6,2,14,6,11,3
dut,215,192,264,177,200,171,169,146,277,177,203,160
dvl1,1317,1027,1217,1161,1109,955,1076,1077,1284,1044,1099,1068
dvl2,141,85,194,82,99,53,139,85,168,68,116,76
dvl3,84,49,118,73,66,48,101,91,106,63,68,71
dxo,371,262,403,301,407,266,395,287,411,254,505,250
dydc1,0,0,0,0,0,0,0,0,0,0,0,0
dydc2,0,0,0,0,0,0,0,1,0,0,0,0
dym,408,381,368,465,412,391,363,383,375,358,297,399
dynap,0,0,0,0,0,1,1,0,0,0,0,0
dync1h1,4678,2942,6975,4416,4092,3573,4725,4285,5817,3487,4957,4227
dync1i1,0,1,26,3,2,3,6,0,0,0,0,0
dync1i2,1669,1065,2120,1143,1419,1008,1537,961,2314,1097,1873,1122
dync1li1,581,392,838,457,433,445,532,424,607,394,540,515
dync1li2,960,594,1046,640,825,589,822,697,1195,516,1190,636
dync2h1,165,159,252,281,188,160,190,235,343,195,256,203
dync2li1,79,26,79,40,104,16,92,26,117,25,132,16
dynll1,822,392,1442,668,815,366,888,366,914,502,1216,442
dynll2,1367,1167,1061,1573,1265,1231,1137,1047,1371,1078,880,1121
dynlrb1,835,789,957,694,795,638,770,598,1073,696,744,738
dynlrb2,1,2,1,2,0,0,0,0,0,0,2,1
dynlt3,3178,2067,2520,1818,2709,1997,2543,1746,4142,1846,3436,1931
dyrk1a,564,413,626,531,478,475,534,580,621,440,499,497
dyrk1b,157,87,193,117,110,95,99,134,121,109,79,99
dyrk2,362,365,471,386,276,320,338,383,334,419,249,330
dyrk3,93,17,204,37,124,40,120,26,156,39,261,17
dyrk4,0,3,1,0,1,0,1,1,2,0,2,0
dysf,269,140,343,191,178,153,269,101,226,123,284,155
dytn,3,1,5,7,4,1,1,2,6,1,0,2
dzank1,34,45,41,45,28,19,25,34,48,29,27,42
dzip1,29,26,26,53,22,36,38,21,34,21,17,14
dzip1l,93,22,167,41,145,27,110,45,152,27,92,44
dzip3,174,111,200,201,227,135,172,142,283,149,177,126
e2f1,126,57,148,55,116,41,113,63,175,45,94,48
e2f2,75,42,107,66,76,21,59,29,69,61,72,32
e2f3,204,118,471,120,190,96,216,123,179,88,158,111
e2f4,260,168,313,227,214,201,239,208,250,153,228,188
e2f5,133,153,136,189,163,163,182,154,202,150,175,135
e2f6,258,283,283,347,271,253,292,281,310,319,151,240
e2f7,46,30,96,26,31,33,45,41,84,47,45,39
e2f8,150,415,95,149,109,229,99,323,164,128,73,395
e4f1,187,127,173,122,140,86,163,108,206,127,161,114
eaf1,1003,656,1762,788,907,645,1176,702,1112,546,956,776
eaf2,31,49,40,58,32,33,39,55,123,51,65,32
eapp,561,706,668,703,637,614,531,616,836,679,727,681
ears2,266,265,354,294,205,237,240,189,319,313,288,288
ebag9,496,352,419,368,483,327,372,292,558,310,685,341
ebf1,41,17,57,52,27,4,40,15,55,16,50,18
ebf2,4,2,1,12,0,0,3,2,3,3,1,1
ebf3,3,1,9,10,2,5,4,8,13,3,5,3
ebf4,4,4,7,4,6,3,5,7,3,1,7,2
ebi3,31,13,27,15,39,6,27,11,15,6,25,16
ebna1bp2,444,443,562,467,477,448,453,371,613,477,551,525
ebp,3152,3877,2249,3462,3042,4611,2456,3844,4061,4057,1402,4616
ebpl,1184,1309,893,996,1079,1384,1036,1079,1473,1237,564,1407
ecd,682,614,778,584,664,541,645,526,836,587,672,592
ece1,2981,2608,2935,3267,2737,3004,2971,3276,3318,3044,2701,3502
ece2,204,132,213,186,160,148,156,148,184,132,110,123
ecel1,2,0,0,1,0,0,0,0,1,0,0,0
ech1,4306,5476,2948,4487,4539,4086,3607,3517,5339,4043,4114,4492
echdc1,1773,2248,1338,1934,1986,2845,1741,1960,2548,2313,1331,2774
echdc2,2556,2683,2530,2457,2499,2667,2352,2685,3375,2902,2600,3225
echdc3,2091,1226,1167,1071,1566,1319,1518,923,1921,1092,1672,1237
echs1,4288,4832,3487,4306,4829,5016,4228,4095,5366,4376,3144,4750
eci1,2136,1364,1175,1350,1905,1235,1694,989,2008,1215,1950,1423
eci2,2484,2621,2476,2291,2304,1942,2228,2595,2705,2178,2571,2174
ecm1,526,841,988,1311,387,875,474,680,397,729,280,951
ecm2,66,54,80,102,87,44,59,31,76,56,57,65
ecscr,185,52,185,83,149,60,159,56,201,52,181,55
ecsit,412,611,333,679,464,624,364,491,486,648,372,659
ect2,144,19,232,30,214,35,277,42,171,42,162,35
ect2l,1,0,1,1,1,2,4,0,4,3,1,2
eda,103,18,39,22,92,16,55,36,130,31,18,27
eda2r,269,43,307,76,168,55,177,28,163,30,89,29
edar,3,3,3,4,2,1,1,1,3,3,2,2
edaradd,11,9,16,17,11,11,8,43,15,20,16,19
edc3,179,202,354,222,162,181,207,207,274,219,208,252
edc4,479,290,637,347,337,354,428,357,474,288,467,365
eddm3b,0,0,0,0,0,0,0,0,0,0,0,0
edem1,3802,4171,4372,5425,3274,3502,3606,4073,3530,3703,2504,4601
edem2,1537,934,1845,1125,1272,944,1393,1142,1643,919,1382,1194
edem3,1419,1396,2556,1598,1578,1093,1756,1527,2001,1342,2736,1442
edf1,2524,1924,2361,1999,2441,2020,2142,1838,2344,1827,1549,1937
edil3,6,1,2,9,1,7,2,4,8,4,3,8
edn1,45,9,58,21,42,9,25,17,36,20,30,25
edn2,0,0,1,1,1,0,3,0,0,0,0,0
edn3,0,0,2,0,0,0,0,2,0,0,0,1
ednra,63,87,92,149,65,141,85,87,100,79,111,96
ednrb,719,421,1064,697,1004,435,980,348,1039,373,871,441
edrf1,379,430,729,568,384,561,453,637,663,472,349,599
eea1,1117,1340,1931,1468,1130,1365,1267,1379,1704,1380,1410,1488
eed,426,410,686,430,415,442,493,458,597,417,446,458
eef1a1,113323,106323,127877,114052,92038,125467,110238,93789,124808,107675,99135,119372
eef1a2,16,43,70,58,1,2,79,10,2,2,1,0
eef1akmt1,187,155,186,139,227,163,165,157,242,168,164,158
eef1b2,5684,3293,7651,4044,4513,3936,5399,3283,5145,3738,7025,3705
eef1d,2250,1401,2146,1591,1915,1592,1817,1433,2367,1564,2367,1533
eef1e1,202,206,428,215,227,212,232,160,273,188,268,214
eef1g,4969,2994,5408,4070,4038,3618,4605,3306,3960,3336,4317,3651
eef2,26257,21241,31159,25513,23193,27052,27526,22102,23643,22958,20093,24495
eef2k,199,216,236,316,191,163,156,302,264,217,383,235
eef2kmt,320,206,359,209,263,149,252,199,333,186,258,169
eefsec,540,459,394,507,514,551,456,452,492,483,306,577
eepd1,715,345,779,385,432,398,386,352,627,416,475,357
efcab11,11,3,9,2,9,0,9,2,18,3,11,8
efcab12,16,4,28,16,16,20,14,38,45,42,9,6
efcab14,475,399,532,592,457,453,475,422,565,390,657,487
efcab3,2,0,0,0,0,0,7,0,23,0,60,1
efcab5,2,1,12,4,6,0,3,1,3,1,4,1
efcab6,0,0,2,0,0,0,0,0,0,0,0,0
efcab7,25,31,34,35,42,19,30,22,45,30,81,28
efcab8,1,1,15,1,0,0,1,0,0,0,6,0
efcab9,7,0,1,0,12,0,9,3,9,0,12,0
efcc1,28,10,19,13,23,15,20,14,28,21,20,15
efemp1,465,449,257,1144,360,507,402,302,572,333,526,392
efemp2,145,60,198,119,156,92,156,54,180,77,158,70
efhb,1,1,3,7,1,0,4,2,5,1,11,0
efhc1,12,4,11,3,12,1,8,3,14,2,8,4
efhc2,0,0,1,2,0,0,1,0,1,2,1,1
efhd1,3,4,5,8,3,2,2,1,10,6,7,6
efhd2,953,401,854,581,830,413,876,563,1160,436,1126,414
efl1,334,255,570,260,291,251,328,285,432,267,386,297
efna1,874,565,1798,1007,593,887,818,828,412,2171,804,717
efna2,2,1,3,5,2,3,1,3,2,1,2,2
efna3,10,107,20,64,9,71,6,73,20,131,4,61
efna4,2,1,31,4,10,5,9,1,17,5,6,2
efna5,41,57,31,78,31,55,59,58,63,36,68,33
efnb1,430,203,277,283,338,183,206,164,342,201,163,210
efnb2,155,45,236,63,117,38,117,51,134,35,206,49
efnb3,2,0,4,6,1,0,0,1,0,0,1,0
efr3a,1620,1503,1696,1524,1775,1480,1560,1392,2215,1256,2243,1526
efr3b,13,29,43,32,14,26,27,68,28,35,24,38
efs,18,3,8,26,12,2,8,3,17,14,5,7
eftud2,586,446,711,516,587,466,642,438,729,428,721,450
egf,37,32,33,31,27,21,31,120,27,47,14,56
egfl6,13,10,26,30,7,13,11,7,17,11,6,14
egfl7,799,484,1049,525,771,534,714,451,858,468,961,474
egfl8,9,4,23,4,6,8,12,4,18,3,20,10
egflam,71,8,246,24,50,7,71,15,120,13,493,11
egfr,9538,19059,13308,21918,7536,29136,15897,33699,14747,25395,3499,20335
egln1,535,276,563,403,370,262,455,275,526,292,632,349
egln2,1068,718,1206,842,941,820,1054,791,1029,754,1137,741
egln3,163,176,717,290,163,166,179,143,246,184,187,248
egr1,459,312,891,293,125,123,229,225,202,673,228,176
egr2,27,6,65,13,14,3,33,9,32,10,25,7
egr3,3,1,2,3,2,0,4,0,2,0,1,1
egr4,0,0,0,0,0,0,0,0,0,0,0,0
ehbp1,261,284,386,292,311,302,354,305,399,261,316,349
ehbp1l1,451,279,383,368,415,204,564,201,468,217,221,197
ehd1,1362,646,986,963,1272,600,1039,528,1012,604,1054,644
ehd2,195,76,254,304,167,64,146,80,200,73,260,113
ehd3,1537,1605,930,1942,1391,1852,1507,1262,1455,1407,642,1906
ehd4,543,173,991,340,436,146,459,176,468,195,548,179
ehf,118,17,274,29,232,11,144,48,266,38,182,35
ehhadh,10534,4168,4180,4134,10146,4364,9933,2704,11299,3294,4899,5504
ehmt1,526,416,646,507,464,546,467,545,701,530,431,585
ehmt2,1747,837,1655,1056,1470,904,1582,915,1513,750,1385,936
ei24,3056,3141,2197,2925,2468,2927,2510,2823,2754,2597,2105,2721
eid1,758,229,593,317,579,189,543,262,686,205,671,207
eid2,38,7,75,19,18,6,17,5,33,11,11,7
eid2b,90,68,112,69,66,45,50,45,58,46,54,58
eid3,19,14,97,9,15,6,22,22,40,16,23,20
eif1,1694,1500,1344,2287,1773,1951,1789,1561,1823,1545,1811,1553
eif1ad,388,333,385,378,469,347,610,331,425,326,415,363
eif1ax,1326,1024,1167,1126,1214,1060,1014,925,1696,1001,1057,1031
eif1b,214,239,236,294,213,293,202,250,228,230,190,276
eif2a,949,1037,1460,1002,1031,990,1102,1070,1329,1088,1120,1013
eif2ak1,731,704,765,727,733,670,737,795,961,675,847,682
eif2ak2,869,690,1293,672,1005,648,1079,788,1446,768,1216,796
eif2ak3,565,365,603,532,412,357,524,423,560,415,493,486
eif2ak4,357,196,596,214,269,233,381,249,445,235,378,248
eif2b1,466,453,470,498,546,419,442,467,611,424,611,463
eif2b2,359,224,356,282,336,250,275,248,287,265,286,240
eif2b3,201,204,230,197,208,213,232,195,264,248,230,201
eif2b4,502,514,584,556,557,561,540,494,638,485,671,540
eif2b5,1095,839,919,957,959,868,861,833,1062,876,614,894
eif2d,917,569,1079,516,1143,606,1112,614,1193,615,1360,590
eif2s1,1277,1244,1565,1286,1282,1209,1230,1160,1675,1236,1322,1242
eif2s2,2379,2315,2992,2283,2222,2045,2450,2059,3264,2330,3326,2427
eif3a,4781,3982,5391,4952,4110,4186,4478,4001,5510,3975,5261,4522
eif3b,1730,1071,1769,1429,1447,1113,1521,1230,1750,1151,1952,1170
eif3c,3464,3107,4541,3197,2934,3076,3444,2967,4167,3236,3448,3238
eif3d,1970,1345,2077,1576,1810,1518,1625,1196,1924,1361,2044,1522
eif3e,2741,2709,3093,2738,2913,2627,2616,2178,3497,2598,4333,2519
eif3f,1473,950,1892,1291,1094,1172,1214,941,950,798,755,897
eif3g,936,842,1118,1009,779,904,974,855,936,946,699,878
eif3h,2699,1571,3013,1811,2359,1895,2121,1370,2253,1492,2695,1579
eif3i,2089,1901,2288,2016,2003,2161,1932,1771,2320,2037,2405,2004
eif3k,1173,880,1360,1038,1034,896,1165,849,1214,921,1019,848
eif3l,2336,1734,2657,1712,2419,1731,2099,1571,2911,1767,2818,1716
eif3m,2380,2221,3404,2281,2094,1931,2353,1817,2779,2264,2867,2022
eif4a1,12618,14609,12532,15801,12613,16627,11468,9187,15588,13061,13094,11054
eif4a2,7324,9466,6317,10422,7921,10735,6829,7656,10441,9504,6300,9385
eif4a3,845,613,878,740,832,680,844,582,863,518,754,690
eif4b,5934,4427,6311,4692,5006,5019,5092,4230,6084,4340,6207,4747
eif4e,1085,1182,1381,1203,1262,1073,1311,1047,1419,1253,1061,1189
eif4e1b,8,11,17,6,5,10,7,9,13,5,1,13
eif4e2,1206,669,1647,746,1201,729,1310,757,1274,690,1216,838
eif4e3,212,114,161,136,187,123,226,111,322,97,112,89
eif4ebp1,1252,608,1457,523,770,625,811,659,1039,555,1095,560
eif4ebp2,382,421,553,541,351,489,387,462,399,357,221,460
eif4ebp3,633,217,228,397,432,342,745,748,449,426,711,544
eif4enif1,495,341,624,382,537,363,603,372,675,341,649,414
eif4g1,8214,6441,8686,7563,6640,6329,6712,7564,8178,7190,5049,7412
eif4g2,8922,9899,11599,13309,8527,11067,9387,9134,11980,9054,9199,9851
eif4g3,928,517,1226,797,650,575,935,593,815,608,806,717
eif4h,3329,2264,3099,2649,3506,2464,3040,2205,3523,2179,3500,2664
eif5,4572,4644,5017,5151,3469,4155,3736,5052,4374,3899,3507,4325
eif5a,4538,3297,4304,3833,4223,3690,4410,3179,3951,3218,2892,3897
eif5a2,40,27,51,40,55,32,42,14,60,21,69,19
eif5b,993,832,1422,1084,940,882,972,856,1242,844,1329,951
eif6,2431,862,2768,984,1893,831,2122,744,2225,749,2057,805
elac1,168,149,138,224,151,166,152,177,184,184,86,175
elac2,486,360,427,466,490,421,439,387,529,391,371,450
elane,0,0,3,1,0,2,0,2,3,6,8,2
elavl1,788,677,885,881,712,697,710,601,896,634,770,839
elavl2,3,1,3,1,1,1,0,0,0,1,0,1
elavl3,5,6,13,5,1,5,2,8,11,6,2,5
elavl4,1,0,0,0,0,0,0,0,0,0,0,0
elf1,756,582,820,605,676,662,680,571,890,528,591,646
elf2,737,561,931,695,714,618,826,657,1033,511,657,645
elf3,131,10,178,18,261,8,159,21,125,18,405,14
elf4,122,51,226,151,110,52,156,65,144,68,174,83
elf5,10,10,30,23,9,8,15,20,37,28,9,25
elfn1,23,2,9,3,12,1,10,1,13,4,2,2
elfn2,133,0,58,0,101,0,24,0,200,0,109,0
elk1,126,69,131,96,102,103,115,110,137,75,78,82
elk3,361,188,473,310,292,185,269,151,296,174,295,205
elk4,1120,835,1723,1006,977,889,1299,1059,1374,839,1415,921
ell,433,268,524,323,264,259,271,351,330,302,230,249
ell2,1302,1409,1836,1451,1242,1670,1524,1403,1479,1555,1439,1667
ell3,122,39,114,38,98,42,48,38,134,47,77,35
elmo1,178,84,256,128,182,51,199,57,270,63,245,76
elmo2,347,217,531,264,279,207,468,212,397,221,330,236
elmo3,582,446,519,389,489,493,485,417,612,431,694,437
elmod1,0,0,0,0,0,0,3,0,0,0,0,0
elmod2,636,729,709,697,653,518,504,562,901,664,755,724
elmod3,218,200,136,214,191,157,184,161,239,162,154,166
eln,385,59,263,312,294,61,224,80,363,165,211,120
elof1,609,565,627,637,597,611,546,580,650,562,435,562
elovl1,700,578,744,621,678,492,610,534,889,697,531,614
elovl2,7207,6455,7196,6813,5181,6713,6949,6378,7075,7531,1642,9083
elovl3,110,12883,11,7661,261,7450,56,4494,252,6625,158,14475
elovl4,1,1,0,0,1,1,19,1,2,0,2,0
elovl5,7539,5612,6484,4194,8213,8599,8523,4001,11000,4837,2977,11222
elovl6,2369,1209,2963,1799,3499,1566,3242,1161,4136,1620,952,2376
elovl7,434,11,1026,19,596,19,621,25,484,32,412,32
elp2,836,958,1025,917,971,802,985,838,1287,971,1177,858
elp3,755,640,844,715,647,578,645,601,953,623,682,676
elp4,196,277,208,271,185,329,191,253,276,291,224,348
elp5,481,393,461,394,553,379,552,335,628,404,570,372
elp6,80,87,163,94,89,71,84,78,131,97,85,100
emb,70,25,76,73,53,22,88,25,108,46,103,40
emc1,820,793,1270,956,815,735,892,892,1139,823,1107,925
emc10,746,589,769,719,633,758,659,688,562,574,451,716
emc2,833,881,591,866,997,793,696,750,1194,859,1049,854
emc3,1199,1014,1081,961,1180,993,1154,995,1400,984,965,1060
emc4,865,621,857,663,852,649,752,666,963,688,875,679
emc6,981,937,908,952,1216,932,975,902,1237,966,1032,940
emc7,1590,1510,1890,1281,1556,1372,1532,1359,2143,1380,1707,1536
emc8,463,333,390,427,463,345,348,341,455,301,488,349
emc9,371,337,234,281,334,308,249,280,495,337,142,322
emcn,236,104,362,78,156,91,172,78,260,89,494,96
emd,319,267,243,292,280,202,245,173,362,196,171,225
eme1,10,5,20,4,13,9,10,4,25,7,21,8
eme2,272,315,490,328,250,262,385,397,402,337,433,323
emg1,856,1019,1060,1009,942,1025,938,885,1151,1098,743,1017
emid1,8,1,10,9,7,4,17,4,10,5,15,4
emilin1,1041,429,903,705,1027,538,1122,449,1139,442,983,493
emilin2,195,86,149,362,152,95,268,165,251,224,95,222
emilin3,1,1,5,0,0,1,2,0,1,0,1,2
eml1,227,73,304,263,189,115,238,103,239,131,251,136
eml2,195,131,265,121,130,142,168,120,205,130,111,116
eml3,395,326,388,342,353,291,396,272,379,269,434,351
eml4,593,464,929,583,585,610,612,544,841,515,744,649
eml5,99,148,156,226,147,151,119,149,210,130,159,155
eml6,114,72,137,138,165,40,153,55,157,74,206,59
emp1,455,78,633,303,485,104,468,96,753,168,893,179
emp2,904,200,652,331,764,278,585,198,1237,173,824,168
emp3,176,88,132,241,143,75,171,94,261,131,116,121
emsy,280,258,495,381,284,288,401,302,464,276,288,389
emx1,0,0,0,0,0,0,0,0,0,0,0,0
emx2,0,0,0,0,0,0,0,0,1,1,0,0
en1,1,2,0,1,1,0,0,2,1,0,0,0
en2,0,0,1,2,0,1,1,1,0,0,0,0
enah,97,101,452,104,71,100,107,185,175,196,114,138
enam,0,0,0,0,0,0,0,1,0,0,0,0
enc1,407,98,518,147,323,105,431,68,433,83,412,105
endod1,156,88,172,161,130,73,137,92,206,95,196,86
endog,674,567,641,567,653,593,585,524,609,559,559,436
endou,29,5,23,10,23,8,18,14,36,5,16,8
endov,152,82,148,118,114,123,138,106,161,96,155,95
eng,1442,811,1012,1062,1113,1031,1105,728,1057,649,782,837
engase,185,85,165,117,164,95,152,102,133,91,131,91
enho,163,814,192,833,184,963,187,1029,293,1029,714,747
enkd1,23,7,12,8,18,7,12,5,20,6,19,6
enkur,3,1,5,1,7,1,2,1,10,1,9,0
eno1,10752,6629,8019,6103,10996,7243,8705,5383,12738,6692,11702,7667
eno2,16,7,16,34,13,4,15,7,21,6,9,10
eno3,103,215,181,206,55,47,216,79,104,50,103,47
eno4,5,2,12,2,3,3,6,3,9,2,5,8
enoph1,155,61,177,74,128,76,124,85,141,86,176,75
enox1,7,1,5,5,1,0,3,0,1,4,3,1
enox2,427,325,259,308,463,352,367,303,584,343,336,343
enpep,1438,2392,1434,1963,2391,2456,1784,1819,2349,2041,714,2959
enpp1,646,770,821,812,510,795,694,649,784,578,930,655
enpp2,3052,1223,2331,1838,2422,1498,2436,1543,3489,1442,7105,1854
enpp3,935,1665,1774,1008,1495,1621,1469,1538,2190,1544,1189,1372
enpp4,412,345,420,408,437,353,537,425,563,334,779,361
enpp5,760,717,535,664,900,842,798,849,1249,841,1533,736
enpp6,278,124,143,182,240,172,161,106,203,84,132,80
enpp7,0,0,0,0,0,0,0,0,0,0,0,0
ensa,1242,951,1293,1032,1135,993,1169,945,1386,946,930,955
enthd1,0,0,0,0,0,0,0,0,1,0,1,0
entpd1,560,284,661,342,535,229,784,217,578,253,737,300
entpd2,293,42,336,86,239,30,195,43,214,31,289,39
entpd3,1,1,9,1,1,1,0,2,6,3,1,1
entpd4,494,331,575,415,366,407,430,421,518,389,353,427
entpd5,5875,4261,6788,3496,7675,3983,6350,4084,10836,4315,6654,4823
entpd6,196,94,460,144,171,108,191,125,192,134,145,150
entpd7,96,81,151,126,108,59,106,111,123,78,112,107
entpd8,969,1491,1186,1223,979,1531,815,1434,1317,1633,801,1586
eny2,1091,1061,1088,996,1281,995,1064,867,1411,929,1330,1040
eogt,239,164,367,188,235,131,186,138,275,133,326,150
eomes,9,6,26,5,10,1,11,1,10,0,6,3
ep300,603,400,947,716,559,502,714,525,816,434,845,545
ep400,883,830,1240,1141,955,891,1012,876,1179,803,1158,900
epas1,2260,1392,2683,1809,1410,1734,2108,1533,1408,1207,2350,1587
epb41,2362,1579,3657,1959,1743,1584,2622,2249,2246,1919,2116,1823
epb41l1,365,62,493,118,389,43,317,52,545,56,477,73
epb41l2,850,464,1040,728,727,471,786,356,826,403,756,503
epb41l3,215,117,146,137,148,104,236,83,165,78,112,84
epb41l4a,40,12,22,38,40,11,30,15,57,11,79,22
epb41l4b,987,1389,1079,1484,1061,1514,631,1745,950,1528,1151,1696
epb41l5,1497,1187,1819,1172,1702,1321,1498,1356,2530,1257,2833,1405
epb42,31,10,54,27,8,5,37,8,27,16,30,12
epc1,317,283,434,315,310,328,374,302,510,309,426,322
epc2,413,367,615,398,299,361,394,324,509,393,539,386
epcam,89,20,110,21,125,9,132,54,175,40,157,22
epdr1,105,16,83,44,68,7,223,10,116,9,123,11
epg5,907,923,1079,965,973,966,989,1067,1477,1025,845,1144
epgn,1,0,0,0,0,0,0,0,0,0,0,1
epha1,770,364,578,385,585,371,416,625,867,472,455,403
epha10,1,1,3,0,1,0,3,1,1,0,3,0
epha2,555,235,1104,499,420,351,471,285,738,396,539,197
epha3,106,39,148,61,132,48,92,32,157,35,257,41
epha4,21,15,29,33,14,18,16,36,25,23,23,18
epha5,36,34,75,31,43,31,38,54,83,43,39,68
epha6,0,0,1,0,0,0,0,0,0,0,0,0
epha7,67,57,101,67,61,61,55,67,100,53,51,86
epha8,1,0,0,0,0,0,0,0,0,0,0,0
ephb1,16,11,18,50,10,12,18,7,10,5,22,8
ephb2,247,43,118,71,174,38,206,55,237,64,113,43
ephb3,19,12,24,49,19,7,19,11,29,15,6,26
ephb4,897,495,784,578,916,511,701,474,892,426,765,524
ephb6,45,20,29,65,20,14,31,14,72,18,88,24
ephx1,16063,4750,17687,4233,17155,3493,16557,3726,21384,4264,23115,5267
ephx2,8397,14979,5553,13777,9343,13902,8216,9095,14021,11776,5785,14856
ephx3,7,8,18,14,10,7,15,8,21,5,12,8
ephx4,7,4,2,1,1,2,5,1,9,0,8,2
epm2a,136,183,99,143,142,172,105,192,148,138,51,150
epm2aip1,500,686,776,981,496,609,513,629,801,659,614,572
epn1,1994,1266,2102,1580,1418,1356,1495,1363,1397,1133,917,1424
epn2,435,210,864,282,494,229,578,184,530,196,689,190
epn3,17,1,9,6,8,2,9,11,21,8,11,7
epo,0,0,9,0,1,0,4,0,1,0,17,0
epor,33,13,43,18,14,6,18,11,25,11,32,17
eppin,0,0,0,0,0,0,0,0,0,0,1,0
eps15,1490,1097,1222,1338,1208,1207,1311,1310,1768,1093,2102,1094
eps15l1,327,197,326,252,266,184,285,220,366,225,317,238
eps8,193,108,190,317,147,136,162,122,267,126,193,131
eps8l1,17,35,37,24,27,22,66,26,32,10,51,22
eps8l2,1222,1038,2030,942,1076,1249,1047,983,1476,1060,1039,1428
eps8l3,208,19,139,14,227,31,174,20,169,14,231,20
epsti1,243,94,173,123,264,51,239,89,285,84,217,94
epx,0,0,6,0,1,0,0,0,0,2,23,0
epyc,3,0,0,2,0,0,3,0,1,0,0,0
eqtn,1,1,3,2,1,1,1,0,0,0,4,0
eral1,340,255,268,258,329,276,302,246,385,230,277,284
erap1,1996,2724,2851,2388,2312,2517,2440,2927,3540,2931,2451,3020
eras,0,0,0,0,0,0,0,0,0,0,0,0
erbb2,53,33,64,46,37,18,47,37,62,24,31,22
erbb3,3016,2810,2542,2690,2095,2745,1836,3124,2769,3386,1397,3019
erbb4,79,78,80,52,120,92,136,62,297,73,149,122
erc1,772,746,894,959,730,734,831,951,849,738,595,881
erc2,209,209,155,200,134,231,171,188,294,291,192,193
ercc1,95,61,121,95,90,70,83,51,123,81,93,79
ercc2,238,184,330,238,226,204,238,227,308,217,199,215
ercc3,501,316,491,345,469,362,487,349,605,293,515,331
ercc4,216,134,211,182,197,161,199,172,275,149,152,152
ercc5,509,385,693,353,417,396,501,428,626,379,559,427
ercc6,334,274,402,303,260,302,305,374,557,316,269,337
ercc6l,32,11,57,15,48,12,56,16,73,15,50,16
ercc6l2,311,402,502,441,337,396,389,384,542,349,448,384
ercc8,83,94,134,78,73,72,74,86,112,97,73,100
ereg,17,7,38,28,33,24,28,8,35,8,12,18
erf,500,296,620,241,330,285,394,282,482,296,287,276
erg,245,132,257,136,179,111,152,112,179,102,202,103
ergic1,1596,1088,1422,1383,1500,1388,1399,1050,1313,1173,2259,1344
ergic2,1359,1487,1605,1538,1311,1383,1455,1838,1699,1702,1361,1632
ergic3,1419,991,1762,1074,1261,1050,1159,947,1489,919,1170,991
erh,389,370,571,408,485,380,415,389,459,403,340,351
eri1,530,431,533,421,433,383,470,425,561,427,462,427
eri2,174,250,312,191,219,198,210,190,312,199,239,225
eri3,476,324,405,343,411,321,346,333,400,311,355,355
erich1,92,70,84,70,83,67,77,53,91,60,86,43
erich2,1,0,1,0,3,0,3,1,8,2,1,0
erich3,0,17,1,12,2,9,1,3,5,1,3,4
erich4,88,0,423,0,11,1,19,0,15,0,71,0
erich5,12,4,9,6,12,6,10,34,18,19,15,16
erich6,0,0,0,0,1,0,0,0,0,0,3,0
erich6b,0,0,0,0,0,0,0,0,0,0,0,0
erlec1,436,319,399,391,383,357,515,330,490,322,480,298
erlin1,1098,1020,1067,950,896,1022,789,1166,1347,1226,966,1274
erlin2,968,715,817,684,929,624,681,734,1189,667,1020,776
ermap,26,14,45,12,19,21,39,30,49,26,32,26
ermard,594,541,630,463,534,478,575,547,775,535,823,486
ermn,3,13,3,8,4,6,7,10,8,11,6,11
ermp1,1964,830,1986,928,1927,806,1699,743,2517,794,2808,939
ern1,1546,820,2091,1048,1375,1173,1512,1498,1702,946,1212,1439
ern2,1,0,0,1,0,1,0,2,2,1,1,1
erp27,50,10,33,9,61,13,4,428,3,136,0,140
erp29,1560,1073,1460,1276,1446,844,1398,1000,1689,1258,1696,1014
erp44,1262,1410,1496,1450,1094,1177,1126,1221,1386,1298,1397,1508
errfi1,9787,23739,19387,19530,15882,25064,16938,18037,20061,15788,20543,28212
esam,416,153,476,283,325,179,447,190,369,174,535,183
esco1,621,577,694,651,657,674,681,546,943,548,867,574
esco2,99,37,167,15,155,25,138,44,263,41,139,47
esd,8186,4964,9344,4468,7684,4584,8881,4013,10394,4749,6639,5061
esf1,498,434,707,472,405,437,443,437,640,390,600,445
esm1,597,13,1571,8,196,4,265,6,331,12,1104,4
espl1,49,7,66,19,49,3,53,10,69,13,54,13
espn,156,6,65,29,89,10,79,7,128,9,178,6
espnl,4,2,7,8,6,3,7,1,10,5,2,5
esr1,475,833,489,842,481,1010,666,814,545,853,471,654
esr2,9,5,17,18,13,11,12,8,25,13,20,10
esrp1,10,0,10,3,16,0,12,37,22,9,8,16
esrp2,1184,1305,1153,1184,1026,1161,888,1260,1202,1269,829,1203
esrra,574,366,555,465,618,311,395,458,461,354,364,348
esrrb,19,19,14,14,6,7,22,6,11,11,2,12
esrrg,6,31,9,28,9,23,10,11,11,19,8,26
esx1,0,1,1,0,0,0,0,0,1,0,0,0
esyt1,645,386,762,622,567,375,598,375,656,352,479,434
esyt2,1392,904,1891,1203,1182,931,1313,794,1601,779,1209,1162
esyt3,24,3,19,38,6,9,12,8,22,17,9,10
etaa1,192,185,155,198,224,138,202,133,285,199,254,229
etf1,3001,2314,3288,2462,2699,2496,3030,2470,3644,2157,3611,2252
etfa,2731,4479,2185,4587,2994,4589,2567,3494,3735,3889,2442,4543
etfb,3752,3627,3188,3843,3095,3966,3270,3484,3355,3637,1947,3985
etfdh,4023,6308,2937,5135,5324,5708,4518,4603,5733,5136,2939,6294
ethe1,1046,973,795,806,1202,1249,1035,684,1305,1030,1144,1498
etnk1,2578,2214,2868,2757,2093,2242,2419,2209,2481,1805,1852,2536
etnk2,4243,3856,5230,4270,5944,4964,5618,5103,6945,4919,4516,4943
etnppl,1466,2143,1085,2206,3722,1736,3078,1731,3444,2106,1900,4104
ets1,1270,741,1314,946,995,783,1229,650,1460,542,1116,819
ets2,1313,429,1618,693,1068,577,963,430,1412,389,1394,497
etv1,38,26,40,82,47,32,28,17,47,27,66,33
etv2,0,0,0,0,0,0,0,0,0,0,0,0
etv3,385,293,571,419,364,316,392,313,482,315,344,375
etv3l,0,0,0,0,0,0,0,0,1,0,0,0
etv4,10,0,33,0,4,1,3,1,3,0,30,1
etv5,215,121,357,209,141,130,195,90,167,155,156,154
etv6,355,283,347,433,335,297,352,297,331,272,317,397
eva1a,980,1659,820,1507,1432,1439,1010,1471,1515,1875,1102,1324
eva1b,155,51,205,102,152,91,108,69,182,66,155,67
eva1c,28,11,71,20,52,19,39,13,39,8,52,9
evc,420,55,157,140,261,67,158,71,498,63,75,66
evc2,215,24,98,82,99,29,80,25,191,27,38,29
evi2a,186,72,140,92,130,45,128,72,226,70,127,69
evi2b,108,44,94,72,69,44,88,63,127,60,68,51
evi5,4411,5059,4254,4666,4454,4769,4364,3989,5588,4916,6730,5297
evi5l,152,91,137,88,113,69,105,85,141,69,107,95
evl,313,85,289,129,206,86,276,90,234,67,185,67
evpl,113,11,53,81,74,16,155,25,111,15,159,7
evx1,0,0,1,0,0,0,0,0,0,0,0,0
evx2,0,0,0,0,0,0,0,0,0,0,0,0
ewsr1,1769,1390,2180,1534,1699,1473,1765,1567,2343,1454,1945,1566
exd1,75,107,170,92,81,36,106,57,103,72,113,87
exd2,221,206,203,226,203,226,183,183,283,177,179,219
exo1,18,6,37,9,24,7,36,12,34,15,36,14
exo5,119,82,107,68,84,43,76,59,98,60,93,35
exoc1,437,302,550,354,456,337,407,305,619,296,631,353
exoc2,462,336,730,448,406,393,436,397,572,368,455,376
exoc3,709,880,839,874,834,847,737,764,963,915,734,873
exoc3l2,216,142,165,196,176,172,147,97,140,132,111,120
exoc3l4,207,23,136,36,334,22,85,15,192,28,105,20
exoc4,1257,613,1203,672,1043,642,1209,673,1229,710,876,626
exoc5,880,806,1011,928,856,725,936,711,1177,754,930,810
exoc6,717,678,695,599,768,632,785,622,928,606,906,607
exoc6b,451,187,564,365,338,197,396,272,464,234,387,254
exoc7,596,476,539,517,649,541,676,441,735,478,629,545
exoc8,535,326,628,384,431,353,433,439,517,317,538,355
exog,49,19,71,50,37,20,39,22,53,29,29,34
exosc1,185,185,225,169,206,161,201,157,218,165,226,174
exosc10,494,420,574,453,437,416,445,345,587,426,439,381
exosc2,293,240,387,257,271,267,282,247,418,206,242,291
exosc3,257,209,330,238,227,249,234,169,284,229,311,223
exosc4,416,274,530,299,388,272,351,262,390,240,412,255
exosc5,344,256,343,285,303,292,316,260,316,296,223,309
exosc6,0,0,0,0,0,0,0,0,0,0,0,0
exosc7,465,399,485,365,437,412,450,384,588,390,472,389
exosc8,244,195,248,162,304,245,328,195,385,195,289,206
exosc9,398,364,505,377,546,379,491,380,559,435,518,405
exph5,271,533,268,612,292,683,202,793,568,758,240,642
ext1,1155,634,1459,726,1069,544,996,645,1261,649,1734,770
ext2,580,459,703,535,473,504,473,489,609,512,403,527
extl1,136,167,192,153,228,185,123,188,175,125,135,129
extl2,257,242,262,197,242,205,269,244,337,198,303,212
extl3,713,433,848,559,578,470,643,704,699,513,557,629
eya1,2,1,5,7,3,1,3,0,7,1,4,4
eya2,11,1,30,25,4,0,4,3,6,4,5,1
eya3,429,333,609,389,360,355,394,342,523,348,453,402
eya4,18,16,28,28,21,18,10,13,23,17,13,8
ezh1,545,368,576,440,505,427,575,374,702,359,469,470
ezh2,126,111,184,113,149,85,150,121,236,138,147,130
ezr,625,201,431,884,396,215,430,229,630,287,693,269
f10,7987,8016,7330,7102,7689,8720,7182,8831,8728,8414,8489,8906
f11,1330,1257,2712,1158,933,1548,1151,1548,952,1768,1346,1727
f11r,2634,979,3445,1006,1976,961,1823,989,2790,1038,2439,970
f12,7254,6527,10894,6458,5498,7105,5960,5956,5460,6330,3920,6689
f13a1,329,97,257,700,84,44,221,114,375,184,79,116
f13b,4239,5838,4493,5141,6046,5428,5126,4875,7157,5663,7423,5973
f2,33285,28811,47199,27519,21586,33327,31237,27929,30234,28793,26043,30964
f2r,1715,894,1759,990,1483,1455,1583,1273,1869,1082,2079,1030
f2rl1,131,8,217,12,61,8,42,10,84,9,166,10
f2rl2,9,14,47,13,8,11,16,36,34,20,14,29
f2rl3,9,0,6,0,4,0,3,1,5,0,16,1
f3,110,71,99,79,96,58,52,76,152,85,98,55
f5,9874,9379,21595,10226,9727,9443,11233,10462,13148,9682,14199,10682
f7,1369,1831,1707,1524,1437,1835,1404,1920,1492,1742,1479,1885
f8,1806,2016,967,1827,1913,1806,1807,1765,2007,1679,985,1893
f9,5517,5677,3791,5181,5111,5581,4335,5934,6591,5824,4051,5404
fa2h,3,0,2,2,7,0,2,1,6,0,4,0
faah,1726,1610,1360,1741,1531,2056,1441,1812,2019,1807,1432,2069
faap100,162,85,125,104,156,106,144,111,176,93,133,94
faap20,272,127,244,142,181,169,199,124,203,139,234,134
faap24,44,34,71,35,37,42,45,30,58,42,39,33
fabp1,42559,75835,20301,61222,35164,73369,20993,55279,43249,73707,8517,102816
fabp12,4,7,5,3,11,14,8,18,7,6,6,12
fabp2,1917,970,1054,1027,1624,699,1187,513,1874,901,678,1153
fabp3,33,204,96,127,3,2,232,22,17,5,0,2
fabp4,993,276,1650,276,706,205,981,258,880,204,1928,409
fabp5,3867,1198,6720,905,2025,5611,5644,3465,1680,2584,1614,3496
fabp6,1,0,0,0,2,0,3,0,1,0,1,0
fabp7,169,166,87,184,140,91,213,113,160,163,92,129
fabp9,0,0,0,0,0,0,0,0,0,0,0,0
fadd,145,120,183,143,159,120,158,165,138,130,95,133
fads1,8354,4398,4763,5329,6115,5600,5592,5179,5858,4189,2952,6916
fads2,7971,2721,5477,2854,6542,3512,5332,3500,7024,3230,2392,4096
fads3,563,258,452,310,489,225,280,277,713,327,619,297
fads6,3389,1951,2948,2259,3070,2627,2518,2806,4881,2278,1654,2395
faf1,1071,920,926,1049,1005,997,940,970,1072,975,1073,982
faf2,901,979,1525,947,860,971,935,1008,1180,995,821,1150
fah,7133,9435,6162,8985,6694,11063,6792,9036,7949,9028,3158,10168
fahd1,730,744,514,644,763,624,527,700,918,703,563,683
fahd2a,257,284,221,257,282,260,279,233,322,237,253,306
faim,137,109,143,113,117,106,142,95,174,78,103,146
faim2,0,0,5,12,1,0,2,6,3,1,0,0
fam107a,33,7,48,11,36,5,158,10,43,14,542,14
fam107b,952,1208,857,1299,929,987,780,947,1226,956,741,1057
fam110a,74,36,106,46,72,17,50,28,72,36,59,24
fam110b,30,10,66,22,20,10,21,18,18,7,15,17
fam110c,128,22,167,63,63,14,64,29,94,33,52,21
fam111a,273,133,266,217,285,137,280,159,395,156,218,160
fam114a1,1242,684,1331,743,1010,729,994,642,1243,749,1413,750
fam114a2,892,893,960,768,963,775,995,900,1217,876,837,953
fam117a,97,39,118,86,75,25,112,46,97,43,124,31
fam117b,307,226,331,261,258,243,488,218,305,150,740,249
fam120a,3640,2476,4518,3198,2746,2733,3238,2691,3158,2517,2468,3159
fam120b,805,538,678,563,703,497,754,536,1022,566,924,585
fam120c,132,108,148,185,139,166,115,142,160,151,56,190
fam124a,692,159,421,167,516,236,742,180,496,149,505,194
fam124b,2,5,9,6,6,5,6,1,12,1,6,3
fam131a,31,13,24,32,17,5,24,7,35,9,42,5
fam131b,1,2,0,2,1,0,0,1,0,0,1,1
fam131c,62,26,34,28,70,28,63,27,72,27,92,25
fam133b,237,207,365,232,215,235,284,212,362,250,366,275
fam135a,789,780,1408,855,897,893,880,1026,1183,762,1169,845
fam135b,0,0,0,0,0,0,0,1,0,0,0,0
fam13a,558,355,825,452,464,361,403,262,623,440,305,404
fam13b,533,367,641,456,622,388,753,410,814,364,821,530
fam13c,14,8,22,26,20,6,25,6,22,7,20,7
fam149a,627,614,494,689,749,593,460,434,767,602,770,661
fam151a,3,0,0,4,1,0,1,1,1,0,0,0
fam151b,74,100,92,80,79,85,64,65,115,95,76,93
fam161a,83,45,83,39,100,39,59,38,90,39,99,34
fam161b,13,17,22,17,20,9,12,25,29,10,14,21
fam162a,1011,820,1444,800,1146,774,1051,657,1198,740,768,767
fam162b,0,0,0,0,0,0,0,1,0,0,0,0
fam163a,11,0,8,0,4,0,6,2,9,0,8,1
fam163b,2,0,4,1,1,0,6,2,6,0,0,1
fam167a,53,39,22,54,37,39,55,45,43,35,16,43
fam167b,147,88,131,121,145,121,148,80,156,97,128,108
fam168a,594,425,692,604,456,441,550,467,528,366,489,517
fam168b,1788,985,2267,1234,1598,1096,1658,1148,1882,1024,1862,1224
fam169a,17,16,15,16,14,9,13,10,25,15,26,14
fam170a,0,0,0,0,0,0,0,0,0,0,0,0
fam170b,2,0,0,1,2,0,1,0,1,4,0,0
fam171a1,183,83,433,152,125,90,191,100,115,99,93,93
fam171a2,48,17,41,25,41,20,38,23,47,19,32,16
fam171b,43,65,41,97,75,78,77,53,108,76,47,57
fam174a,436,285,363,315,421,285,432,248,445,235,361,205
fam174b,161,91,152,150,110,81,115,190,106,118,61,170
fam178b,3,3,2,3,4,0,0,1,6,2,0,3
fam180a,98,34,94,97,111,69,128,36,200,33,66,25
fam181a,0,0,0,0,1,0,0,0,0,0,0,0
fam181b,3,2,6,0,2,2,8,1,8,0,3,2
fam184a,5,40,12,49,8,10,17,26,23,25,6,36
fam184b,7,12,11,22,21,12,23,14,24,25,12,16
fam185a,205,145,189,137,251,160,182,132,267,150,244,198
fam186a,7,8,7,8,5,1,1,7,10,5,1,5
fam186b,2,0,0,1,2,1,1,2,1,1,2,0
fam187b,196,78,233,90,200,88,210,94,193,108,193,75
fam193a,318,250,475,320,336,289,367,329,414,280,379,325
fam193b,272,310,518,276,250,243,268,349,406,336,217,386
fam199x,518,580,546,657,472,437,435,544,664,519,423,514
fam204a,156,174,157,159,132,129,137,146,176,123,190,113
fam20a,608,291,571,327,412,345,470,303,433,329,413,363
fam20b,601,383,844,481,579,401,539,588,789,389,578,549
fam20c,959,567,875,711,945,594,650,728,1057,681,1089,708
fam216a,123,59,89,53,106,52,102,72,135,59,139,36
fam216b,0,0,0,0,0,0,0,0,0,0,0,0
fam217a,3,3,4,5,9,3,3,4,5,5,5,5
fam217b,49,30,43,42,44,28,55,12,45,19,46,35
fam219a,101,71,121,95,90,67,97,76,117,80,70,70
fam219b,199,196,275,234,214,187,197,222,274,193,187,231
fam220a,361,202,381,288,284,200,367,222,363,186,342,212
fam221a,7,12,13,5,16,6,6,12,12,11,8,5
fam221b,9,1,13,7,10,5,9,5,14,7,11,1
fam222a,14,16,24,23,13,19,37,15,15,15,18,15
fam222b,156,119,199,152,146,148,174,126,187,103,146,193
fam227a,34,22,44,32,43,25,32,22,55,33,43,31
fam227b,0,1,1,0,3,2,1,0,1,2,1,0
fam228a,1,6,6,4,4,1,0,6,6,9,2,8
fam228b,9,31,14,31,13,34,8,31,19,47,18,45
fam229a,0,0,1,0,1,0,0,0,0,0,0,0
fam229b,68,45,150,68,70,55,83,75,142,73,87,90
fam234a,1112,581,1255,807,956,686,1118,720,869,610,1272,734
fam234b,744,517,610,479,1009,467,779,670,1124,556,1690,580
fam24a,1,0,2,2,0,0,1,0,0,1,0,2
fam32a,1338,1019,819,934,1280,976,1024,955,1303,1066,1081,1027
fam3a,294,187,238,231,235,213,223,216,268,211,220,218
fam3b,4,0,5,0,2,0,3,3,14,0,13,0
fam3c,1405,644,1274,749,654,788,865,793,875,801,777,752
fam43a,216,92,216,147,129,104,160,111,133,100,158,81
fam43b,0,0,0,0,0,0,0,0,0,0,0,0
fam47c,0,0,0,0,0,0,0,0,0,0,0,0
fam47e,292,528,96,765,492,604,243,514,423,700,333,514
fam50a,443,227,375,284,332,283,318,212,511,241,296,256
fam50b,1,3,4,7,2,2,3,1,5,3,1,3
fam53a,424,262,406,332,371,328,413,329,499,290,425,341
fam53b,462,205,424,231,425,246,501,332,514,222,437,257
fam53c,240,160,253,198,204,200,298,191,292,170,205,202
fam72a,24,11,36,29,37,11,24,19,53,24,59,14
fam76a,466,278,421,314,333,281,340,368,403,283,384,261
fam76b,220,193,369,292,195,225,264,246,346,174,300,176
fam78a,69,22,73,50,71,37,77,35,98,22,73,17
fam78b,9,4,28,25,11,1,12,4,19,11,16,15
fam81a,121,72,116,57,133,125,121,120,140,107,240,100
fam81b,28,4,6,2,36,0,19,1,24,1,35,2
fam89a,125,64,92,84,127,102,64,68,88,61,26,52
fam89b,222,117,178,136,225,129,179,125,189,96,185,88
fam8a1,1466,1564,2175,1766,1501,1638,1348,1622,1643,1428,1444,1523
fam91a1,2590,2241,3020,2346,2379,2249,2510,2502,3589,2219,3520,2546
fam98a,647,624,704,641,650,472,666,544,770,529,685,549
fam98b,62,64,88,82,72,61,53,47,83,50,55,52
fam98c,126,95,206,107,94,95,108,105,122,98,92,83
fan1,105,128,187,150,122,162,146,148,208,121,125,165
fanca,59,30,71,35,57,30,56,38,104,26,43,35
fancb,41,23,34,22,37,17,39,17,43,26,31,31
fancc,168,85,178,86,148,95,146,115,202,98,157,101
fancd2,37,2,63,12,51,4,48,11,37,11,36,10
fancd2os,0,0,1,1,1,0,2,0,0,0,0,0
fance,154,157,137,135,148,145,129,161,168,152,170,141
fancf,72,68,84,58,56,66,38,76,64,46,55,46
fancg,69,47,90,47,66,38,66,51,95,61,72,48
fanci,75,45,112,67,83,50,118,62,132,55,80,74
fancl,136,275,135,213,179,208,157,208,275,206,169,206
fancm,136,95,165,159,118,121,107,148,168,138,93,179
fank1,3,0,1,0,1,0,0,0,2,0,3,0
fap,5,7,21,17,5,11,17,3,18,11,15,2
far1,298,273,412,444,294,168,293,177,485,209,372,235
far2,11,34,67,38,23,16,28,36,65,42,45,45
farp1,410,280,498,335,295,357,341,338,363,237,350,284
farp2,306,301,287,365,329,322,307,375,392,276,229,331
fars2,633,558,634,527,573,654,604,560,694,558,463,571
farsa,447,290,557,399,385,300,366,266,514,336,488,399
farsb,883,1023,1260,840,1019,872,1110,795,1325,1020,1382,975
fas,503,496,390,455,581,384,437,362,603,444,467,445
fasn,15897,7599,17434,13113,28037,13019,19060,5994,22035,8831,8073,14423
fastk,462,366,536,361,479,375,460,414,593,373,605,360
fastkd1,482,320,410,424,430,390,319,515,590,367,315,448
fastkd2,776,594,868,592,939,555,830,525,1069,569,1520,615
fastkd3,115,132,154,100,106,99,123,100,141,120,129,123
fastkd5,232,209,368,284,210,256,213,245,376,243,318,322
fat1,2343,1112,4469,1457,1862,1215,2331,1350,2239,1303,3061,1609
fat2,0,1,0,0,0,0,0,2,0,0,1,0
fat3,20,8,15,12,17,9,35,48,18,28,31,37
fat4,254,158,240,261,206,161,179,165,284,132,256,182
fate1,0,0,3,0,0,0,0,0,0,0,0,0
fau,3442,3248,3171,3346,3360,3103,3284,2224,3269,2837,3165,2738
faxc,16,19,22,16,24,13,20,30,29,20,20,16
fbf1,212,120,197,162,190,55,207,95,248,114,185,94
fbl,488,390,746,487,382,440,517,397,533,433,403,445
fblim1,221,54,613,77,151,69,166,74,227,86,274,73
fbln1,145,50,143,633,84,35,74,61,122,98,60,51
fbln2,418,93,325,543,295,98,305,131,344,223,161,322
fbln5,312,93,205,218,334,141,175,94,283,102,224,102
fbln7,25,19,30,29,27,27,25,18,32,27,37,20
fbn1,794,205,919,624,665,257,697,327,1035,438,976,579
fbn2,51,1,69,10,98,7,113,5,143,3,97,10
fbp1,16808,15346,9882,14799,21734,16182,16132,15030,14449,13524,5264,17180
fbp2,9,4,10,3,7,1,7,3,11,5,7,2
fbrs,126,101,229,131,117,79,138,109,171,112,99,134
fbrsl1,167,92,202,143,165,105,146,142,179,110,157,121
fbxl12,56,51,88,59,49,37,51,41,74,49,46,46
fbxl13,4,3,3,4,4,4,4,0,8,2,5,2
fbxl14,306,133,401,229,253,167,297,178,334,145,264,171
fbxl15,125,77,36,88,125,92,93,57,105,83,106,84
fbxl16,5,5,7,20,13,9,11,9,33,7,23,7
fbxl17,587,391,472,615,475,473,581,491,550,385,564,507
fbxl18,241,168,352,192,294,155,272,224,345,177,338,234
fbxl19,123,67,179,63,92,55,148,81,169,53,96,90
fbxl2,11,5,17,8,3,9,8,6,17,9,8,16
fbxl20,926,594,1138,573,953,786,1091,847,1110,719,802,831
fbxl22,11,12,32,27,9,15,28,17,20,12,12,16
fbxl3,1356,1228,1210,1331,1102,1269,1185,1029,1477,1200,1264,1125
fbxl4,509,510,383,406,459,444,386,448,600,498,546,485
fbxl5,1306,1028,1382,1185,1317,947,1186,856,1694,983,1894,1053
fbxl6,340,180,310,192,267,190,210,186,288,187,243,160
fbxl7,6,6,10,7,3,5,9,6,7,5,6,7
fbxl8,95,64,87,38,92,25,74,52,93,51,65,43
fbxo10,53,21,53,32,40,25,41,25,65,15,54,18
fbxo11,434,365,444,568,446,459,518,396,507,351,570,402
fbxo15,0,0,0,1,0,2,0,1,2,1,1,1
fbxo16,1,0,3,2,6,0,3,5,0,2,2,2
fbxo17,21,24,97,20,17,16,23,12,37,12,74,19
fbxo2,8,6,5,7,6,6,3,6,7,7,5,3
fbxo21,1942,1391,1936,1441,1478,1724,1266,2076,2179,1618,2393,1445
fbxo22,954,1131,1082,1173,881,1089,823,1030,1256,1120,1022,1152
fbxo24,5,5,13,4,5,4,7,3,11,2,5,2
fbxo25,279,149,255,157,223,127,256,156,310,159,266,167
fbxo27,1,1,3,0,1,0,2,1,1,1,0,0
fbxo28,329,242,544,274,340,231,444,295,450,201,539,291
fbxo3,2422,2885,2437,2449,2505,2683,2231,2358,3680,2361,2230,2761
fbxo30,374,460,498,519,377,499,477,452,586,380,461,518
fbxo31,845,352,554,358,464,443,626,674,474,394,672,405
fbxo32,235,160,174,179,154,89,211,122,142,155,191,130
fbxo33,353,358,337,526,364,422,408,372,497,357,451,465
fbxo34,408,259,418,336,397,415,480,413,605,349,375,341
fbxo36,189,68,91,59,260,62,221,84,297,75,277,68
fbxo38,818,841,948,725,751,839,891,876,1115,801,970,830
fbxo39,2,1,0,0,1,0,1,0,0,0,0,0
fbxo4,453,229,401,246,339,250,330,231,511,216,513,210
fbxo40,84,50,56,39,50,26,61,21,36,13,3,9
fbxo41,2,2,4,4,0,0,1,0,3,1,0,2
fbxo42,225,141,315,191,208,201,268,196,304,154,291,192
fbxo43,4,5,4,3,4,3,1,3,12,2,7,5
fbxo44,72,86,68,63,52,50,64,59,81,52,135,54
fbxo45,264,170,310,226,259,219,266,199,319,165,231,247
fbxo46,101,92,143,112,102,94,97,113,124,81,99,135
fbxo47,23,25,13,24,32,15,18,27,27,23,53,21
fbxo48,1,2,3,5,3,0,4,1,5,1,5,4
fbxo5,37,16,38,13,21,12,38,12,55,15,38,20
fbxo6,1171,951,1681,629,1071,957,1086,635,1430,736,1616,768
fbxo7,417,338,565,406,433,349,610,370,546,346,574,366
fbxo8,1336,1454,985,1134,1333,1284,1056,1220,1487,1333,1501,1235
fbxo9,830,1037,767,988,823,1036,880,1135,977,988,639,1105
fbxw10,2,1,8,7,4,0,5,0,8,5,1,3
fbxw11,1087,698,1112,795,1131,654,1146,749,1328,697,1089,775
fbxw2,1038,849,1331,866,807,828,806,878,1317,837,955,939
fbxw4,229,140,194,179,169,190,179,137,204,142,136,146
fbxw5,710,400,734,441,574,438,548,433,754,449,539,453
fbxw7,357,225,519,242,292,242,299,263,357,226,277,253
fbxw8,1254,943,1512,992,1261,982,1267,918,1505,989,1539,1020
fbxw9,1081,376,1239,366,684,356,582,304,649,377,509,331
fcamr,7,3,8,1,9,2,12,1,8,4,11,3
fcer1a,11,2,96,26,2,3,4,3,13,4,12,0
fcer1g,511,144,451,239,464,163,525,184,564,198,486,167
fcf1,468,493,548,451,580,463,470,421,677,532,522,477
fcgbp,12,6,10,9,19,6,14,270,24,4,33,29
fcgr2b,1578,1398,919,1673,1460,1282,1376,1075,1565,1115,1116,1122
fcgrt,2457,2607,2227,2491,2352,2476,2348,2306,3075,2465,2039,2659
fcho1,20,5,33,9,22,8,18,9,38,10,54,3
fcho2,798,706,740,1043,715,751,769,604,861,615,802,683
fchsd1,138,30,113,23,85,19,118,24,183,28,163,33
fchsd2,625,497,653,594,476,423,530,564,875,537,455,646
fcmr,12,9,6,10,6,4,10,5,24,3,5,7
fcrl1,35,13,37,12,25,8,32,11,42,11,19,10
fcrl5,15,3,21,6,14,2,7,5,17,4,11,2
fcrl6,1,1,2,0,1,0,0,1,5,0,2,1
fcrla,18,6,15,16,8,5,28,7,26,7,20,6
fcrlb,4,2,2,2,4,4,4,2,2,2,3,3
fdft1,3192,2697,2492,2449,3088,3350,2500,3088,4812,2905,1704,3432
fdps,7013,6792,7075,6997,9261,11888,6849,9189,10736,8923,3066,10753
fdx1,1111,1492,1025,1304,1117,1791,1073,1672,1547,1412,740,1485
fdxacb1,167,204,236,185,137,176,127,166,232,190,165,165
fdxr,390,228,272,228,357,273,304,257,442,250,206,263
fech,3119,2864,2291,3028,2875,2843,2744,2697,3435,2499,2902,2832
fem1a,683,627,791,824,659,628,706,779,812,659,762,703
fem1b,1084,637,2067,777,646,710,901,702,1025,687,822,755
fem1c,476,396,509,507,397,340,523,342,496,344,654,385
fen1,159,115,232,110,173,102,173,103,200,95,207,83
fer,272,262,286,299,283,301,370,286,472,271,396,327
fer1l6,10,9,37,6,7,3,13,11,8,9,5,4
ferd3l,0,0,0,0,0,0,0,0,0,0,0,0
fermt1,109,6,85,11,136,4,99,18,168,12,232,11
fermt2,1643,4254,1687,3576,1413,3524,1375,2810,2203,3624,1256,3880
fermt3,400,142,386,265,389,134,467,155,356,126,329,157
fes,305,129,307,155,328,161,343,144,321,144,343,127
fetub,7402,6492,9173,7089,5822,6612,7888,6906,7657,5843,8783,6774
fev,0,0,0,0,0,0,1,0,0,0,0,0
fez1,8,3,12,12,1,5,12,4,7,2,11,3
fez2,982,456,691,532,839,491,847,482,1056,492,1189,521
fezf1,0,0,0,0,0,0,0,0,0,0,0,0
fezf2,0,0,0,0,0,0,0,0,1,0,0,0
ffar1,3,5,20,7,11,3,14,13,15,4,4,5
ffar2,4,5,3,5,2,0,1,4,9,0,6,1
ffar3,0,0,0,0,0,0,0,0,0,0,0,0
ffar4,8,7,82,3,10,6,13,4,17,2,51,2
fga,84365,172416,173006,99987,79676,140242,116613,183997,95953,138453,70660,135460
fgb,95590,197955,179401,109339,84120,154549,121286,184420,95197,155095,71945,138934
fgd1,130,8,125,19,88,5,80,10,123,8,56,11
fgd2,190,81,228,98,204,69,181,82,253,78,167,89
fgd3,240,43,501,73,148,30,183,43,263,49,132,60
fgd4,1200,1381,1502,1602,1221,1241,1358,1402,2154,1498,1264,1925
fgd5,291,142,275,239,200,172,273,147,254,136,241,193
fgd6,714,575,1082,595,642,656,732,601,883,652,507,835
fgf1,980,1446,861,2166,772,1540,780,1333,1260,1321,1272,1732
fgf10,1,2,1,3,1,1,8,2,6,1,1,5
fgf11,17,14,24,15,13,12,10,13,19,13,54,8
fgf12,10,10,7,9,11,5,7,4,14,3,10,8
fgf13,4,0,65,2,2,1,7,1,5,0,4,2
fgf14,9,0,12,5,6,0,7,2,4,4,11,0
fgf17,0,0,0,0,0,0,0,0,0,0,0,0
fgf18,4,0,4,14,2,2,2,1,4,0,1,1
fgf2,86,57,97,162,81,58,75,36,134,53,45,78
fgf20,0,0,0,0,0,0,0,0,0,0,0,0
fgf21,265,12,218,6,345,7,151,22,315,16,132,10
fgf22,0,0,0,0,0,0,2,1,0,0,0,0
fgf23,2,1,1,3,3,0,5,0,8,1,3,0
fgf3,0,0,0,0,0,0,0,0,0,0,0,0
fgf4,0,0,0,0,0,0,0,0,0,0,0,0
fgf5,1,0,3,1,0,0,2,1,4,0,2,2
fgf6,4,1,3,1,0,1,3,2,6,3,0,2
fgf7,7,2,2,0,5,1,3,0,7,3,2,1
fgf8,3,2,1,1,0,1,1,0,2,0,0,0
fgf9,14,10,13,20,8,7,10,9,25,9,14,13
fgfbp1,0,0,2,1,0,0,9,0,24,1,8,0
fgfbp3,11,15,10,6,7,10,6,6,12,8,7,6
fgfr1,762,147,553,344,290,269,327,309,455,177,302,174
fgfr1op2,1152,953,1264,1173,1123,1032,1210,1075,1288,992,983,1050
fgfr2,1455,772,1512,1000,748,792,1032,834,1282,817,865,968
fgfr3,653,566,747,437,865,618,560,655,1160,543,926,580
fgfr4,465,383,401,430,459,456,404,422,582,355,500,492
fgfrl1,552,247,636,248,576,252,426,371,636,218,699,271
fgg,62367,162614,128919,87567,66377,123738,90036,145760,76628,127969,58948,125197
fggy,1704,2391,984,1998,1968,2648,1515,2532,2680,2679,1768,2582
fgl1,7876,16974,16719,11847,5466,16063,13005,30902,7198,17600,13152,9358
fgl2,873,408,1243,696,768,259,790,358,1053,288,623,307
fgr,190,76,192,104,169,65,213,80,250,89,214,61
fhad1,62,34,56,41,53,36,47,60,85,60,109,48
fhdc1,44,13,54,18,39,10,16,11,21,12,30,15
fhit,112,54,69,59,84,58,132,68,137,74,94,68
fhl1,270,238,280,436,182,143,382,141,263,178,159,176
fhl2,102,8,118,19,139,11,146,8,187,10,101,7
fhl3,176,25,432,34,53,4,74,21,46,10,95,17
fhl5,2,1,2,4,1,3,3,3,2,1,1,0
fhod1,120,88,199,93,100,52,119,59,183,65,168,65
fhod3,17,33,18,46,25,25,23,19,27,21,13,19
fibcd1,0,0,0,0,1,0,1,0,0,0,0,0
fibin,29,26,40,54,8,21,24,10,21,11,3,13
fibp,464,308,486,274,444,296,436,337,487,336,409,284
ficd,200,125,291,207,154,171,153,150,175,116,193,178
fig4,377,382,317,352,402,423,394,428,510,412,382,435
figla,0,0,0,0,0,0,0,0,0,0,0,0
fign,73,73,101,164,100,123,61,92,116,98,83,92
fignl1,33,13,93,16,61,5,59,10,92,20,59,17
filip1,66,19,58,32,49,23,39,19,51,23,55,24
filip1l,422,197,462,388,445,207,581,220,549,174,461,248
fip1l1,713,670,849,848,823,706,771,668,966,573,974,771
fis1,1427,1039,1163,1007,1606,1018,1360,941,1660,1050,1798,943
fitm1,469,492,53,326,194,259,239,124,365,218,2,222
fitm2,1138,690,1048,769,831,558,786,675,1419,697,1044,852
fiz1,248,194,347,186,185,186,226,215,267,227,189,206
fjx1,11,0,6,1,3,0,6,4,11,6,7,3
fkbp10,91,22,100,86,104,30,87,31,105,43,91,53
fkbp11,870,217,1156,287,549,309,504,484,643,361,1188,350
fkbp14,158,134,168,169,148,100,181,95,191,125,272,148
fkbp15,944,636,917,764,831,723,818,863,1015,797,801,760
fkbp1a,579,242,720,354,480,244,498,241,613,195,508,257
fkbp1b,9,1,7,14,4,7,5,6,19,5,47,2
fkbp2,798,709,663,731,794,736,846,618,850,690,842,699
fkbp3,482,628,388,672,558,540,411,466,678,528,454,543
fkbp4,2742,3328,2225,4059,2756,2926,2376,2044,2950,4268,1730,3249
fkbp5,2110,161,2110,381,1122,444,3095,1174,1207,316,4423,518
fkbp6,0,0,5,1,1,0,0,1,4,2,2,3
fkbp7,213,96,182,126,159,99,147,84,226,105,284,95
fkbp8,4999,4722,5275,4622,4134,4697,4451,4175,4800,4447,4559,4490
fkbp9,1353,713,1280,1048,1079,769,1209,823,1283,704,1080,856
fkbpl,111,67,134,58,127,61,130,81,131,83,147,58
fkrp,259,178,358,194,227,201,241,214,237,204,208,228
fktn,303,230,378,321,432,305,296,329,508,232,649,375
flad1,538,723,611,724,750,718,614,668,745,709,552,680
flcn,629,460,628,494,609,651,606,593,712,582,546,547
flg,2,0,1,1,0,0,22,1,1,0,0,2
flg2,0,0,0,0,0,0,1,0,0,0,0,0
fli1,329,139,368,220,312,135,308,151,352,164,361,142
flii,1652,987,1499,1211,1540,959,1508,897,1803,960,1556,1132
flna,4144,1504,4717,3208,3273,1356,4477,1512,5321,2060,4157,2354
flnb,4479,1640,5733,2693,3445,1865,4012,2093,5307,2246,3325,2586
flnc,77,53,89,236,36,5,163,30,62,60,32,63
flot1,937,316,826,328,608,325,785,301,791,213,1238,266
flot2,791,423,655,491,639,424,696,491,648,375,752,363
flrt1,28,17,32,60,26,19,24,23,52,22,33,38
flrt2,251,89,109,575,109,74,152,158,365,162,19,173
flrt3,32,9,100,16,27,3,11,14,56,9,38,34
flt1,489,304,861,444,414,371,514,274,373,274,784,391
flt3,34,15,44,22,25,12,40,10,54,21,49,27
flt4,1592,348,1126,639,1400,435,1429,487,1901,356,2243,411
flywch1,286,153,234,219,276,190,327,173,296,209,277,239
flywch2,27,20,42,23,22,13,27,16,19,12,30,14
fmn1,790,331,1092,356,554,540,794,293,909,348,1080,514
fmn2,24,27,12,32,20,65,33,60,28,44,18,63
fmnl1,93,30,110,73,82,28,91,31,100,43,82,44
fmnl2,682,315,1275,392,503,367,676,223,522,299,784,337
fmnl3,245,77,429,147,234,86,184,71,197,73,231,106
fmo1,4310,1998,4294,2164,5004,2111,4385,2344,5632,2389,5066,2570
fmo2,1580,347,1736,930,908,280,1524,310,1638,276,2842,239
fmo3,126,3,448,15,95,5,1323,1,194,4,594,1
fmo4,469,105,933,97,399,179,488,167,627,110,750,149
fmo5,7699,6372,6991,8550,9638,6342,9021,5553,9884,5807,6914,6062
fmod,110,39,86,324,110,39,112,15,105,28,24,31
fmr1,762,569,738,801,735,642,668,562,941,510,655,629
fmr1nb,1,2,4,5,3,2,5,1,86,0,0,16
fn1,23300,16297,68274,21930,16733,18948,28619,25326,20046,18752,25748,22336
fn3k,129,210,76,153,206,198,115,275,221,267,162,237
fn3krp,278,330,245,340,397,324,259,325,469,342,234,358
fnbp1,407,256,517,356,386,252,360,301,559,230,455,291
fnbp1l,555,441,881,540,548,415,592,411,740,465,595,480
fnbp4,300,275,655,308,292,305,435,361,590,316,435,368
fndc1,91,20,43,330,45,17,66,79,90,118,7,115
fndc3a,2180,2427,2831,3281,2015,2203,2214,2184,3062,2324,1994,2933
fndc3b,1891,1137,3367,1725,1253,833,2155,1054,1332,1048,1837,1112
fndc4,512,651,328,669,634,675,512,506,589,616,796,529
fndc5,20,17,29,23,35,14,61,27,80,13,126,9
fndc7,3,2,15,9,4,0,4,3,11,2,4,2
fndc8,6,0,5,2,4,0,9,4,4,3,3,3
fndc9,1,2,9,4,0,1,4,2,3,0,4,0
fnip1,1589,1655,1319,1526,1413,1446,1502,1808,2019,1531,1705,1466
fnip2,1021,451,860,646,970,595,885,859,1210,605,945,621
fnta,845,722,613,705,770,692,630,653,952,587,836,649
fntb,62,36,86,50,64,62,70,44,52,52,55,37
focad,434,383,403,436,419,371,375,351,570,437,421,496
folh1,41,10,36,51,65,5,79,5,182,7,15,2
folr1,10,5,14,7,8,5,20,4,13,6,8,5
folr2,569,338,243,418,492,298,748,389,515,359,152,339
fos,101,187,184,764,85,125,96,144,114,449,122,118
fosb,6,3,19,69,6,16,8,4,6,5,17,7
fosl1,11,3,28,2,5,0,4,1,7,4,5,6
fosl2,344,183,656,517,275,197,493,149,374,200,782,282
foxa1,98,205,84,116,71,113,67,126,106,84,40,210
foxa2,374,654,534,212,419,231,332,291,426,233,334,787
foxa3,1587,920,2300,909,1053,1707,1269,1818,1313,1103,1023,1117
foxb1,0,0,2,2,0,0,1,0,1,2,1,0
foxb2,0,0,1,0,0,0,4,0,1,0,0,0
foxc1,13,11,14,12,11,5,7,4,18,2,57,5
foxc2,5,2,2,3,2,1,7,1,2,2,8,0
foxd1,0,0,0,0,0,0,0,0,0,0,0,0
foxd2,6,1,4,2,1,0,1,0,0,1,0,0
foxd3,0,0,0,0,0,0,0,0,0,0,0,0
foxd4,1,0,0,0,0,0,0,1,0,0,0,0
foxe1,1,0,0,0,0,0,0,0,2,0,1,0
foxe3,0,0,0,0,0,0,0,0,0,0,0,0
foxf1,47,37,41,71,31,37,40,41,37,41,34,46
foxf2,3,0,2,0,0,0,1,0,1,0,0,0
foxg1,4,1,10,4,1,3,0,1,8,0,1,4
foxh1,0,0,1,0,0,0,0,0,0,0,2,0
foxi1,0,0,0,0,0,0,0,0,0,0,0,0
foxi2,0,0,0,0,0,0,0,0,0,0,0,0
foxj1,28,1,24,1,23,3,22,1,40,1,37,1
foxj2,175,106,194,148,154,116,199,137,182,103,126,111
foxj3,360,240,468,329,274,276,318,302,392,242,364,290
foxk1,306,181,307,306,244,192,273,275,324,191,238,243
foxk2,369,279,653,444,444,385,540,398,534,288,441,442
foxl1,1,1,3,1,1,0,0,1,0,1,3,0
foxl2,0,0,0,0,0,0,0,0,0,0,0,0
foxm1,35,5,60,8,43,2,58,7,42,12,23,5
foxn1,3,0,6,6,3,2,3,10,20,8,4,9
foxn2,601,422,714,729,579,509,521,472,733,480,579,478
foxn3,498,611,549,649,541,640,546,746,637,649,422,711
foxn4,0,0,0,0,0,0,0,1,0,0,0,0
foxo1,355,326,635,472,365,463,658,413,448,356,547,452
foxo3,995,684,1123,1040,917,1065,1307,1011,1293,1088,1122,1103
foxo4,432,352,249,355,374,291,306,279,369,307,232,275
foxo6,3,1,5,10,1,1,3,1,3,1,0,2
foxp1,524,390,732,546,423,484,460,513,617,456,418,679
foxp2,69,117,144,184,85,152,110,177,197,151,151,210
foxp3,13,5,12,8,13,4,4,10,9,5,8,7
foxp4,325,101,390,146,205,122,202,123,195,119,287,102
foxq1,156,1201,330,93,157,123,163,127,102,235,99,1149
foxr1,5,2,21,5,8,3,10,6,12,5,7,10
foxr2,0,0,0,0,0,0,0,0,0,0,0,0
foxred1,571,726,648,685,593,655,579,733,837,673,479,884
foxred2,22,6,42,28,19,10,29,32,24,11,17,6
foxs1,17,10,27,23,15,16,13,2,21,5,23,14
fpgs,1536,3190,1565,2218,1936,2899,1646,1499,2103,2685,1774,2575
fpgt,544,624,745,562,714,625,708,571,899,637,834,750
fpr1,251,91,134,136,211,58,239,145,205,141,64,91
fpr2,96,42,56,43,85,24,92,56,120,66,50,31
fpr3,0,0,0,0,0,0,0,0,0,0,0,0
fra10ac1,203,195,234,228,235,237,214,256,273,252,301,199
fras1,100,213,85,218,136,327,81,238,165,184,93,258
frat1,160,120,119,123,101,127,87,119,105,111,77,99
frat2,47,35,40,28,33,26,39,38,50,37,39,45
frem1,39,21,45,28,50,32,34,22,92,30,95,23
frem2,8,4,14,5,6,0,10,1,14,3,5,6
frem3,1,0,3,1,0,1,0,1,0,3,3,3
frg1,296,262,251,258,296,252,249,256,338,221,275,264
frk,353,152,490,190,569,143,492,144,674,174,831,192
frmd3,1,2,5,11,1,6,5,4,7,2,6,3
frmd4a,341,184,453,239,291,198,351,167,392,187,343,196
frmd4b,1693,1107,1971,1704,1625,1503,1942,884,2393,1591,1423,1146
frmd5,1,3,10,8,2,0,8,2,6,2,4,6
frmd6,267,109,372,242,180,115,194,101,268,101,168,153
frmd7,1,0,8,2,0,0,1,0,4,1,3,1
frmd8,805,330,1280,437,650,362,604,321,567,379,521,368
frmpd1,0,0,1,0,0,1,1,1,0,0,0,0
frmpd3,1,0,2,2,1,2,0,1,3,1,4,1
frmpd4,1,0,0,0,0,0,0,0,6,2,2,0
frrs1,849,390,1145,452,711,438,734,571,817,413,573,524
frrs1l,5,4,11,6,2,7,3,12,11,3,4,10
frs2,229,222,339,342,252,246,305,295,312,224,302,271
frs3,43,38,29,37,40,16,33,26,35,30,39,23
fry,189,101,328,164,155,94,263,189,274,131,384,159
fryl,650,442,874,661,631,435,693,571,830,456,987,614
frzb,174,30,173,48,150,48,133,29,190,34,153,39
fsbp,26,23,39,19,31,16,17,27,37,16,23,25
fscb,0,0,0,0,0,0,0,0,0,0,0,0
fscn1,139,45,163,91,111,53,113,38,127,41,178,72
fscn2,0,0,3,2,2,0,1,2,1,1,0,1
fscn3,0,0,0,0,0,1,0,0,0,1,0,0
fsd1,4,4,7,1,5,1,4,3,3,2,3,3
fsd1l,53,42,62,51,25,32,50,38,76,41,51,34
fsd2,29,24,46,17,18,3,32,12,34,2,26,5
fshb,0,0,0,0,0,0,0,0,0,0,0,0
fshr,0,0,0,0,0,0,0,0,0,0,0,0
fsip1,3,1,2,0,5,1,2,0,4,0,7,2
fsip2,0,0,0,0,0,0,0,0,0,1,0,0
fst,226,130,1022,154,87,68,163,25,45,139,99,106
fstl1,888,245,883,813,779,293,726,309,1099,472,828,727
fstl3,35,3,88,13,41,4,37,11,45,3,351,9
fstl4,7,0,7,1,2,0,10,0,8,2,2,0
fstl5,0,0,6,0,3,0,6,0,1,0,1,0
ftcd,5627,7377,4410,6286,6237,7478,5507,5489,7288,7292,5340,7171
fth1,25575,9368,26007,12726,23014,11004,19639,10451,17034,9563,25159,11281
ftmt,0,0,0,0,0,0,0,0,0,0,0,0
fto,867,452,811,626,616,509,664,546,769,453,640,560
ftsj1,422,404,317,378,414,370,352,351,545,387,354,378
ftsj3,1079,1035,1301,1160,1206,935,1329,1009,1594,1117,1500,992
fubp1,967,886,1853,1088,827,804,969,757,1463,914,856,953
fubp3,529,407,790,410,430,427,490,387,645,351,574,383
fuca1,1654,1199,1592,1257,1501,1334,1485,1044,1613,1155,1611,1261
fuca2,294,204,421,170,330,189,358,227,396,200,426,246
fundc1,415,265,383,350,389,206,336,196,446,214,394,250
fundc2,338,241,269,258,321,208,284,208,456,207,357,168
fuom,321,500,202,405,433,466,329,416,488,441,201,423
furin,2906,1434,2828,1973,1768,1775,2002,2043,1904,1837,1374,1844
fus,355,312,597,471,296,320,406,376,600,342,422,333
fut1,17,18,23,12,20,11,19,31,27,19,25,24
fut2,7,5,10,3,12,2,16,10,18,3,9,5
fut4,45,12,35,13,40,9,32,12,52,8,37,10
fut7,20,4,15,3,12,1,5,0,13,4,11,2
fut8,172,92,134,202,129,96,152,176,181,75,182,120
fut9,1,0,1,2,1,0,0,0,0,2,0,3
fuz,125,158,95,159,108,140,111,131,164,130,85,160
fxn,220,216,118,264,199,235,168,199,215,192,144,215
fxr1,1404,1510,1727,1469,1473,1523,1833,1417,1941,1479,1386,1539
fxr2,789,570,846,582,792,589,914,598,899,587,676,686
fxyd1,1584,2218,963,2096,1544,2323,1340,1862,1915,2122,1208,2046
fxyd2,3,1,1,9,4,3,2,3,0,3,1,4
fxyd3,40,6,33,27,45,19,39,22,47,9,38,12
fxyd4,2,2,3,0,4,1,4,1,5,1,6,2
fxyd5,276,116,338,193,243,110,318,99,326,145,273,151
fxyd6,160,46,136,172,137,18,161,45,185,28,85,25
fxyd7,2,3,2,1,1,0,2,3,4,2,1,1
fyco1,909,1084,1039,1227,895,1067,867,1108,1395,1097,852,1074
fyn,332,161,358,299,298,209,376,184,312,172,305,241
fyttd1,1035,914,1064,903,861,969,989,1031,1250,831,966,870
fzd1,310,122,216,317,235,136,244,130,327,123,174,129
fzd10,3,0,8,3,0,0,1,0,0,1,2,0
fzd2,13,7,13,38,11,3,8,3,20,9,9,13
fzd3,9,5,18,10,9,3,10,17,24,6,4,6
fzd4,715,462,725,548,592,402,596,774,815,465,563,541
fzd5,266,187,456,273,137,116,184,144,205,247,239,154
fzd6,180,142,267,118,151,128,181,128,273,116,354,82
fzd7,430,385,345,452,362,304,307,338,474,293,378,435
fzd8,139,253,173,256,156,180,78,229,180,267,94,231
fzd9,3,0,2,1,1,0,2,0,2,1,4,0
fzr1,258,136,265,165,225,147,224,133,228,102,173,192
g0s2,1309,1572,1442,1837,1226,746,517,545,1122,1139,628,457
g2e3,240,240,396,278,296,224,287,244,438,187,384,258
g3bp1,1655,1307,1843,1622,1776,1436,1949,1227,2363,1377,1806,1550
g3bp2,2206,1901,2378,2029,2269,1796,2015,1786,2749,1782,3048,1762
g6pc2,6,6,5,16,5,5,6,6,14,10,7,26
g6pc3,102,59,88,74,85,76,92,56,98,59,112,55
gaa,1444,926,1436,1266,1240,1133,1526,1064,1364,988,1255,1395
gab1,346,191,259,257,205,203,229,236,328,213,287,196
gab2,298,116,269,214,224,118,328,113,289,101,306,106
gab3,27,9,35,28,27,9,32,15,37,17,29,18
gabarap,4811,3724,4048,4140,4882,3482,4669,3433,5276,3707,4367,3414
gabarapl1,6858,4999,3506,5118,5766,6257,5056,5366,7423,5319,3837,5656
gabarapl2,1887,1292,1349,1335,1563,1279,1511,1204,1846,1218,1325,1329
gabbr1,36,14,68,54,36,11,55,19,69,14,49,23
gabbr2,148,228,175,281,283,237,218,282,294,252,95,409
gabpa,1252,1301,1249,1276,1182,1340,1141,1209,1624,1155,1002,1308
gabpb1,196,165,259,181,149,191,138,155,216,202,218,155
gabpb2,866,856,1393,932,831,864,898,980,1285,881,714,948
gabra1,0,0,0,1,0,0,0,3,0,0,0,0
gabra2,5,9,25,17,5,5,15,16,24,19,9,18
gabra3,217,113,160,268,183,84,213,60,307,77,173,66
gabra4,6,0,3,13,10,0,4,30,8,9,1,13
gabra5,0,0,0,0,0,0,1,0,0,0,0,0
gabra6,0,0,0,0,0,0,0,0,0,0,0,0
gabrb1,7,5,7,19,2,2,10,3,9,4,2,5
gabrb2,3,0,6,0,2,0,0,6,4,5,5,2
gabrb3,38,52,29,66,89,46,59,28,70,50,66,16
gabrd,4,1,2,3,6,0,3,4,3,1,5,0
gabre,9,4,19,10,6,2,10,4,9,9,5,3
gabrg1,5,0,11,2,0,2,4,1,1,2,1,3
gabrg2,1,0,0,0,0,0,0,0,1,0,0,1
gabrg3,1,2,16,2,3,4,5,7,10,3,5,1
gabrp,34,0,33,4,25,2,22,3,67,6,23,4
gabrq,7,59,8,82,11,120,7,191,23,245,2,28
gabrr1,2,0,0,1,0,0,0,0,0,0,0,0
gabrr2,0,5,0,2,1,0,1,1,1,2,0,2
gabrr3,0,0,0,0,0,0,0,0,0,0,0,0
gad1,4,0,3,2,1,1,2,0,0,1,5,1
gad2,5,2,10,1,3,1,4,1,2,0,3,1
gadd45a,198,102,145,104,122,31,84,111,128,148,70,55
gadd45b,79,17,112,47,61,34,86,48,126,34,242,12
gadd45g,109,1357,220,410,450,72,677,67,240,98,236,1440
gadd45gip1,903,718,679,729,853,805,737,682,782,637,744,756
gadl1,7,3,12,6,5,4,4,5,9,4,9,8
gak,1495,997,1525,1212,1449,1067,1493,1177,1695,1025,1768,1170
gal,0,0,2,2,4,1,0,99,1,24,0,22
gal3st1,111,13,86,5,143,8,105,5,176,6,82,6
gal3st2,15,0,10,5,10,0,16,9,23,2,7,4
gal3st3,5,2,9,3,3,2,7,7,7,2,3,7
gal3st4,29,14,26,25,33,11,20,14,37,21,45,8
galc,163,89,158,150,149,92,158,80,163,88,142,94
gale,505,473,798,528,495,287,532,138,484,466,529,550
galk1,1376,690,1157,722,1479,645,1897,484,1693,593,2426,630
galk2,734,312,586,331,551,298,509,321,916,321,642,313
galm,2063,1661,1150,1547,2235,1930,1696,1722,2610,1808,2566,2066
galns,735,169,554,198,496,259,508,171,698,183,847,204
galnt1,1580,1360,1599,1500,1648,1210,1717,1365,2198,1403,1938,1403
galnt10,485,168,495,201,350,145,340,153,381,166,398,186
galnt11,355,286,361,358,402,292,421,338,523,350,594,323
galnt12,26,6,82,15,17,4,32,5,43,10,57,2
galnt13,2,0,4,1,5,3,1,1,7,4,8,1
galnt14,6,6,3,7,1,2,5,16,13,8,5,9
galnt15,390,132,352,338,209,69,308,72,246,91,304,87
galnt16,7,6,2,10,5,4,5,2,5,3,5,6
galnt18,111,38,443,58,56,43,75,26,78,43,99,49
galnt2,914,566,746,513,742,540,322,544,622,417,532,441
galnt3,31,14,48,12,40,13,39,22,26,12,30,17
galnt4,298,399,469,463,266,330,281,391,358,433,294,450
galnt5,2,0,1,2,1,0,1,1,3,0,0,1
galnt6,313,29,1016,84,84,41,192,109,119,73,193,96
galnt7,194,93,350,105,167,71,153,151,242,103,102,98
galnt9,1,1,3,2,9,0,1,2,11,1,23,1
galntl5,0,0,0,0,0,0,0,0,0,0,0,1
galntl6,2,5,1,1,3,4,4,4,9,9,3,5
galp,0,0,0,0,0,0,0,0,0,0,0,0
galr1,0,0,0,0,1,0,0,8,0,1,0,1
galr2,4,0,3,3,3,1,2,1,6,2,1,2
galt,583,790,673,701,556,858,514,571,625,671,483,868
gamt,1937,1696,1846,1440,2024,2290,2132,1940,1791,1676,1341,2131
gan,200,210,286,260,205,207,240,188,243,160,237,232
ganab,2996,3414,4544,3687,2880,3402,3020,3969,3508,3801,3406,4236
ganc,555,471,606,477,520,388,509,433,789,471,488,471
gap43,0,0,0,0,1,0,0,0,1,0,0,1
gapdh,31844,17463,29192,17040,32427,19217,34426,14885,27278,19308,18124,19071
gapdhs,33,58,61,70,37,51,31,39,75,63,42,50
gapt,4,3,7,2,7,3,3,3,8,7,19,9
gapvd1,1302,932,1658,1251,1150,1095,1288,1194,1724,979,1339,1193
gar1,72,32,96,63,76,44,46,40,70,33,65,49
garnl3,43,27,53,36,28,16,43,41,63,33,48,29
gart,942,642,829,769,760,734,800,664,979,726,535,800
gas1,297,290,95,897,194,265,172,255,268,267,41,175
gas2,1427,1285,584,937,1447,1357,937,886,2231,1014,1370,1660
gas2l1,379,187,471,255,352,154,421,214,379,207,373,185
gas2l2,0,0,0,0,1,0,1,0,1,0,0,0
gas2l3,195,50,279,103,215,66,255,91,308,71,232,68
gas6,2702,706,1781,2225,1838,940,1794,881,2740,742,2120,882
gas7,439,278,496,508,558,383,455,235,757,363,745,459
gast,0,0,0,0,0,0,0,0,0,0,0,0
gata1,0,1,4,1,1,0,2,1,4,0,0,0
gata2,21,10,40,35,19,7,17,7,20,9,16,11
gata3,7,10,11,25,11,7,13,7,14,7,13,11
gata4,287,269,200,277,251,262,197,251,296,236,91,287
gata5,20,11,17,44,6,13,10,26,24,24,6,11
gata6,233,93,223,214,149,92,155,90,235,108,264,115
gatad1,1260,1033,1285,1035,1286,935,1109,884,1423,893,1448,1017
gatad2a,1035,561,933,742,784,658,798,723,938,598,873,720
gatad2b,316,269,336,389,281,312,374,295,337,281,248,320
gatb,923,665,527,599,965,682,743,606,1061,656,731,788
gatc,240,232,266,265,325,245,223,231,301,204,320,241
gatm,426,300,322,382,458,269,404,599,385,354,376,433
gba2,186,176,408,230,180,277,141,347,234,233,152,202
gbe1,6414,2511,4258,2429,5155,2978,7277,2098,6807,2104,4332,2615
gbf1,965,1210,1259,1572,976,1117,990,1293,1164,1354,937,1509
gbgt1,56,17,38,39,52,13,43,14,52,14,42,26
gbp2,390,310,660,632,347,228,394,223,703,277,409,287
gbp3,487,279,562,310,430,202,477,273,664,276,372,256
gbp4,163,176,301,196,144,129,123,112,355,126,210,158
gbp5,111,116,148,150,89,90,102,90,180,108,87,148
gbp6,564,526,965,424,835,415,590,389,1355,658,1120,615
gbp7,708,593,916,617,653,578,607,584,1061,550,708,591
gbx1,1,0,4,0,0,1,1,0,2,0,1,0
gbx2,2,0,1,0,2,0,0,0,1,0,0,2
gc,159640,136754,162691,105204,143399,135688,150371,121757,195328,135315,238865,140925
gca,138,98,109,100,120,115,159,90,246,108,154,113
gcat,1493,1875,971,1776,1900,2277,1338,1650,1884,2030,1161,2122
gcc1,360,252,481,367,379,345,343,349,488,352,293,311
gcc2,1315,1094,2101,1228,1359,1168,1625,1285,1725,1130,1716,1101
gcdh,7778,11057,4072,10001,8010,10396,6259,8752,9273,9717,3917,10948
gcfc2,96,86,205,101,78,114,108,126,147,93,72,95
gcg,0,0,0,0,4,0,0,0,0,8,0,0
gcgr,3253,3404,2904,3077,3321,3050,3132,3490,3927,3690,2708,3373
gch1,3405,2601,2470,2559,3392,3297,3663,3259,3951,2688,1874,2570
gchfr,1544,1348,2451,1339,1616,1446,1480,945,1467,1076,781,1187
gck,3334,1490,2265,2534,5453,2209,5452,1730,5677,2445,3188,1924
gckr,3308,2595,2902,2398,3787,2932,3643,2283,4209,2875,5132,3202
gclc,7848,5030,27444,3840,7193,3522,14922,2495,9334,4765,11470,5728
gclm,4009,3688,4336,3894,4667,3359,4339,3636,4922,3318,4043,3637
gcm1,11,13,22,15,16,17,15,19,33,23,25,23
gcm2,0,2,1,0,1,2,1,0,2,0,0,2
gcnt1,141,66,162,122,136,53,169,82,159,61,147,66
gcnt2,641,362,1133,535,536,476,587,419,809,462,504,396
gcnt3,8,2,3,3,2,4,2,14,4,2,2,1
gcnt4,151,174,233,122,176,137,121,192,172,144,138,222
gcnt7,21,10,40,7,16,12,23,12,42,13,27,10
gcom1,0,0,0,7,0,2,11,0,18,3,0,0
gcsam,10,8,17,10,11,2,11,2,35,3,15,6
gcsh,2504,2048,1649,1912,1983,2173,1715,1868,2154,1773,1644,2256
gda,1069,1149,1247,1611,794,942,1032,1072,1303,1221,1718,1118
gdap1,1,1,5,1,1,1,0,2,6,1,1,6
gdap1l1,0,0,0,0,0,0,0,0,1,0,0,0
gdap2,756,545,785,669,703,787,842,613,978,634,851,614
gde1,881,775,592,725,889,635,1048,878,1074,650,834,657
gdf1,4,0,2,0,0,1,4,1,4,0,0,0
gdf10,107,118,89,167,158,154,177,91,187,89,80,72
gdf11,20,6,21,13,4,10,8,7,19,15,10,7
gdf15,431,77,345,142,240,262,125,209,362,445,341,99
gdf2,294,415,174,463,344,464,474,402,443,337,172,365
gdf3,9,3,11,2,11,2,4,2,14,1,7,3
gdf5,0,0,1,0,0,0,0,0,0,0,0,0
gdf6,34,19,31,43,29,21,27,10,44,10,24,17
gdf7,7,18,8,8,10,5,2,2,4,2,2,1
gdf9,4,5,4,3,2,6,4,1,4,1,3,7
gdi1,895,660,984,764,742,664,703,686,1016,676,621,823
gdi2,6870,6225,7626,6836,6941,6312,6849,5802,7502,5816,6896,6357
gdnf,5,0,1,0,3,0,4,0,6,0,11,0
gdpd1,184,24,439,61,127,30,243,41,113,44,215,52
gdpd2,3,1,23,48,0,2,3,4,10,11,0,3
gdpd3,17,6,38,7,12,3,17,3,14,11,15,4
gdpd4,1,0,1,0,1,0,2,0,1,0,0,0
gdpd5,75,21,92,62,87,36,72,62,88,45,104,40
gdpgp1,95,75,143,90,64,77,66,100,96,119,65,88
gem,33,113,40,153,53,91,64,84,63,93,35,58
gemin2,211,226,178,216,193,210,173,218,270,280,177,236
gemin4,259,167,323,219,264,191,258,221,334,199,286,128
gemin5,420,261,489,347,411,302,370,358,503,331,430,320
gemin6,109,97,155,101,144,97,141,96,170,135,199,109
gemin7,325,236,394,239,294,259,290,269,290,218,225,275
gemin8,67,27,59,34,56,26,60,33,92,29,66,28
gen1,18,19,28,15,30,20,32,20,38,25,17,25
get4,551,295,578,339,551,313,504,302,539,302,767,288
gfap,12,12,3,6,10,6,4,4,10,8,4,4
gfer,677,656,662,644,705,677,767,523,700,623,739,659
gfi1,5,0,11,5,4,0,7,3,2,5,9,7
gfi1b,0,0,2,0,0,0,1,0,1,2,1,1
gfm1,1465,1534,1265,1553,1756,1636,1509,1401,1683,1440,1184,1888
gfm2,906,1013,838,956,884,1083,848,971,1163,1077,542,1139
gfod1,69,85,126,111,90,74,84,52,74,80,85,95
gfod2,190,159,182,127,191,136,165,127,196,148,177,166
gfpt1,1038,950,1275,1440,796,519,1013,714,975,685,800,1020
gfpt2,58,27,62,216,43,16,52,33,91,86,32,62
gfra1,3248,3222,3582,3624,2693,3347,3852,4578,2666,3133,2769,3485
gfra2,25,13,19,23,13,12,28,23,30,20,26,19
gfra3,1,1,0,1,2,0,2,0,0,0,0,0
gfra4,5,1,4,13,4,2,4,2,6,5,2,4
gfral,0,0,0,0,0,0,0,0,0,0,1,0
gfy,0,0,0,0,0,0,0,0,0,0,0,0
gga1,496,236,501,350,417,243,403,304,416,232,377,275
gga2,410,346,371,460,268,292,346,260,347,318,298,298
gga3,128,88,227,146,139,96,155,127,197,92,118,123
ggact,1270,1188,779,1239,1298,1382,1001,1121,1478,1079,808,1351
ggct,253,155,281,143,289,177,287,139,336,178,357,158
ggcx,1833,1805,1919,1797,1430,1800,1472,1764,1643,1912,971,1854
ggh,506,390,436,398,516,353,417,730,505,461,668,442
ggn,10,1,14,2,9,1,6,2,8,1,10,4
ggnbp2,1809,1827,1902,1745,1655,1664,1849,1489,2225,1852,1805,1650
ggps1,219,209,351,208,215,223,253,222,272,196,294,248
ggt1,65,1,87,4,39,0,10,172,25,56,94,81
ggt5,84,61,66,83,80,82,88,55,75,52,84,43
ggt6,605,390,375,378,734,354,476,385,754,347,638,307
ggt7,9,4,17,5,13,4,12,6,12,2,10,4
ggta1,325,114,444,184,289,118,348,177,413,134,433,157
ghdc,384,284,376,297,403,251,382,257,459,275,510,250
ghitm,8503,7520,7339,6867,8602,7098,8375,6405,10916,6726,7012,7216
ghr,4949,12978,3488,12828,6217,12616,4403,10521,10145,12850,4593,14681
ghrh,2,0,1,1,1,0,0,0,1,1,0,0
ghrhr,4,1,5,0,1,0,0,1,2,1,0,0
ghrl,3,2,13,5,7,1,6,12,15,10,6,11
ghsr,0,0,0,1,0,0,0,0,0,0,0,0
gid4,529,459,461,562,521,461,497,500,592,407,477,575
gid8,731,622,831,629,568,598,598,560,873,546,720,609
gigyf1,280,168,321,210,223,160,243,209,350,185,258,193
gigyf2,1035,902,1740,1125,1043,1053,1213,1047,1516,1013,1520,1168
gimap1,97,55,115,72,91,52,72,47,111,51,91,46
gimap4,493,356,474,380,443,311,400,283,654,296,477,366
gimap5,75,31,72,43,62,35,59,42,76,26,79,33
gimap6,531,340,524,401,437,342,418,332,643,379,544,293
gimap7,18,18,31,35,27,10,30,3,59,8,34,19
gimap8,345,165,380,254,248,188,274,125,351,165,346,168
gin1,265,304,532,356,338,265,438,330,460,338,787,346
ginm1,703,926,977,859,906,818,890,1025,947,979,898,738
gins1,53,59,107,50,74,66,75,76,89,71,68,61
gins2,175,24,203,47,139,38,122,62,143,76,131,48
gins3,30,27,52,17,26,20,33,16,32,15,27,25
gins4,371,259,327,229,377,257,351,275,420,272,330,251
gip,0,0,0,0,0,1,2,0,1,0,1,1
gipc1,289,142,281,189,281,167,298,139,241,160,271,162
gipc2,391,7,299,24,509,18,432,13,644,4,685,12
gipc3,1,2,4,4,1,3,3,2,3,1,4,3
gipr,0,1,0,0,1,0,0,1,1,1,1,0
git1,243,76,248,164,186,94,252,98,212,100,217,122
git2,426,259,621,381,359,273,445,274,532,286,473,310
gja1,297,139,374,291,285,162,335,176,351,160,459,156
gja10,1,3,5,4,12,3,2,3,3,4,1,8
gja3,0,0,0,0,0,0,0,0,0,0,0,0
gja4,179,58,93,76,140,80,197,76,119,44,76,58
gja5,113,23,202,26,118,17,50,19,101,20,200,26
gja8,15,9,23,8,13,2,9,9,18,12,12,19
gjb1,9651,9547,9097,9578,8511,10721,6559,8720,8574,9329,3742,10720
gjb2,3452,4359,3380,4906,2644,4472,2601,6282,3454,3981,1042,3900
gjb3,5,1,55,11,10,0,6,1,4,1,0,3
gjb4,0,0,48,3,1,0,1,1,2,1,1,0
gjb5,10,1,11,21,3,4,5,5,5,6,0,5
gjb6,3,0,0,0,2,0,0,1,4,0,0,0
gjc1,11,8,19,7,10,3,6,6,14,10,23,11
gjc2,21,11,16,19,32,19,10,15,20,18,25,12
gjc3,35,29,42,37,44,19,31,47,60,22,36,37
gjd2,0,0,0,0,0,0,0,0,0,0,0,0
gjd3,0,0,0,0,0,0,0,0,1,0,1,0
gjd4,0,5,7,5,1,2,5,9,11,6,4,5
gk,2816,2385,3202,2394,2825,2455,2601,2352,4154,1989,1802,2486
gk2,0,0,0,0,0,0,0,0,0,0,0,0
gk5,26,12,28,34,17,9,28,31,36,20,15,18
gkap1,226,236,231,248,254,208,261,227,283,196,175,180
gkn1,0,0,0,0,0,0,0,1,0,0,0,0
gkn2,0,0,0,0,0,0,0,0,0,0,2,0
gla,350,197,585,157,339,176,343,212,448,182,331,205
glb1,486,240,445,323,357,257,517,311,499,323,516,335
glb1l,130,75,170,95,117,75,115,78,199,76,178,71
glb1l2,11,8,12,19,5,6,9,9,17,5,5,18
glb1l3,0,0,0,1,0,0,0,0,0,0,0,0
glcci1,157,212,191,200,155,174,179,223,217,159,140,205
glce,709,671,817,721,545,741,653,798,869,772,788,772
gldc,4106,3490,3672,2918,4107,3115,4365,2112,3466,3150,3561,3804
gldn,786,12,1597,16,272,149,691,19,93,11,144,47
gle1,829,568,1060,618,594,602,669,691,696,537,502,635
glg1,1371,769,1777,1115,1118,807,1317,1019,1509,830,1423,1000
gli1,6,1,4,3,5,2,9,4,8,3,6,0
gli2,1,5,4,18,6,4,6,2,3,2,2,2
gli3,26,17,29,58,23,17,32,14,39,24,30,19
glipr1,135,46,174,63,103,27,136,27,138,26,119,30
glipr1l1,0,0,0,0,0,0,0,0,0,0,0,0
glipr1l2,1,0,4,0,0,0,0,0,0,0,0,1
glipr2,457,61,798,74,534,55,341,31,344,46,978,66
glis1,0,1,2,0,1,1,2,0,0,1,0,1
glis2,151,18,109,121,98,20,70,28,164,43,181,44
glis3,191,28,312,29,147,29,245,18,265,29,486,24
glmn,83,117,87,103,101,109,119,102,123,96,114,121
glmp,1148,664,1455,733,996,618,1143,723,1105,737,922,737
glo1,6067,10805,5003,8201,8274,9082,6453,7596,9933,9609,9035,10307
glod4,1170,1059,1066,911,1347,939,1211,864,1406,972,1427,1136
glod5,127,0,204,0,61,0,69,1,144,0,184,0
glp1r,7,0,4,0,7,0,0,14,3,10,0,3
glp2r,55,6,49,12,14,13,12,6,11,8,8,6
glra1,0,0,0,0,0,0,0,1,0,0,0,0
glra2,0,0,0,0,0,0,1,0,0,0,0,0
glra3,8,6,11,11,5,5,2,8,11,8,5,11
glra4,3,4,5,1,1,2,3,2,6,2,3,4
glrb,55,62,115,58,66,50,54,74,129,70,55,65
glrx,675,664,714,691,840,678,820,617,916,547,888,556
glrx2,569,390,700,535,572,466,483,449,744,416,660,494
glrx3,1825,1777,2047,1751,1724,1642,1768,1389,1995,1628,1421,1643
glrx5,1096,857,907,808,1110,947,676,825,1031,837,585,766
gls,682,324,1309,588,601,309,726,320,1013,307,1049,380
gls2,5403,6266,2885,5378,5878,7488,5272,4816,5333,5345,1485,6256
glt1d1,497,527,663,476,698,498,964,381,1037,620,928,427
glt6d1,2,0,0,0,0,0,1,0,3,0,4,0
glt8d1,225,184,260,237,182,154,202,164,272,217,185,208
glt8d2,18,6,13,17,12,6,12,3,21,9,5,8
gltp,179,60,156,111,126,59,166,49,121,52,153,44
gltpd2,855,925,634,801,849,755,749,850,888,893,729,855
glud1,18116,15833,31709,18028,13750,17465,18953,16772,15088,16352,8739,19951
glul,6866,16587,48349,21622,7871,24658,8552,21454,7452,17051,4928,17569
glyat,3828,7165,2309,6682,4406,5833,3465,6188,5546,6741,3640,7070
glyatl3,0,0,4,0,0,0,0,0,0,0,1,0
glycam1,0,0,0,0,0,0,0,0,0,0,0,0
glyctk,3215,3551,3884,4206,3516,3529,3076,3652,5193,4312,3842,4354
glyr1,2121,1660,2360,1890,1852,1762,1808,1738,2373,1590,1562,1977
gm2a,4838,2275,3798,2264,4546,2645,3738,2150,4844,2470,4381,3004
gmcl1,494,235,433,301,510,266,396,238,558,240,574,303
gmds,132,41,111,94,98,31,103,97,98,60,91,74
gmeb1,140,129,246,126,136,122,128,131,198,168,154,148
gmeb2,267,229,390,209,235,209,237,188,314,237,237,234
gmfb,1530,1021,1593,1199,1282,973,1477,1108,2120,1043,1492,1118
gmfg,271,118,237,164,253,110,247,118,290,130,211,113
gmip,298,95,330,146,211,82,274,101,308,80,292,78
gml,3,1,12,0,11,0,0,0,8,0,6,0
gmnc,0,0,1,0,0,0,0,0,0,0,0,0
gmnn,176,123,193,96,194,90,159,172,207,105,151,80
gmppa,551,507,742,574,535,338,514,370,566,337,711,444
gmppb,408,535,622,868,391,391,432,393,426,490,398,546
gmpr,54,24,40,49,49,16,64,19,49,18,36,21
gmpr2,307,232,304,235,265,259,290,258,428,262,280,255
gmps,1299,1596,1408,1826,1590,1443,1572,1486,1864,1581,1377,1711
gna11,1273,671,1366,947,1150,665,1040,685,919,628,758,742
gna12,2154,1429,2096,1631,1795,1187,1407,1861,2065,1462,1691,1329
gna13,1514,1037,1696,1100,1454,1182,1731,1113,1912,988,1961,1204
gna14,61,147,44,121,106,173,41,145,77,208,50,88
gna15,29,7,22,21,28,13,25,16,39,14,35,22
gnai1,146,78,185,126,167,90,147,59,192,46,335,48
gnai2,2200,1032,2425,1432,1706,1159,1914,1043,1957,1007,1706,991
gnai3,3093,2658,4157,2749,3302,2525,3300,2524,3754,2481,3488,2878
gnal,111,59,124,76,88,83,82,93,134,80,59,69
gnao1,8,5,6,4,5,4,4,2,8,4,3,8
gnaq,444,343,501,548,402,374,469,376,505,314,456,436
gnas,6624,3812,7576,4754,4780,3998,5170,3690,5277,3511,3595,4337
gnat1,348,415,309,382,208,557,234,503,353,488,183,409
gnat2,70,50,31,60,44,34,31,52,78,54,75,50
gnat3,0,0,0,1,0,1,0,1,0,0,0,0
gnaz,33,29,45,50,36,28,28,43,42,25,27,37
gnb1,2245,1001,2511,1581,1740,1223,1867,1137,2234,1049,2109,1259
gnb1l,55,32,29,27,49,28,35,23,53,26,33,28
gnb2,2074,1069,1932,1336,1937,1271,1877,1020,1894,1061,2033,1271
gnb3,3,0,3,1,0,1,5,3,1,0,0,1
gnb4,161,134,242,203,170,128,186,108,283,111,261,131
gnb5,18,8,23,16,23,12,28,11,29,5,19,13
gne,2427,2077,2059,2028,2127,2779,2109,3570,2941,2458,2109,1989
gng10,226,143,172,163,206,154,142,140,289,118,266,113
gng11,295,175,252,287,281,156,275,107,316,162,306,167
gng12,1316,759,1236,835,1291,861,1170,830,1444,713,1211,837
gng13,0,0,0,4,0,0,0,2,0,1,0,1
gng2,179,63,222,134,160,54,208,58,244,74,258,72
gng3,0,1,5,4,2,3,3,2,3,1,0,2
gng4,0,0,1,3,0,1,1,2,1,2,1,2
gng5,2140,1871,2402,1914,2239,1795,2143,1530,2351,1726,1749,1801
gng7,8,9,3,9,9,6,12,4,15,12,15,6
gng8,1,0,3,2,1,0,1,0,3,2,5,2
gngt1,16,20,7,20,12,17,8,15,13,12,2,12
gngt2,464,161,380,238,432,131,465,186,414,181,316,166
gnl1,507,230,411,317,346,261,399,257,383,227,395,280
gnl2,599,573,769,588,612,629,618,628,873,646,761,548
gnl3,638,425,911,635,443,515,649,709,943,532,567,639
gnl3l,973,593,941,678,846,633,791,597,990,515,785,653
gnmt,20735,28654,10413,27189,31450,32246,29432,19784,23446,25401,10077,28537
gnpat,991,816,848,881,917,852,878,824,1186,771,1056,1003
gnpda1,447,350,263,289,493,257,352,346,596,344,253,348
gnpda2,172,127,205,143,191,144,174,137,255,140,260,125
gnpnat1,2236,2968,2157,3044,1857,2368,1773,2260,2662,2838,1662,2460
gnptab,376,205,388,362,354,197,362,251,467,237,376,340
gnptg,545,410,438,462,535,410,459,364,632,391,563,453
gnrh1,3,2,9,2,2,4,7,2,5,1,9,1
gnrhr,1,1,0,0,1,2,1,0,2,2,1,0
gns,2979,2114,3062,2641,2507,2294,3044,2596,3020,2180,2268,2685
golga1,486,500,761,577,453,409,495,470,798,487,611,536
golga2,960,613,1300,677,712,591,764,674,945,584,753,643
golga3,960,805,1402,1088,900,799,1007,883,1282,894,1290,985
golga4,1781,2061,2596,2386,1373,1702,1814,2014,2037,2080,1604,2274
golga5,654,516,818,588,569,566,608,600,723,527,614,580
golga7,1997,1500,1797,1438,1646,1348,1559,1283,2057,1328,1609,1404
golga7b,16,2,53,1,9,3,5,1,8,2,9,3
golgb1,2796,1932,3034,2506,2122,1806,2499,2448,3569,2173,2055,2333
golim4,1653,1200,2123,1261,1522,1312,1778,1345,1889,1305,1696,1367
golm1,1204,103,3464,233,888,102,971,177,1189,171,1402,135
golph3,2000,1563,2363,1657,1724,1406,1800,1439,2323,1449,2372,1631
golph3l,289,267,250,426,293,269,269,249,342,289,273,291
golt1a,306,223,253,154,329,236,280,232,338,252,256,170
golt1b,248,132,407,219,210,142,279,169,290,142,237,185
gon4l,492,426,667,509,524,415,526,538,596,460,431,571
gopc,639,513,724,697,598,698,595,647,621,607,576,721
gorab,126,130,192,118,159,83,122,87,183,95,188,92
gorasp1,462,476,230,541,458,501,392,608,553,505,396,416
gorasp2,2074,1418,2454,1607,1656,1344,1720,1401,1838,1425,1794,1674
gosr1,834,728,837,720,880,707,836,721,1055,616,1023,800
gosr2,1903,1630,1980,1884,1925,1382,2035,1505,2291,1594,1861,1667
got1,3843,4104,3805,2904,5032,4772,9059,4091,4728,3054,2345,4287
got1l1,0,0,0,0,0,1,1,0,0,0,6,0
got2,8972,6684,6349,7200,7980,7102,6609,5814,7863,5932,5879,7477
gp1ba,17,7,14,17,11,16,30,13,28,17,16,10
gp1bb,6,2,5,5,2,0,11,0,1,0,1,0
gp2,1031,68,526,40,914,15,152,8320,88,2193,1,2805
gp5,3,7,8,9,4,3,9,3,7,2,5,5
gp6,8,6,16,22,7,4,11,3,12,5,11,8
gp9,17,7,13,49,2,3,18,2,6,6,13,8
gpa33,0,0,4,0,0,0,0,2,0,0,2,1
gpaa1,407,263,570,281,381,256,414,306,410,260,358,337
gpalpp1,704,611,680,625,713,576,713,614,978,551,630,609
gpam,4583,3605,7489,3531,6699,4306,5444,2378,6187,4100,4009,4890
gpank1,171,126,167,125,172,144,203,121,216,106,218,135
gpat2,53,84,44,91,64,107,56,57,88,73,57,71
gpat4,2833,2671,2688,2880,2840,2702,2879,2979,4268,2941,1845,3243
gpatch1,219,176,299,156,159,149,174,166,218,181,199,200
gpatch11,210,223,214,262,266,207,194,179,297,201,273,214
gpatch2,390,270,499,333,367,329,422,342,470,293,462,378
gpatch2l,425,294,403,313,360,284,344,230,425,290,349,292
gpatch3,125,58,164,71,113,66,101,71,131,89,120,72
gpatch4,146,130,287,144,138,141,176,117,161,173,115,122
gpatch8,298,301,434,343,294,348,353,341,413,289,280,354
gpbar1,0,4,7,3,5,2,2,4,7,5,9,5
gpbp1,1155,1591,1751,1673,1228,1549,1286,1479,1816,1527,1474,1596
gpbp1l1,1287,1380,1239,1238,1273,1383,1244,1401,1701,1275,1526,1354
gpc1,928,247,1004,241,951,232,625,213,979,195,984,206
gpc2,6,2,5,1,2,0,8,1,7,1,12,0
gpc3,2390,53,11429,235,375,62,1924,51,474,80,102,78
gpc4,524,449,679,607,412,559,448,570,496,491,408,535
gpc5,1,0,2,0,3,0,1,2,3,1,0,1
gpc6,121,45,111,74,77,34,119,59,116,46,163,53
gpcpd1,2821,2803,3396,2109,1582,4151,2757,7135,3096,2859,1382,2374
gpd1,6803,4826,6618,5137,7192,5243,5589,4365,6500,4757,5690,4862
gpd1l,866,625,735,696,727,474,636,752,944,608,743,640
gpd2,733,704,1584,757,742,786,763,637,814,781,730,966
gper1,4,0,4,2,3,0,2,10,5,2,6,4
gpha2,0,0,3,1,1,0,1,1,0,0,0,1
gphn,813,1311,545,1317,864,1490,670,1350,971,1238,494,1324
gpihbp1,739,389,884,428,643,379,722,272,663,313,971,367
gpkow,415,345,368,426,371,378,421,342,552,330,344,383
gpld1,3817,5446,3957,5619,4136,6457,4471,5570,5403,5641,4275,6849
gpm6a,370,158,132,970,163,149,235,180,412,197,122,187
gpm6b,71,29,84,106,81,23,64,30,98,21,186,34
gpn1,340,361,406,356,451,335,350,310,498,356,547,402
gpn2,190,145,202,137,186,129,158,145,207,141,239,151
gpn3,269,214,254,198,283,251,256,231,300,194,339,202
gpnmb,1428,145,1120,362,750,56,1173,283,1348,437,229,231
gpr101,0,0,0,0,0,0,0,0,0,0,0,0
gpr107,700,391,1121,465,505,423,630,463,779,441,516,541
gpr108,538,539,546,490,576,401,449,439,554,445,432,511
gpr119,0,0,0,0,0,0,0,0,0,1,0,0
gpr12,16,4,2,5,18,5,10,7,41,3,31,10
gpr132,22,13,27,31,15,9,15,3,37,10,28,13
gpr135,9,7,6,2,3,3,9,2,9,3,4,8
gpr137,168,191,184,222,203,208,164,229,184,228,182,219
gpr137b,275,117,352,205,208,100,312,107,312,105,238,147
gpr137c,7,4,6,3,6,1,10,4,5,3,2,4
gpr139,1,0,1,0,1,0,0,0,0,1,0,0
gpr141,21,7,33,9,53,13,46,7,59,18,72,12
gpr142,0,0,1,0,0,0,0,0,0,0,0,0
gpr143,6,0,2,2,5,3,4,0,2,2,5,0
gpr146,2131,1656,1837,955,1439,1533,983,2185,2324,1536,1008,1712
gpr149,1,0,1,2,0,1,0,0,1,0,0,1
gpr15,0,1,2,2,1,0,1,1,2,0,0,0
gpr150,0,0,2,0,1,0,1,0,0,0,0,1
gpr151,1,0,9,5,1,3,4,3,13,1,6,8
gpr152,0,0,2,1,2,0,0,0,1,0,1,1
gpr153,65,22,55,86,46,14,44,25,64,35,61,21
gpr155,665,856,506,664,562,668,504,803,1571,635,1253,781
gpr156,1,1,2,3,2,2,0,0,4,0,3,1
gpr157,90,83,90,81,77,60,80,87,124,96,82,69
gpr158,0,0,0,0,0,0,0,1,0,0,0,0
gpr160,21,16,33,28,25,15,38,19,38,14,37,17
gpr161,21,12,35,18,20,12,27,18,36,18,41,14
gpr162,20,30,15,24,19,22,16,12,31,23,13,15
gpr17,31,16,75,49,31,39,58,64,111,59,46,23
gpr171,13,15,22,29,22,9,30,5,38,12,29,6
gpr173,3,3,4,4,2,4,4,2,5,8,7,3
gpr174,27,23,24,30,19,11,16,12,49,6,32,18
gpr176,26,4,44,14,25,5,62,10,42,12,31,15
gpr179,3,3,2,3,3,3,1,5,2,1,1,0
gpr18,10,12,26,13,19,8,15,18,48,7,15,11
gpr180,507,503,499,471,477,435,562,572,673,543,359,530
gpr183,27,20,35,35,19,17,32,14,59,28,61,19
gpr19,61,54,61,50,52,41,52,64,67,63,38,44
gpr20,1,1,1,1,0,0,3,1,2,1,1,0
gpr21,8,7,40,13,16,14,12,21,27,15,17,23
gpr22,12,11,12,19,5,10,13,10,21,14,13,16
gpr25,0,0,0,0,0,0,1,0,0,0,0,0
gpr26,5,3,9,4,2,4,3,6,16,4,3,3
gpr27,1,1,2,4,1,3,3,3,2,3,0,2
gpr3,0,0,1,0,0,0,0,0,1,1,0,0
gpr33,3,1,1,0,0,0,1,1,2,0,2,0
gpr34,51,10,43,58,40,9,31,14,62,10,102,6
gpr35,110,42,125,41,78,29,124,41,107,53,101,62
gpr37,18,19,51,17,16,18,20,30,40,24,22,33
gpr37l1,8,2,1,3,15,0,7,2,4,2,1,1
gpr39,301,109,452,140,221,95,248,86,291,116,316,110
gpr4,19,15,42,20,15,15,18,2,20,4,25,9
gpr45,2,0,1,1,0,0,0,1,0,0,0,1
gpr50,0,0,0,0,0,0,0,0,0,0,0,0
gpr55,78,11,188,14,70,10,57,8,109,9,139,2
gpr6,0,0,0,0,0,0,0,0,0,0,0,0
gpr61,4,1,3,3,1,0,1,1,3,0,3,6
gpr62,0,0,1,1,0,0,1,1,1,3,0,0
gpr63,5,2,5,2,7,3,4,3,7,2,3,2
gpr65,190,84,227,121,227,56,250,66,317,58,312,61
gpr68,32,11,37,24,21,10,30,8,44,10,36,18
gpr75,4,1,8,1,4,2,2,2,3,4,2,0
gpr82,5,5,4,15,8,6,11,5,12,6,17,6
gpr83,0,0,3,0,0,0,0,0,2,2,0,0
gpr84,9,5,10,12,20,4,2,10,8,6,4,4
gpr85,1,0,8,2,4,1,10,0,9,2,10,2
gpr87,0,0,2,0,1,0,1,0,3,0,0,1
gpr88,7,2,1,19,3,5,3,4,18,6,3,6
gprasp1,243,217,281,309,224,190,256,194,409,206,182,286
gprasp2,15,10,3,23,9,5,6,1,23,5,9,6
gprc5a,5,4,22,2,8,1,9,2,8,3,6,0
gprc5b,230,14,701,112,121,10,179,24,200,37,301,29
gprc5c,2311,1136,2280,1202,1640,1415,1773,1589,2124,1540,1643,1472
gprc5d,0,2,0,0,0,0,2,0,0,0,1,0
gprc6a,0,0,0,0,0,0,0,0,0,0,0,1
gprin1,0,0,0,6,0,0,0,1,3,1,0,0
gprin2,4,1,4,0,6,0,3,1,7,1,2,0
gprin3,1706,1019,1098,1022,1340,1851,1274,1317,2076,1255,1068,1426
gps1,1503,1281,1393,1295,1690,1185,1697,1197,1737,1360,1496,1281
gps2,262,133,245,174,206,144,241,134,255,112,206,134
gpsm1,63,26,110,39,60,34,58,29,94,17,74,21
gpsm2,351,357,278,317,485,351,310,321,485,371,380,391
gpsm3,102,23,69,88,80,26,77,43,68,28,68,26
gpt,6591,4058,6035,3822,5150,4018,4822,3246,5771,4444,2560,3891
gpt2,11479,5402,9206,5910,8902,7862,7942,7791,9526,5869,5802,6485
gpx1,23381,31128,12915,29077,27436,26950,24918,27893,34287,28803,17568,27420
gpx2,253,2,414,3,521,0,672,9,728,6,2231,3
gpx3,509,155,561,641,443,189,597,99,435,113,433,116
gpx4,15341,6306,11275,6858,18920,5675,19057,4864,17039,5788,15244,5405
gpx5,2,1,0,1,0,1,0,4,1,8,0,3
gpx6,4,15,1,13,4,21,1,14,8,16,0,57
gpx7,91,20,73,36,111,11,99,27,173,33,195,29
gpx8,66,37,92,133,82,43,58,33,104,48,85,56
gramd1a,356,210,539,267,361,203,402,209,471,218,372,230
gramd1b,205,60,381,144,191,50,208,77,316,86,382,76
gramd1c,550,724,594,635,523,813,656,822,743,679,381,657
gramd4,244,139,309,138,246,131,208,94,256,144,286,129
grap,175,98,154,115,149,98,163,79,151,74,147,85
grap2,44,17,41,31,27,8,25,10,51,8,47,13
grb10,409,186,1596,413,383,171,430,244,485,258,709,353
grb14,743,864,750,1048,882,1115,764,836,1035,892,991,1045
grb2,730,390,599,485,585,443,702,432,595,323,610,383
grb7,1129,1020,865,1128,1010,1139,823,886,996,1227,560,1221
greb1,7,0,25,4,8,6,4,4,9,0,3,1
greb1l,109,21,241,84,111,31,125,26,143,29,279,49
grem1,3,4,8,8,0,4,9,19,3,8,4,6
grem2,214,96,226,178,144,313,379,465,192,149,351,391
grhl1,38,11,73,10,27,17,34,21,34,10,28,19
grhl2,18,3,19,5,23,3,17,9,26,7,12,12
grhl3,3,11,0,4,4,4,17,2,3,2,4,2
grhpr,2966,3147,3978,3157,2802,3103,2855,2823,2836,2854,3681,2796
gria1,1,2,0,2,4,4,1,1,0,2,0,1
gria2,4,9,6,9,3,5,4,10,14,6,7,15
gria3,118,13,353,61,68,24,122,24,87,31,90,29
gria4,8,6,8,17,8,6,9,10,15,7,12,4
grid1,13,33,10,21,18,46,13,13,23,19,6,33
grid2,0,3,11,2,7,2,3,3,2,0,3,7
grid2ip,0,1,2,1,0,1,0,2,0,1,0,0
grik1,0,0,0,0,0,1,0,0,0,0,1,0
grik2,2,4,7,5,7,5,3,2,15,2,8,7
grik3,15,10,20,14,11,4,21,12,22,16,15,21
grik4,6,2,17,7,4,7,10,10,19,6,7,9
grik5,38,45,41,49,26,33,33,32,50,47,29,28
grin1,6,2,19,6,7,3,6,5,15,7,8,11
grin2a,3,1,9,2,2,4,8,3,10,4,2,2
grin2b,16,12,24,10,10,4,10,4,20,4,36,9
grin2c,3,0,1,9,0,2,1,2,3,6,0,1
grin2d,8,3,8,12,3,2,6,4,6,0,6,4
grin3a,4,5,17,7,5,7,6,5,20,9,5,12
grin3b,2,2,3,1,5,4,7,2,5,4,3,3
grina,3759,1634,4934,1929,3273,1824,2845,2059,3634,1774,3104,1823
grip1,50,5,119,22,22,8,39,2,28,6,4,10
gripap1,367,300,452,365,397,281,350,296,498,344,255,305
grk1,112,96,226,121,114,104,134,138,216,145,157,146
grk4,126,127,278,201,151,171,196,198,306,209,233,255
grk5,109,243,144,178,157,196,120,66,171,184,148,333
grk6,505,306,567,365,450,307,511,368,505,264,300,304
grm1,1,2,7,2,1,0,2,1,3,2,2,1
grm2,1,1,0,1,3,0,1,1,3,3,5,0
grm3,0,1,0,0,0,0,0,0,0,0,0,0
grm4,0,0,0,1,0,0,0,0,0,0,0,0
grm5,12,5,19,21,11,12,12,22,16,26,13,17
grm6,2,1,1,1,0,2,1,1,4,0,1,0
grm7,0,0,0,0,0,0,1,1,1,0,0,0
grm8,40,101,30,106,54,134,41,105,114,103,38,115
grn,5449,1936,5686,2574,4212,2144,5409,2641,4438,1874,3253,2237
grp,0,0,0,0,0,0,0,0,0,0,1,0
grpel1,2539,2594,2215,2342,3017,2547,2501,2438,3424,2594,3772,2512
grpel2,961,806,1087,562,788,640,835,792,1205,677,922,686
grpr,2,2,1,0,1,1,3,8,1,2,1,4
grsf1,1535,1731,1418,1683,1681,1722,1565,1790,2048,1531,1827,1950
grtp1,408,374,277,406,411,361,351,377,502,421,366,369
grwd1,227,132,303,168,168,161,221,147,233,141,196,174
grxcr1,0,0,0,0,0,0,0,0,0,0,0,0
grxcr2,0,0,0,0,0,0,0,0,0,0,0,0
gsap,912,1073,1177,982,1104,1148,828,1094,1478,1337,1024,1017
gsc,0,0,0,0,0,0,0,0,0,0,0,0
gsc2,0,0,0,0,1,0,1,0,0,0,0,0
gsdma,6,1,4,1,3,0,16,1,4,1,4,1
gsdmc,0,0,5,0,0,0,7,1,0,0,1,0
gsdmd,894,780,1202,734,913,912,835,809,1293,797,1100,658
gse1,150,76,287,181,112,85,116,151,143,129,157,84
gsg1,0,0,2,0,6,1,2,1,0,1,5,0
gsg1l,9,15,39,18,12,10,10,13,31,20,14,24
gsk3a,543,435,677,464,456,383,519,472,539,378,389,467
gsk3b,931,631,970,854,860,614,928,693,1040,591,791,758
gskip,430,164,446,194,451,189,415,206,463,185,556,184
gsn,2413,855,831,2764,1321,751,2189,652,6427,780,4595,665
gspt1,1842,1841,1861,2126,1681,1903,1730,1960,2224,1930,1396,2137
gspt2,16,10,22,17,5,4,19,5,13,3,5,4
gsr,3714,1609,3902,1570,2638,1703,3236,1568,3129,1528,3354,1841
gss,3219,1017,3752,1052,2555,985,2600,1158,3807,1109,3384,1049
gsta1,5305,87,13863,64,4036,99,8081,36,12025,76,8823,260
gsta3,29883,33877,22676,28721,41031,31426,30788,20061,50813,29525,47374,35860
gsta4,1951,969,5411,990,2184,839,3344,526,3809,821,2988,1268
gstcd,92,75,129,84,103,82,124,53,99,70,106,93
gstk1,1202,1853,634,1509,1466,1661,1291,1388,1784,1662,652,1873
gstm1,89771,11725,95655,12395,61563,12444,96345,8341,77998,10434,77008,19946
gstm2,2631,864,4968,1038,2148,1069,3445,892,2203,1049,1173,1508
gstm3,23513,575,12294,671,15863,791,18506,504,21442,930,19095,1659
gstm4,2517,619,2170,496,1945,628,2032,446,2500,526,2400,794
gstm5,450,225,276,183,472,287,545,236,496,257,585,236
gsto1,1001,1291,1300,1302,1171,1045,998,942,1074,976,563,1213
gsto2,3,6,4,2,6,4,3,1,7,4,5,3
gstp1,30298,47648,37553,46424,33561,51084,28590,49850,30171,57228,53640,53956
gstt1,4148,4589,4124,3646,4029,4535,4127,2963,4152,3876,2589,4184
gstt2,956,698,842,734,796,622,1199,723,1287,759,300,698
gstz1,8970,14978,7152,13644,10022,14560,7502,11846,10946,13722,4539,14567
gsx1,0,0,0,0,0,0,0,0,0,0,0,1
gsx2,0,0,0,0,0,0,0,0,0,0,0,0
gtf2a1,704,876,693,924,655,806,721,803,910,753,648,910
gtf2a1l,0,0,0,0,0,0,0,0,0,0,0,0
gtf2a2,501,475,806,512,420,459,488,604,662,466,634,524
gtf2b,825,612,1138,604,722,841,1059,554,804,623,717,560
gtf2e1,298,373,403,426,396,386,421,343,533,380,313,402
gtf2e2,280,225,308,211,247,193,226,214,322,180,262,223
gtf2f1,536,377,658,478,530,389,665,340,666,461,863,372
gtf2f2,236,242,269,237,252,190,261,202,333,237,257,220
gtf2h1,671,653,1129,634,619,616,720,699,891,636,681,623
gtf2h2,274,325,402,294,296,256,234,261,369,322,264,310
gtf2h3,331,324,355,331,413,340,331,259,458,347,526,347
gtf2h4,249,221,205,236,249,241,250,211,305,236,364,203
gtf2h5,807,597,1117,477,817,550,792,523,965,550,1209,532
gtf2i,1233,954,1270,1388,1216,1221,1111,1106,1291,1031,1419,1152
gtf2ird1,525,339,815,318,535,294,512,288,622,358,790,367
gtf2ird2,117,79,153,120,127,74,129,118,143,67,149,95
gtf3a,294,167,227,225,279,228,228,201,238,166,207,180
gtf3c1,1391,969,2073,1279,1091,1163,1235,1210,1190,1034,903,1205
gtf3c2,748,596,763,710,707,645,728,764,894,621,862,644
gtf3c3,736,650,857,578,773,610,712,599,1024,640,996,629
gtf3c4,843,583,1133,709,701,693,734,717,1001,630,835,707
gtf3c5,156,119,188,143,149,110,127,100,162,128,147,158
gtf3c6,276,288,400,254,311,247,353,262,387,263,393,296
gtpbp1,398,223,486,317,418,336,375,310,471,302,499,279
gtpbp10,488,548,446,551,683,561,522,489,769,503,822,500
gtpbp2,864,319,786,333,601,308,752,378,830,384,845,396
gtpbp3,271,240,241,263,281,236,248,209,309,249,313,186
gtpbp4,979,804,1785,905,862,985,1035,1188,1371,824,1019,1076
gtpbp6,272,124,244,117,281,136,218,95,262,143,298,150
gtpbp8,426,331,332,374,420,301,381,326,595,321,342,346
gtse1,59,4,150,4,81,5,60,8,53,12,41,7
gtsf1,0,0,0,0,0,0,0,0,0,0,0,0
gtsf1l,0,0,3,0,0,0,0,0,0,0,2,0
guca1a,96,44,63,57,98,38,126,30,105,37,263,27
guca1b,7,7,11,9,4,3,12,4,17,4,4,8
guca2a,14,0,8,0,38,0,20,6,19,0,6,0
guca2b,37,0,48,0,49,0,25,0,26,0,6,0
gucd1,2774,3739,2775,3341,2774,3569,2616,2516,3189,3634,1871,4371
gucy1a2,100,93,108,169,107,93,127,58,119,84,155,89
gucy1b2,0,0,0,0,0,0,0,1,0,0,5,0
gucy2c,21,18,45,9,49,20,10,36,20,18,5,9
gucy2d,0,0,0,0,0,0,0,0,1,0,0,0
gucy2f,1,1,2,4,0,3,2,2,3,3,5,4
guf1,481,517,493,547,674,541,503,487,742,606,858,579
guk1,1032,571,892,679,1000,527,888,515,921,497,937,561
gulp1,38,57,32,127,33,124,33,28,47,74,38,23
gusb,1203,472,982,606,1056,520,1136,480,1139,449,1624,547
gxylt1,369,270,545,357,311,318,372,404,428,280,368,299
gxylt2,59,15,254,83,38,12,43,34,65,44,31,30
gypa,47,13,80,26,11,6,57,14,20,14,53,9
gypc,193,114,133,172,157,119,118,95,148,114,252,113
gys1,56,64,126,66,51,43,82,61,73,53,58,57
gys2,4396,2220,3514,1847,2820,2313,2579,2757,4105,2844,2267,2223
gzf1,1553,1078,1888,1120,1175,1275,1218,1421,1931,1372,1222,1271
gzma,57,9,35,2,24,8,37,15,43,13,49,13
gzmb,21,15,62,14,21,16,34,17,49,29,43,16
gzmk,13,1,28,1,25,1,8,1,20,0,13,0
gzmm,7,5,11,9,8,7,11,3,10,7,10,5
h6pd,8685,8273,11603,6774,6882,8057,7638,8428,7592,8196,6363,9096
haao,6785,10992,3886,8681,8894,12581,7042,8506,9614,10216,7265,10871
habp2,2496,3041,2843,2612,2888,3289,2581,3337,3337,3686,3145,3374
habp4,1451,1116,1539,1304,1494,1285,1287,1122,1339,1174,636,1255
hacd1,152,193,246,161,130,131,159,189,249,187,259,219
hacd2,1090,670,1482,721,869,697,1053,634,891,656,677,680
hacd3,2869,3232,4772,2851,3002,3038,3286,3328,4630,3239,2873,3533
hacd4,393,159,361,333,342,122,383,225,434,227,238,199
hace1,192,159,256,188,179,163,216,156,275,145,217,178
hacl1,4225,8145,2576,6605,4261,7563,5914,5209,5875,6553,3897,9759
hadh,5554,4309,3167,3623,6683,3939,4918,3262,5938,3615,3536,4031
hadha,7208,6012,5043,5515,7774,5858,6553,5350,8427,5415,8725,6642
hadhb,5583,4893,4402,4435,6060,4462,5286,4258,6931,4351,7529,5064
hagh,3484,4641,2690,4504,4302,4681,3666,4373,4832,5034,2660,5112
haghl,129,67,90,94,142,95,141,52,140,79,170,71
hal,4465,9138,3396,6837,6273,8181,5194,6089,5820,8226,2481,9274
hamp,3347,10120,830,7610,6159,7013,1976,6427,6935,4991,153,4526
hand1,0,0,0,1,0,0,0,0,0,0,0,0
hand2,80,76,91,95,97,86,115,64,122,39,81,73
hao1,4616,6466,4433,6511,3862,6714,3622,6354,5082,6444,4286,8185
hao2,80,1,47,4,12,0,13,0,14,2,35,6
hap1,59,14,74,22,49,19,54,25,54,25,67,16
hapln1,20,11,16,26,16,13,34,28,21,28,12,31
hapln2,0,0,0,0,0,0,0,0,0,0,0,0
hapln3,1,1,6,0,1,1,1,1,2,0,3,1
hapln4,139,227,217,243,113,140,169,151,104,143,90,157
harbi1,404,439,468,368,349,352,280,351,506,463,398,450
hars2,492,493,377,430,490,420,414,441,557,388,408,493
has1,8,3,5,40,4,5,7,7,6,2,2,17
has2,5,1,12,7,4,3,3,3,5,6,4,7
has3,16,17,39,31,12,17,15,14,59,17,24,22
hat1,345,224,579,215,402,287,404,239,501,254,511,277
haus1,108,80,117,81,135,77,97,87,146,76,115,93
haus2,419,332,513,299,323,287,341,294,477,277,390,292
haus3,161,172,237,135,183,137,206,170,247,149,287,183
haus4,172,136,155,133,194,167,190,175,206,161,148,174
haus5,126,93,144,86,104,132,84,102,141,93,84,108
haus6,185,150,238,180,150,138,162,171,224,134,193,144
haus7,409,172,334,166,351,230,294,176,452,172,191,197
haus8,498,138,498,177,488,131,454,157,957,153,687,176
havcr1,1,5,4,0,3,0,1,2,4,0,3,2
havcr2,57,33,86,46,93,38,116,12,106,19,177,13
hax1,1263,1130,1175,1137,1359,1070,1273,1032,1458,1118,1043,1241
hbegf,95,22,88,21,33,18,76,26,69,27,100,20
hbp1,2917,3030,2696,2603,2691,2852,2529,2671,3413,2995,2335,2771
hbs1l,1087,1380,1562,1446,1166,1330,1249,1531,1320,1282,1027,1486
hcar1,6,1,1,3,3,1,0,1,4,1,0,6
hcar2,101,10,54,11,94,5,60,14,98,13,179,22
hccs,325,294,381,318,321,311,307,271,417,303,290,349
hcfc1,835,645,1084,878,685,692,789,664,925,585,757,719
hcfc1r1,519,357,251,424,557,409,461,268,555,318,500,391
hcfc2,301,303,444,364,306,338,398,360,477,355,328,392
hck,473,198,353,219,414,176,530,178,496,192,301,191
hcls1,477,148,452,251,478,159,508,167,461,166,395,158
hcn1,4,1,1,2,5,1,4,7,6,3,4,5
hcn2,20,7,38,9,19,3,22,5,13,4,27,4
hcn3,342,112,395,112,488,154,313,110,316,79,99,143
hcn4,0,0,0,0,0,0,0,0,0,1,0,0
hcrt,0,0,1,0,0,0,0,0,0,0,0,0
hcrtr1,1,0,1,0,0,0,0,0,1,0,1,1
hcrtr2,2,19,4,36,9,54,3,41,13,45,2,31
hcst,31,6,35,15,26,6,18,8,41,13,29,17
hdac1,364,355,425,349,374,307,353,345,433,287,403,324
hdac10,261,215,238,189,250,209,234,185,363,243,236,214
hdac11,1278,944,856,856,1262,760,936,936,1413,830,733,802
hdac2,508,604,646,575,626,510,577,528,714,557,558,566
hdac3,931,609,938,607,856,621,832,545,1106,531,1001,624
hdac4,300,188,396,235,277,187,313,246,345,170,359,220
hdac5,766,397,532,592,760,576,662,491,735,460,512,450
hdac6,407,279,443,367,377,369,328,381,476,291,230,352
hdac7,241,64,258,147,163,65,151,78,165,63,256,61
hdac8,146,81,172,83,125,127,160,128,233,84,101,92
hdac9,145,72,130,85,111,63,105,92,155,80,94,83
hdc,159,54,220,181,159,78,229,84,213,104,184,90
hddc2,115,22,63,24,85,12,131,14,115,18,105,25
hddc3,291,338,551,469,371,354,390,412,633,376,430,432
hdgf,2434,1761,2639,1986,2122,1924,2302,1927,2309,1814,1391,2100
hdgfl1,0,0,0,0,0,0,0,0,0,0,2,0
hdhd2,532,488,520,509,613,559,533,490,717,526,621,572
hdhd3,156,316,153,426,239,296,120,305,179,340,210,325
hdlbp,12486,9569,16692,10779,11804,10218,12965,10883,15642,10605,14382,11283
hdx,12,6,17,17,8,5,9,8,28,8,17,9
heatr1,637,741,1062,879,602,773,632,731,877,862,673,722
heatr3,650,504,576,577,510,518,507,513,629,531,477,576
heatr4,0,0,0,1,0,1,2,0,0,2,1,0
heatr5a,687,499,819,682,637,485,711,505,734,554,697,616
heatr5b,467,356,528,409,483,347,530,383,612,324,620,430
heatr6,344,174,432,271,364,223,385,190,480,254,361,255
heatr9,1,1,3,5,1,1,4,3,4,1,4,2
hebp1,4195,5536,2678,5081,4738,5380,3736,4070,4838,5095,3176,4522
hebp2,33,7,106,9,38,25,110,21,41,19,126,17
heca,742,625,719,642,678,638,760,626,793,507,796,598
hectd1,4905,6166,6249,6456,4427,5040,4624,6187,6432,5674,5029,6136
hectd2,387,2055,325,904,602,1229,272,475,884,901,662,2136
hectd3,896,911,817,960,874,996,690,1150,990,939,787,947
hecw1,0,0,3,1,0,0,0,0,0,1,0,2
hecw2,253,214,309,276,263,250,462,173,329,181,460,282
heg1,1235,445,1087,1546,877,497,1158,562,1167,672,947,632
helb,208,369,281,354,246,291,222,340,320,346,232,283
hells,86,38,194,38,112,35,134,52,159,49,201,52
helq,92,53,104,75,94,73,83,72,126,70,128,69
helt,0,0,0,0,0,0,0,0,0,0,0,0
helz,284,225,324,366,243,267,317,335,355,250,255,316
helz2,2184,1918,2954,2046,1834,1743,2277,2080,2801,2000,1273,2394
hemgn,2,2,8,3,4,0,3,5,2,3,0,4
hemk1,203,192,131,171,171,206,178,179,280,178,173,215
henmt1,1,2,3,0,0,0,0,0,1,0,3,0
hepacam,0,2,1,0,3,0,1,0,2,1,8,0
hepacam2,12,9,21,16,13,6,15,12,37,6,14,13
heph,116,59,360,91,143,63,491,59,209,61,211,62
hephl1,2,0,6,1,0,2,0,0,0,0,0,0
herc1,1648,1696,2493,1987,1601,1964,2117,2225,2725,1660,2068,2016
herc2,2235,1533,3798,2262,1844,1791,2411,2102,2692,1869,2061,2215
herc3,299,125,332,126,266,139,246,186,372,108,281,141
herc4,1555,1706,2007,1577,1552,1640,1705,1570,2096,1572,1470,1650
herc6,554,633,604,492,689,547,626,621,932,614,585,540
herpud1,5353,3577,5309,7009,4530,6964,6214,4911,8187,5404,8990,5588
herpud2,367,294,326,384,292,313,306,282,364,239,285,289
hes1,587,227,589,135,245,85,196,178,236,247,342,105
hes2,0,2,1,2,1,1,2,1,7,5,5,4
hes3,0,0,0,0,0,0,0,0,0,0,0,0
hes5,0,0,0,0,0,0,0,0,0,0,0,0
hes6,800,1136,715,1714,1231,1608,788,1391,1140,1898,1240,1548
hes7,13,15,40,11,9,10,18,16,23,16,25,23
hesx1,3,0,8,1,4,0,1,0,2,1,17,0
hexa,2296,681,2965,1052,1594,811,2016,813,1781,758,1906,972
hexb,1062,324,967,600,1088,472,1002,330,1169,339,1085,368
hexim1,525,595,704,683,546,650,719,477,701,545,574,749
hexim2,40,49,44,37,57,36,49,36,65,45,61,40
hey1,46,19,71,22,39,8,43,13,54,10,52,9
hey2,4,4,6,7,7,4,4,5,6,4,8,3
heyl,43,28,59,30,53,15,27,23,42,32,52,30
hfe,1142,1262,1301,1081,1365,1036,1475,1044,1371,1123,1021,1110
hfm1,0,1,0,1,0,0,0,0,3,2,1,0
hgd,9865,12737,7467,11754,11927,13511,10373,11601,13918,12791,5295,13983
hgf,707,1018,610,1030,1018,894,1062,716,1277,867,902,799
hgfac,4552,2778,5950,2490,3000,3175,3505,2687,3070,2951,2520,3279
hgh1,112,70,138,73,115,62,101,59,112,47,144,52
hgs,790,546,841,690,769,603,765,565,817,561,622,596
hgsnat,1255,989,1097,1032,934,1042,1259,993,1051,901,1046,995
hhat,1318,178,515,181,1079,174,657,144,1584,129,1881,162
hhatl,1,0,2,3,1,0,3,1,0,0,0,0
hhex,785,1188,970,498,630,905,642,1051,797,275,418,2226
hhip,1,158,0,207,1,169,4,176,1,113,0,185
hhipl1,26,9,21,10,24,14,20,10,19,7,14,8
hhipl2,95,9,54,6,52,15,52,4,67,6,110,7
hhla1,0,0,0,0,0,0,0,0,0,0,0,0
hibadh,3655,5210,2027,4752,3940,5210,3074,3966,3936,4281,1304,5640
hibch,2398,1864,1660,1767,2960,1819,2217,1770,3105,1907,3249,1804
hic1,126,49,92,85,86,38,112,43,89,50,91,31
hic2,91,60,86,48,53,47,60,48,70,50,68,57
hid1,336,33,654,86,78,26,268,97,106,38,205,58
hif1a,1696,1265,1884,1447,1392,1192,1143,1116,1790,1121,1510,1288
hif1an,557,523,610,621,533,564,571,539,643,533,552,598
hif3a,3,5,11,8,5,3,6,5,9,3,16,4
higd1a,920,1238,1000,1329,964,1380,898,1420,1203,1621,791,1359
higd1b,2,0,9,4,0,1,7,3,7,0,20,1
higd1c,0,0,4,0,0,0,0,1,1,0,2,0
higd2a,716,649,644,669,781,762,599,494,678,620,694,650
hilpda,169,55,352,71,93,51,131,54,102,77,193,63
hinfp,135,109,236,109,107,138,121,148,201,115,110,148
hint1,4776,3359,3801,3640,5142,3408,5079,2835,4918,2896,4753,3068
hint2,791,1327,598,1283,970,1317,757,1037,1121,1216,887,1027
hint3,511,492,406,530,649,495,625,426,634,518,499,469
hip1,565,265,602,475,468,225,622,217,548,261,576,299
hip1r,526,556,905,649,573,457,832,692,707,633,973,672
hipk1,1646,1316,2198,1702,1498,1367,1942,1443,1800,1175,1612,1513
hipk2,518,329,476,664,461,370,518,543,468,373,332,546
hipk3,2612,2355,3149,3123,2179,2614,2847,2457,3098,1852,2890,2407
hipk4,2,2,11,5,1,3,4,2,6,5,3,2
hira,198,131,281,199,197,180,176,203,258,131,203,166
hirip3,70,41,88,54,50,42,48,31,79,43,65,45
hivep1,374,312,722,356,309,237,387,339,451,297,295,446
hivep2,323,272,426,380,281,240,341,272,417,247,363,341
hivep3,57,23,55,54,42,31,49,31,68,27,39,44
hjurp,1772,1752,4676,2064,2443,1885,2165,2524,3958,2714,2435,1802
hk1,238,100,290,229,177,107,251,83,207,100,212,106
hk2,445,91,880,150,345,69,497,92,353,110,266,96
hk3,248,140,270,172,185,110,279,128,275,143,108,127
hkdc1,42,4,36,1,22,1,15,12,76,3,175,7
hlcs,475,274,294,281,397,338,364,294,337,244,280,354
hlf,333,275,195,371,314,299,173,446,399,287,249,235
hltf,710,678,775,676,847,577,861,600,1103,730,768,747
hlx,79,37,125,67,75,47,74,50,83,54,73,47
hmbox1,317,282,401,304,301,249,370,303,439,253,306,270
hmbs,876,1024,797,1066,886,984,814,908,1071,1060,858,953
hmces,186,92,193,107,169,120,144,112,202,110,151,98
hmcn1,283,153,286,330,196,186,258,226,338,195,268,196
hmcn2,121,104,188,259,68,84,140,100,174,169,107,108
hmg20a,208,197,277,208,206,205,238,228,269,189,184,222
hmg20b,378,207,371,268,411,282,336,244,319,232,403,222
hmga1,370,160,416,204,393,207,415,211,318,150,665,173
hmga2,4,7,27,5,8,1,6,15,19,7,3,11
hmgb1,3263,3307,3210,3338,3415,3092,3064,2878,4380,3000,3755,3050
hmgb2,345,186,262,150,271,131,266,119,385,176,303,157
hmgb3,370,201,353,195,309,216,198,262,426,178,228,214
hmgb4,0,0,0,0,0,0,0,0,0,0,0,0
hmgcl,4045,2702,2473,2664,3522,2720,2823,1854,3169,2053,2711,2638
hmgcll1,1,2,7,2,14,8,9,6,8,0,3,4
hmgcr,3155,2068,6439,2022,3618,2151,3776,3556,6000,2315,2208,3103
hmgcs1,12069,11545,12317,10185,15069,17726,10681,12340,22634,11947,7888,16866
hmgcs2,26433,26985,15842,28482,30396,23350,22987,19427,24790,20747,14680,24402
hmgn1,1888,1212,2019,1388,1451,1365,1569,1170,2196,1103,1320,1356
hmgn2,562,365,628,469,508,441,511,373,685,383,497,356
hmgn3,38,16,36,33,28,32,33,20,43,17,46,16
hmgn5,536,504,400,498,547,476,413,350,487,478,326,524
hmgxb3,285,203,498,276,250,247,321,282,361,204,328,289
hmgxb4,218,235,233,197,214,202,197,182,299,232,247,202
hmmr,178,32,309,39,267,27,346,63,285,62,230,67
hmox1,1033,412,900,401,804,414,1926,347,894,402,1020,486
hmox2,1229,1095,1117,945,1296,1277,1177,1099,1444,1060,1183,1094
hmx1,0,0,0,0,0,0,0,0,0,0,0,0
hmx2,1,0,1,0,1,0,0,0,0,0,1,0
hmx3,0,0,0,0,0,0,0,0,0,0,0,0
hnf1a,366,218,416,268,278,322,241,282,326,345,210,293
hnf1b,143,66,79,92,110,84,99,81,153,77,146,67
hnf4a,9412,7150,11412,8384,8335,9554,11380,8043,10449,8961,9805,9986
hnf4g,9,0,21,1,4,4,1,7,4,1,6,4
hnmt,1192,840,439,715,1064,874,956,527,1616,660,1265,706
hnrnpa0,819,645,1179,783,611,766,690,604,647,538,532,589
hnrnpa1,1671,1147,2086,1245,1624,1326,1691,1096,2047,1359,2487,1333
hnrnpa2b1,4804,4937,5780,5287,4380,4900,4816,4346,6256,4520,4152,4966
hnrnpa3,1802,2209,2263,3004,1710,2439,1810,2080,2785,2130,2176,2393
hnrnpab,2687,1975,2931,2220,2627,2253,2604,2038,2825,1875,2291,2158
hnrnpc,1854,1934,1998,2294,1759,1766,1695,1514,2346,2391,1703,2130
hnrnpd,255,260,354,407,255,316,234,312,405,253,371,260
hnrnpdl,1120,884,1425,889,844,944,1021,1252,1476,1034,1665,814
hnrnpf,5168,4540,5401,4733,4698,4351,4754,3896,6322,4347,4579,4541
hnrnph1,1342,1461,2801,1687,1536,1414,1947,1358,2830,1494,2704,1815
hnrnph2,1480,1379,1463,1459,1354,1411,1324,1219,1981,1289,1084,1350
hnrnph3,131,211,217,246,143,207,147,214,259,214,167,216
hnrnpk,6110,5562,8041,5625,5724,6079,5865,5761,7924,5366,5402,5791
hnrnpl,1443,1194,1924,1223,1304,1438,1395,1250,1607,1046,1281,1168
hnrnpll,728,631,1060,863,730,715,799,668,972,618,1045,701
hnrnpm,1531,1176,1811,1270,1349,1163,1421,1104,1805,1312,1507,1328
hnrnpr,797,846,1042,954,813,776,704,789,1094,774,890,786
hnrnpu,5585,5279,8970,5786,5255,5091,5613,4904,7251,5999,6328,5624
hnrnpul1,1460,1196,2273,1351,1202,1234,1419,1260,1594,1188,1173,1282
hnrnpul2,1024,845,1110,1197,871,893,949,879,1046,712,829,994
hoga1,1878,2157,1560,1898,1702,2192,1740,1754,2210,1783,1679,2126
homer1,242,315,392,424,246,326,309,338,349,349,288,376
homer2,281,346,217,505,280,460,238,732,341,372,276,536
homer3,126,34,132,56,71,31,107,28,114,37,157,39
homez,157,114,143,77,110,80,131,90,164,88,113,115
hook1,1778,2348,1881,2574,1736,2005,1732,2296,2361,2318,2640,2455
hook2,375,206,371,238,299,202,279,288,515,188,336,275
hook3,2197,2393,2241,2613,1998,2375,2130,2211,3110,2152,2449,2654
hopx,1028,919,606,988,953,1018,769,1093,816,1125,978,843
hormad1,0,0,0,0,0,0,0,1,0,0,0,0
hormad2,44,1,49,1,32,1,36,2,25,1,27,3
hoxa1,12,4,9,9,4,3,5,2,12,4,9,4
hoxa10,0,0,0,1,0,0,0,0,0,0,0,0
hoxa11,0,0,0,0,0,0,0,0,0,0,0,0
hoxa13,0,0,0,0,0,0,0,0,0,0,0,0
hoxa2,11,9,9,9,6,3,15,8,12,9,8,14
hoxa3,5,4,12,13,4,5,6,4,7,7,11,5
hoxa4,6,2,4,5,5,4,4,4,7,5,2,0
hoxa5,19,12,11,36,12,11,25,15,20,11,32,8
hoxa6,0,0,0,0,0,0,1,0,0,0,0,0
hoxa7,5,6,7,11,1,1,4,1,6,5,5,0
hoxa9,0,0,0,0,0,0,0,0,0,0,0,2
hoxb1,4,1,12,7,2,6,3,5,7,4,6,1
hoxb13,0,0,19,1,0,0,0,0,0,0,0,0
hoxb2,21,14,16,12,16,13,13,16,17,18,10,15
hoxb3,22,19,22,33,16,11,16,12,25,19,18,18
hoxb4,24,15,38,16,18,13,21,18,39,16,23,15
hoxb5,1,4,11,9,6,4,8,9,8,8,2,8
hoxb6,5,4,5,2,4,3,3,4,5,2,2,5
hoxb7,15,6,10,10,13,4,15,3,16,7,5,6
hoxb8,1,0,1,2,0,0,1,0,0,0,0,0
hoxb9,1,0,1,0,0,2,1,0,1,0,1,4
hoxc10,0,0,0,0,0,0,0,0,0,0,0,0
hoxc11,0,0,0,0,0,0,0,0,0,0,0,0
hoxc12,0,0,0,0,0,0,0,0,0,0,0,0
hoxc13,0,1,0,0,0,0,0,1,0,0,0,1
hoxc4,2,3,5,12,4,5,7,3,5,3,6,4
hoxc5,3,1,1,8,0,1,2,1,1,2,0,2
hoxc6,5,3,2,2,0,0,2,0,2,0,0,1
hoxc8,4,8,10,7,2,4,5,7,7,7,5,9
hoxc9,9,8,17,5,8,6,5,4,12,8,6,9
hoxd1,0,0,0,0,0,0,0,0,0,0,0,0
hoxd10,1,0,0,0,0,0,0,0,1,0,0,0
hoxd11,0,2,0,2,1,0,3,0,1,2,0,2
hoxd12,0,0,0,0,0,0,0,0,0,0,0,0
hoxd13,0,0,0,0,0,0,0,0,0,0,0,0
hoxd3,0,1,0,2,0,0,0,0,1,0,0,0
hoxd4,5,2,2,2,3,1,7,1,7,0,0,2
hoxd8,3,2,1,5,3,0,4,1,1,3,6,2
hoxd9,2,2,3,5,1,0,1,0,1,2,4,0
hp,113369,104462,109882,66024,96259,76663,136537,178725,126977,99319,87926,49144
hp1bp3,1623,1628,1777,1762,1514,1508,1694,1506,2267,1549,1781,1819
hpca,3,0,8,0,4,2,6,3,13,0,20,2
hpcal1,395,132,393,184,312,167,349,159,323,142,275,168
hpcal4,2,3,4,8,3,2,0,0,8,0,2,2
hpd,14601,28566,8204,29826,21661,30857,15048,26774,23057,28169,8597,30342
hpdl,6,2,9,4,5,0,3,0,4,1,9,2
hpgd,1679,1799,1092,2290,2105,1918,1514,1770,2182,1860,1449,2446
hpgds,188,52,245,118,240,72,190,69,291,44,225,58
hpn,5502,3408,6121,3988,4306,4348,4472,4142,4198,3898,3079,4317
hps1,229,110,191,134,231,130,171,94,219,129,218,100
hps3,395,290,415,347,399,273,387,276,576,275,385,294
hps4,316,189,184,181,318,204,228,192,448,227,519,240
hps5,382,297,572,372,371,320,441,336,561,308,391,382
hps6,98,64,109,85,98,63,94,69,115,65,84,79
hpse,255,170,211,234,262,201,269,166,328,139,197,184
hpse2,4,1,1,0,5,0,1,0,3,1,23,2
hpx,146159,214826,199470,148962,115853,158461,169561,327128,174697,232854,118921,129153
hr,106,24,129,47,64,12,74,9,101,19,70,15
hras,723,535,1034,604,641,536,694,560,590,488,539,575
hrc,14,48,39,34,1,4,63,18,4,1,4,2
hrct1,17,7,26,6,7,4,17,4,15,4,33,6
hrg,14217,13341,12164,13809,12228,13962,14965,12710,14588,10725,8282,11696
hrh1,13,2,16,6,6,4,11,3,9,3,13,4
hrh2,16,4,24,13,11,4,11,7,17,5,11,11
hrh3,0,0,0,0,0,0,0,0,0,0,0,0
hrh4,0,0,0,0,0,1,0,0,0,0,0,0
hrk,4,3,2,2,1,3,2,6,1,5,2,3
hrnr,0,0,3,0,0,0,151,0,1,0,0,0
hs1bp3,292,194,240,201,277,216,237,224,316,194,207,248
hs2st1,497,347,511,393,469,345,466,374,537,315,426,378
hs3st1,23,7,59,49,11,8,13,7,31,12,8,7
hs3st2,0,0,0,0,0,0,0,0,2,0,0,0
hs3st3a1,7,14,11,30,14,16,24,10,20,10,15,21
hs3st3b1,1491,1000,1639,1451,1118,1627,1197,1613,1207,1277,1010,1684
hs3st4,3,8,12,0,1,3,2,2,5,4,3,5
hs3st5,1,1,2,1,0,0,1,1,0,0,0,0
hs3st6,15,15,15,13,15,14,10,13,12,11,8,8
hs6st1,1708,889,2446,1121,1847,1297,2112,1377,2064,984,2219,1119
hs6st2,14,5,33,14,17,0,14,1,31,2,53,4
hs6st3,0,0,0,0,1,0,0,0,0,1,0,0
hsbp1,1774,1064,1305,1062,1533,1088,1316,958,1649,963,1385,979
hsbp1l1,67,28,47,27,42,58,74,51,32,42,42,53
hscb,97,53,93,55,100,66,73,67,88,73,88,44
hsd11b1,10855,14474,9266,11763,16984,12503,12714,7911,15795,12207,20124,13003
hsd11b2,6,1,4,0,2,3,2,1,7,1,1,2
hsd17b1,3,0,5,6,3,5,4,1,4,1,1,1
hsd17b10,2248,2058,1681,1816,2429,1876,1926,1695,2548,2000,1102,2155
hsd17b11,476,538,427,699,583,492,529,455,756,407,727,532
hsd17b12,3574,3198,4070,2734,3119,3341,3034,3139,4662,3384,3493,3690
hsd17b13,14299,5014,8292,3451,12282,3992,12661,3980,16493,4448,22011,4627
hsd17b14,51,10,28,5,15,17,15,18,29,27,110,25
hsd17b2,1896,2835,1543,2828,1362,3532,1519,3742,1912,4217,1208,3869
hsd17b3,0,0,0,0,4,0,0,0,3,0,5,1
hsd17b4,8433,7890,5200,7335,7848,7478,6853,6634,9967,7212,7113,8321
hsd17b6,2812,1482,2992,1135,2623,532,3127,1983,3572,1728,289,2870
hsd17b7,1326,1316,2549,1419,1412,1641,1523,1617,1822,1351,1495,1757
hsd3b1,32,0,158,4,6,0,8,0,0,0,22,62
hsd3b2,466,1614,546,1511,767,1144,444,1551,1264,1597,480,1495
hsd3b7,5561,12498,5672,10274,7164,13801,5455,10148,7975,11774,3447,13138
hsdl1,323,193,263,217,280,156,244,184,337,174,270,185
hsdl2,1414,1670,1083,1593,1572,1268,1410,1156,1901,1307,2014,1407
hsf1,246,133,316,203,220,157,186,162,245,159,205,147
hsf2,405,446,539,614,413,592,454,592,551,526,409,462
hsf2bp,153,59,127,52,211,57,174,14,207,21,369,10
hsf4,83,48,106,68,89,61,68,62,113,48,76,40
hsf5,1,4,2,6,1,1,5,2,4,3,2,3
hsh2d,21,0,5,3,7,0,5,2,12,2,9,0
hsp90aa1,7741,9235,8585,14267,8032,6154,6779,5347,10511,17501,10365,9207
hsp90ab1,19855,10412,16766,16346,15497,11770,16571,9175,16927,14222,18440,13119
hsp90b1,18071,32208,31273,39506,16997,20088,20388,23437,26927,37601,24209,26209
hspa12a,125,52,72,157,102,75,86,48,146,55,140,50
hspa12b,60,17,111,51,68,18,50,16,57,18,86,24
hspa13,1544,2148,1705,2330,1466,1255,1570,1377,1789,1710,1456,1990
hspa14,453,368,613,353,440,390,396,326,610,345,431,410
hspa1a,33,29,116,97,17,47,37,16,25,35,35,33
hspa1l,24,11,35,17,10,12,24,22,27,16,12,16
hspa2,54,25,78,74,75,47,93,41,93,31,50,39
hspa4,3084,3077,3621,3838,3561,3253,3475,2994,3930,3374,3670,3621
hspa4l,1162,888,1431,1204,1168,862,1185,725,1253,1300,1356,895
hspa5,24827,39674,46876,51355,16138,17446,25847,15960,28140,36357,39636,30080
hspa8,38078,26291,43765,40191,31311,26012,40796,14954,39619,33094,35381,39525
hspa9,10967,10130,9408,10679,11462,10792,10918,9625,13878,9796,11022,12505
hspb1,819,299,279,820,401,297,436,197,570,424,503,280
hspb2,15,5,15,18,12,8,17,5,20,9,10,5
hspb3,1,3,1,1,0,1,3,0,0,0,0,0
hspb6,90,121,83,122,50,79,100,75,89,66,37,73
hspb7,26,18,51,26,13,2,74,7,22,4,6,5
hspb8,2865,3896,2793,4184,3729,3545,3727,2797,3915,3633,2866,3511
hspb9,2,2,0,2,1,0,1,0,3,0,1,0
hspbap1,147,55,206,74,125,68,129,54,168,63,107,46
hspbp1,266,250,289,284,241,208,281,176,253,221,214,230
hspd1,11945,9639,11412,9723,12325,10145,11749,9294,15724,11009,12975,11470
hspe1,4197,3094,4058,3366,4229,3125,4017,2654,5067,4158,4333,3230
hspg2,1428,588,1788,1397,1082,718,1478,499,1017,569,1752,702
hsph1,527,721,800,1907,545,610,576,360,643,1304,775,987
htatip2,1282,410,1617,453,1121,376,1662,412,1450,342,1317,403
htatsf1,740,641,577,675,688,638,593,586,955,602,537,651
htr1a,0,0,0,0,0,0,0,0,0,0,0,0
htr1b,7,3,17,8,4,8,6,9,12,5,5,10
htr1d,2,3,5,2,1,1,2,0,0,2,3,1
htr1f,0,0,0,0,0,0,0,0,0,0,0,0
htr2a,2,2,4,10,2,3,4,0,8,2,7,2
htr2b,26,10,49,21,15,8,30,22,46,19,15,23
htr2c,0,0,0,0,0,0,0,0,0,0,1,0
htr3a,0,0,0,0,0,0,0,1,0,0,0,0
htr3b,0,8,8,3,0,1,4,3,10,1,2,6
htr4,0,0,0,0,0,0,0,0,0,1,0,0
htr5a,0,0,1,1,0,0,0,0,0,0,1,1
htr6,0,0,0,0,1,0,0,1,0,0,0,0
htr7,2,2,1,1,1,0,3,0,3,0,3,1
htra1,183,62,199,254,213,71,162,56,227,57,247,60
htra2,241,164,212,199,243,165,229,182,244,146,137,166
htra3,98,33,45,230,62,31,68,27,72,35,72,28
htra4,7,17,7,10,2,20,2,16,5,20,8,20
htt,1017,617,1198,864,1059,767,1073,873,1347,839,1431,975
hunk,165,40,340,35,134,52,103,45,186,66,119,67
hus1,182,171,179,172,179,147,147,149,244,177,182,171
hus1b,1,4,4,1,0,1,1,4,1,2,0,0
huwe1,4482,3189,4886,4779,3842,3718,4145,4486,5707,3587,3359,4420
hvcn1,110,48,102,77,101,43,150,61,188,78,156,60
hyal1,348,789,477,713,347,641,349,641,608,733,295,1022
hyal2,927,767,838,672,700,707,685,614,933,649,664,625
hyal3,6,4,16,5,4,5,5,13,15,3,10,9
hyal4,1,3,1,6,1,4,2,3,3,5,0,1
hydin,18,0,318,0,2,0,10,0,4,0,41,1
hyi,464,557,478,496,442,506,422,335,520,464,427,516
hykk,1081,1489,606,1033,951,1421,668,1364,1391,1291,424,1371
hyls1,70,72,175,50,61,53,92,60,113,52,77,71
hyou1,3277,6130,5676,9007,2695,3202,3638,4440,3344,7568,3760,6330
hypk,94,57,149,36,65,80,77,48,144,67,98,64
iah1,1252,1676,1007,1591,1444,1936,1135,1561,1471,1557,1176,1841
iapp,1,0,0,0,2,0,0,8,0,21,0,1
iars2,2333,1407,2406,1398,2153,1520,2190,1375,2752,1349,2863,1515
iba57,274,184,204,203,221,186,255,158,258,186,210,215
ibsp,0,0,0,0,0,0,0,0,0,0,0,0
ibtk,2226,2022,2688,2096,1567,1654,2288,1747,2271,1726,2377,2150
ica1,166,33,264,42,117,36,152,64,124,65,190,64
ica1l,4,6,72,14,4,5,5,5,12,10,19,11
icam1,822,256,945,386,629,252,577,284,759,273,529,233
icam2,131,70,143,97,115,77,105,46,142,83,145,83
icam4,1,4,2,6,2,4,4,4,1,3,6,10
icam5,3,0,2,3,1,1,1,1,1,1,4,0
ice1,525,413,826,566,476,469,536,516,691,466,466,522
ice2,207,251,267,308,236,349,242,282,350,330,227,357
icmt,754,618,935,771,703,581,731,664,827,559,794,788
icos,50,21,20,40,35,18,37,27,30,18,22,23
id1,340,103,448,112,160,80,182,62,258,113,117,53
id2,2341,4346,2443,2418,1832,2093,1192,1870,2028,2640,1115,2446
id3,938,1709,499,941,881,585,560,669,716,735,237,839
id4,41,55,17,24,44,29,38,13,40,26,35,25
ide,2080,2398,1929,2488,2165,2246,2137,2163,2724,2397,2358,2508
idh1,10131,13572,13054,11292,14497,12930,13116,10409,18169,12004,16058,13591
idh2,3275,1546,2458,1653,2422,1481,2563,1328,3479,1385,2005,1857
idh3a,502,557,627,751,599,634,504,790,764,579,364,575
idh3b,3557,2791,2591,2610,3499,2980,2966,2589,4346,2865,3194,3050
idh3g,1346,1043,959,989,1359,1050,1106,917,1597,1008,935,1057
idi1,4792,6339,4936,6727,5980,9334,3969,8596,8609,7472,2891,9781
idi2,6,4,4,2,3,3,1,7,9,8,1,2
idnk,405,394,684,359,411,367,381,348,428,372,271,371
ido1,4,7,10,2,5,0,2,10,7,10,0,9
ido2,730,781,370,758,784,869,446,836,848,845,548,889
ids,385,218,266,458,269,239,276,195,375,163,243,226
idua,209,90,228,144,145,110,171,95,245,78,229,91
ier2,367,419,400,280,209,159,282,250,287,593,237,275
ier3,166,27,477,76,75,25,150,29,141,34,677,28
ier3ip1,443,435,531,467,442,415,500,443,540,415,467,508
ier5,535,198,618,187,485,160,421,87,490,147,488,116
ier5l,43,24,35,24,19,12,20,15,31,16,46,11
iffo1,134,69,218,86,119,80,129,117,202,89,124,65
iffo2,449,174,614,318,416,446,393,395,591,202,395,190
ifi27,4923,2993,4184,2222,4409,3002,3264,2578,5388,2984,2320,2549
ifi30,862,381,653,433,719,351,1128,342,940,371,597,388
ifi35,744,494,614,482,831,501,732,492,930,508,743,543
ifi44,393,99,422,79,394,83,350,110,400,141,292,144
ifi44l,0,0,0,0,0,0,1,0,0,0,0,0
ifih1,1702,1142,1873,1232,1758,1373,1604,1413,2303,1428,1484,1287
ifit1,445,306,432,249,677,231,413,316,805,477,514,324
ifit2,530,209,534,181,726,151,530,203,930,218,619,208
ifit3,702,411,646,370,997,300,524,388,1150,649,662,438
ifitm1,117,144,138,131,112,107,129,111,140,102,133,131
ifitm10,24,25,43,35,22,29,33,39,32,28,19,34
ifitm2,3197,2786,3607,2849,2434,2929,2897,3413,2798,2774,2462,2583
ifitm3,5605,5478,5903,4754,4204,6139,4674,5789,5194,5607,2871,5337
ifitm5,4,4,21,9,5,2,6,4,15,7,5,11
ifna1,0,0,0,0,0,0,0,0,0,0,0,0
ifna13,0,1,0,0,0,0,0,0,0,0,0,0
ifna14,0,0,0,0,0,0,0,0,0,0,0,0
ifna16,0,1,2,1,0,0,1,1,2,2,0,1
ifna2,0,0,0,0,0,0,0,0,1,0,0,0
ifna4,0,0,0,0,0,0,0,0,0,0,0,0
ifna5,0,0,0,0,0,0,0,0,0,0,0,0
ifna6,0,0,0,0,0,0,0,0,0,0,0,0
ifna7,0,0,0,0,0,0,0,0,0,0,0,0
ifnar1,1175,843,1291,933,1024,698,931,868,1469,806,908,861
ifnar2,1696,1168,1193,1171,1376,1025,1386,1126,1654,1115,1035,1021
ifnb1,0,0,0,0,0,0,0,0,0,0,0,0
ifne,0,0,1,0,0,0,0,0,0,0,0,0
ifng,4,2,3,3,0,2,1,1,5,0,0,2
ifngr1,1315,532,2182,733,1159,432,1384,522,1402,608,1284,533
ifngr2,1077,390,865,457,908,393,733,470,1050,424,782,399
ifnk,2,4,7,5,3,5,0,5,4,8,6,8
ifnl2,0,0,0,0,0,0,0,0,0,0,0,0
ifnl3,0,0,0,0,0,0,0,0,0,0,0,0
ifnlr1,33,5,71,13,24,3,33,8,32,9,63,5
ifrd1,573,319,690,448,456,355,470,688,651,470,505,447
ifrd2,623,500,517,523,502,487,444,526,626,550,364,510
ift122,321,79,285,158,296,110,210,124,288,141,256,101
ift140,314,187,237,259,253,178,274,193,331,192,279,236
ift172,386,307,366,384,396,360,335,346,463,353,429,329
ift20,800,763,733,794,905,664,782,719,921,824,774,708
ift22,140,51,102,81,146,55,147,73,170,69,134,47
ift27,216,117,144,138,183,118,156,113,208,84,188,101
ift43,81,42,79,51,62,42,57,48,83,45,81,61
ift46,462,449,449,445,386,486,437,532,589,477,387,474
ift52,524,413,410,404,460,407,463,340,599,370,397,348
ift57,76,13,40,45,53,12,65,16,77,16,57,26
ift74,165,108,95,109,188,111,141,130,212,101,211,99
ift80,295,280,355,339,308,291,336,357,439,326,318,367
ift81,150,115,128,81,157,77,142,93,238,129,278,79
ift88,220,168,235,167,205,167,218,183,290,172,249,201
igbp1,1288,1037,1020,949,1154,949,1065,851,1628,1043,1117,940
igdcc3,0,0,1,0,1,0,0,0,1,0,0,0
igdcc4,425,10,575,13,143,6,279,6,229,11,274,21
igf1,6928,11899,5237,12902,7220,12487,9557,12657,9701,10525,4694,13946
igf1r,155,79,194,234,99,110,154,105,165,86,121,112
igf2,482,40,5094,30,1335,19,523,14,2248,17,10099,48
igf2bp1,5,5,11,4,7,2,7,2,8,3,6,5
igf2bp2,40,19,103,23,58,24,84,18,63,30,87,27
igf2bp3,31,31,150,12,99,3,105,19,77,10,160,22
igf2r,2572,1366,6388,1786,2330,1449,2674,1947,3773,1743,3216,1806
igfals,983,1391,610,1547,961,1312,889,2140,1389,1366,1085,1997
igfbp1,9672,715,56168,1067,2234,1548,17365,306,1320,1043,8111,1586
igfbp2,2481,5088,2512,6859,4263,6769,5178,4736,3019,5284,2146,6922
igfbp3,556,266,6077,584,419,324,543,292,502,313,2658,449
igfbp4,16998,13268,14181,17647,14185,15955,13364,16427,13339,12484,8414,12696
igfbp5,622,297,347,3467,338,236,419,400,624,327,105,581
igfbp6,262,105,90,866,69,59,128,119,161,138,7,94
igfbp7,3480,1462,2717,1891,3572,1641,3434,1253,4317,1392,3117,1446
igfbpl1,2,1,2,0,1,0,3,0,3,1,0,3
igfl3,0,0,0,0,0,0,0,0,0,0,0,0
igflr1,4,0,18,5,0,0,2,0,6,0,9,2
igfn1,0,0,0,1,0,0,0,1,0,0,1,0
ighmbp2,99,69,156,81,90,78,98,76,105,64,110,92
igip,105,139,80,180,92,117,127,92,127,78,131,116
igll1,0,0,0,1,0,0,0,0,1,0,0,1
iglon5,13,6,47,15,12,9,21,10,16,11,10,6
igsf1,31,0,18,1,15,0,80,0,36,1,23,1
igsf10,63,85,52,148,80,88,78,78,104,76,63,81
igsf11,736,435,833,392,712,511,576,509,840,452,646,481
igsf21,0,1,1,2,7,5,1,0,2,0,3,3
igsf23,14,13,8,17,19,11,25,8,19,10,5,7
igsf3,64,43,42,94,46,15,43,36,48,32,36,37
igsf5,757,669,860,579,681,600,780,608,935,638,664,661
igsf6,349,151,278,197,251,97,385,179,347,159,228,157
igsf8,411,108,1229,162,285,114,349,134,340,83,726,115
igsf9,97,5,150,9,18,2,20,6,107,7,120,13
igsf9b,0,2,0,2,2,2,2,1,5,1,2,1
ihh,37,34,59,43,65,23,67,32,104,12,58,37
ik,1476,1674,1742,1734,1447,1435,1632,1423,2183,1528,1855,1560
ikbip,209,104,342,171,191,66,214,75,257,118,277,126
ikbkb,1398,800,1295,985,1041,950,1014,935,1410,866,1302,875
ikbke,1010,505,1432,567,927,419,1045,495,1169,636,976,620
ikbkg,2390,1753,2927,1578,2589,1788,2176,1909,3897,1787,2373,2309
ikzf1,211,101,237,167,163,75,216,98,263,83,190,90
ikzf2,51,25,55,86,40,29,53,44,87,27,82,47
ikzf3,42,15,50,64,29,17,41,21,70,12,33,11
ikzf4,6,20,7,15,4,9,6,16,6,6,5,30
ikzf5,217,204,266,262,179,228,198,189,260,193,188,283
il10,12,3,5,1,8,1,2,3,12,2,2,3
il10ra,373,131,427,248,393,127,395,121,432,158,337,130
il10rb,639,194,584,381,495,214,545,253,641,239,572,234
il11,4,1,7,0,4,3,3,2,6,3,6,6
il12a,0,0,1,1,0,0,1,1,1,0,0,1
il12b,3,1,7,6,6,0,5,1,6,0,7,0
il12rb1,16,16,16,31,16,15,16,24,30,14,14,13
il12rb2,3,3,4,6,6,3,3,1,8,2,10,7
il13,0,0,0,0,1,0,0,0,0,0,1,0
il13ra1,1310,1974,1638,1653,1238,1908,1309,1823,1687,1525,1320,1599
il13ra2,30,52,15,70,38,61,12,31,33,46,29,36
il15,93,40,80,44,73,32,64,49,117,50,93,45
il15ra,285,276,397,293,245,275,287,472,486,390,247,309
il16,358,180,353,295,277,157,262,181,430,193,340,156
il17a,0,0,0,0,0,0,1,0,0,0,0,0
il17b,0,0,0,0,0,0,0,0,0,0,0,0
il17c,0,1,1,0,0,1,0,0,0,1,0,0
il17d,5,2,0,2,3,0,1,0,1,0,1,0
il17f,11,12,27,12,10,6,9,15,19,11,11,23
il17ra,609,360,732,390,425,292,440,463,560,360,265,439
il17rb,201,167,255,168,214,180,338,192,499,211,464,169
il17rc,524,377,410,371,458,403,412,332,483,373,320,327
il17rd,68,27,75,68,60,27,61,49,81,30,91,31
il17re,27,8,18,42,14,12,17,20,31,26,14,24
il18,152,292,151,227,187,239,161,227,279,265,141,252
il18bp,821,380,746,390,753,406,1099,485,903,307,542,376
il18r1,52,54,41,223,28,63,50,54,59,75,42,72
il18rap,69,51,104,68,44,32,74,53,102,59,107,63
il19,2,1,2,0,2,0,0,0,2,0,1,0
il1a,180,158,127,147,148,136,184,193,244,172,90,96
il1b,155,202,176,349,243,108,142,88,274,133,112,97
il1f10,0,0,0,0,0,0,0,0,0,0,0,0
il1r1,686,872,1331,1040,779,1096,1294,1225,1141,1080,2585,1504
il1r2,9,2,17,4,12,1,18,2,24,7,45,9
il1rap,1934,5008,1161,4134,2510,4679,1798,3771,3662,4624,1166,5045
il1rapl1,2,0,3,19,1,2,2,2,6,1,1,4
il1rapl2,2,1,7,2,3,1,3,4,10,1,2,3
il1rl1,32,16,109,117,13,6,28,10,51,17,58,30
il1rl2,35,8,32,42,28,12,31,11,38,20,48,15
il1rn,982,63,1865,29,460,43,575,58,599,84,827,63
il2,1,2,0,3,2,0,0,0,1,1,0,1
il20,0,0,0,0,0,0,0,0,0,0,0,0
il20ra,2,0,1,1,2,1,2,0,1,0,0,2
il20rb,13,17,40,9,11,14,18,14,34,19,12,9
il21,4,0,4,1,0,0,0,1,5,2,0,1
il21r,52,22,87,41,43,19,41,30,95,34,63,31
il22,0,0,0,0,0,0,0,0,0,0,0,0
il22ra1,105,76,265,99,231,75,169,89,205,81,266,55
il22ra2,0,4,1,0,0,1,0,0,0,0,1,0
il23a,1,2,4,0,3,3,3,1,14,1,1,1
il23r,4,0,2,16,2,0,4,1,4,1,0,1
il24,0,0,2,0,0,0,0,0,0,0,0,0
il25,1,0,0,0,0,0,0,0,0,0,0,0
il27,3,5,7,2,4,3,6,6,6,3,5,7
il27ra,76,43,66,46,46,34,65,37,85,16,63,20
il2ra,8,3,9,24,12,7,10,10,14,9,13,14
il2rb,57,37,111,66,63,40,66,26,98,28,130,37
il2rg,111,66,104,94,112,26,147,55,187,53,129,53
il3,0,0,0,0,0,0,0,0,0,0,0,0
il31,0,0,0,2,0,0,0,0,0,0,0,0
il31ra,0,0,3,1,0,0,1,0,0,1,0,0
il33,316,88,334,382,146,70,269,96,283,123,140,164
il34,96,25,79,56,122,31,71,30,80,17,307,37
il3ra,104,18,182,34,39,14,71,16,76,21,43,21
il4,8,4,8,4,5,4,7,5,16,2,7,5
il4i1,22,21,9,13,7,7,9,6,29,15,11,5
il5,0,0,0,0,0,0,0,0,0,0,2,1
il5ra,15,28,40,32,25,16,24,24,32,14,26,29
il6,2,1,0,16,5,2,1,8,4,9,1,6
il6st,5770,5144,4474,6548,5044,5166,5431,5659,6386,5022,3298,5462
il7,51,13,63,48,40,8,97,16,72,6,44,22
il7r,63,37,54,89,30,15,58,13,77,36,92,26
il9,0,0,0,0,0,0,0,0,0,0,0,0
il9r,13,3,16,5,5,1,18,4,17,8,18,4
ildr1,17,4,19,4,23,8,17,14,28,4,11,9
ildr2,1235,886,683,1430,843,763,1058,752,1604,450,933,703
ilf2,387,409,450,338,460,400,415,361,596,359,341,464
ilf3,365,272,468,364,340,315,351,284,530,296,331,369
ilk,974,748,930,835,785,799,735,712,895,686,714,740
ilkap,606,506,831,575,626,562,622,572,814,532,784,606
immp1l,546,623,529,730,567,740,549,543,757,640,701,663
immp2l,371,568,211,595,473,643,383,493,476,555,289,544
immt,2917,2245,2368,2413,2930,2287,2691,2137,3281,2136,2414,2493
imp3,667,595,739,556,433,563,459,595,625,553,491,552
imp4,924,524,946,666,973,557,845,529,1030,557,1003,603
impa1,1094,1580,1322,1541,1431,1628,1205,1406,1917,1739,1298,1609
impa2,73,22,41,24,66,27,46,24,69,21,87,33
impact,824,367,978,506,680,273,941,298,1388,346,751,272
impdh1,141,55,218,91,86,43,153,64,121,67,143,78
impdh2,930,781,1022,897,639,963,829,767,953,742,823,852
impg1,3,1,2,7,5,1,1,0,4,4,0,8
impg2,92,76,481,96,153,79,124,63,141,91,179,90
ina,0,0,0,0,0,0,0,0,0,0,7,3
inafm1,81,54,97,60,59,50,68,28,66,36,41,25
inca1,195,258,140,240,283,287,217,205,309,241,291,232
incenp,114,17,165,48,81,29,139,48,111,29,94,33
inf2,339,284,624,486,269,292,331,339,337,300,231,278
ing1,318,198,294,266,262,181,232,217,309,215,277,222
ing2,188,130,168,111,139,131,115,151,217,112,158,160
ing3,154,164,192,169,179,170,187,178,247,181,164,164
ing4,555,465,550,387,573,336,520,387,678,483,362,420
ing5,304,298,445,254,336,195,350,234,389,222,410,261
inha,3,0,4,4,3,0,5,1,4,1,5,1
inhba,62,80,97,76,82,62,50,46,71,32,36,152
inhbb,271,20,1980,27,131,29,527,24,126,22,841,24
inhbc,289,563,273,701,398,569,344,653,454,658,292,669
inhbe,407,380,489,348,373,271,227,578,579,260,141,242
inip,145,98,171,127,147,101,132,115,171,99,150,106
inmt,4880,5807,2952,5378,7729,3461,4084,2543,13594,5234,824,8321
ino80,435,329,666,418,344,292,420,387,544,366,402,366
ino80b,168,180,146,181,183,188,156,181,172,119,91,179
ino80c,346,255,354,292,349,256,294,232,443,256,512,212
ino80d,547,419,1192,575,532,407,678,508,957,416,921,605
ino80e,194,109,260,144,160,103,162,105,209,111,134,148
inpp1,489,221,615,280,417,285,382,304,454,270,568,271
inpp4a,339,246,736,315,356,296,442,368,499,305,521,311
inpp4b,116,96,164,159,132,65,174,61,227,67,308,72
inpp5a,265,182,266,229,209,225,294,185,241,194,209,213
inpp5b,723,585,692,645,674,625,651,684,918,587,787,584
inpp5d,385,166,445,307,422,194,600,165,545,165,505,184
inpp5e,183,108,236,133,150,104,137,91,276,120,202,122
inpp5f,560,535,779,682,540,532,512,662,796,554,582,647
inpp5j,11,1,31,4,16,0,10,8,16,4,19,6
inpp5k,397,228,368,263,388,230,363,307,447,212,310,228
inppl1,908,477,1225,588,788,470,778,550,924,517,544,555
insc,387,663,1300,657,486,637,615,297,413,574,483,689
insig1,7083,11770,7882,13110,12308,11086,8171,10239,13551,13617,6928,14354
insig2,4819,7531,5622,4498,5520,5109,8396,2612,5315,5571,5000,7458
insl3,8,0,9,6,9,5,8,0,11,6,12,1
insl5,0,0,0,0,0,0,0,0,0,0,0,0
insl6,12,3,38,7,6,0,20,3,10,4,67,4
insm1,3,0,12,1,4,2,1,2,5,2,1,3
insm2,2,1,1,0,0,2,2,1,4,0,3,1
insr,3180,2162,3554,2565,2322,2540,2771,2878,3263,2331,3252,2694
insrr,6,9,18,8,6,7,4,7,14,14,3,12
ints1,632,303,680,435,660,421,600,359,638,378,789,469
ints10,315,199,335,223,295,193,263,210,406,271,435,257
ints12,238,217,285,201,270,188,230,180,312,214,242,241
ints2,317,239,525,358,357,241,370,243,460,379,527,285
ints3,587,479,747,649,630,395,601,415,648,500,477,581
ints4,568,556,756,492,585,513,596,526,855,551,635,572
ints5,198,148,250,184,180,168,176,182,187,139,224,202
ints6,528,361,859,459,418,655,604,596,786,424,389,495
ints7,484,428,663,479,426,480,455,574,602,540,549,414
ints8,423,556,639,544,399,498,414,496,670,602,551,574
ints9,157,120,165,146,131,138,118,108,187,121,107,125
intu,181,108,200,147,219,123,161,140,198,110,184,132
invs,375,429,341,537,396,340,346,370,534,392,364,419
ip6k1,1259,888,1225,1158,921,978,1083,1203,1353,997,817,1066
ip6k2,461,348,550,339,519,781,848,373,707,532,832,479
ip6k3,3,5,2,7,0,0,7,0,0,1,1,0
ipcef1,204,19,616,41,48,15,53,13,70,14,61,31
ipmk,1189,1260,1280,1164,959,1148,1199,1209,1168,1228,754,1406
ipo11,572,641,685,637,629,605,606,598,804,654,682,728
ipo13,219,123,265,210,208,148,204,162,234,154,232,166
ipo4,649,363,773,465,564,422,595,406,680,380,449,461
ipo5,1623,1204,1746,1460,1353,1299,1497,1311,2194,1279,1191,1247
ipo7,3422,3443,4695,3700,3200,3481,3340,3138,4531,3506,4093,3638
ipo8,1575,1310,1356,1377,1395,1569,1425,1554,1590,1322,1102,1794
ipo9,873,606,1080,718,914,621,882,672,1084,651,1061,665
ipp,379,328,274,368,384,283,291,357,418,342,390,319
ippk,237,241,374,251,236,225,238,243,307,240,246,242
iqcb1,141,138,137,112,147,118,163,134,233,110,116,163
iqcc,165,156,170,133,149,132,152,159,239,155,176,172
iqce,227,79,216,116,225,84,174,131,267,92,303,92
iqcf1,0,0,0,0,0,0,0,0,0,0,0,0
iqcf3,0,0,0,0,0,0,0,0,0,0,0,0
iqcf5,0,0,0,0,0,0,0,0,0,0,0,0
iqcf6,0,0,0,0,0,0,0,0,0,0,0,0
iqch,4,11,7,3,9,9,3,7,17,6,13,9
iqcj,0,0,0,0,0,0,0,0,0,0,0,0
iqck,12,5,36,4,16,5,19,2,10,0,14,5
iqgap1,2149,760,3124,1367,1555,642,2264,727,2449,917,2278,932
iqgap2,6775,7670,8559,7811,6408,7867,6214,8003,7256,7639,4966,8671
iqgap3,67,8,97,21,103,3,137,21,99,24,85,26
iqsec1,594,279,564,524,437,282,470,349,616,311,367,360
iqsec2,201,66,120,143,145,74,134,94,212,70,122,102
iqsec3,2,2,6,4,4,2,4,2,6,4,2,7
iqub,0,0,2,2,4,1,0,0,7,0,4,0
irak1,1406,680,1236,973,1052,744,927,853,1279,724,723,874
irak1bp1,45,36,38,46,24,39,30,44,43,35,31,31
irak2,503,460,551,524,403,383,366,342,532,499,353,428
irak3,104,48,155,88,113,48,159,58,122,38,210,45
irak4,444,254,513,277,334,225,388,199,407,227,545,209
ireb2,744,1740,773,2074,874,1876,857,1689,1175,1457,1116,1520
irf1,1247,855,1312,879,1070,709,757,838,1419,1029,884,586
irf2,387,273,374,422,325,334,293,341,425,343,305,283
irf2bp1,271,143,416,164,181,212,261,184,229,145,159,169
irf2bp2,1449,1251,2048,1536,1278,1137,1625,741,1415,1315,1916,1245
irf2bpl,403,308,417,355,300,249,282,257,307,294,214,307
irf3,979,996,1052,933,1001,1000,874,902,1151,1035,842,992
irf4,53,33,35,51,28,14,57,17,91,13,34,34
irf5,523,382,421,448,466,465,458,500,406,332,273,412
irf6,1337,1355,897,1405,1210,1513,1249,1176,1728,1413,2274,1691
irf7,1318,579,1231,496,1467,580,1430,704,1222,590,973,632
irf8,407,154,534,233,419,173,444,164,476,146,390,191
irf9,811,813,858,695,791,656,717,668,988,858,490,715
irgq,372,255,607,334,339,307,404,339,422,218,335,340
irs1,609,483,1283,869,585,725,496,584,780,571,477,742
irs2,459,270,473,597,307,484,509,366,239,506,440,481
irs4,0,0,1,0,0,0,0,0,0,0,0,0
irx1,0,18,0,22,0,23,0,16,0,12,0,9
irx2,0,1,3,1,0,0,1,0,3,1,0,0
irx3,34,7,32,3,6,1,15,4,12,4,21,7
irx4,0,0,0,0,0,0,0,0,0,0,0,0
irx5,0,0,0,0,0,1,1,0,2,1,0,0
irx6,0,0,0,0,0,0,0,0,0,0,0,0
isca1,1040,1113,1544,1203,1070,1150,1146,1170,1417,1028,1003,1132
isca2,338,348,360,306,366,348,350,321,365,309,313,312
iscu,1627,1315,1272,1236,1753,1199,1510,1133,1876,1169,2027,1246
isg15,232,102,295,128,276,93,192,140,284,194,155,126
isg20,118,57,145,104,88,34,112,47,105,60,105,41
isg20l2,351,275,475,335,323,349,345,378,462,275,258,322
isl1,1,2,1,21,1,0,1,1,2,1,0,0
isl2,0,0,0,0,0,0,0,0,1,0,0,0
islr,81,62,65,137,106,67,100,46,135,57,75,59
islr2,2,1,1,5,0,0,0,2,0,0,0,1
ism1,8,0,21,4,0,1,4,2,1,4,0,0
ism2,1,1,5,2,2,1,10,2,11,1,6,3
isoc1,1349,1464,1021,1553,1556,1576,1386,1332,1542,1359,1204,1599
ist1,1216,879,1088,820,973,1010,1051,996,1472,936,1245,931
isx,0,0,0,0,0,0,0,0,0,0,0,0
isy1,530,434,536,436,517,412,529,389,632,425,435,458
isyna1,565,147,1451,231,340,154,497,353,389,209,575,136
itch,1943,1839,2333,1918,1731,1875,1871,2079,2763,2082,1823,2010
itfg1,3218,1842,2308,1864,2604,1894,2319,1938,3166,1881,4244,1887
itfg2,198,138,243,176,153,168,193,155,213,150,152,189
itga1,1128,935,1568,977,1024,926,1187,984,1420,886,1423,1040
itga10,24,8,27,17,27,15,26,22,30,11,20,23
itga11,34,9,54,22,29,2,21,10,25,9,18,10
itga2,66,5,295,9,44,4,46,7,60,9,98,6
itga2b,80,37,73,105,76,39,110,48,86,38,62,42
itga3,477,89,1575,146,238,94,298,125,313,96,395,108
itga4,467,278,531,467,368,209,523,260,706,259,581,276
itga5,392,218,488,274,415,233,414,207,478,241,521,294
itga6,741,88,2037,197,524,78,596,155,899,150,1675,162
itga7,130,186,184,177,183,157,195,170,215,222,111,173
itga8,839,311,747,368,1227,393,1086,350,1568,318,1101,283
itga9,1183,686,1162,891,1127,684,1635,637,1217,678,1037,790
itgad,9,0,101,2,3,1,6,1,4,1,8,1
itgae,29,13,19,17,34,23,36,16,49,13,51,10
itgal,418,297,237,411,379,286,630,272,510,255,230,261
itgam,433,98,343,375,212,95,382,264,591,422,227,363
itgav,1774,999,3014,1532,1613,1064,1923,1031,2223,1081,2491,1197
itgax,220,38,417,80,198,41,247,37,310,54,372,42
itgb1,7359,4875,7505,5137,5978,4594,6627,5075,8145,5174,7724,5309
itgb1bp1,352,257,300,326,351,264,286,274,431,274,360,278
itgb1bp2,5,23,26,13,2,4,29,3,5,6,4,4
itgb2,954,329,822,605,666,313,1146,415,1087,506,692,470
itgb3,246,118,484,200,170,123,494,142,186,120,434,142
itgb3bp,89,68,78,99,94,103,93,75,118,81,149,78
itgb4,56,14,94,52,40,11,48,35,66,27,40,27
itgb5,2792,1144,2787,1381,2457,1292,2338,1021,2765,1136,2071,1215
itgb6,30,12,48,12,29,4,33,6,53,3,36,6
itgb7,104,77,102,99,72,46,98,40,151,41,107,48
itgb8,76,24,82,80,94,37,88,28,147,36,171,32
itgbl1,137,36,178,89,157,15,157,13,195,30,129,15
itih1,11195,17685,9792,14391,9402,16915,12195,16460,13315,17678,4891,17283
itih2,32510,22507,72873,18837,20835,23292,33943,21769,35974,23253,35056,26265
itih3,24694,34812,51771,22137,20139,30130,38713,37767,28124,33851,18451,24995
itih4,37627,52266,39833,43689,29031,50125,35277,63188,39402,48637,29489,38777
itih5,2666,391,7477,496,1237,536,2358,532,1399,650,2144,701
itk,23,30,39,41,25,16,17,17,45,17,60,26
itln1,1,0,149,1,9,0,7,48,1,0,0,0
itm2a,23,32,40,113,26,15,31,22,23,41,6,38
itm2b,19995,16578,15704,17283,18563,16863,19007,13871,24206,14826,13890,16607
itm2c,2546,818,4400,1083,2169,900,2364,853,2062,900,4182,859
itpa,599,644,767,784,670,601,568,505,822,552,771,568
itpk1,354,395,294,402,463,376,342,365,484,431,283,398
itpka,48,25,18,12,48,16,9,20,19,14,26,13
itpkb,351,229,378,378,300,239,321,220,430,268,316,310
itpkc,236,96,382,136,166,107,253,114,231,121,314,153
itpr1,1924,1748,2061,1954,1687,1920,1924,2203,2143,1948,1744,2132
itpr2,1132,1224,1718,1352,845,1295,984,1384,1276,1494,1505,1458
itpr3,486,68,1162,185,312,60,398,95,440,72,709,81
itpripl1,244,120,454,143,186,144,241,175,292,131,268,129
itpripl2,1043,319,1446,476,629,257,863,271,871,253,938,293
itsn1,814,519,962,776,704,606,816,584,880,592,694,657
itsn2,1058,794,1231,978,843,837,925,911,1257,917,844,889
ivd,2356,3474,2033,3187,2587,3600,1952,2977,3493,3291,1812,3762
ivl,5,0,119,0,1,0,3,0,3,0,0,1
ivns1abp,5025,2725,5510,2875,4877,2209,5632,3019,8406,2563,11911,3093
iws1,786,842,989,895,839,950,878,929,1194,835,952,878
iyd,1363,1567,1491,1308,1569,1499,1702,1303,2257,1494,1217,1630
izumo1,4,2,2,0,5,0,4,3,4,4,6,2
izumo1r,2,3,7,3,4,1,6,0,9,0,6,3
izumo2,0,0,0,0,0,0,0,0,0,0,0,0
izumo3,0,0,0,0,0,0,0,0,0,0,0,1
izumo4,69,91,75,83,76,89,67,79,129,88,54,75
jade1,1204,834,1260,1306,1078,1233,810,1579,1662,1389,682,955
jade2,385,256,595,282,407,176,640,206,578,180,628,288
jade3,165,96,182,110,146,112,138,122,266,90,92,104
jag1,300,119,482,221,250,125,220,129,356,143,247,203
jag2,19,3,43,6,7,2,15,1,18,3,56,1
jagn1,571,406,557,459,552,361,519,374,546,401,374,412
jak1,3300,2460,3120,2786,2674,2416,2892,2539,3217,2329,3008,2406
jak2,806,562,811,701,675,576,727,601,1007,613,950,609
jak3,359,180,304,186,220,178,269,194,290,150,259,137
jakmip1,18,19,47,26,15,16,25,23,30,24,23,22
jakmip2,0,0,0,0,0,1,0,0,0,0,0,0
jakmip3,2,2,2,5,0,3,3,1,1,1,3,1
jam2,960,496,864,793,1108,657,956,512,900,493,737,496
jam3,64,41,72,81,49,36,48,26,73,22,110,46
jarid2,304,208,458,288,232,268,245,326,361,271,168,249
jazf1,45,12,40,13,60,12,38,24,27,11,8,25
jchain,1200,608,592,2195,397,212,1266,181,1803,144,836,214
jdp2,67,35,98,49,69,39,131,23,95,26,119,37
jhy,0,0,0,0,0,0,0,0,0,0,0,0
jkamp,388,413,490,405,423,436,358,410,619,387,505,445
jmjd1c,1326,1435,2014,1761,1382,1543,1576,1253,1890,1626,2035,1617
jmjd4,225,236,272,207,213,214,237,390,357,256,182,265
jmjd6,361,267,614,363,361,367,392,350,493,305,453,322
jmjd7,89,45,88,49,60,58,55,39,73,58,75,49
jmjd8,697,685,789,718,724,700,757,626,804,763,898,868
jmy,452,388,518,647,390,516,422,441,475,377,396,502
josd1,1069,627,1208,645,953,619,887,627,1123,597,968,607
josd2,290,263,418,257,269,282,311,277,354,368,230,325
jph1,15,27,25,36,29,16,26,43,33,23,57,21
jph2,13,17,39,22,11,6,36,15,20,7,14,7
jph3,2,5,5,2,1,2,3,1,2,0,6,0
jph4,3,5,10,5,4,3,2,2,6,7,10,4
jrk,149,54,126,58,101,44,77,56,174,63,150,56
jrkl,118,130,163,127,95,94,86,113,160,115,127,109
jsrp1,3,12,9,9,1,0,14,1,0,0,1,0
jtb,793,984,743,1017,957,1021,847,976,965,953,731,1019
jun,656,563,771,496,499,419,506,658,695,915,1081,623
junb,1060,869,1993,816,445,454,617,770,629,1875,906,505
jund,1319,745,968,747,867,818,925,730,969,792,978,613
jup,987,494,1173,706,867,551,757,604,794,447,824,496
kalrn,845,618,568,742,828,683,612,742,1027,615,649,630
kank1,1136,1181,1078,1651,945,1389,761,1172,1152,1510,838,1106
kank2,964,495,1179,837,806,616,618,677,923,518,528,570
kank3,171,94,207,101,139,95,191,81,190,77,293,105
kank4,4,6,3,7,9,0,2,3,4,2,1,2
kansl1,571,428,720,533,516,595,653,488,725,482,627,561
kansl1l,421,446,445,479,489,408,468,412,681,428,595,530
kansl2,751,397,968,401,592,442,683,471,876,421,755,454
kansl3,904,498,1053,608,893,533,897,657,1037,500,926,604
kat2a,266,149,291,229,255,171,248,177,247,162,224,202
kat2b,2441,2109,2322,2052,2114,2289,2398,2367,2925,1970,3235,2336
kat5,274,244,270,219,287,182,230,192,288,238,335,185
kat6a,559,443,620,721,519,522,535,577,772,465,661,615
kat6b,357,337,452,449,304,310,362,373,442,349,309,416
kat7,588,425,675,456,523,444,542,424,664,449,516,505
kat8,289,340,321,346,230,261,318,246,319,389,237,340
katna1,323,353,428,323,340,400,350,336,486,340,345,378
katnal1,267,120,194,149,227,119,181,142,276,134,267,159
katnal2,3,1,6,2,5,1,5,3,11,3,5,4
katnb1,101,44,94,64,96,55,78,57,102,57,84,76
katnbl1,208,161,346,184,189,182,224,162,322,155,332,162
kazald1,80,20,40,26,29,23,23,13,26,19,24,20
kazn,85,38,70,69,54,34,59,49,70,51,65,41
kbtbd11,79,61,198,100,70,35,73,44,127,38,143,26
kbtbd12,7,23,6,24,9,20,5,18,17,25,4,13
kbtbd13,11,12,66,5,10,4,7,1,15,1,53,5
kbtbd2,622,557,851,525,544,544,660,567,773,515,561,664
kbtbd3,87,88,64,98,86,90,67,73,88,86,105,97
kbtbd4,794,552,780,568,742,667,688,578,986,589,777,605
kbtbd6,6,6,15,4,15,5,20,4,17,6,10,3
kbtbd7,362,355,322,440,326,381,301,308,457,288,251,409
kbtbd8,59,81,72,122,97,122,126,94,122,52,94,124
kcmf1,1179,823,1046,843,993,851,1138,922,1125,808,742,807
kcna1,0,2,0,2,1,0,0,1,0,0,0,1
kcna10,0,1,0,0,0,0,0,0,0,0,0,0
kcna2,394,174,231,175,208,162,330,244,234,147,111,176
kcna3,11,2,11,12,8,3,10,5,15,7,21,0
kcna4,0,0,4,3,0,0,1,2,10,1,5,1
kcna5,0,0,1,4,2,0,5,3,2,0,9,0
kcna6,9,1,10,1,7,1,7,0,17,0,6,1
kcna7,1,4,12,5,0,0,1,3,5,0,4,1
kcnab1,79,23,67,111,81,31,59,34,103,26,41,54
kcnab2,64,14,57,69,48,17,66,29,75,12,34,27
kcnab3,6,3,5,9,7,6,8,8,7,1,21,1
kcnb1,90,71,68,134,69,77,83,69,122,77,84,82
kcnb2,14,6,46,4,7,6,7,7,12,4,6,8
kcnc1,4,8,10,10,2,2,12,6,4,14,1,9
kcnc2,1,1,1,1,0,0,0,2,3,0,5,0
kcnc3,17,16,20,23,14,15,9,12,12,10,8,22
kcnc4,5,3,9,3,3,2,7,1,1,3,0,0
kcnd1,4,2,3,3,1,0,3,4,14,5,4,0
kcnd2,8,1,1,11,1,2,2,0,7,3,0,2
kcnd3,11,5,5,24,3,0,9,17,8,8,2,14
kcne1,0,1,1,0,0,0,0,0,0,0,0,0
kcne2,1,0,1,1,1,0,0,0,0,1,1,0
kcne3,95,19,178,20,79,11,89,37,167,33,275,15
kcne4,22,6,24,30,21,14,23,11,30,19,84,12
kcnf1,1,1,1,1,2,0,0,2,0,0,0,0
kcng1,0,0,0,0,0,0,0,0,1,2,0,1
kcng2,15,6,9,3,9,3,4,4,10,6,5,4
kcng3,2,0,13,0,4,0,4,0,3,0,16,3
kcng4,3,6,1,11,1,0,4,2,6,2,1,1
kcnh1,1,1,2,2,3,0,2,8,1,4,1,4
kcnh2,3,1,3,5,3,0,4,2,6,1,1,3
kcnh3,4,1,2,11,1,0,9,1,5,1,3,1
kcnh4,1,0,5,1,1,1,1,0,2,2,3,1
kcnh5,0,0,0,0,0,0,0,0,1,0,1,0
kcnh6,0,0,2,3,0,0,2,0,0,2,2,5
kcnh7,29,29,37,51,37,31,37,33,91,22,62,34
kcnh8,6,0,7,0,4,0,12,0,5,1,6,0
kcnip1,1,1,4,1,2,0,1,6,5,2,4,1
kcnip2,0,0,3,1,0,1,1,3,1,2,1,1
kcnip3,15,6,11,8,13,9,15,9,17,12,19,10
kcnip4,14,12,19,13,19,13,10,10,38,13,18,9
kcnj1,0,4,0,2,2,0,0,0,0,0,0,0
kcnj10,56,33,42,34,37,29,66,36,60,13,67,32
kcnj11,2,2,2,0,3,3,1,1,0,0,0,1
kcnj12,0,0,1,2,0,0,3,0,1,0,0,1
kcnj13,5,12,37,19,8,10,13,18,19,9,15,14
kcnj14,20,0,2,2,3,0,8,0,26,0,228,1
kcnj15,18,8,19,8,6,6,16,8,17,12,17,8
kcnj16,120,34,71,64,72,35,127,61,66,51,49,40
kcnj2,156,67,312,44,86,29,160,47,158,42,419,36
kcnj3,0,0,1,0,0,0,0,2,1,3,0,0
kcnj4,0,0,0,0,0,0,1,0,1,0,0,0
kcnj5,5,6,12,10,23,18,17,7,34,13,25,12
kcnj6,0,0,0,0,0,0,0,0,0,0,0,0
kcnj8,459,98,831,142,249,94,265,122,259,93,804,89
kcnj9,5,1,18,6,7,1,12,2,10,2,2,2
kcnk1,17,8,14,13,12,21,12,45,32,25,66,8
kcnk10,13,16,3,9,16,12,4,29,15,24,4,18
kcnk12,0,0,1,0,0,0,1,0,2,0,0,1
kcnk13,71,24,52,46,52,27,84,24,72,17,40,32
kcnk15,0,0,0,0,0,0,0,0,0,0,0,0
kcnk16,2,0,8,0,1,0,0,0,0,0,5,0
kcnk18,0,0,0,0,0,0,0,0,0,0,0,0
kcnk2,3,1,4,2,3,5,2,3,6,2,9,3
kcnk3,13,7,12,7,14,4,6,9,6,8,11,14
kcnk4,0,2,0,1,1,0,1,3,3,2,2,0
kcnk5,298,256,348,860,439,680,373,551,1130,479,314,332
kcnk6,161,98,284,126,130,85,287,96,232,75,201,118
kcnk7,0,0,4,0,2,0,2,0,4,0,0,2
kcnk9,0,0,0,0,0,0,0,0,0,0,0,1
kcnma1,30,11,51,19,19,6,23,11,40,9,14,10
kcnmb1,11,15,24,13,14,14,15,17,27,18,32,22
kcnmb2,0,1,5,0,3,1,1,0,0,2,2,0
kcnmb3,2,1,2,0,0,0,0,0,0,0,0,2
kcnmb4,2,3,8,2,0,4,1,8,4,3,3,3
kcnn1,39,98,41,114,48,88,48,85,67,89,33,83
kcnn2,196,300,149,314,229,362,172,337,291,301,226,388
kcnn3,20,7,15,25,23,1,18,8,31,9,27,4
kcnn4,62,10,52,39,37,12,43,19,74,26,41,25
kcnq1,82,33,97,34,66,29,53,52,82,45,87,45
kcnq2,6,4,17,6,15,10,5,14,27,7,16,9
kcnq3,34,33,62,31,21,20,34,32,59,20,45,51
kcnq4,7,4,12,9,9,7,5,7,10,8,5,4
kcnq5,13,14,25,31,24,10,26,22,28,12,27,13
kcnrg,5,12,6,16,4,10,12,5,12,11,11,10
kcns1,1,2,3,3,2,0,1,0,4,2,3,2
kcns2,0,0,0,0,0,0,0,0,0,0,0,0
kcns3,11,12,14,21,12,11,12,5,12,7,4,13
kcnt1,1,1,5,1,2,0,0,1,2,1,1,1
kcnt2,67,81,60,140,72,95,96,145,91,66,482,96
kcnu1,1,1,3,2,1,0,4,0,3,1,1,1
kcnv1,1,0,0,0,0,0,0,0,0,0,0,0
kcnv2,2,0,3,0,3,2,2,0,2,0,1,0
kctd1,15,21,25,25,23,11,21,17,26,23,10,19
kctd10,639,309,767,635,516,340,631,277,591,239,797,345
kctd11,87,35,229,71,62,38,61,30,112,33,77,64
kctd12,1969,577,1619,935,879,459,1042,396,1086,466,1046,462
kctd13,66,34,85,43,54,27,74,40,72,37,65,25
kctd14,15,8,15,7,9,8,6,24,9,13,16,13
kctd15,100,123,90,122,103,80,143,103,133,118,104,154
kctd16,0,0,1,0,0,0,0,0,0,0,0,0
kctd17,202,38,130,58,114,30,108,40,112,37,139,34
kctd18,164,101,305,130,175,108,181,116,257,120,191,116
kctd19,0,0,0,0,0,0,0,1,2,0,0,0
kctd2,331,231,328,279,377,250,417,234,515,209,396,229
kctd20,1022,613,995,686,948,775,857,771,1029,715,856,705
kctd21,170,152,214,145,139,118,208,146,233,116,135,162
kctd3,664,213,1693,263,478,250,657,283,662,274,924,277
kctd4,4,9,11,21,5,5,9,6,15,3,5,12
kctd5,204,112,348,103,176,98,196,98,211,73,285,89
kctd6,131,101,194,121,126,141,149,102,183,104,152,121
kctd8,0,0,0,1,0,0,0,0,0,0,0,0
kctd9,224,180,319,204,208,134,271,192,313,166,188,224
kdelr1,1120,920,1675,960,840,862,1044,975,968,898,677,915
kdelr2,1994,1974,2630,2141,1815,1703,1955,1762,2421,1822,2004,2117
kdelr3,44,11,185,27,37,6,34,17,52,16,56,41
kdf1,61,50,45,46,42,44,26,41,53,31,41,38
kdm1a,514,301,633,372,476,340,421,381,561,291,529,358
kdm1b,748,861,949,850,727,795,703,718,880,794,705,810
kdm2a,1236,884,1702,1101,1139,1046,1234,1071,1377,949,1132,1206
kdm2b,254,123,301,168,228,111,264,158,236,130,311,144
kdm3a,627,568,1013,522,520,510,804,551,757,621,910,625
kdm3b,687,530,761,633,584,512,682,504,811,468,586,587
kdm4a,796,631,958,738,594,692,617,544,685,694,652,682
kdm4b,412,240,448,277,365,228,388,312,353,252,405,257
kdm4c,307,293,354,334,307,349,309,364,492,267,404,342
kdm4d,1,0,3,0,2,1,4,0,0,1,5,1
kdm5a,1534,1279,1901,1321,1345,1349,1546,1361,2076,1148,1430,1211
kdm5b,993,784,1877,704,752,786,862,951,1065,741,874,1287
kdm5c,1461,954,1444,1148,1032,976,1098,1129,1516,1106,865,1140
kdm5d,567,609,702,644,499,679,526,653,737,727,293,717
kdm6a,595,482,648,612,454,540,485,498,761,482,442,550
kdm6b,99,82,195,149,78,58,103,93,129,86,103,100
kdm7a,971,846,1267,875,833,951,1104,915,1193,808,1026,969
kdm8,41,46,107,47,70,45,56,46,76,48,57,45
kdr,2089,1576,1741,1943,1655,1688,1801,1529,1877,1444,1536,1738
kdsr,989,395,705,424,861,438,853,479,1118,370,1076,371
keap1,985,847,1253,899,802,849,895,846,1014,758,759,805
kel,0,1,4,0,1,0,1,1,0,0,0,0
kera,3,3,0,31,0,0,2,0,0,0,0,0
khdrbs1,827,524,873,748,601,591,617,580,722,513,729,565
khdrbs2,29,24,58,34,13,25,31,33,69,33,38,47
khdrbs3,232,237,220,264,247,199,170,170,346,216,88,243
khk,6816,5911,3991,5267,9594,6963,7867,4162,7885,6016,8367,5906
khnyn,599,599,719,557,412,499,456,420,631,735,315,760
khsrp,627,375,636,569,511,371,593,426,545,381,553,412
kidins220,1883,1613,2326,1666,1716,1666,1820,1850,2587,1596,1589,1774
kif11,124,34,270,35,169,39,265,52,213,41,171,46
kif12,32,6,31,14,30,2,21,12,72,6,34,4
kif13a,341,297,554,469,286,398,336,441,406,399,211,446
kif13b,1145,964,1145,1257,1002,1048,1009,1060,1363,1125,830,1401
kif14,40,22,77,18,48,36,71,23,63,26,50,24
kif15,36,10,67,14,39,10,67,17,66,8,54,24
kif16b,646,359,758,415,526,349,575,441,793,347,665,425
kif17,4,4,7,5,0,0,0,3,5,6,4,5
kif18a,52,50,105,30,71,23,68,26,105,42,92,37
kif18b,20,3,39,2,32,2,27,2,25,2,29,5
kif1a,33,8,171,16,36,6,34,10,50,4,13,15
kif1b,3107,3031,3140,3446,2870,3548,2928,3663,4370,2789,3196,3612
kif1c,4214,2438,3995,3246,3282,2949,3421,2762,3013,2387,2858,2882
kif20a,181,25,285,31,280,18,342,32,233,33,188,54
kif20b,135,20,186,36,132,21,212,47,139,42,173,31
kif21a,2462,1435,2652,1398,2333,1415,2461,1532,2763,1327,3167,1626
kif21b,208,49,233,111,142,62,259,77,225,70,339,72
kif22,57,23,130,28,59,10,71,30,67,21,43,26
kif23,69,18,86,26,72,23,100,34,81,19,65,35
kif24,70,75,135,70,68,68,89,116,110,101,85,132
kif26a,126,20,78,34,87,23,32,15,116,17,168,16
kif26b,50,34,211,96,40,26,69,51,72,44,74,60
kif27,7,1,3,1,7,1,4,0,10,0,12,0
kif2a,187,143,307,288,216,163,259,146,261,172,181,188
kif2b,0,0,0,0,0,0,0,0,0,0,0,0
kif2c,69,9,125,11,64,6,91,15,88,10,87,18
kif3a,169,92,186,97,189,66,206,78,252,101,187,117
kif3b,657,378,758,420,581,352,659,463,785,370,881,375
kif3c,135,73,170,118,142,88,147,101,192,94,114,108
kif5a,8,14,11,18,14,14,14,10,15,10,20,8
kif5b,2529,1808,3189,2420,2144,1987,2604,2079,2855,1800,3684,2072
kif5c,736,10,3995,21,22,6,213,21,26,11,55,20
kif6,0,0,3,1,1,0,1,0,4,0,1,0
kif7,30,8,25,19,21,8,32,7,31,13,14,12
kif9,45,19,39,20,42,30,33,36,59,27,61,31
kifap3,368,140,234,244,323,178,304,143,352,136,326,157
kifc1,51,2,87,9,72,3,66,8,49,13,46,9
kifc2,62,53,47,55,82,41,45,53,86,59,81,44
kifc3,815,323,600,418,737,298,540,258,960,309,855,298
kin,177,182,349,153,152,170,194,219,263,163,210,190
kir3dl1,0,0,0,0,0,0,0,0,0,0,0,0
kir3dl2,0,0,0,0,0,0,0,0,0,0,0,0
kirrel2,0,0,2,0,0,0,0,3,2,1,0,2
kirrel3,15,11,16,12,7,3,11,6,15,4,12,7
kiss1,0,1,6,0,2,0,2,2,1,1,4,0
kiss1r,15,8,15,9,13,10,16,6,5,12,10,4
kit,225,183,296,364,198,262,185,217,235,188,159,202
kl,24,32,34,26,15,12,21,28,40,27,30,19
klb,724,566,670,630,886,811,824,1072,1223,724,1964,784
klc1,394,266,517,434,323,313,393,292,435,272,335,283
klc2,122,91,118,110,122,86,141,85,139,79,147,120
klc3,48,1,86,10,23,3,61,9,33,3,100,6
klc4,1521,953,1342,991,1635,1103,1434,909,1666,971,1679,997
klf1,37,41,23,28,34,34,26,50,41,35,9,32
klf10,756,556,1027,553,667,393,452,340,640,507,746,417
klf11,332,216,294,349,243,240,221,168,272,275,294,235
klf12,162,157,183,161,113,205,127,200,139,152,71,262
klf13,778,336,1070,592,578,402,919,626,787,523,705,522
klf14,0,0,0,0,0,0,0,0,0,0,0,0
klf15,1831,1710,1607,2912,2130,2931,2710,2203,2932,2869,1408,2355
klf16,150,46,139,45,92,26,124,58,145,38,74,52
klf17,0,0,0,0,4,0,0,0,0,0,7,1
klf2,155,76,122,317,131,92,224,86,109,70,106,126
klf3,1104,754,1692,1356,1101,869,1552,718,1185,813,1222,822
klf4,69,27,96,159,56,44,100,51,69,31,74,72
klf5,4,2,25,3,7,0,11,7,8,4,2,4
klf6,1258,303,1636,718,982,413,1094,346,1343,410,1457,498
klf7,240,149,371,256,182,161,164,185,335,165,348,173
klf8,2,2,2,3,2,1,3,5,2,4,3,4
klf9,1405,1975,1358,1455,1386,1679,2031,1755,1797,1780,1845,2288
klhdc1,20,6,26,25,18,2,33,7,29,9,26,13
klhdc10,1484,1030,1684,1234,1374,1085,1352,1487,1453,1005,1006,1268
klhdc2,1037,775,1311,725,862,830,849,793,1028,722,841,769
klhdc3,571,324,369,392,428,353,535,356,513,308,454,350
klhdc4,479,243,451,293,364,291,308,301,365,263,372,284
klhdc7a,715,744,666,585,528,652,275,998,912,852,402,498
klhdc7b,3,0,0,2,1,1,0,0,0,1,0,0
klhdc8a,86,37,110,39,119,61,56,50,51,48,112,43
klhdc8b,182,79,229,72,103,75,153,87,251,87,132,87
klhdc9,1,1,0,0,1,2,3,0,3,0,3,2
klhl1,1,0,0,1,0,0,0,1,1,1,0,0
klhl10,3,0,5,2,3,0,4,1,6,5,1,1
klhl11,218,157,232,202,199,195,229,226,287,157,237,189
klhl12,411,356,634,386,481,388,468,382,557,330,574,387
klhl13,2096,178,562,199,752,157,768,137,1699,167,1095,168
klhl14,0,0,44,1,1,1,3,0,2,0,1,0
klhl15,175,175,185,207,160,161,161,129,239,167,174,165
klhl17,111,106,113,137,113,150,114,136,144,130,144,103
klhl18,119,94,159,124,110,101,142,111,124,85,111,98
klhl2,1141,744,944,940,706,819,780,952,895,935,1037,886
klhl20,229,217,482,247,291,245,274,221,409,205,369,262
klhl21,638,328,733,494,445,635,461,687,645,581,390,484
klhl22,580,376,377,365,512,315,434,330,619,385,287,267
klhl23,85,31,809,35,61,35,57,46,90,30,56,24
klhl24,3643,2980,2643,2151,3137,3052,3333,3537,5060,3446,2300,3090
klhl25,516,231,1263,361,376,385,764,395,473,338,989,171
klhl26,146,93,95,114,100,96,82,79,103,118,99,82
klhl28,153,183,241,218,155,175,176,166,253,193,212,243
klhl29,13,6,14,28,7,1,19,6,12,5,10,13
klhl3,109,97,113,87,70,85,137,79,110,96,72,92
klhl30,2,2,4,5,0,0,4,0,0,1,2,0
klhl31,10,26,47,44,12,8,43,17,14,14,4,8
klhl32,12,6,16,13,8,10,10,16,25,15,13,27
klhl33,5,4,5,2,4,2,3,1,0,0,0,1
klhl34,0,1,2,3,0,0,0,0,0,0,1,1
klhl35,9,5,15,3,5,4,6,5,12,1,1,1
klhl36,121,98,73,99,112,78,66,64,100,70,81,75
klhl38,1,3,2,7,7,1,11,1,3,3,3,0
klhl4,109,53,81,82,88,42,57,46,98,40,105,42
klhl40,3,9,4,20,0,0,17,1,1,1,0,0
klhl41,21,67,69,68,12,9,100,24,15,11,9,10
klhl42,494,413,528,506,533,484,438,443,621,411,324,508
klhl5,730,549,504,638,665,541,605,486,713,480,702,589
klhl6,161,109,170,135,178,121,219,79,261,88,202,85
klhl7,420,459,291,554,469,508,436,379,569,464,418,466
klhl8,98,82,76,97,109,77,90,80,129,89,85,93
klhl9,2297,2664,2174,2703,2255,2367,1958,2106,3008,2383,2887,2385
klk1,581,47,291,25,520,11,90,6784,64,1878,13,1877
klk10,1,0,0,0,0,0,7,0,0,0,0,0
klk11,0,0,0,0,0,0,4,0,0,0,0,0
klk12,0,0,0,0,0,0,1,0,0,0,0,0
klk13,0,0,0,2,0,0,1,1,0,0,0,1
klk14,1,1,3,0,0,2,2,0,1,0,1,5
klk15,0,0,0,0,0,0,0,0,0,0,0,0
klk4,0,0,0,0,0,0,0,0,0,0,0,0
klk5,0,0,0,0,0,0,1,0,0,0,0,0
klk6,0,0,1,0,0,0,0,0,0,0,0,0
klk7,0,0,0,0,0,1,6,1,0,0,0,0
klk8,5,9,13,15,5,7,14,8,8,6,16,6
klk9,2,0,1,1,1,1,0,2,1,0,2,0
klkb1,4316,9053,2450,7827,5543,8210,4082,8554,7486,9571,4378,9686
klrb1,2,0,0,0,2,0,2,0,1,0,4,0
klrc1,16,14,14,5,10,7,21,10,43,11,14,13
klrc2,9,9,10,16,9,8,26,10,28,9,17,4
klrc3,1,2,1,2,1,0,2,0,1,0,0,0
klrd1,26,14,38,14,23,5,19,9,57,9,23,7
klrg1,1,1,3,5,7,0,5,0,9,0,6,2
klrg2,10,1,17,6,9,2,7,4,21,4,9,3
klrk1,104,58,79,61,112,53,72,70,146,77,53,56
kmo,6198,9984,4299,7938,6573,9154,6658,9323,8412,10001,6196,8745
kmt2a,299,230,514,479,267,305,378,333,495,265,286,367
kmt2b,243,183,479,276,223,215,281,224,265,158,214,218
kmt2c,861,918,1151,1456,973,1035,982,1283,1331,1007,1055,1353
kmt2d,500,323,779,669,444,322,675,474,658,375,600,542
kmt2e,540,495,746,886,558,584,626,552,905,489,988,641
kmt5a,763,309,915,393,702,255,668,352,752,312,754,409
kncn,0,0,1,0,0,0,0,0,0,0,0,0
kndc1,6,10,3,11,8,6,4,13,9,14,9,10
kng1,73232,49610,98251,40012,51778,52749,90150,54188,73660,50250,37443,52522
knop1,757,632,1136,676,733,661,836,732,867,677,808,738
knstrn,96,16,200,13,125,13,215,18,155,23,143,18
kntc1,55,7,107,10,87,6,116,13,110,21,98,24
kpna1,1414,1471,1451,1673,1512,1322,1490,1459,1822,1558,1322,1738
kpna2,1534,1042,1977,1146,1752,1155,2038,1423,2122,1419,1789,1237
kpna3,1041,870,826,1054,969,843,919,782,1448,817,1145,923
kpna4,1559,1231,1795,1644,1797,1291,1645,1115,1779,1146,1457,1433
kpna6,916,928,1005,1104,977,1061,850,1025,1225,953,1056,1082
kpna7,0,1,1,0,0,0,0,0,0,0,0,1
kpnb1,3320,2410,4015,3235,3452,2507,3799,2172,3817,2491,3581,3015
kprp,0,1,0,0,0,0,7,0,1,0,0,0
kptn,311,240,363,202,234,276,287,207,332,235,252,328
kras,892,706,808,879,899,696,918,517,837,555,854,716
krcc1,1828,1534,1657,1489,1877,1355,1580,1472,2130,1406,1548,1436
kremen1,299,195,371,324,240,264,267,300,318,246,262,308
kremen2,5,4,14,6,4,0,6,4,8,6,10,5
kri1,192,154,235,172,168,145,176,125,259,132,158,169
krit1,832,835,1340,991,873,773,901,941,1433,955,1140,949
krr1,524,537,626,553,602,503,568,478,758,668,703,648
krt1,0,0,0,0,0,0,4,0,0,0,0,0
krt10,32,31,17,26,33,30,21,17,42,33,36,21
krt12,0,0,2,0,0,0,1,0,6,0,1,0
krt13,1,0,0,0,0,0,1294,0,0,0,1,0
krt14,8,3,10,36,5,3,15,11,7,19,0,11
krt15,1,0,0,0,0,0,30,0,0,0,1,0
krt16,0,0,3,0,0,0,1,0,0,0,0,0
krt17,5,1,4,0,7,0,1,0,22,0,2,0
krt18,11022,4664,16963,4370,8454,3861,9588,3557,14068,5018,16006,4181
krt19,134,34,115,329,89,34,93,86,160,96,68,89
krt2,0,0,0,0,0,0,0,0,0,0,0,0
krt20,110,0,241,0,74,0,9,4,79,0,778,0
krt222,8,6,34,7,5,4,26,1,12,5,5,4
krt23,179,9,99,7,60,6,35,20,153,14,163,9
krt24,0,0,2,0,1,0,1,0,0,0,2,0
krt25,1,0,4,0,1,0,1,0,0,0,0,0
krt26,2,1,16,1,4,3,4,4,7,6,7,9
krt27,0,0,0,0,0,0,0,0,0,0,0,0
krt28,1,0,3,0,3,0,0,0,3,0,6,0
krt31,0,0,0,0,0,0,0,0,0,0,0,0
krt32,0,0,0,0,0,0,1,0,0,0,0,0
krt33a,1,0,0,0,0,0,0,0,0,0,0,0
krt33b,0,0,3,0,0,0,0,0,0,0,0,0
krt34,0,0,0,0,0,0,0,0,0,0,0,0
krt35,2,2,6,2,1,1,1,1,6,1,1,6
krt36,0,0,2,0,0,0,0,0,0,0,0,0
krt39,0,0,0,0,0,0,0,0,0,0,0,0
krt4,16,1,6,2,7,3,1187,0,12,3,2,2
krt40,0,0,0,0,0,0,0,0,1,0,0,0
krt5,52,0,544,0,1,0,41,0,9,0,38,0
krt6a,0,0,12,0,0,0,1,0,0,0,0,0
krt6b,0,0,0,0,0,0,1,0,0,0,0,0
krt7,117,39,99,109,68,28,88,52,159,54,62,46
krt71,0,0,0,0,0,0,0,0,0,0,0,0
krt72,0,0,0,0,0,0,0,0,0,0,0,0
krt73,0,0,0,0,0,0,0,0,0,0,0,0
krt74,0,0,0,0,0,0,0,0,0,0,0,0
krt75,0,0,0,0,0,0,0,0,0,0,0,0
krt76,1,0,8,3,0,0,1,0,1,0,0,0
krt77,0,0,0,1,0,2,0,0,0,0,0,0
krt78,0,0,1,0,0,0,74,2,0,0,0,0
krt79,32,1,1,0,5,0,2,2,4,1,3,0
krt8,13707,4759,20032,4301,11673,4595,10808,3751,16596,4887,20665,4648
krt80,12,4,8,9,17,1,23,9,19,4,13,14
krt81,0,0,0,0,0,0,0,0,0,0,0,0
krt82,0,0,1,0,0,0,0,0,0,0,0,0
krt83,0,1,1,2,2,0,0,0,1,0,3,1
krt84,0,0,0,0,0,0,0,0,0,0,0,0
krt86,0,0,0,0,0,0,0,0,0,0,0,0
krt9,0,0,0,0,0,0,0,0,0,0,0,0
krtap1-3,0,0,0,0,0,0,0,0,0,0,0,0
krtap1-4,0,0,0,0,0,0,0,0,0,0,0,0
krtap1-5,0,0,0,0,0,0,0,0,0,0,0,0
krtap10-4,0,0,0,0,0,0,0,0,0,0,0,0
krtap11-1,0,0,0,0,0,0,0,0,0,0,0,0
krtap12-1,0,0,0,0,0,0,0,0,0,0,0,0
krtap13-1,0,0,0,0,0,0,0,0,0,0,0,0
krtap16-1,0,0,0,0,0,0,0,0,0,0,0,0
krtap17-1,0,0,0,0,0,0,0,0,0,0,0,0
krtap19-1,0,0,0,0,0,0,0,0,0,0,0,0
krtap19-2,0,0,0,0,0,0,0,0,0,0,0,0
krtap19-3,0,0,0,0,0,0,0,0,0,0,0,0
krtap19-4,0,0,0,0,0,0,0,0,0,0,0,0
krtap19-5,0,0,0,0,0,0,0,0,0,0,0,0
krtap2-4,0,0,0,0,0,0,0,0,0,0,0,0
krtap20-2,0,0,0,0,0,0,0,0,0,0,0,0
krtap21-1,0,0,0,0,0,0,0,0,0,0,0,0
krtap22-2,0,0,0,0,0,0,0,0,0,0,0,0
krtap24-1,0,0,0,0,0,0,0,0,0,0,0,0
krtap26-1,0,0,0,0,0,0,0,0,0,0,0,0
krtap27-1,0,0,0,0,0,0,0,0,0,0,0,0
krtap29-1,0,0,0,0,0,0,0,0,0,0,0,0
krtap3-1,0,0,0,0,0,0,0,0,0,0,0,0
krtap3-2,0,0,1,0,0,0,0,0,0,0,0,0
krtap3-3,0,0,0,0,0,0,0,0,0,0,0,0
krtap4-1,0,0,0,0,0,0,0,0,0,0,0,0
krtap4-2,0,0,0,0,0,0,0,0,0,0,0,0
krtap4-6,0,0,0,0,0,0,0,0,0,0,0,0
krtap4-8,0,0,0,0,0,0,0,0,0,0,0,0
krtap4-9,0,0,0,0,0,0,0,0,0,0,0,0
krtap5-1,0,0,0,0,0,0,0,0,0,0,0,0
krtap5-2,0,0,0,0,0,0,0,0,0,0,0,0
krtap5-3,0,0,0,0,0,0,0,0,0,0,0,0
krtap5-4,0,0,0,0,0,0,0,0,0,0,0,0
krtap5-5,0,0,1,0,0,0,0,0,0,0,0,0
krtap6-1,0,0,0,0,0,0,0,0,0,0,0,0
krtap6-2,0,0,0,0,0,0,0,0,0,0,0,0
krtap6-3,0,0,0,0,0,0,0,0,0,0,0,0
krtap8-1,0,0,0,0,0,0,0,0,0,0,0,0
krtap9-1,0,0,0,3,0,0,0,0,0,0,0,0
krtap9-3,0,0,0,0,0,0,0,0,0,0,0,0
krtcap2,1012,873,1380,930,842,855,964,884,920,850,694,815
krtcap3,11,22,21,16,27,18,13,18,30,11,17,19
krtdap,0,0,0,0,0,0,189,0,0,0,0,0
ksr1,59,51,90,102,59,35,71,32,69,46,92,42
ksr2,50,36,45,47,22,28,76,28,34,19,39,37
kti12,246,188,340,256,219,214,187,233,236,220,203,236
ktn1,688,464,910,602,576,531,650,516,906,493,681,551
kxd1,634,500,605,513,511,546,548,455,621,520,500,500
ky,9,4,5,25,2,1,4,3,1,1,0,2
kynu,2927,5421,1975,4320,3688,5417,3105,4959,4711,4558,2174,5680
l1cam,17,12,23,12,17,13,24,11,25,6,26,14
l1td1,3,0,2,7,1,0,3,2,2,3,1,2
l2hgdh,729,1211,699,1155,901,1070,620,1226,1240,1081,496,1264
l3hypdh,376,463,299,414,459,433,290,395,556,360,368,305
l3mbtl1,1,2,3,2,1,0,0,0,0,0,0,1
l3mbtl2,477,240,434,332,426,260,328,312,433,270,317,310
l3mbtl3,202,117,438,160,193,111,208,138,255,118,150,135
l3mbtl4,2,1,0,2,0,2,0,2,1,1,3,4
lacc1,472,144,636,230,405,178,658,143,598,156,419,206
lactb,456,984,424,947,515,927,444,828,684,807,375,983
lactb2,4180,6723,3470,6064,5677,6668,3994,4700,6090,5978,4111,6905
lactbl1,0,0,0,0,0,0,0,0,1,0,0,0
lad1,413,69,177,130,525,139,243,148,351,128,338,69
lag3,25,55,28,47,27,65,24,31,31,39,25,30
lage3,346,217,219,218,317,228,287,207,415,248,239,206
lair1,501,228,556,256,521,167,514,202,616,252,581,208
lalba,0,0,0,1,0,0,0,0,1,0,1,0
lama1,125,222,110,231,107,227,163,227,199,217,52,245
lama2,346,99,393,257,460,134,370,114,551,136,636,128
lama3,50,206,137,184,105,297,62,242,135,218,100,250
lama4,414,182,607,480,276,162,332,187,498,215,441,245
lama5,690,88,1474,186,336,93,462,144,731,112,1058,104
lamb1,469,287,652,508,432,414,540,338,666,330,744,425
lamb2,465,184,456,550,319,176,395,153,514,198,284,177
lamb3,202,86,199,79,187,67,131,92,231,76,188,104
lamc1,916,345,1844,617,681,386,921,468,1105,431,1348,534
lamc2,76,17,148,32,64,8,69,19,121,10,113,23
lamc3,331,43,192,157,174,75,193,42,937,36,2252,28
lamp1,20660,11121,13876,11690,15441,11251,14540,11643,18626,11185,16793,11662
lamp2,14943,20481,12598,19714,16704,18805,13185,16552,20687,19312,11630,18718
lamp3,0,0,1,1,0,0,0,0,1,0,0,0
lamp5,0,1,1,0,1,0,0,0,0,0,0,0
lamtor1,1011,874,1214,906,993,864,958,627,1168,798,823,761
lamtor2,934,711,930,684,985,716,954,635,1041,808,675,733
lamtor3,401,235,425,255,402,279,388,297,462,234,309,296
lamtor4,1098,920,964,856,1325,794,1064,824,1356,879,1641,764
lamtor5,648,609,687,573,870,654,769,567,943,590,623,561
lancl1,703,447,605,491,678,530,673,532,702,557,665,478
lancl2,246,176,175,191,252,201,260,175,303,172,206,195
lancl3,5,2,8,5,4,1,5,0,7,0,8,1
lap3,6392,8349,4529,7589,7387,8424,5790,6607,8554,8181,6520,8871
laptm4a,4549,3767,4788,4115,3958,3544,4002,3523,5094,3648,3280,3702
laptm4b,1151,426,802,497,1079,379,789,328,1160,394,1487,348
laptm5,1199,396,1064,748,995,389,1175,386,952,365,832,443
larp1,1696,1671,2292,2104,1622,1765,1866,1946,1849,1744,1409,2363
larp1b,1180,1635,1187,1604,1278,1490,1196,1614,1482,1606,896,1783
larp4,2437,2444,3413,2794,2292,2785,2508,2765,3708,2420,3379,3116
larp4b,2213,1649,3332,1689,1964,1841,2208,2408,3286,1766,2087,2234
larp6,8,4,6,19,6,2,7,1,7,9,2,2
larp7,209,191,233,177,274,184,272,189,347,188,268,225
lars2,186043,549663,366971,153839,223855,180986,66059,48985,17573,19369,10572,14725
las1l,744,622,686,648,643,632,565,483,930,592,436,625
lasp1,2610,1781,3135,2021,2499,1783,2253,1553,2589,1851,1958,2089
lat,31,18,38,21,16,7,23,4,44,8,31,9
lat2,78,13,74,54,46,7,49,19,101,30,65,28
lats1,628,715,955,948,654,857,774,938,818,649,745,829
lats2,523,297,635,515,389,370,512,363,550,264,334,409
lax1,18,10,33,30,22,11,42,3,48,5,26,11
layn,52,22,69,56,37,19,30,16,50,26,45,36
lbh,525,173,444,306,483,169,438,241,543,169,410,200
lbhd1,76,106,125,141,104,66,90,85,136,116,138,96
lbp,3246,2264,3417,1724,2450,1635,2604,2732,2822,1823,2806,1285
lbr,465,400,796,464,525,424,575,367,754,319,532,424
lbx1,0,0,0,1,0,0,2,0,0,0,0,0
lbx2,7,1,3,4,6,3,1,2,5,3,5,3
lca5,12,5,17,18,14,14,12,7,19,9,16,15
lca5l,6,2,11,13,3,3,6,12,11,3,7,3
lcat,5387,4173,3236,4402,4187,4135,3643,4465,4132,3686,3404,4181
lce1b,0,0,0,0,0,0,6,0,0,0,0,0
lce1c,0,0,0,0,0,0,12,0,0,0,0,0
lce1d,0,0,0,0,0,0,7,0,0,0,0,0
lce1e,0,0,0,0,0,0,7,0,0,0,0,0
lce1f,0,0,0,0,0,0,8,0,0,0,0,0
lce3a,0,0,0,0,0,0,34,0,0,0,0,0
lce3b,0,0,0,0,0,0,19,0,0,0,0,0
lce3c,0,0,0,0,0,0,25,0,0,0,0,0
lce3d,0,0,0,0,0,0,1,0,0,0,0,0
lce3e,0,0,0,0,0,0,22,0,0,0,0,0
lce6a,4,3,1,0,9,0,1,0,6,0,11,0
lck,46,25,61,31,42,21,29,16,75,8,72,16
lclat1,724,627,574,602,726,702,797,689,941,607,873,764
lcmt1,269,223,273,179,278,237,264,290,381,245,290,256
lcmt2,196,146,265,131,165,151,139,159,235,110,217,176
lcn10,0,0,0,0,1,0,0,0,0,0,0,0
lcn12,2,4,3,2,1,1,3,1,2,3,0,0
lcn2,10011,1006,24884,482,8673,1063,16876,6648,8761,1823,15226,390
lcn6,0,1,1,0,0,0,0,0,0,0,0,0
lcn8,7,6,5,6,8,7,1,2,6,5,3,4
lcn9,0,0,0,0,1,0,0,0,0,0,0,0
lcor,584,478,818,495,569,520,760,530,941,464,830,647
lcorl,655,605,614,709,541,499,544,682,913,527,859,631
lcp1,3200,2288,3289,2873,3290,2515,3728,2604,4148,2466,3076,2540
lcp2,431,238,450,273,375,197,456,216,510,231,330,216
lct,1,0,3,0,2,0,2,3,0,1,6,1
lctl,2,1,2,4,0,0,0,0,2,0,0,0
ldah,556,1014,712,956,885,884,529,824,929,950,571,992
ldb1,587,284,605,337,455,278,544,350,578,253,520,267
ldb2,119,60,173,83,102,53,106,60,105,51,183,64
ldb3,27,66,45,70,14,4,98,14,34,8,6,6
ldha,10971,15855,19862,13334,11255,13090,12058,13964,12366,13522,9324,12509
ldhal6b,2,1,4,3,0,4,4,3,6,8,2,6
ldhb,109,153,147,226,67,72,162,78,116,52,26,54
ldhc,1,1,0,0,0,0,0,0,0,0,0,0
ldhd,2558,3503,1447,3197,2383,3841,2041,3741,2843,3140,1696,3507
ldlr,2068,2128,2906,2653,2261,2228,1870,2874,3194,2632,1063,2763
ldlrad1,0,1,3,1,2,0,2,1,2,0,1,0
ldlrad2,0,0,0,1,0,0,0,0,0,0,0,0
ldlrad3,225,130,250,138,189,153,156,188,268,119,198,132
ldlrad4,125,101,126,100,139,96,153,150,189,85,269,130
ldlrap1,896,459,1078,427,640,510,528,635,666,480,559,474
ldoc1,0,0,0,0,0,0,0,0,0,0,0,0
leap2,527,2508,544,2391,1020,2300,394,931,621,2025,381,1613
lect2,964,2073,5110,1975,1446,1901,952,1752,1383,2493,270,2128
lef1,13,16,89,10,2,7,8,18,22,12,17,16
lefty1,14,18,121,15,13,11,17,15,31,14,17,6
lefty2,3,5,3,1,1,1,1,3,7,2,3,1
lekr1,17,11,14,10,15,5,19,10,21,13,23,4
lelp1,0,0,0,0,0,0,0,0,0,0,0,0
lemd1,0,1,2,2,1,0,5,8,0,1,0,4
lemd2,474,291,478,338,440,316,404,318,416,266,374,278
lemd3,257,305,399,315,289,308,327,271,377,260,284,316
lenep,0,0,0,0,0,0,0,0,0,2,0,0
leng1,167,175,196,176,175,135,177,164,188,115,116,213
leng8,388,314,651,376,339,224,348,421,531,376,318,321
leng9,110,94,164,89,98,68,98,55,94,55,58,127
leo1,251,350,291,398,297,359,301,193,339,310,380,422
lep,1,0,0,0,0,0,0,1,1,2,0,3
lepr,456,99,1614,192,363,95,619,93,253,108,1189,74
leprot,809,368,822,433,754,373,788,366,888,369,1019,358
leprotl1,474,321,569,416,400,369,483,354,530,320,560,403
letm1,1067,937,799,1106,1327,1107,1015,1104,1142,1066,986,1160
letm2,54,42,50,55,52,42,44,29,77,49,44,57
letmd1,451,362,444,394,441,416,365,421,547,370,389,414
lfng,252,105,201,146,195,88,237,122,202,104,152,96
lgals1,5107,501,3314,1555,4240,422,3303,375,5249,596,6390,516
lgals12,4,7,2,4,3,1,2,9,6,2,2,18
lgals2,20,11,15,27,11,13,15,45,10,22,12,23
lgals3,1219,289,1786,489,827,175,1146,314,1361,430,711,273
lgals3bp,2703,1012,2617,1081,2656,1024,2776,1103,2478,1025,2359,1101
lgals4,68,57,74,38,56,21,87,92,101,48,92,57
lgals7,11,1,1,31,0,1,46,5,6,5,1,3
lgals8,3193,3542,3554,3182,3490,3322,2544,3023,3824,3641,2464,3342
lgals9,6778,6771,5828,5956,7603,7225,7299,5067,8369,6041,5095,7074
lgalsl,443,778,343,714,631,645,702,226,524,426,625,620
lgi1,5,6,17,1,9,7,13,11,16,10,9,5
lgi2,69,10,48,73,53,9,62,35,85,39,24,55
lgi3,9,5,23,27,2,5,8,5,5,8,176,5
lgi4,13,4,6,7,15,1,19,2,30,8,22,4
lgmn,4883,1883,5119,2164,3687,1715,5016,1923,3755,1670,3549,1740
lgr4,1551,1594,2046,1439,1406,1903,1409,2143,1779,1666,1579,1756
lgr5,32,137,276,164,70,136,34,147,74,111,10,181
lgr6,11,10,16,20,17,11,6,11,28,15,12,22
lgsn,0,0,0,0,0,0,0,0,0,0,1,0
lhb,1,0,1,0,0,2,1,0,2,0,0,0
lhcgr,0,0,0,0,0,0,0,0,0,0,0,0
lhfpl1,0,0,1,0,0,0,1,0,2,0,1,0
lhfpl2,484,340,279,411,368,303,260,292,349,356,105,352
lhfpl3,0,0,0,2,2,0,0,1,0,0,0,0
lhfpl4,11,7,43,19,5,9,15,18,37,22,23,18
lhfpl5,0,0,2,1,1,2,1,0,0,0,0,1
lhpp,186,1076,1162,1111,320,1112,327,1036,425,1079,100,1086
lhx1,0,1,1,0,2,2,1,0,0,2,0,0
lhx2,18,44,17,61,22,48,17,28,26,37,9,28
lhx3,9,0,120,0,1,0,100,0,0,0,0,0
lhx4,1,2,3,2,1,2,3,4,5,5,3,3
lhx5,3,6,9,0,2,0,1,4,3,2,2,4
lhx6,274,61,240,91,277,79,241,71,280,54,207,69
lhx8,0,0,0,1,0,0,2,0,1,0,0,1
lhx9,7,3,6,13,3,5,8,4,8,5,4,6
lias,629,610,494,572,747,614,609,570,832,589,1042,606
lif,59,5,125,2,42,4,32,5,42,3,34,2
lifr,4893,10767,6378,10917,3470,11134,3758,18412,4661,11120,4392,14380
lig1,136,42,216,52,154,34,176,35,196,30,173,52
lig3,560,557,634,692,623,524,663,533,812,614,474,673
lig4,140,121,128,129,114,94,135,140,164,79,218,115
lilra5,277,185,236,221,286,134,323,163,298,174,207,166
lim2,0,0,0,0,0,0,0,0,0,0,0,0
lima1,1820,1149,1556,1469,1559,1160,1064,1320,1891,1248,1553,1165
limch1,113,39,92,66,80,27,87,34,101,28,123,50
limd1,1297,693,1710,937,882,886,944,917,1161,816,990,842
limd2,589,314,542,316,536,400,709,341,728,303,873,286
lime1,72,42,130,64,73,59,76,45,156,47,83,78
limk1,257,44,158,80,196,47,208,42,318,46,230,50
limk2,341,138,468,130,237,138,271,128,310,139,320,122
lims1,1085,672,1432,812,860,690,1032,544,1280,635,1071,732
lims2,894,701,525,654,884,578,799,616,977,747,918,621
lin28a,0,0,1,0,0,0,0,0,0,0,0,0
lin28b,0,0,4,1,0,1,0,0,0,1,1,1
lin37,115,83,133,89,119,81,121,82,143,70,93,110
lin52,123,111,151,135,117,142,118,166,172,136,93,165
lin54,253,177,270,227,254,187,277,262,304,195,244,250
lin7a,175,815,144,857,244,715,225,919,398,798,283,691
lin7b,1,0,1,0,1,0,1,0,0,1,2,1
lin7c,1445,1407,2241,1456,1350,1365,1466,1462,2172,1261,2005,1410
lin9,88,64,161,57,119,85,116,106,167,111,122,83
lingo1,1,4,22,12,8,6,7,5,14,14,8,11
lingo2,0,2,2,0,1,1,0,0,2,1,0,0
lingo3,1,1,1,2,0,0,0,0,0,1,0,0
lingo4,7,9,11,9,12,9,10,9,12,6,4,4
lins1,91,68,167,85,77,63,91,85,147,89,96,84
lipa,5752,3952,5109,3790,6721,4170,6281,2994,7344,3618,4969,4495
lipc,893,3683,679,3234,1520,3514,1026,2625,2388,3340,460,3825
lipe,272,241,242,244,212,182,167,250,218,265,136,211
lipf,0,0,0,0,0,0,0,0,0,0,0,0
lipg,134,104,142,210,252,124,166,182,418,111,69,109
liph,9,3,18,6,4,2,5,11,10,9,6,4
lipi,0,0,0,0,0,0,0,0,0,0,0,0
lipk,0,1,0,0,0,0,6,0,0,0,0,0
lipm,5,0,2,0,45,0,9,0,2,0,1,0
lipn,10,1,71,1,26,0,14,0,52,1,346,2
lipt1,157,124,120,127,180,107,126,93,217,128,148,102
lipt2,98,52,86,89,72,45,67,50,89,51,83,52
litaf,2651,1638,2636,1490,2122,1694,2316,1578,2437,1374,1818,1429
lix1,16,18,21,15,22,11,23,13,27,18,18,18
lix1l,242,118,253,265,208,143,196,96,239,113,192,122
lkaaear1,0,0,1,0,0,0,0,0,0,0,0,0
llgl1,205,118,249,159,193,119,222,135,271,115,217,122
llgl2,499,394,569,327,507,330,473,367,496,343,494,374
llph,461,449,597,443,483,454,450,412,579,394,454,381
lman1,4984,5938,5939,6644,5352,5280,5178,5715,6033,6068,5861,6629
lman1l,0,0,1,0,1,0,0,0,0,0,1,1
lman2,3827,4746,5151,5318,3771,4490,3533,4591,4274,4989,2646,5195
lman2l,160,154,206,228,154,153,178,173,221,169,213,202
lmbr1,198,172,178,180,150,165,178,187,323,164,280,158
lmbr1l,276,164,339,150,175,134,200,168,281,225,207,168
lmbrd1,1787,1593,2044,1601,1789,1634,1894,1629,2358,1644,2133,1556
lmbrd2,982,1111,972,1398,1122,1091,975,1157,1444,1084,1666,1186
lmcd1,50,19,77,52,49,17,68,19,55,17,194,16
lmf1,558,564,497,599,580,638,676,610,638,640,853,681
lmf2,414,151,562,232,315,193,313,205,345,181,320,213
lmln,65,35,113,38,76,34,73,71,108,36,87,66
lmna,2028,866,2726,1178,1487,828,1636,816,1501,823,1471,788
lmnb1,97,78,103,65,87,59,85,61,116,78,84,64
lmnb2,180,109,213,160,181,107,209,129,190,136,197,132
lmntd1,0,1,0,3,1,1,0,2,1,1,0,2
lmntd2,29,12,49,6,17,14,32,7,31,6,15,6
lmo1,9,0,29,1,12,0,3,1,8,1,7,1
lmo2,200,147,257,186,207,101,167,114,250,124,187,92
lmo3,0,0,1,3,0,1,0,0,0,0,0,0
lmo4,203,160,235,211,274,181,244,183,266,144,223,211
lmo7,680,443,763,511,547,453,549,487,818,378,424,425
lmod1,38,9,55,36,38,9,41,11,24,26,26,11
lmod2,15,11,17,13,2,8,32,8,1,3,3,1
lmod3,5,25,16,13,4,4,16,3,4,2,3,2
lmtk2,491,332,583,406,467,327,540,436,615,348,635,425
lmtk3,6,1,36,0,1,0,6,2,4,1,6,0
lmx1a,0,2,5,0,0,0,0,5,4,0,0,0
lmx1b,1,0,0,0,0,1,0,0,1,0,1,0
lnp1,0,0,0,0,0,0,0,0,0,0,0,0
lnpep,1145,936,1305,1319,1024,931,1329,1021,1564,928,1615,956
lnx1,20,10,26,28,78,37,30,29,57,22,84,9
lnx2,416,291,706,380,448,368,563,274,487,311,664,333
lonp1,4716,2036,3786,2294,4323,2418,3915,1923,3733,1970,5304,2429
lonp2,7281,8463,5643,6925,7387,7806,5571,7109,10437,9139,7879,8698
lonrf1,112,66,126,65,89,49,102,107,167,65,105,85
lonrf2,3,3,3,4,1,2,2,4,4,1,1,4
lonrf3,80,145,93,72,131,95,167,35,131,86,191,115
lox,127,17,148,158,78,22,115,26,101,68,96,222
loxhd1,0,0,0,0,0,0,0,0,0,0,0,0
loxl1,237,56,133,337,169,56,179,52,216,101,104,74
loxl2,521,105,734,234,413,111,387,130,556,198,660,252
loxl3,143,72,183,107,149,54,123,49,161,54,154,48
loxl4,165,194,125,82,185,111,131,42,90,101,239,200
lpar1,57,24,78,53,78,42,81,15,86,29,121,33
lpar2,159,13,203,24,86,13,76,19,111,14,144,14
lpar3,2,1,6,1,3,1,4,0,3,1,2,2
lpar4,21,13,31,26,16,7,14,11,25,11,28,8
lpar5,7,4,5,1,5,3,13,3,6,3,8,0
lpar6,693,746,863,586,661,496,564,583,901,759,693,678
lpcat1,162,57,176,137,146,83,130,58,181,63,142,79
lpcat2,267,106,243,136,310,89,302,80,335,80,333,76
lpcat3,1724,966,1235,933,1449,1115,1238,942,1789,1035,945,982
lpcat4,23,13,39,14,41,5,39,13,75,9,123,11
lpgat1,5645,3654,7075,4673,4703,3785,5818,5098,6028,3970,6878,3792
lpin1,1799,703,2897,809,2142,2397,8304,1131,2717,1041,2871,4178
lpin2,6022,3142,6060,2996,5361,3791,9288,3543,9615,4236,6777,5464
lpin3,352,96,759,132,222,113,449,98,291,130,487,122
lpl,5726,978,5812,1323,4507,849,5484,1001,5337,1140,10472,1333
lpo,0,0,0,0,0,0,0,0,0,0,0,0
lpp,1575,1545,2018,2057,1520,1587,2082,1816,2199,1470,1995,1919
lpxn,164,71,184,102,186,47,189,51,202,78,197,62
lrat,915,946,703,1091,1054,853,1086,775,1350,1151,900,902
lrba,1119,1011,1326,1220,1249,1254,1322,1232,1671,1112,1107,1377
lrch1,256,150,341,179,201,168,260,194,311,157,264,177
lrch2,7,4,27,8,14,0,8,4,7,3,11,3
lrch3,448,331,554,382,393,306,479,386,587,352,428,384
lrch4,185,105,169,136,176,110,186,166,170,147,199,104
lrfn1,8,4,8,5,6,4,7,5,6,2,4,4
lrfn2,0,0,0,0,0,0,0,0,0,0,0,0
lrfn3,104,134,142,131,104,100,86,41,75,115,82,99
lrfn4,27,10,54,33,24,25,35,19,58,52,40,22
lrfn5,4,5,5,4,8,1,4,8,8,3,5,7
lrg1,5532,4464,8665,3231,3702,4252,5645,7085,3287,3206,6663,2396
lrguk,2,0,0,2,3,0,0,1,2,0,1,1
lrif1,248,309,325,427,321,221,246,207,396,258,474,212
lrig1,731,713,857,736,631,725,538,737,734,721,410,1025
lrig2,279,296,414,302,309,224,329,256,408,274,328,281
lrig3,121,175,226,206,155,159,120,171,183,166,109,149
lrit1,128,297,63,192,257,284,132,337,355,260,100,287
lrit2,28,84,25,52,57,64,24,71,99,51,10,61
lrit3,1,0,0,0,0,0,0,0,0,0,0,0
lrp1,10158,11418,12387,17048,10283,12985,13911,17389,12927,12400,6907,13604
lrp10,1159,533,1292,753,815,600,856,663,908,505,741,583
lrp11,109,47,123,59,127,57,95,59,120,61,154,52
lrp12,153,84,237,107,148,82,139,100,159,84,198,93
lrp1b,0,1,1,1,2,0,1,0,3,0,0,1
lrp2,133,112,99,399,72,166,92,142,178,186,17,136
lrp2bp,8,14,25,14,18,11,19,13,20,7,33,9
lrp3,307,173,335,205,162,174,130,210,201,211,121,211
lrp4,681,331,921,442,489,364,524,555,936,414,628,398
lrp5,1414,823,2198,1134,1124,1040,1437,945,963,808,1024,1233
lrp6,2163,1987,2195,2270,1831,2071,2231,2255,2457,1976,1780,2424
lrp8,11,4,80,8,14,1,19,2,16,2,34,5
lrpap1,782,767,720,761,901,861,805,895,1103,848,815,884
lrpprc,3091,2930,3468,3202,3026,3098,3104,3267,3576,3325,3794,3692
lrr1,3,2,2,0,6,3,2,1,7,1,3,2
lrrc1,72,16,34,114,37,20,37,30,71,33,40,25
lrrc10,0,0,0,0,0,0,0,0,0,0,0,1
lrrc10b,4,7,9,4,1,3,3,3,8,6,2,10
lrrc14,249,155,287,207,267,215,236,195,312,218,272,172
lrrc14b,13,6,2,2,16,0,8,0,24,2,16,0
lrrc15,9,7,4,6,3,9,6,7,7,5,4,8
lrrc17,18,15,22,32,9,9,18,21,20,20,13,11
lrrc18,22,15,18,26,13,21,17,18,24,10,11,13
lrrc19,2,6,5,9,1,2,8,7,7,7,4,2
lrrc2,7,8,11,12,8,0,25,5,8,6,2,6
lrrc20,145,93,168,89,147,71,157,83,185,82,178,93
lrrc23,3,1,0,0,2,1,2,0,1,2,0,0
lrrc24,458,271,295,293,338,283,261,256,330,250,219,267
lrrc25,176,51,140,98,146,55,167,74,150,58,100,59
lrrc26,3,0,1,1,0,0,0,1,1,1,0,1
lrrc27,16,11,22,15,18,9,18,2,32,9,13,10
lrrc28,382,351,480,326,347,326,417,352,417,363,315,332
lrrc3,1058,1117,1448,1346,979,1165,768,1482,1285,1656,770,1446
lrrc30,1,12,6,7,0,0,14,1,0,0,0,0
lrrc31,9,1,1,6,2,6,5,8,6,2,3,3
lrrc32,336,136,263,182,193,131,304,120,235,127,268,167
lrrc34,0,1,2,3,1,1,0,4,0,0,0,0
lrrc36,0,0,0,1,2,0,0,3,0,0,0,0
lrrc37a,0,0,0,0,0,0,1,0,0,0,0,2
lrrc38,1,0,0,0,0,0,1,0,0,0,0,0
lrrc39,77,36,69,30,93,22,126,32,125,23,90,25
lrrc3b,3,0,4,1,3,0,2,0,6,0,3,0
lrrc3c,0,0,0,0,1,0,0,0,0,0,0,0
lrrc4,6,10,26,25,14,6,13,22,22,13,10,18
lrrc40,414,361,444,339,437,416,435,366,623,388,411,381
lrrc41,658,538,728,621,609,531,600,484,715,557,613,543
lrrc42,320,230,286,190,321,200,222,268,335,202,322,206
lrrc43,0,0,0,0,0,0,0,0,0,0,0,0
lrrc45,200,95,188,140,211,104,206,124,211,132,244,125
lrrc46,12,15,22,11,12,18,11,7,16,13,21,11
lrrc47,436,293,486,357,361,356,361,336,434,332,427,339
lrrc49,39,7,44,51,25,14,38,20,43,20,39,9
lrrc4b,0,1,1,0,0,0,1,0,2,0,1,0
lrrc4c,16,44,25,33,19,39,13,41,27,29,22,12
lrrc52,0,0,1,0,0,0,3,0,0,0,0,0
lrrc55,5,1,8,2,5,1,3,0,8,2,30,0
lrrc56,82,63,55,46,68,49,53,54,69,58,44,44
lrrc57,189,177,287,202,178,181,190,161,231,168,204,184
lrrc58,3343,2604,4332,3612,3079,2515,3902,2427,3926,2449,3946,3177
lrrc59,2442,1631,3485,1967,2374,1251,2820,1311,2293,1623,2104,1603
lrrc61,75,40,44,81,53,46,59,52,79,106,45,37
lrrc63,3,1,0,2,3,0,1,2,3,2,1,1
lrrc66,1,4,0,5,3,3,3,2,3,1,84,3
lrrc69,2,3,1,3,4,1,5,2,2,0,1,3
lrrc7,6,3,25,7,10,6,12,20,17,24,2,11
lrrc71,6,3,11,4,5,2,2,9,9,7,4,5
lrrc72,0,0,0,0,0,0,0,0,0,0,0,0
lrrc73,2,3,1,3,3,1,6,0,3,2,1,1
lrrc74a,0,0,0,0,0,0,0,0,0,0,0,0
lrrc74b,14,8,24,12,8,7,15,13,25,12,9,13
lrrc75a,43,15,62,36,30,26,62,47,42,32,58,20
lrrc75b,7,6,42,6,13,5,14,13,22,5,25,13
lrrc8a,1310,500,2108,658,691,534,1039,588,800,504,984,630
lrrc8b,139,23,188,60,168,47,122,49,130,42,485,50
lrrc8c,174,120,227,178,136,109,243,89,150,97,287,106
lrrc8d,638,546,953,653,656,588,508,546,685,616,843,570
lrrc8e,71,13,116,15,78,9,64,22,98,12,127,16
lrrcc1,229,109,198,175,218,100,185,116,305,103,267,103
lrrd1,1,5,2,1,1,0,2,2,2,2,2,6
lrrfip1,1478,906,2715,886,1436,912,1750,947,1884,919,2855,988
lrrfip2,640,535,727,568,573,606,663,708,836,624,710,629
lrriq1,3,0,2,0,3,0,2,0,5,0,2,0
lrriq3,69,65,36,61,107,44,74,44,94,40,47,52
lrriq4,0,0,0,0,0,0,0,0,0,0,0,0
lrrk1,488,299,683,496,398,327,490,343,554,294,365,373
lrrk2,229,159,279,268,224,190,242,165,300,171,184,199
lrrn1,12,2,10,6,14,2,17,24,16,10,21,14
lrrn2,6,1,2,15,2,0,3,0,2,4,0,0
lrrn3,52,86,67,129,63,86,57,88,115,85,64,112
lrrn4,214,46,123,502,78,34,137,70,198,70,88,58
lrrn4cl,55,31,43,118,23,12,37,27,60,34,12,30
lrrtm1,0,0,3,0,0,0,0,1,0,0,2,0
lrrtm2,21,26,54,48,16,12,24,24,59,18,40,31
lrrtm3,4,6,4,4,3,1,6,2,8,4,7,2
lrrtm4,3,4,5,3,2,4,2,4,8,2,9,1
lrsam1,374,247,337,260,324,216,282,190,443,191,330,239
lrtm1,50,267,41,259,52,365,39,260,33,197,47,331
lrtm2,375,7,142,13,269,11,167,6,375,3,73,9
lrwd1,247,179,262,182,218,161,191,144,262,180,277,195
lsamp,7,8,14,4,8,3,8,17,13,17,7,12
lsg1,538,389,686,479,479,438,532,420,714,495,517,496
lsm1,334,264,271,279,292,261,260,246,318,253,319,240
lsm10,268,224,218,208,250,145,232,174,280,193,264,148
lsm11,85,52,87,66,98,68,103,57,105,71,85,83
lsm12,447,430,497,482,430,428,553,440,506,406,465,405
lsm14a,458,406,682,516,432,416,553,373,615,452,539,436
lsm14b,453,354,616,407,436,428,407,425,492,360,357,435
lsm2,193,98,169,108,181,125,164,87,163,130,156,106
lsm3,146,125,158,131,161,105,132,115,202,119,123,109
lsm4,404,236,356,290,325,272,310,202,325,221,357,238
lsm5,125,141,122,102,151,128,125,110,148,101,129,118
lsm6,593,779,448,640,521,726,430,710,812,620,604,670
lsm7,228,225,197,168,276,107,230,152,224,181,164,133
lsm8,241,180,270,167,255,179,222,182,303,161,247,174
lsmem1,0,3,1,3,2,2,3,1,2,0,0,1
lsp1,234,91,225,220,239,68,187,86,373,113,198,120
lsr,4056,2263,5283,2163,3539,2943,3442,2622,3596,2551,3843,2556
lss,1983,1167,3135,1332,1658,1869,1930,1561,2510,1366,1164,1900
lst1,125,51,121,51,148,34,119,42,152,66,106,48
lta,3,1,1,1,2,2,0,0,1,0,0,0
lta4h,679,602,715,669,753,666,697,618,889,575,668,699
ltb,156,28,194,34,89,17,67,20,110,9,96,12
ltb4r2,22,10,22,6,9,11,5,15,7,19,8,17
ltbp1,218,154,273,357,254,254,283,207,345,180,169,189
ltbp2,341,46,280,179,346,22,486,27,442,52,112,102
ltbp3,144,29,687,220,76,41,132,43,124,55,100,62
ltbp4,910,462,617,1227,647,534,664,342,570,374,492,417
ltbr,1826,1074,2046,1258,1535,1009,1385,1345,1365,1114,979,1058
ltc4s,24,12,22,52,17,11,19,24,30,29,20,32
ltf,11,3,55,5,12,2,22,16,41,19,45,14
ltk,7,2,10,1,6,2,4,5,15,0,10,3
ltn1,1371,1347,1462,1433,1300,1327,1330,1374,1936,1302,1294,1365
ltv1,323,319,432,344,320,319,328,330,394,305,330,316
luc7l,517,487,822,618,563,563,714,551,900,580,760,747
luc7l2,1525,1644,2213,1970,1329,1579,1605,2019,2522,1924,1340,2027
luc7l3,880,888,1321,917,916,893,1058,886,1658,902,1128,818
lum,1023,532,878,999,1527,455,1328,460,1916,548,1785,451
lurap1,31,9,32,23,24,13,28,21,47,21,48,9
lurap1l,1016,1249,1110,840,1098,1146,1372,910,1524,981,2135,1468
luzp1,711,410,842,560,617,467,702,535,856,415,766,535
luzp2,3,2,2,0,0,0,0,0,2,0,1,0
luzp4,0,0,0,0,0,0,0,0,0,0,0,0
lvrn,13,9,3,48,7,10,10,9,19,15,1,11
lxn,62,24,67,43,49,26,43,22,58,31,39,39
ly6d,6343,32,10171,46,5826,12,4005,24,5185,23,5717,28
ly6e,15679,4152,12189,4217,14695,6366,11822,4587,13536,4062,13400,4813
ly6g5b,0,3,9,8,3,3,3,1,8,4,6,2
ly6g5c,0,0,0,0,0,0,0,0,0,0,0,0
ly6g6c,10,9,12,12,4,7,13,6,13,7,5,16
ly6g6d,2,3,4,1,6,2,0,2,11,2,17,2
ly6g6f,2,0,1,2,2,0,5,0,2,0,1,0
ly6h,6,9,30,11,8,10,20,14,36,15,17,9
ly6k,1,2,12,2,2,3,4,4,18,1,4,2
ly75,163,90,460,119,145,141,225,151,296,97,320,100
ly86,416,171,444,213,540,139,498,214,541,210,540,172
ly9,265,91,268,99,219,72,275,96,293,78,175,88
ly96,112,66,171,51,105,55,107,73,137,62,120,62
lyar,203,170,228,198,188,165,213,153,248,172,274,199
lyg1,0,0,0,0,0,0,7,0,0,0,0,0
lyg2,0,0,0,0,0,0,0,0,0,0,0,0
lyl1,32,14,39,48,46,12,30,27,52,23,34,12
lyn,1295,845,1208,938,1181,812,1369,821,1543,914,1377,887
lynx1,142,44,247,120,129,40,89,45,155,25,111,25
lypd1,11,2,27,13,13,15,8,5,12,8,28,10
lypd2,1,0,0,0,1,0,0,0,0,0,0,1
lypd3,0,0,0,0,1,0,7,0,0,0,0,0
lypd4,0,0,0,0,0,0,0,0,0,0,0,0
lypd5,2,1,6,2,1,1,8,4,5,4,2,4
lypd6,7,9,8,15,14,10,7,16,17,8,6,13
lypd6b,1,3,36,1,0,3,2,2,3,2,0,1
lypd8,2,0,4,0,0,0,1,14,6,0,0,0
lypla1,4382,3754,3700,4317,4879,3741,4298,2950,4754,3098,4783,3671
lypla2,498,390,439,434,439,487,372,387,428,378,387,424
lyplal1,529,280,279,285,543,307,398,269,507,267,424,284
lyrm1,127,117,207,147,114,116,158,127,245,170,125,166
lyrm2,259,215,236,246,255,181,193,155,239,214,321,232
lyrm4,142,158,163,137,184,166,141,167,158,168,139,156
lyrm7,44,47,51,40,46,36,45,37,36,48,49,42
lyrm9,161,200,179,187,180,180,162,172,255,201,123,181
lysmd1,261,235,242,219,216,221,213,217,227,210,133,256
lysmd2,62,9,110,21,32,4,106,5,60,10,121,12
lysmd3,831,1088,1232,1263,672,1049,747,728,939,850,1012,940
lysmd4,203,227,222,215,186,189,148,207,228,237,156,215
lyst,1012,1161,2492,1113,1215,1095,948,1340,1672,1511,1063,1614
lyve1,763,186,558,511,481,170,830,258,581,200,414,277
lyzl1,0,0,0,0,0,0,0,0,0,0,0,0
lyzl4,1,1,0,3,1,1,2,1,4,5,3,1
lyzl6,2,0,1,2,0,1,0,2,2,0,0,1
lzic,149,105,206,95,105,83,120,100,154,82,105,124
lztfl1,426,414,427,411,465,398,414,471,626,444,487,470
lztr1,1189,596,961,707,976,657,945,634,1241,635,765,634
lzts1,17,9,31,9,19,10,13,8,17,15,17,4
lzts2,218,85,249,186,224,155,202,120,275,125,344,115
lzts3,403,341,300,367,391,363,302,432,540,368,406,384
m1ap,5,0,3,6,7,1,5,2,6,2,7,3
m6pr,3280,2292,4361,2330,3055,2410,3362,2304,3683,2351,2385,2657
mab21l1,0,0,2,3,0,1,3,1,4,0,4,1
mab21l2,7,3,16,8,4,5,4,6,10,9,6,7
mab21l3,46,1,23,2,87,7,71,4,49,5,65,0
macc1,12,1,13,4,6,1,13,4,29,5,13,2
macf1,4764,4101,6377,5635,4409,4528,5739,4665,7343,4606,5795,5842
macrod1,149,290,92,230,196,277,156,184,161,204,79,210
macrod2,53,53,37,63,49,44,48,63,77,52,46,53
mad1l1,228,169,259,218,222,198,196,190,219,200,341,193
mad2l1,259,77,291,108,271,80,276,99,283,104,216,119
mad2l1bp,141,123,128,60,130,91,125,108,144,84,123,156
mad2l2,286,310,227,222,287,314,251,160,251,215,322,292
madcam1,0,0,9,0,4,0,3,0,6,0,10,1
madd,445,420,442,436,400,281,335,339,576,412,215,504
maea,1151,560,1184,675,1076,600,1048,539,1281,598,1290,736
mael,0,0,0,1,0,0,0,0,1,0,0,0
maf,1234,719,787,1320,1149,871,1154,783,1237,667,844,844
maf1,583,359,525,412,482,357,466,351,537,373,567,365
mafa,0,1,1,0,1,0,1,0,0,1,0,1
mafb,530,404,615,1012,502,393,846,585,726,537,386,397
maff,420,57,993,83,249,50,298,38,254,84,614,44
mafg,952,867,1415,917,1159,624,1218,815,1752,1082,1004,866
mafk,643,224,861,296,421,228,499,284,577,336,546,271
mag,15,16,29,17,21,16,19,12,23,15,22,16
magea1,0,0,0,0,0,0,0,0,0,0,0,0
magea10,0,0,0,0,0,0,0,0,0,0,0,0
magea2,0,0,0,0,0,0,0,0,0,0,0,0
magea3,0,0,0,0,0,0,0,0,1,0,0,0
magea4,0,0,0,0,0,0,0,0,0,0,0,0
magea6,0,0,0,0,0,0,0,0,0,0,0,0
magea8,0,0,0,0,0,0,0,0,0,0,0,0
mageb1,0,0,0,0,0,0,0,0,0,0,0,0
mageb16,0,0,2,0,0,0,0,0,0,0,0,0
mageb18,0,1,1,0,0,0,0,0,0,0,1,0
mageb2,0,0,0,0,0,0,0,0,0,0,0,0
mageb3,1,0,1,1,0,0,1,0,0,0,1,0
mageb4,0,0,0,0,0,0,0,0,0,0,0,0
mageb5,0,0,0,0,0,0,0,0,0,0,0,0
maged1,3362,2050,3183,2366,2859,2213,2765,2199,3521,2492,1904,2323
maged2,658,143,564,184,543,140,484,139,630,198,519,170
magee1,82,37,65,81,71,57,41,42,84,51,34,57
magee2,0,0,0,0,0,0,1,1,3,0,0,0
mageh1,160,75,172,73,93,63,84,57,142,66,84,52
magel2,1,0,1,1,0,0,0,0,1,0,0,0
magi1,635,529,718,597,575,588,600,590,718,519,482,665
magi2,27,5,16,19,10,7,10,5,27,13,9,7
magi3,1334,827,1685,1218,1196,979,1033,1051,1396,1015,991,1008
magix,149,307,65,232,196,307,154,206,260,221,79,233
magoh,453,522,483,549,479,466,384,343,551,493,583,450
magohb,51,46,86,46,48,32,41,42,83,47,73,60
magt1,2254,3222,2179,3201,2331,1917,1962,2418,3072,3179,1940,3258
mak,6,1,3,1,2,5,2,3,4,2,4,1
mak16,479,263,533,293,377,379,451,353,635,263,526,388
mal,48,17,95,18,85,11,50,24,80,14,131,12
mal2,1339,1554,1440,1900,1642,1406,1360,1168,2043,1562,1937,1989
mall,2,0,12,6,4,3,2,2,3,0,7,1
malsu1,390,375,303,363,420,385,373,365,442,381,405,331
malt1,324,238,460,229,291,257,306,257,415,250,383,240
mamdc2,73,82,62,101,107,78,84,57,110,56,31,71
mamdc4,42,48,78,33,46,36,57,52,90,33,48,50
maml1,261,204,325,272,246,252,268,226,288,188,239,229
maml2,76,46,93,103,80,51,84,47,91,41,132,61
maml3,112,77,133,87,72,74,68,94,119,70,91,89
mamld1,22,12,21,23,20,11,36,9,23,9,43,11
mamstr,8,2,10,10,3,1,7,2,6,3,5,1
man1a2,1276,912,1249,1153,1402,1079,1460,1076,1674,959,2057,1173
man1b1,1210,697,1648,853,980,707,1098,791,1533,769,1326,840
man1c1,214,60,199,166,128,85,218,66,176,70,168,87
man2a1,7405,5243,6941,6363,7220,5841,8279,6480,8335,4933,9361,5769
man2a2,754,560,1344,766,634,736,840,661,845,621,712,745
man2b1,4217,1936,3975,2461,3126,2114,3629,2012,3505,1977,3509,2519
man2b2,1374,582,1284,811,1084,777,1260,708,1190,596,1578,638
man2c1,603,438,560,473,479,490,602,462,665,446,475,510
manba,581,501,773,514,599,468,556,578,816,468,555,534
manbal,177,102,218,102,137,90,120,96,195,109,183,94
manea,617,515,559,642,581,592,544,639,765,500,722,528
maneal,5,8,2,4,2,2,4,6,6,3,5,8
manf,1665,3665,3116,4498,1054,1477,1913,1498,1779,3119,2035,2618
mansc1,47,22,39,31,52,25,53,23,52,9,33,37
mansc4,8,14,3,9,13,5,7,5,14,7,4,13
maoa,819,399,1170,352,1331,227,649,256,1172,276,1055,264
maob,3756,2915,1905,2571,3351,2640,3150,2272,4528,2653,2199,3630
map10,16,15,53,21,16,13,9,16,10,27,7,27
map1a,40,15,39,70,19,12,25,19,36,17,9,15
map1b,83,27,235,152,66,17,83,44,109,31,64,64
map1lc3a,704,450,600,500,604,440,561,404,734,372,611,368
map1lc3b,3801,1897,2937,2261,2807,2277,2836,2539,3388,2021,3020,2008
map1s,152,45,138,74,108,67,99,58,132,59,95,74
map2,49,30,40,46,41,24,45,53,68,32,102,63
map2k1,1087,963,1345,1049,974,1011,1151,1008,1318,978,1112,995
map2k2,1405,1075,1519,1327,1501,1084,1578,1194,1402,1160,1153,1197
map2k3,850,648,755,747,743,619,662,816,878,678,523,702
map2k4,870,772,1023,791,902,796,1060,886,1201,797,1009,799
map2k5,228,246,247,249,245,229,199,264,249,230,181,280
map2k6,117,71,88,86,119,58,98,105,147,117,173,81
map2k7,543,395,650,406,469,421,483,438,532,349,472,474
map3k1,857,612,1381,791,765,568,720,518,1094,608,1409,528
map3k10,214,179,258,183,183,147,222,165,202,157,129,148
map3k11,636,445,689,469,556,497,618,449,621,407,587,505
map3k12,69,22,94,60,44,40,79,52,117,56,105,60
map3k13,381,205,311,285,405,223,348,123,544,250,403,193
map3k15,25,25,19,26,13,14,15,17,22,20,13,16
map3k19,1,1,1,1,0,1,1,1,4,2,2,0
map3k2,1044,1133,1405,1292,1076,1277,1146,1239,1706,1127,1326,1303
map3k3,526,329,660,490,505,393,667,390,607,351,531,445
map3k4,626,475,565,486,648,475,604,496,698,446,1028,517
map3k5,717,528,1052,616,547,591,827,653,775,645,743,800
map3k6,217,17,345,43,85,25,211,40,106,22,419,26
map3k7,893,989,1027,1108,834,1004,948,987,1161,926,1099,1088
map3k7cl,3,2,2,3,1,0,7,0,2,0,1,2
map3k8,200,93,187,142,149,112,198,104,204,130,248,113
map3k9,21,9,21,17,12,5,11,14,23,13,14,13
map4,1168,577,1444,879,835,627,1004,581,1092,600,1181,670
map4k1,38,10,35,31,36,19,32,11,46,7,44,16
map4k2,262,187,320,258,264,150,229,187,310,203,239,203
map4k3,960,640,1174,806,895,620,1144,640,1137,703,1455,745
map4k4,1180,293,1850,459,990,277,1112,257,1181,291,1414,365
map4k5,631,588,993,613,536,698,617,816,818,572,661,712
map6,28,10,35,22,20,10,16,24,36,22,23,20
map6d1,2,2,2,4,2,2,2,3,6,2,6,6
map7,444,420,856,390,502,401,534,407,549,346,497,548
map7d1,747,355,627,550,537,317,506,372,510,315,430,392
map7d2,107,329,138,68,131,143,36,30,11,19,6,3
map9,28,18,23,31,30,17,34,19,38,15,15,15
mapk1,1900,1834,1956,2056,1920,1929,1980,1796,2423,1777,1650,1965
mapk10,0,0,7,6,3,2,3,2,4,4,2,1
mapk11,49,16,76,20,39,18,33,19,53,8,59,27
mapk12,78,64,70,80,63,46,75,35,73,27,68,47
mapk13,12,3,25,16,16,5,20,12,28,7,33,8
mapk14,1803,1148,1746,1403,1744,1131,1857,1467,1999,1358,2001,1362
mapk15,31,156,78,87,37,115,36,61,42,100,25,95
mapk1ip1l,1319,1145,1592,1399,1007,1248,1067,1215,1274,1126,903,1323
mapk3,557,205,859,325,531,230,466,231,539,198,650,232
mapk4,11,14,2,16,15,10,10,14,14,5,4,18
mapk6,648,626,919,644,495,621,581,814,886,652,659,614
mapk7,79,23,138,38,99,23,87,23,99,34,78,27
mapk8,617,555,610,553,582,577,610,652,948,572,599,602
mapk8ip1,69,24,71,61,57,27,71,39,95,31,66,25
mapk8ip2,0,0,3,3,0,0,0,2,1,0,0,2
mapk8ip3,496,279,720,341,367,288,472,313,691,254,787,335
mapk9,1437,1024,1567,1006,1539,1046,1524,915,1799,955,1456,1190
mapkap1,949,740,1197,857,785,860,896,974,1114,910,946,832
mapkapk2,1902,1071,2310,1427,1732,1176,1981,1029,1905,1041,1681,1157
mapkapk3,192,115,217,217,155,101,173,138,272,110,168,113
mapkapk5,549,449,576,448,661,410,555,459,696,461,825,484
mapkbp1,164,76,189,121,113,97,127,100,187,107,153,132
mapre1,901,688,1290,812,821,596,917,648,1175,568,1218,718
mapre2,367,178,314,244,284,192,334,186,391,155,329,189
mapre3,242,137,254,154,241,142,254,144,271,114,257,159
mapt,198,61,86,74,295,64,224,48,389,60,428,81
marcks,1249,726,1174,958,1190,620,1124,565,1454,581,1311,619
marcksl1,368,170,353,314,362,204,411,187,499,203,336,221
marco,217,589,85,1077,285,671,1387,574,489,273,79,227
marf1,1385,1509,1424,1809,1240,1332,1390,1616,1930,1522,967,1748
mark1,55,22,65,60,49,31,62,18,77,17,39,24
mark2,297,134,395,229,274,175,284,180,300,182,355,163
mark3,809,775,845,896,791,837,779,790,895,802,801,833
mark4,199,97,271,147,141,107,198,118,173,108,118,128
mars2,157,86,214,149,138,108,168,110,192,105,154,108
marveld1,624,239,650,383,472,232,372,364,571,285,427,309
marveld2,302,189,439,152,237,216,228,247,385,242,343,134
marveld3,32,37,37,29,18,32,19,25,35,31,14,26
mas1,19,1,20,1,50,1,21,0,44,1,8,1
masp1,1313,1356,1021,1446,1170,1411,1219,1612,1574,1378,1081,1478
masp2,2569,3783,2433,3358,2790,4338,2399,4025,3570,3940,2718,4067
mast1,21,14,47,38,23,22,41,31,53,19,41,27
mast2,477,182,609,311,339,199,400,263,507,210,528,232
mast3,231,149,288,230,329,239,303,227,411,211,262,267
mast4,183,122,400,292,152,117,188,128,207,141,227,181
mastl,79,27,172,53,117,33,143,61,162,56,129,50
mat1a,46123,63589,30459,61288,53863,53990,68421,48125,56705,40408,20770,42461
mat2a,1971,1245,2529,1657,1852,1529,1967,1397,2145,1242,1851,1249
mat2b,1037,772,866,792,988,854,954,892,1377,817,1065,691
matk,49,15,70,16,39,14,31,12,58,22,52,19
matn1,0,0,0,0,0,0,0,0,0,0,0,0
matn2,172,52,314,153,207,56,144,53,220,69,1078,56
matn3,0,0,0,3,0,0,0,0,1,0,1,0
matn4,14,2,4,46,5,4,6,8,9,8,4,12
matr3,2745,2791,2884,3124,2632,2562,2682,2337,3682,2660,3796,2547
mau2,896,590,916,659,741,541,733,621,920,658,834,719
mavs,1370,1174,1595,1401,1123,1271,1080,1265,1612,1348,897,1535
max,323,213,556,276,297,213,327,225,379,174,326,258
maz,718,457,821,548,519,364,606,435,630,382,455,438
mb,116,508,315,485,0,17,852,65,8,0,3,0
mb21d2,487,470,395,406,389,490,336,433,517,369,256,451
mbd1,657,404,734,547,818,481,914,452,1091,506,994,624
mbd2,912,670,975,685,745,680,831,647,966,639,885,755
mbd3,407,256,428,381,328,305,396,314,339,241,389,293
mbd3l1,0,0,0,0,0,0,0,0,0,0,0,0
mbd3l2,0,0,0,0,0,0,0,0,0,0,0,0
mbd4,80,50,100,44,89,34,85,44,121,53,45,49
mbd5,213,202,422,266,230,233,243,269,299,229,323,282
mbd6,66,36,118,61,45,44,70,54,72,60,60,61
mbip,143,110,281,92,125,62,85,91,137,98,114,86
mbl2,5786,5498,4643,5333,6100,4970,6212,6621,7111,5435,5280,6365
mblac1,30,18,23,16,31,22,18,22,23,19,41,20
mblac2,173,253,228,310,186,195,162,162,221,181,100,289
mbnl1,3379,3603,3493,4577,3456,3684,3571,3206,4610,3513,3427,3925
mbnl2,1653,1306,1990,1880,1326,1214,1859,1204,1973,1164,1869,1332
mbnl3,91,69,224,66,87,48,117,81,185,54,120,84
mboat1,33,21,48,20,37,14,48,22,50,12,35,27
mboat2,9,3,16,6,8,0,9,5,11,3,8,5
mboat4,4,1,8,7,5,1,3,6,11,4,3,3
mboat7,480,333,598,364,366,316,452,303,427,302,298,394
mbp,137,40,112,150,102,43,106,55,183,57,118,71
mbtd1,418,422,453,413,368,433,465,444,658,380,483,481
mbtps1,1462,957,1320,1124,1135,1053,1047,1077,1433,990,1274,1181
mbtps2,332,228,340,287,295,198,315,275,475,238,334,228
mc1r,14,9,12,12,3,10,3,10,9,11,10,7
mc2r,1,0,0,0,0,0,0,0,0,0,0,3
mc3r,5,1,11,1,4,4,3,7,16,7,5,7
mc4r,0,0,0,0,0,0,0,0,0,0,0,0
mc5r,0,0,0,0,0,0,0,0,0,0,0,0
mcam,400,120,685,127,268,87,348,93,434,103,606,134
mcat,545,487,445,428,558,437,478,406,602,445,451,427
mcc,500,876,690,939,608,818,566,596,788,784,685,1019
mccc1,743,789,528,806,845,796,753,703,1068,766,538,835
mccc2,901,1319,780,1093,929,1312,800,1089,1150,1265,634,1231
mcee,736,901,549,881,863,834,767,675,918,853,525,873
mcemp1,19,13,21,18,9,3,18,11,37,20,7,12
mcf2,5,0,2,4,0,2,0,5,1,3,1,4
mcf2l,63,28,197,57,58,16,68,57,87,27,265,39
mcfd2,6838,4660,6725,5403,6021,4781,6272,4314,6984,4628,8458,4656
mchr1,3,2,12,0,2,1,0,2,5,0,4,0
mcidas,2,2,5,6,2,2,1,3,8,3,1,5
mcl1,3646,2186,3708,2640,3069,2484,3372,2871,4566,2402,2814,2561
mcm10,469,1545,388,965,599,1233,386,2001,1169,1398,170,3195
mcm2,261,62,467,92,267,86,279,78,236,97,283,106
mcm3,261,102,504,114,272,106,236,102,336,123,307,127
mcm3ap,461,392,594,490,558,385,471,448,630,403,519,459
mcm4,230,120,374,133,224,136,240,126,365,127,201,150
mcm5,197,57,289,83,192,64,216,71,224,79,184,90
mcm6,518,100,1061,148,710,103,613,153,682,144,1185,156
mcm7,426,284,550,241,510,289,487,278,578,319,663,306
mcm8,58,64,68,55,81,58,50,37,64,47,64,54
mcm9,94,81,98,103,103,115,120,97,158,92,104,96
mcmbp,695,554,857,694,637,665,633,581,836,537,546,716
mcmdc2,88,40,116,70,53,39,57,54,116,57,109,72
mcoln1,499,370,518,438,456,386,433,451,579,431,549,458
mcoln2,29,7,34,20,23,18,25,12,35,17,15,16
mcoln3,0,1,1,2,2,1,1,0,1,3,1,3
mcph1,181,120,227,106,172,91,190,127,188,113,170,131
mcrs1,317,165,227,214,268,152,260,161,319,176,301,164
mctp1,56,12,67,66,25,14,41,22,63,27,81,20
mctp2,430,585,610,656,392,624,382,707,672,627,375,667
mcts1,524,549,399,581,464,521,410,464,643,580,324,576
mcts2,129,157,187,111,88,98,102,134,153,150,255,110
mcu,314,383,368,328,292,341,351,269,317,319,279,379
mcur1,696,545,591,681,647,560,601,590,678,539,498,566
mdc1,209,172,224,274,218,172,249,167,276,175,223,203
mdfi,25,14,23,25,23,6,17,15,38,15,32,13
mdfic,829,482,947,610,788,496,859,382,848,502,710,580
mdga1,4,7,12,11,11,2,9,10,22,7,11,10
mdga2,37,23,137,42,32,22,34,41,75,37,34,38
mdh1,11911,18680,7861,16711,17691,17779,14405,15296,21187,19380,13082,19703
mdh1b,13,0,6,0,15,1,2,0,21,0,92,0
mdh2,3176,1812,2583,2257,3449,2089,3225,1896,3728,1874,3768,2139
mdk,34,4,25,27,21,5,25,2,42,10,15,12
mdm2,680,474,1766,585,713,579,848,663,941,586,607,595
mdm4,976,784,1699,880,1044,792,1243,993,1786,822,1411,962
mdn1,634,572,1138,814,628,636,772,648,1089,755,918,930
mdp1,362,333,359,265,315,306,297,335,378,326,261,280
me1,2349,1269,2437,830,2809,1044,2184,730,2762,634,1943,1807
me2,259,116,168,200,203,121,243,180,272,144,128,155
me3,375,275,376,251,352,278,372,373,433,296,269,449
mea1,955,664,898,639,1003,655,1016,496,1037,635,1213,630
meaf6,145,125,147,145,123,115,119,125,154,109,145,107
mecom,128,69,241,82,116,31,87,54,131,44,149,65
mecp2,404,301,448,446,359,305,405,391,515,322,402,320
mecr,457,402,371,405,568,427,424,445,505,414,532,454
med1,574,610,793,704,639,626,791,730,957,684,720,722
med10,223,162,288,173,204,180,173,200,264,142,138,156
med11,242,181,181,167,237,110,197,131,286,140,252,140
med12,555,334,580,404,503,362,496,386,683,346,451,416
med12l,57,47,72,89,70,58,166,59,59,71,44,85
med13,1254,1174,1774,1431,1347,1440,1576,1436,1861,1155,1749,1599
med13l,435,314,507,490,337,330,425,341,500,342,415,421
med14,458,355,593,502,450,396,413,421,621,346,475,431
med15,421,202,376,266,306,217,353,233,361,200,262,242
med16,266,210,292,228,242,257,262,243,251,192,238,208
med17,306,304,428,327,284,389,324,350,441,277,387,303
med18,84,65,128,53,94,63,80,60,95,61,83,48
med19,286,243,364,279,315,225,288,219,312,227,281,275
med20,404,362,604,268,451,367,467,421,674,335,525,430
med21,602,421,548,497,588,407,533,328,660,463,520,401
med22,748,368,1006,541,654,455,614,494,902,432,633,452
med23,349,356,472,363,403,315,457,341,654,381,505,438
med24,340,277,428,299,354,284,404,206,368,281,443,307
med25,383,246,465,322,292,281,331,275,276,243,213,297
med26,71,70,103,79,65,61,79,70,90,67,73,75
med27,119,89,173,117,86,90,91,87,130,144,88,97
med28,512,483,611,532,675,486,597,421,778,499,671,468
med29,245,251,382,273,245,258,253,195,298,252,221,241
med30,167,141,208,113,186,149,162,129,219,132,247,95
med31,112,94,98,108,90,89,87,71,113,81,160,104
med4,197,180,209,170,191,179,191,192,306,172,176,195
med6,251,292,273,264,283,274,192,213,300,270,226,225
med7,284,282,312,297,296,283,275,255,371,253,347,276
med8,554,698,622,715,557,663,502,577,639,667,594,684
med9,172,109,180,134,204,113,154,117,184,102,150,124
medag,67,39,136,220,48,35,72,46,79,81,52,89
mef2a,1221,896,1624,1300,1150,932,1376,888,1598,899,1194,1097
mef2c,285,156,295,307,211,124,277,118,374,117,336,138
mef2d,370,199,387,320,319,235,383,222,318,176,238,227
mefv,63,32,54,41,43,26,128,41,85,19,62,25
megf10,0,0,1,0,1,1,1,0,0,0,0,0
megf11,34,32,96,34,38,27,34,21,65,31,43,52
megf6,108,22,71,141,70,17,74,16,117,39,36,48
megf8,474,179,620,319,230,189,408,217,351,206,285,266
megf9,1023,574,1451,797,969,703,1324,635,1090,624,2036,967
mei1,0,0,0,0,0,0,0,0,0,0,0,0
mei4,5,7,7,9,5,7,8,9,7,6,7,7
meig1,20,5,32,3,13,0,9,2,13,0,57,3
meioc,1,1,5,4,1,4,0,5,11,1,5,5
meis1,99,84,128,214,114,74,109,110,179,95,94,103
meis2,204,142,273,222,172,149,142,158,205,162,172,178
meis3,38,10,73,44,49,27,59,21,62,17,29,19
melk,27,6,42,5,39,2,38,6,37,5,44,8
memo1,689,645,590,714,704,603,695,531,816,679,916,605
men1,303,288,345,312,308,274,293,243,311,247,253,277
meox1,50,5,80,22,37,10,21,7,40,6,69,9
meox2,4,2,5,9,3,1,5,1,6,3,3,1
mep1a,13,0,246,11,4,0,12,0,1,0,9,0
mep1b,117,7,325,12,33,7,76,11,12,13,17,8
mepce,349,246,352,310,315,323,332,269,492,255,378,279
mepe,0,0,0,0,0,0,0,0,0,0,0,0
mertk,874,504,954,594,759,492,1076,529,774,420,667,559
mesp1,0,0,0,1,1,0,1,0,2,0,1,0
mesp2,10,8,14,12,11,5,14,10,22,19,17,17
mest,131,55,187,61,115,44,135,69,167,48,135,60
met,1831,2684,1691,2410,2054,2123,2806,2612,3119,2530,1872,2460
metap1,835,786,1189,809,858,765,854,781,1033,831,715,834
metap1d,612,651,1155,571,646,662,790,691,865,689,740,647
metap2,1746,1629,2793,1542,1812,1469,2041,1432,2268,1551,1940,1538
metrn,144,91,99,87,123,80,181,75,185,87,311,72
metrnl,158,71,134,148,111,58,179,96,172,129,83,99
mettl1,171,201,216,293,145,187,145,179,167,213,151,182
mettl13,258,146,365,197,245,154,206,231,286,162,253,180
mettl14,144,124,188,159,147,157,125,119,206,150,121,151
mettl15,109,69,78,70,117,86,93,64,173,57,86,79
mettl16,447,372,523,421,471,325,546,329,654,412,488,384
mettl17,186,202,248,208,198,162,176,221,309,244,190,215
mettl18,120,83,135,54,114,69,114,81,146,78,167,71
mettl21a,360,184,769,198,299,164,268,177,359,193,278,182
mettl21c,6,6,16,3,7,6,15,6,11,11,12,14
mettl22,125,139,123,144,159,146,124,142,179,153,142,161
mettl23,388,544,375,555,618,547,510,449,591,488,719,498
mettl24,7,1,7,8,3,0,2,5,11,3,10,2
mettl25,59,66,68,60,71,62,61,55,85,57,103,54
mettl3,244,197,292,237,222,188,223,213,363,253,211,214
mettl4,231,275,221,275,331,275,283,244,416,262,338,297
mettl5,243,252,223,229,256,275,200,202,331,229,414,249
mettl6,262,257,364,199,267,264,299,273,389,211,271,240
mettl8,213,249,170,229,230,241,215,241,324,223,210,232
mettl9,926,806,1211,978,856,820,854,750,940,793,701,864
mex3a,17,4,31,8,11,4,13,4,28,0,21,9
mex3b,28,8,26,10,16,5,15,10,25,10,12,6
mex3c,604,446,870,503,545,432,705,487,738,379,821,460
mex3d,57,28,84,50,42,35,54,32,57,18,43,18
mfap2,11,3,8,11,9,3,11,3,19,2,13,6
mfap3,441,307,517,353,441,304,516,375,692,305,489,334
mfap3l,23,10,58,30,19,11,50,29,22,17,13,13
mfap4,113,23,78,86,131,14,75,12,124,31,41,24
mfap5,27,10,10,76,8,9,11,12,17,24,4,41
mff,1174,883,1363,843,1412,769,1315,843,1599,779,1752,815
mfge8,2360,181,4367,282,1853,213,2079,162,2173,182,3796,215
mfhas1,371,391,319,547,286,353,264,539,449,432,289,576
mfn1,1024,881,1142,1021,1095,1025,1025,1216,1173,942,840,1021
mfn2,1572,1434,1486,1742,1672,1641,1351,1621,1911,1475,1195,1774
mfng,77,30,91,35,65,38,62,38,75,31,103,33
mfrp,1,1,6,4,2,4,5,1,5,2,8,0
mfsd1,1933,1679,1907,1712,1883,1626,1861,1901,2464,1810,1918,1754
mfsd11,310,213,331,243,273,207,289,206,373,220,322,223
mfsd12,371,157,422,220,341,164,268,178,306,194,277,187
mfsd2a,256,193,469,169,796,93,937,42,1098,59,334,194
mfsd2b,10,6,14,25,12,11,12,10,16,12,12,8
mfsd6,525,247,1122,338,488,251,560,393,666,366,732,271
mfsd6l,1,0,3,1,2,1,2,0,6,2,2,1
mfsd8,237,313,384,331,269,304,285,288,352,334,225,355
mga,936,973,1519,1254,864,1100,1024,1277,1633,1180,1522,1208
mgam,4031,4099,2944,3800,4349,4837,3578,4848,5413,4272,2882,4992
mgarp,3,2,22,2,2,0,0,0,7,0,8,11
mgat1,1556,1111,1465,1305,1480,1063,1483,1061,1526,1202,1497,1127
mgat2,1375,1519,1378,1994,1322,1315,1145,1065,1366,1142,1167,1389
mgat3,89,2,134,68,33,13,45,18,60,13,11,21
mgat4a,198,87,212,178,181,89,186,151,257,123,242,121
mgat4b,615,209,483,295,497,273,492,260,429,182,469,269
mgat4c,16,12,33,18,15,17,12,24,30,17,21,17
mgat4d,0,0,0,0,0,0,0,0,0,0,0,0
mgat5,616,364,1226,437,617,416,909,434,956,358,1513,463
mgat5b,0,0,0,0,0,0,0,0,0,0,0,0
mgll,1453,1494,920,2042,1278,1391,1070,1499,1361,1475,757,1315
mgme1,157,151,163,175,141,157,127,132,201,165,164,178
mgmt,480,392,354,313,417,340,436,284,376,324,219,327
mgp,360,138,243,924,141,86,360,99,279,116,117,102
mgrn1,1288,700,1070,826,979,815,952,839,1241,774,711,900
mgst1,57114,89368,41270,83564,70614,82851,58522,72855,78524,80620,31761,79479
mgst2,20,6,55,14,24,8,30,15,41,12,32,13
mgst3,1358,292,1738,263,1229,183,1545,130,1901,185,3229,266
mia,10,8,3,10,10,5,4,3,19,1,13,2
mia2,1214,1617,1338,1366,1146,1565,1070,1646,1847,1497,1121,1700
mia3,3652,2574,6325,3066,3154,2429,3280,3039,4502,2760,5094,3125
mib1,2821,2097,3177,2866,2406,2447,2761,2715,3061,2182,2983,2870
mib2,518,358,601,380,527,324,453,300,514,326,503,328
mical1,117,37,132,84,98,34,119,37,135,45,110,36
mical2,317,408,902,482,372,325,313,297,382,373,335,476
mical3,364,228,495,401,292,301,353,397,440,345,231,309
micall1,314,154,531,214,281,140,301,268,416,201,392,172
micall2,89,33,183,37,87,30,52,27,102,17,143,32
micu1,685,509,631,506,736,539,761,494,739,518,679,592
micu2,1681,679,1074,657,1467,799,1564,841,2275,731,1364,839
micu3,85,81,78,78,74,80,89,75,110,71,128,68
mid1,189,110,272,213,140,123,143,86,158,93,107,124
mid1ip1,898,684,758,1014,918,833,400,722,937,817,213,743
mid2,293,221,330,261,389,225,317,200,464,184,419,201
midn,563,433,873,468,390,440,505,389,562,399,447,332
mief1,666,561,917,676,641,645,595,691,745,541,703,766
mief2,370,381,209,436,399,314,319,291,397,383,294,351
mien1,947,681,798,777,998,698,867,619,1045,713,783,710
mier1,1117,1139,1087,1318,1131,1282,1176,1076,1578,1116,1446,1173
mier2,160,103,289,136,193,133,223,140,200,139,178,137
mier3,377,485,650,449,438,452,428,477,710,413,454,567
mif,2208,1422,3193,1425,2722,1512,2683,1247,2441,1411,2350,1626
mif4gd,584,806,473,758,811,780,612,582,652,634,718,674
miip,283,201,278,177,281,217,249,268,338,253,238,193
milr1,59,22,83,40,70,24,58,41,63,29,64,27
mink1,868,522,842,716,754,613,829,560,811,558,605,629
minpp1,847,473,994,554,745,639,679,650,783,539,782,577
mios,400,369,276,386,358,368,354,362,446,340,359,299
miox,92,1,670,6,5,5,279,2,2,4,2,0
mip,1,0,1,0,0,0,0,0,0,1,2,0
mipep,701,601,498,563,677,674,636,540,752,556,313,624
mipol1,80,114,73,110,76,102,81,109,117,105,62,83
mis12,444,414,629,451,500,449,618,436,628,384,491,477
mis18a,103,72,142,51,103,43,122,50,132,59,113,51
mis18bp1,46,14,71,19,62,9,75,21,104,15,60,16
misp,94,5,38,9,156,4,89,13,114,12,147,6
mitd1,239,220,406,205,248,210,238,194,369,201,295,236
mitf,182,166,188,235,132,100,162,118,174,156,138,141
mixl1,0,0,1,0,0,0,0,1,1,0,0,0
mki67,492,101,1062,103,642,75,970,142,847,145,733,192
mkks,634,703,779,729,710,686,623,602,878,737,749,765
mkln1,1955,1937,1944,1948,1947,1869,2196,1850,2867,1947,1911,2035
mknk1,328,221,405,261,272,212,263,298,300,243,261,265
mknk2,2434,992,2415,1269,2156,1381,2549,1239,2706,1339,1523,1308
mkrn1,762,509,748,613,706,526,759,528,697,480,610,539
mkrn2,478,438,482,423,486,390,437,425,609,403,393,447
mkrn2os,676,417,434,338,769,425,723,354,767,423,661,376
mkrn3,11,9,9,12,9,7,7,3,7,13,4,6
mks1,39,26,54,32,32,23,36,41,39,48,36,30
mkx,11,41,18,24,29,15,15,35,41,20,67,53
mlana,1,0,0,2,0,0,0,0,0,0,0,0
mlc1,2,0,0,0,5,0,0,0,0,0,0,0
mlec,4125,2651,3923,3755,3724,1805,3207,2460,4227,2999,3514,3116
mlf1,10,33,10,24,1,3,12,7,2,5,9,4
mlf2,2251,1625,1854,1711,1898,1689,1830,1418,1760,1446,1121,1584
mlh1,253,336,407,335,273,342,293,303,434,371,380,340
mlh3,347,373,316,468,290,333,231,334,421,434,297,376
mlip,10,7,13,9,2,2,9,5,11,4,6,7
mlkl,564,118,591,132,424,111,446,144,686,77,702,104
mllt1,343,170,377,279,306,193,312,233,314,198,318,248
mllt10,454,501,587,509,448,564,537,577,722,545,515,564
mllt11,80,20,104,41,72,17,63,24,90,36,52,29
mllt3,279,118,286,128,178,61,173,85,264,80,405,103
mllt6,658,331,598,494,511,395,621,455,617,323,531,393
mlph,51,30,127,49,57,22,54,37,94,29,133,49
mlst8,182,103,163,130,175,120,195,144,237,116,283,148
mlx,820,772,947,816,965,705,860,733,1036,736,859,770
mlxip,149,95,219,183,166,112,310,155,198,120,226,158
mlxipl,1191,1464,2325,1374,1257,1552,1157,1477,1988,1852,1642,1847
mlycd,1525,1407,825,1476,1336,1425,935,1283,1170,1348,713,1116
mmaa,330,473,189,441,318,384,255,315,387,469,269,460
mmab,458,547,427,450,561,527,384,501,584,521,441,552
mmachc,609,485,1287,496,579,477,601,572,911,609,632,653
mmadhc,1270,819,1410,841,909,738,962,734,1306,732,1081,850
mmd,1835,1984,1359,2122,1726,1787,1570,1653,2170,1572,1700,1585
mmd2,385,331,218,297,569,524,341,256,481,332,1022,381
mme,896,1005,528,634,1607,488,887,287,1803,523,1457,842
mmel1,4,4,4,8,5,1,4,2,8,5,3,4
mmgt1,706,775,772,787,790,612,709,630,974,628,830,767
mmp10,1,0,9,1,0,0,3,0,0,0,0,2
mmp11,22,13,30,38,19,8,23,12,34,8,35,12
mmp12,1070,201,1127,373,434,136,826,310,724,513,473,300
mmp13,109,14,340,13,94,12,38,5,108,7,113,8
mmp14,1039,375,1589,606,722,410,972,438,947,314,865,490
mmp15,1291,326,455,390,846,327,461,391,945,446,1056,418
mmp16,11,14,20,22,9,5,12,8,22,6,16,8
mmp17,24,12,21,19,12,12,18,12,30,14,26,30
mmp19,1310,1592,1607,1682,1543,1282,1379,1593,1851,1890,1184,1624
mmp2,335,71,334,343,432,100,347,71,429,98,337,166
mmp20,2,0,0,1,0,0,0,0,1,0,1,1
mmp21,2,1,8,4,1,1,3,5,8,6,3,6
mmp24,36,3,82,3,15,3,5,1,24,2,13,2
mmp25,7,8,5,12,7,6,12,9,18,13,11,20
mmp27,135,40,139,58,129,38,138,50,179,41,520,27
mmp28,23,2,25,20,33,7,15,4,13,3,15,12
mmp3,36,36,22,94,13,11,33,14,32,26,4,17
mmp7,266,2,258,2,294,2,252,21,378,5,285,2
mmp8,17,16,38,7,15,9,18,15,19,14,38,3
mmp9,64,43,76,96,31,15,42,43,74,30,29,23
mmrn1,213,150,85,482,175,55,241,71,180,90,58,36
mmrn2,648,257,583,320,465,237,412,279,506,247,577,274
mms19,481,436,612,390,433,438,473,574,662,475,447,543
mms22l,82,29,115,26,72,36,74,57,95,44,66,46
mn1,244,265,264,393,205,323,119,346,170,330,161,271
mnat1,169,187,150,194,180,191,134,156,245,182,154,184
mnd1,69,107,67,111,90,104,86,80,88,88,73,86
mnda,309,144,296,188,381,73,388,143,435,144,283,133
mns1,22,3,46,16,23,6,27,16,51,10,48,3
mnt,159,51,148,110,73,60,97,46,92,102,86,52
mnx1,0,0,0,0,0,0,0,0,0,0,0,0
moap1,27,39,25,37,42,33,22,22,31,28,32,18
mob1a,1982,1755,2128,1772,1972,1575,2049,1559,2652,1597,1844,1868
mob1b,1089,1041,1050,1326,1365,1104,1097,1139,1465,885,1868,1066
mob2,302,296,365,323,311,355,390,339,428,358,297,347
mob3a,266,115,423,173,200,89,245,96,306,135,240,137
mob3b,654,441,510,459,448,477,463,502,568,444,483,475
mob3c,237,207,359,182,190,137,222,170,314,184,191,222
mob4,1022,815,1151,978,982,881,947,755,1135,803,1250,898
mobp,7,4,17,2,1,3,4,2,8,1,4,6
mocos,1515,1551,1653,1354,1830,1626,1839,1253,2299,1526,1470,1607
mocs1,1560,1368,1489,1353,1505,1302,1394,1248,1459,1365,1387,1514
mocs2,1857,2457,2192,2197,2336,2374,2019,2188,2311,2439,1447,2542
mocs3,173,113,192,116,101,127,117,112,131,113,106,96
mog,1,0,4,1,0,0,0,0,2,0,0,0
mogat1,79,1,8,2,17,5,12,4,10,9,5,6
mogat2,242,3,586,2,200,4,118,9,283,6,238,1
mogs,877,1005,1368,1140,795,779,984,784,921,1086,609,1103
mok,15,3,17,3,13,7,15,8,20,7,10,6
mon1a,192,185,238,250,194,213,181,253,209,206,154,217
mon1b,223,184,251,227,226,203,188,178,216,211,242,209
mon2,1440,1406,1746,1600,1302,1380,1442,1479,1532,1291,1218,1548
morc1,0,0,15,0,3,0,1,1,0,0,4,0
morc3,876,533,1072,622,935,554,915,575,1413,537,1160,583
morc4,396,29,382,44,319,33,255,44,244,44,216,57
morf4l1,3034,3153,2883,3243,2398,3064,2768,2739,3743,2956,2374,2860
morf4l2,3500,2991,3506,3311,3203,2285,3138,2136,4095,3473,2769,2848
morn1,40,35,35,32,37,34,37,47,57,57,55,35
morn2,113,71,92,73,153,69,125,79,130,49,149,58
morn3,4,1,0,0,1,0,1,0,2,0,4,0
morn4,4,4,7,3,3,4,3,3,6,3,1,3
morn5,0,0,2,1,1,1,0,1,1,3,7,2
mos,0,0,0,0,0,1,0,0,0,0,0,0
mospd1,454,325,412,271,388,327,331,343,592,261,436,290
mospd2,1465,1193,929,1134,1490,1094,1226,925,2268,1035,1175,1079
mospd3,31,17,18,35,23,20,23,22,22,18,28,22
mov10,836,273,870,253,635,370,631,371,661,355,415,355
mov10l1,0,0,0,0,0,0,0,0,0,0,0,0
moxd1,2,1561,1,2156,0,4775,1,7758,2,6119,0,1531
mpc1,6604,5860,5039,5184,7152,5376,6866,3382,7435,4460,10482,5126
mpc2,3553,2806,4015,2888,4144,2529,3564,2065,4097,2427,4958,2523
mpdu1,1143,664,964,726,1002,683,913,629,1064,651,869,644
mpdz,661,731,434,927,652,752,585,758,1230,705,607,763
mpeg1,9470,3243,13023,3095,6977,3935,9565,3789,8832,3304,8073,2938
mpg,289,163,313,134,241,160,249,146,276,164,262,155
mphosph10,385,280,606,371,368,358,429,393,535,318,493,332
mphosph6,107,67,149,71,94,50,109,70,124,74,181,72
mphosph8,333,326,382,384,303,357,400,361,531,356,343,349
mphosph9,128,72,116,100,118,96,151,162,188,105,145,105
mpi,251,226,349,220,272,241,310,244,338,248,325,237
mpl,1,2,3,4,5,0,3,0,2,2,0,4
mplkip,192,245,235,281,206,275,159,227,332,231,225,208
mpnd,1642,1426,946,1404,1663,1526,1599,1298,1570,1190,1594,1291
mpo,5,4,20,2,4,2,6,7,18,7,9,3
mpp1,2032,601,1635,701,1648,484,1420,658,2184,705,1149,683
mpp2,12,2,31,20,8,5,15,5,13,3,42,5
mpp3,28,38,85,32,45,26,39,48,62,62,49,53
mpp4,9,19,30,24,18,31,30,13,30,35,27,56
mpp7,225,147,163,227,221,154,231,261,318,212,472,166
mppe1,220,174,204,186,191,173,204,167,211,195,171,154
mpped1,21,0,79,0,1,0,1,0,2,0,1,0
mpped2,2,1,6,7,0,1,3,1,3,0,3,3
mprip,2226,1407,2383,1872,1762,1357,1802,1507,2268,1543,1554,1688
mpst,1340,1382,981,1391,1273,1511,828,1071,1187,1303,930,1407
mpv17,1249,661,1047,815,1231,717,942,636,1284,738,1721,694
mpv17l,411,629,188,530,506,754,358,674,619,717,179,773
mpv17l2,237,111,156,133,222,130,151,127,175,127,198,121
mpz,7,3,3,2,3,0,2,0,1,0,1,5
mpzl1,101,58,224,69,84,50,115,32,115,56,203,58
mpzl2,399,435,608,664,455,617,480,550,627,572,360,538
mpzl3,236,191,581,217,190,230,231,245,282,235,265,253
mr1,296,179,278,170,378,284,561,172,422,192,994,216
mrap,977,886,1593,706,1242,889,1375,609,1086,889,799,753
mrap2,11,6,22,7,5,11,8,15,17,13,4,6
mras,76,71,73,114,78,43,72,73,105,68,53,91
mrc1,3875,2717,2800,3401,3374,2576,4414,2590,3893,2534,2948,2750
mrc2,177,50,193,209,165,67,218,57,241,80,200,56
mreg,651,877,401,734,747,850,457,525,709,540,758,894
mrfap1,3625,3185,3370,3325,3748,3120,3507,2924,4314,2920,4777,3002
mrgbp,182,122,253,125,126,94,187,137,205,118,150,127
mrgprd,0,0,0,0,0,0,0,0,0,0,0,0
mrgpre,71,31,152,44,65,19,70,51,99,49,76,45
mrgprf,8,6,7,25,5,10,12,12,8,13,8,12
mrgprg,0,0,1,1,0,0,0,0,0,0,1,0
mrgprx1,0,0,1,0,0,0,0,0,0,0,0,0
mrgprx2,2,2,27,18,1,1,1,0,3,1,0,1
mri1,452,258,474,259,312,294,379,237,418,246,384,287
mrm1,75,47,58,64,64,45,57,57,79,48,48,58
mro,2,1,4,2,3,1,3,0,4,0,7,3
mroh2a,110,77,166,101,109,82,109,110,221,112,200,80
mroh2b,0,0,0,0,0,0,0,0,0,0,0,0
mroh5,0,0,1,0,1,0,0,0,0,0,2,0
mroh6,3,10,16,6,10,6,17,8,29,7,12,10
mroh7,7,3,3,2,4,3,2,3,9,3,11,4
mroh8,3,1,3,2,1,4,5,1,6,1,1,0
mroh9,0,0,1,0,0,0,2,0,0,0,0,0
mrpl1,709,823,631,783,845,788,713,707,972,777,1043,948
mrpl10,795,699,810,719,874,643,789,651,815,655,787,677
mrpl11,605,497,511,494,687,478,616,446,702,482,623,463
mrpl12,1862,1410,1172,1487,1829,1417,1535,1255,1951,1407,1559,1209
mrpl13,974,743,1259,682,1089,754,909,724,1210,687,1225,786
mrpl14,707,569,489,611,814,634,665,458,797,538,1181,526
mrpl15,1534,1197,1454,1166,1608,1224,1419,1208,1755,1087,1795,1118
mrpl16,905,580,691,638,878,610,725,495,831,566,917,599
mrpl17,929,699,1042,747,724,743,735,636,775,642,583,725
mrpl18,770,933,721,898,868,791,886,782,1161,879,1109,778
mrpl19,381,288,406,314,364,277,359,312,403,326,268,306
mrpl2,730,601,605,619,835,682,815,587,862,577,1011,621
mrpl20,964,891,922,1032,982,898,955,854,1015,967,1269,839
mrpl21,402,390,457,348,505,345,461,397,513,383,543,373
mrpl22,435,401,391,358,556,416,446,360,539,389,526,401
mrpl23,106,48,129,89,55,80,86,69,96,42,126,51
mrpl24,1144,1214,1132,1207,1366,1127,1270,1150,1565,1148,999,1154
mrpl27,875,750,748,671,951,777,767,611,1004,753,790,768
mrpl28,957,679,629,676,935,700,951,582,889,654,1025,694
mrpl3,350,460,402,441,365,411,356,440,459,402,298,426
mrpl30,1189,1048,1457,1063,1450,1083,1436,942,1633,1102,1602,1132
mrpl32,394,441,418,429,454,437,377,387,528,460,380,436
mrpl33,748,609,868,659,951,556,804,515,962,624,1351,615
mrpl34,577,419,408,420,578,399,402,352,515,397,518,421
mrpl35,610,547,607,530,622,548,625,582,802,655,555,586
mrpl36,494,492,521,471,546,448,386,386,569,460,404,516
mrpl37,541,395,446,468,511,446,428,419,552,419,470,404
mrpl38,1596,770,988,747,1937,797,1500,719,1658,784,1807,832
mrpl39,831,833,714,631,788,756,799,690,1006,756,645,775
mrpl4,398,448,360,422,378,441,306,369,369,391,302,359
mrpl40,641,423,460,427,576,452,449,329,655,421,457,460
mrpl41,517,460,528,438,519,462,422,408,592,489,545,427
mrpl42,790,852,804,707,1045,865,1029,729,1222,909,930,869
mrpl43,686,390,696,540,691,460,529,482,620,452,582,407
mrpl44,519,405,498,432,576,417,484,322,560,397,545,405
mrpl45,661,489,519,445,659,487,674,416,845,472,664,522
mrpl46,392,397,452,376,432,355,397,371,471,457,334,403
mrpl47,282,349,279,299,326,287,289,334,454,356,270,333
mrpl48,691,611,658,623,585,572,589,544,830,558,579,706
mrpl49,478,547,437,535,655,572,483,529,693,518,566,537
mrpl50,1107,1085,1211,1087,1118,1014,1073,1057,1473,1086,1275,1166
mrpl51,1217,1005,1174,1000,1269,1035,1267,955,1468,1042,823,1060
mrpl52,599,481,695,481,548,444,525,425,644,431,394,461
mrpl53,521,495,432,572,564,504,480,466,505,492,374,503
mrpl54,509,332,552,376,577,353,518,326,518,357,478,341
mrpl55,367,261,307,306,419,337,392,304,457,289,378,287
mrpl57,605,395,492,490,525,521,508,403,580,403,343,412
mrpl9,874,853,734,788,1029,843,879,806,1055,828,752,714
mrps10,498,478,503,467,543,470,622,399,685,478,818,528
mrps11,250,212,273,225,249,196,264,192,220,194,195,213
mrps12,539,547,658,619,527,537,510,431,533,551,454,487
mrps14,787,664,891,661,911,652,824,570,1027,631,1138,657
mrps15,438,361,461,335,424,368,438,345,489,335,470,422
mrps16,654,592,550,579,589,603,528,433,757,531,475,581
mrps17,1054,831,991,781,1164,822,1001,856,1304,866,1309,895
mrps18a,864,461,574,523,855,581,713,459,862,453,1022,545
mrps18b,991,826,1008,943,851,825,899,730,1064,782,1208,872
mrps18c,517,610,534,557,644,544,568,513,780,573,772,559
mrps2,620,539,771,571,494,573,470,463,687,554,578,553
mrps21,670,669,685,637,892,636,695,619,803,671,472,548
mrps22,437,631,529,606,515,667,579,590,711,743,727,705
mrps23,487,393,460,379,536,395,518,353,524,346,523,382
mrps24,876,891,714,773,1052,870,925,739,1042,809,830,759
mrps25,479,370,503,378,474,400,452,398,493,390,367,447
mrps26,410,295,469,344,389,337,349,327,382,277,277,297
mrps27,414,508,437,604,434,500,372,459,487,526,322,570
mrps28,402,333,329,337,472,349,411,332,523,390,424,359
mrps30,450,420,520,433,468,451,428,391,466,436,357,408
mrps31,635,842,450,707,776,721,610,663,858,773,869,835
mrps33,842,780,747,794,877,751,686,651,924,774,718,761
mrps34,699,416,599,498,644,422,576,434,582,454,654,421
mrps35,482,501,364,443,497,501,453,409,589,425,390,481
mrps5,643,712,756,639,725,619,609,664,1019,684,725,723
mrps6,281,102,189,126,246,117,215,82,228,157,144,130
mrps7,1090,1002,946,1087,1240,1045,1173,966,1240,1104,1120,1082
mrps9,494,370,478,322,462,345,456,396,610,313,595,355
mrrf,592,553,520,516,600,533,503,507,735,612,526,546
mrs2,194,112,259,175,202,200,204,260,282,177,320,182
mrto4,347,304,459,366,333,357,341,311,420,334,354,345
ms4a1,70,50,41,77,53,23,41,34,155,33,38,30
ms4a10,0,0,0,0,0,0,0,0,1,0,0,0
ms4a12,0,1,0,0,0,0,0,0,0,0,0,0
ms4a13,0,0,0,0,0,0,0,0,0,0,0,0
ms4a14,7,3,17,20,13,1,10,5,13,3,20,5
ms4a15,1,1,3,1,0,0,2,2,1,0,1,3
ms4a2,2,5,24,6,3,2,5,4,7,1,4,2
ms4a3,0,2,1,0,1,0,1,1,2,3,3,0
ms4a4a,12,1,13,31,21,1,28,2,20,6,50,3
ms4a5,2,0,2,1,3,2,1,3,3,0,4,2
ms4a7,297,50,300,105,429,26,249,45,403,32,480,58
msantd1,11,6,8,6,10,7,8,6,8,3,9,3
msantd2,82,70,89,85,65,97,95,89,100,64,74,86
msantd3,97,2,215,7,80,8,105,3,73,8,34,9
msantd4,693,826,751,797,721,666,699,644,985,702,918,692
msc,12,9,22,14,15,7,22,7,16,11,19,7
msgn1,0,0,0,0,0,0,0,0,0,0,0,0
msh2,393,236,506,217,371,222,331,247,380,207,528,256
msh3,267,360,381,321,320,351,284,455,425,368,274,376
msh4,39,47,84,77,44,62,83,74,120,70,53,65
msh5,21,9,16,24,13,21,15,19,39,17,12,27
msh6,549,390,619,377,555,373,624,447,700,419,794,435
msi1,1,0,8,2,4,0,9,0,5,1,13,5
msi2,606,551,797,642,697,586,713,507,751,481,754,504
msl1,607,444,813,558,557,493,581,580,730,520,494,588
msl2,493,465,564,663,367,527,428,515,548,444,385,585
msl3,789,741,522,701,772,698,618,621,1001,722,553,614
msln,270,74,154,505,86,94,221,147,229,137,10,161
msmb,0,0,2,1,1,0,0,0,1,0,0,0
msmo1,4293,5759,3985,4885,5185,6424,3450,8446,7201,6785,4252,6407
msmp,5,0,5,3,8,1,3,4,5,0,4,0
msn,1607,667,1791,1181,1286,727,1747,633,1767,709,1449,838
msr1,1481,997,1014,1143,1356,666,1838,919,1576,985,763,770
msra,2365,2208,1303,2023,2319,2405,2069,1914,2717,1977,1720,2356
msrb1,3549,5667,2662,4763,4021,4795,3408,4876,4646,5238,2673,4456
msrb2,362,225,272,213,329,283,263,223,453,211,206,253
msrb3,704,421,682,570,502,421,684,386,613,358,461,417
mss51,9,6,18,7,6,7,15,6,10,5,4,10
mst1,2547,2677,3294,2474,1806,3000,2271,2720,2850,3366,1835,2999
mst1r,28,16,168,65,18,13,40,19,39,17,36,15
mstn,0,6,11,4,0,1,4,1,0,0,0,0
msto1,207,137,247,130,199,118,213,129,224,115,162,148
msx1,3,9,9,6,1,7,1,5,6,13,5,2
msx2,2,2,7,3,4,1,3,1,7,1,5,5
mt3,2,0,1,0,0,0,1,0,1,0,3,0
mt4,2,0,3,0,1,0,52,0,0,0,0,0
mta1,320,187,421,232,223,229,294,200,253,189,169,221
mta2,1158,913,1318,1007,1143,1020,1147,960,1258,809,1261,1041
mta3,354,210,395,214,340,248,406,221,360,193,402,247
mtap,600,361,597,435,607,384,472,300,584,394,627,429
mtbp,57,50,109,54,72,55,80,46,107,56,118,27
mtch1,1472,996,1204,1183,1511,1137,1454,841,1509,880,1834,915
mtch2,3426,3701,3753,3195,3451,3660,3201,3303,4537,3593,3551,3832
mtcl1,60,5,79,13,18,4,17,5,41,4,25,1
mtcp1,89,122,115,109,78,94,97,98,162,99,103,91
mtdh,2283,1407,2540,1730,1937,1469,1834,1276,2421,1307,2852,1528
mterf2,102,101,72,87,165,110,87,80,158,107,89,93
mterf3,494,527,652,705,460,616,493,651,802,625,554,624
mterf4,418,401,523,304,513,389,448,345,637,414,617,352
mtf1,365,248,442,362,370,322,321,341,446,322,412,371
mtf2,282,290,470,293,346,285,345,270,494,247,620,287
mtfmt,138,152,164,128,131,124,170,145,205,114,116,168
mtfp1,236,348,177,372,298,405,228,281,321,292,171,495
mtfr1,1241,1477,1280,1368,1482,1424,1405,1482,1712,1354,946,1567
mtfr1l,1154,1202,1171,1291,1240,1238,1104,1271,1361,1273,1113,1271
mtfr2,1,1,20,3,10,6,21,1,12,3,16,8
mtg1,233,262,222,245,249,250,241,219,330,252,212,246
mtg2,411,334,396,359,400,344,287,321,497,389,343,336
mthfd1,3501,4683,2863,4526,3798,5789,3057,4651,4550,4726,2353,5356
mthfd1l,260,16,411,14,147,5,184,19,208,8,322,18
mthfd2,84,40,107,51,115,42,96,98,86,66,121,71
mthfd2l,166,71,154,71,171,47,114,44,181,65,214,57
mthfr,325,334,369,342,408,225,463,159,389,260,432,393
mthfs,381,339,403,339,350,303,376,305,452,324,404,331
mthfsd,313,256,383,264,239,244,276,326,362,309,333,286
mtif2,656,764,637,746,892,724,680,734,874,752,1046,758
mtif3,497,540,448,531,596,506,429,510,645,586,564,441
mtm1,686,467,685,366,545,367,502,455,792,378,555,400
mtmr1,894,851,1011,779,967,963,961,995,1459,887,818,922
mtmr10,750,661,1091,749,801,807,809,859,926,745,922,834
mtmr11,794,107,859,120,633,127,603,93,712,77,575,85
mtmr12,306,153,445,233,254,170,292,264,376,171,393,165
mtmr14,515,425,393,422,437,326,474,406,574,386,358,431
mtmr2,924,771,1352,758,764,794,943,722,1152,731,803,759
mtmr3,1091,834,1340,860,1089,843,1169,926,1390,906,1082,986
mtmr4,1000,1442,1025,1698,1122,1038,1057,995,1450,1403,957,1552
mtmr6,1118,804,1172,877,1033,693,1176,792,1418,711,974,825
mtmr7,102,55,94,77,68,50,73,64,116,99,73,87
mtmr9,359,307,311,348,360,310,351,288,391,278,293,325
mtnr1a,82,76,21,32,83,32,79,12,69,19,1,19
mtnr1b,0,0,0,0,0,0,0,0,0,0,0,0
mto1,337,391,323,392,327,409,322,424,485,421,301,426
mtor,1550,771,1688,948,1353,1120,1177,1263,1635,773,1987,1122
mtpap,357,339,352,320,334,350,332,344,524,334,388,398
mtpn,3326,2444,3654,2806,2866,2413,2841,2149,3184,2064,2112,2668
mtr,283,191,403,281,252,233,354,233,305,211,239,269
mtrf1,204,299,179,243,236,240,241,199,308,236,196,245
mtrf1l,77,131,118,129,115,119,114,124,139,111,105,148
mtrr,150,99,295,142,91,91,127,115,194,142,121,123
mtss1,2044,1238,2205,2628,1764,1920,1728,2556,2169,1948,2071,1750
mttp,6196,6376,8319,6158,7165,6176,7717,6250,7156,7180,3957,7056
mturn,206,61,166,133,118,68,141,80,170,81,189,71
mtus1,3073,4287,2744,4257,2813,4100,2833,4918,3707,4271,2758,5027
mtus2,45,10,22,19,24,13,32,9,88,11,22,9
mtx1,409,426,528,453,542,464,468,417,521,391,422,469
mtx2,1151,1196,1301,1089,1163,1157,1079,1147,1577,1179,1208,1118
mtx3,265,386,449,412,274,356,320,374,473,360,354,409
muc1,32,12,20,10,32,7,24,95,36,40,18,54
muc13,15,2,25,11,9,2,13,16,21,2,4,4
muc15,1,0,0,1,0,1,2,0,3,0,1,2
muc16,213,91,85,1105,100,94,160,240,224,148,18,193
muc2,0,0,0,2,0,0,0,25,0,1,0,0
muc20,1,1,0,1,0,0,0,0,2,0,1,1
muc3a,1,1,2,1,0,2,1,2,0,3,0,0
muc4,9,2,5,2,1,1,3,12,4,5,5,5
muc5ac,0,0,0,0,0,0,0,0,0,0,0,0
muc5b,0,1,4,1,0,1,3,3,7,3,0,5
muc6,9,8,16,20,11,4,8,16,14,11,8,2
mucl1,0,0,0,0,0,0,2,0,0,0,2,0
mul1,768,583,639,553,662,674,577,679,762,618,736,625
mus81,168,172,219,160,131,173,157,134,166,152,201,145
musk,11,2,10,3,0,0,18,0,6,4,0,2
mustn1,105,107,67,147,89,112,117,70,129,84,82,61
mutyh,12,8,17,8,9,4,14,7,22,3,21,6
mvb12a,1235,844,826,948,1245,906,996,784,1172,861,1023,820
mvb12b,151,46,114,95,147,43,142,40,140,43,82,49
mvd,658,433,698,610,569,445,467,453,650,439,432,570
mvk,642,445,448,465,577,651,365,567,558,499,383,565
mvp,3229,932,3679,1025,2691,919,3369,1097,3506,886,4041,975
mx1,140,63,307,51,184,50,151,66,343,79,283,81
mx2,80,161,105,123,145,104,122,130,177,209,92,164
mxd1,231,117,267,154,150,107,176,142,205,128,211,175
mxd3,23,6,41,10,20,12,26,7,27,4,14,7
mxd4,2291,1464,2057,1689,1914,1513,1852,1614,2539,1599,2368,1668
mxi1,350,351,295,359,309,273,368,304,372,270,393,318
mxra7,137,41,102,143,135,85,101,49,133,59,128,60
mxra8,362,143,308,388,354,149,341,135,354,135,299,178
myadm,757,255,1376,415,510,255,629,263,682,312,860,362
myadml2,2,1,4,4,1,0,5,2,0,1,0,0
myb,1,5,4,4,2,2,2,2,4,0,6,2
mybbp1a,1002,616,1397,909,915,672,1070,621,1000,659,1051,836
mybl1,129,20,263,21,172,20,162,13,262,19,338,14
mybl2,4,5,34,8,10,2,20,1,29,4,14,6
mybpc1,48,190,122,139,1,6,259,30,4,0,1,1
mybpc2,42,124,135,99,2,10,123,26,16,4,4,1
mybpc3,2,1,7,0,2,2,3,1,8,0,3,1
mybph,4,0,3,0,1,0,4,1,2,1,0,0
mybphl,0,0,0,0,1,0,1,0,2,0,1,0
myc,176,245,282,40,178,41,183,65,164,19,141,209
mycbp,372,347,335,342,391,305,379,289,440,328,418,330
mycbp2,1471,1164,1971,1679,1342,1148,1731,1459,2090,1112,1492,1511
mycbpap,3,2,8,1,2,3,2,2,12,0,3,5
mycl,241,85,232,50,250,110,208,58,216,90,257,111
mycn,13,17,84,22,20,4,7,12,14,16,10,12
myct1,167,105,129,148,122,119,70,85,156,99,88,104
myd88,332,323,313,300,282,261,297,227,410,245,245,288
mydgf,1699,1866,1752,1935,1734,1568,1810,1396,1809,1779,2172,1691
myef2,422,378,808,375,351,345,450,302,613,306,570,317
myf5,0,0,0,0,0,0,0,0,0,0,0,0
myf6,0,1,1,3,0,0,8,1,1,0,0,0
myg1,463,298,408,307,447,352,419,273,574,322,587,358
myh1,221,967,507,617,0,39,1216,231,44,1,2,0
myh10,883,352,728,642,700,520,913,501,1011,417,1021,415
myh11,223,199,276,421,247,94,376,190,294,298,156,272
myh13,0,0,2,0,0,0,1,1,1,0,0,1
myh14,736,233,576,266,520,332,493,259,722,226,445,289
myh15,0,0,1,2,2,1,0,2,6,0,2,2
myh2,94,559,466,473,1,14,912,92,39,0,0,0
myh3,0,0,0,0,0,0,0,0,0,0,0,0
myh4,102,771,1047,601,0,72,433,90,25,0,2,1
myh6,0,0,0,0,0,0,0,0,0,0,0,1
myh7,38,105,96,112,5,3,151,20,21,7,12,9
myh7b,2,6,2,4,1,1,7,2,8,5,0,3
myh8,125,11,193,8,8,6,392,12,7,8,2,6
myh9,10273,4015,14766,5366,7535,4686,9127,4754,11141,4481,11560,4949
myl1,73,280,183,266,1,12,310,42,2,0,2,1
myl10,0,0,1,0,1,0,0,0,0,0,0,0
myl12a,2462,867,2440,1162,1960,990,2336,746,2398,809,2751,950
myl12b,3319,1148,2683,1301,2687,1159,2900,931,3355,1034,4777,1093
myl2,17,74,47,140,1,0,129,10,1,2,2,2
myl3,46,37,65,36,2,3,88,4,5,1,4,3
myl4,12,7,12,11,19,6,14,4,19,8,16,11
myl6,6268,4707,5559,5363,6937,5099,6945,4473,7360,5131,6487,4778
myl6b,22,7,12,12,23,2,7,9,23,13,11,15
myl7,11,8,7,28,6,14,9,15,17,10,1,20
myl9,164,87,169,196,162,56,236,94,187,177,101,137
mylip,575,271,438,424,367,295,522,298,388,224,387,274
mylk,1588,1187,1829,1476,1649,1446,1628,1460,2378,1499,1788,1590
mylk2,4,15,17,9,1,1,14,4,0,1,0,0
mylk3,14,14,12,33,12,25,10,23,11,19,19,31
mylk4,8,4,29,7,5,5,13,11,16,7,6,2
mynn,297,364,371,327,328,274,322,254,436,303,321,316
myo10,1722,785,1790,983,1443,929,1479,790,1837,739,2088,1011
myo15b,59,6,85,9,64,8,73,19,100,7,123,10
myo16,10,0,5,1,12,0,3,25,6,5,3,8
myo18a,2521,1032,2620,1462,1765,1286,2072,1810,2436,1345,2134,1390
myo18b,12,13,35,36,13,4,41,3,21,5,5,4
myo19,111,72,198,107,143,84,141,120,199,114,147,93
myo1a,2,1,5,1,1,0,5,11,2,2,2,8
myo1b,4326,6423,5172,5730,5896,6465,4987,5093,6594,5987,8298,7739
myo1c,2051,703,1958,1286,1711,796,1990,796,1974,763,1752,907
myo1d,337,204,312,299,278,208,293,200,410,139,300,218
myo1e,1014,888,1112,828,951,1046,1115,926,1257,902,1191,1486
myo1f,440,157,417,272,412,112,455,130,477,177,278,151
myo1g,153,65,189,109,127,45,145,59,225,81,160,68
myo1h,3,1,7,12,4,4,3,2,14,1,5,4
myo3a,0,0,0,0,0,0,0,0,0,0,0,0
myo3b,4,0,6,3,3,1,5,0,6,0,4,0
myo5a,260,59,278,299,163,49,253,96,368,107,259,126
myo5b,902,531,870,830,734,701,932,646,1113,638,1034,758
myo5c,34,8,232,5,43,4,42,125,90,38,219,57
myo6,1031,1429,1160,1486,966,1606,956,1496,1556,1405,1169,1817
myo7a,741,340,793,535,616,369,726,354,778,352,596,433
myo7b,46,4,457,1,34,9,86,5,51,8,157,1
myo9a,799,583,763,686,652,535,963,624,951,493,646,616
myo9b,1809,596,1785,809,1428,649,1473,686,2135,683,2064,699
myoc,3,10,2,61,3,3,14,2,2,2,0,0
myocd,3,2,2,8,4,0,3,2,4,1,5,4
myod1,0,0,0,0,0,0,2,0,0,0,0,0
myof,810,178,1472,593,544,157,723,223,1014,288,702,229
myog,1,0,1,3,0,0,0,0,0,0,0,0
myom1,115,124,162,110,65,10,258,46,107,25,86,28
myom2,22,28,50,38,6,12,77,15,20,6,8,11
myom3,203,40,95,26,151,73,159,29,211,16,383,3
myot,26,106,71,84,39,1,303,10,49,0,0,0
myoz1,8,51,47,45,0,3,56,4,1,0,1,0
myoz2,13,36,28,38,0,1,63,4,3,2,7,0
myoz3,0,2,0,2,0,0,1,0,0,0,0,0
mypn,1,4,12,12,5,0,14,1,1,2,1,3
mypop,37,34,39,52,22,21,22,24,32,25,15,32
myrf,441,202,458,507,283,214,327,254,355,240,316,282
myrip,10,3,26,8,9,8,12,10,5,6,7,8
mysm1,543,595,858,519,469,497,512,623,726,599,676,583
myt1,0,0,0,0,1,0,1,2,0,0,0,0
myt1l,0,0,0,1,0,0,0,0,1,0,0,1
myzap,140,40,182,50,136,34,159,66,168,39,198,50
mzb1,37,34,15,46,18,17,82,5,104,5,14,7
mzf1,22,18,49,27,26,22,19,29,32,19,22,28
mzt1,552,372,510,392,486,414,528,329,689,316,474,374
n4bp1,450,249,548,324,353,240,409,331,456,224,448,310
n4bp2,395,725,377,876,468,711,472,813,756,751,472,905
n4bp2l1,506,371,470,509,595,580,592,576,596,637,731,484
n4bp2l2,1295,1661,1489,1779,1450,1629,1300,1460,2095,1605,2182,1573
n4bp3,94,75,139,62,116,39,86,34,116,56,135,46
naa10,587,374,433,502,526,454,429,397,612,398,427,465
naa11,0,0,0,0,0,0,0,0,0,0,0,0
naa15,532,733,690,1052,550,822,675,691,758,717,674,724
naa16,160,177,214,238,153,178,159,176,226,152,170,204
naa20,468,370,548,430,430,295,397,303,531,399,510,334
naa25,695,648,784,632,748,670,736,645,1115,661,1258,687
naa30,659,623,716,770,558,680,622,593,746,521,546,652
naa35,377,396,554,441,396,456,428,483,615,467,331,445
naa38,452,423,396,396,589,427,559,340,568,441,604,365
naa40,270,171,288,173,268,207,246,254,256,191,212,197
naa50,1661,1571,1466,2167,1440,1574,1476,1372,1805,1350,1239,1502
naa60,913,799,696,989,836,823,734,918,909,744,404,930
naaa,180,126,202,177,165,91,201,98,328,112,226,87
naalad2,82,59,80,102,79,42,93,60,100,43,97,51
naaladl1,2,0,3,0,1,1,2,0,3,1,1,0
naaladl2,157,236,140,273,215,227,244,183,365,244,148,253
nab1,2250,1398,2773,1758,2184,1463,2238,1533,2513,1399,2875,1618
nab2,296,387,502,306,315,319,297,222,349,434,238,289
nabp1,800,475,1588,675,1178,639,1202,548,1669,462,2094,627
nabp2,378,304,403,342,345,326,343,286,335,233,248,313
naca,4702,4904,5392,5164,4747,5148,5161,4231,5676,4938,4834,5022
nacad,8,9,17,16,9,6,14,5,19,12,8,8
nacc1,766,313,720,522,577,309,567,374,570,385,572,431
nacc2,497,464,506,534,448,454,433,434,637,402,510,488
nadk,4508,2822,3500,3187,4373,2909,3814,2896,5170,3062,3351,2905
nadk2,3699,4459,3119,4699,4380,3972,3294,3475,4761,4066,4030,4169
nadsyn1,523,419,469,333,457,440,486,431,665,434,393,481
nae1,753,693,715,692,679,651,593,547,932,615,845,678
naf1,118,73,88,100,74,89,80,79,79,52,66,64
naga,685,351,585,462,661,423,622,412,753,351,748,413
nagk,654,234,661,248,506,233,512,243,606,249,430,226
naglu,742,422,641,492,711,427,712,369,694,384,612,493
nagpa,347,223,336,258,306,259,331,269,405,240,211,243
nags,1095,1152,1010,1173,1329,1279,1103,1022,1143,1225,751,1117
naif1,91,94,141,107,104,82,114,74,119,70,99,93
nalcn,15,6,13,16,10,3,12,0,17,2,9,0
nampt,2513,1321,2406,1333,3115,1100,2873,1644,5090,1254,4073,1424
nanog,3,5,11,7,3,3,4,4,9,14,7,3
nanos1,8,8,44,16,12,17,21,12,30,10,24,15
nanos2,0,0,1,0,0,0,0,0,0,0,0,0
nanos3,0,0,1,0,1,1,0,0,1,1,2,0
nanp,113,56,75,113,76,0,35,56,113,18,56,37
nans,512,315,809,453,474,303,481,337,465,344,575,400
nap1l1,1849,1013,1865,1179,1746,932,1718,947,2071,1030,2060,1081
nap1l2,0,1,2,2,1,2,0,1,0,0,0,2
nap1l3,58,16,56,28,67,19,51,28,75,21,29,17
nap1l4,961,895,1294,841,789,862,941,860,1139,868,836,896
nap1l5,1,7,5,8,5,6,8,2,7,7,8,4
napa,1230,855,1418,950,960,959,1170,771,1255,800,772,935
napb,68,57,147,44,56,71,96,77,162,76,91,71
napepld,42,24,56,40,83,19,59,30,108,33,154,30
napg,510,404,539,411,463,425,511,425,700,389,552,495
naprt,1827,1546,1170,1524,1695,1512,1383,1361,1885,1449,1971,1414
napsa,48,25,70,42,47,18,55,22,94,18,44,24
narf,881,1029,930,1026,976,892,906,1624,1466,1182,751,1187
nars2,318,586,284,551,353,602,344,514,381,512,280,658
nasp,409,423,520,404,431,430,383,565,619,517,475,483
nat1,11,68,2,48,34,55,14,36,17,42,10,32
nat10,391,336,570,429,366,350,339,348,505,345,370,378
nat14,8,7,17,13,11,5,19,3,17,5,13,4
nat2,440,490,372,421,434,493,259,464,544,555,507,397
nat8,294,794,113,449,735,722,235,388,912,554,351,565
nat8l,10,3,6,7,12,2,11,7,13,3,2,11
nat9,501,510,451,450,548,453,452,371,594,489,479,440
natd1,197,63,188,106,139,83,172,99,171,80,129,93
nav1,224,96,261,304,228,107,219,98,257,116,218,139
nav2,519,345,824,589,431,453,548,591,764,470,536,544
nav3,11,2,18,3,14,8,15,5,24,13,36,7
nbas,997,882,2012,1120,857,864,1136,964,1086,1101,1070,1154
nbea,170,81,215,277,224,132,157,127,233,99,232,135
nbeal1,2307,1907,3770,2475,2575,1986,3192,2034,3756,1947,5000,2106
nbeal2,199,128,236,260,162,132,172,128,226,162,151,162
nbl1,117,35,45,442,78,34,119,53,85,54,30,59
nbn,411,454,315,450,399,465,338,450,624,460,466,490
nbr1,6071,5631,6988,5492,6505,5441,6597,5956,8214,6368,6385,6155
ncald,294,423,282,349,360,313,252,326,310,311,216,510
ncam1,83,23,116,131,81,21,142,32,171,59,35,114
ncam2,131,123,56,100,190,119,116,76,273,73,86,92
ncan,8,4,14,3,6,3,8,5,10,7,6,6
ncapd2,7168,3350,5294,4484,8008,3166,5688,3370,7903,3924,8300,3379
ncapd3,246,226,314,233,236,220,244,299,414,290,249,311
ncapg,72,10,145,14,124,9,147,24,143,19,122,25
ncapg2,215,74,297,86,264,84,350,95,319,94,225,73
ncaph,38,16,126,15,52,7,76,28,86,13,72,12
ncaph2,2062,1161,2022,1262,1950,1122,1742,1051,2041,1124,2129,1152
ncbp1,593,606,725,687,573,570,577,628,708,681,691,675
ncbp2,451,385,392,412,436,370,381,332,590,397,252,408
ncbp3,457,445,554,419,487,432,504,508,772,427,546,505
nccrp1,0,0,0,0,0,0,1,1,0,0,0,0
ncdn,242,131,291,199,190,161,190,135,193,129,181,137
nceh1,1135,640,756,568,746,490,884,745,916,617,837,640
ncf1,347,165,280,274,336,144,541,202,515,222,331,214
ncf2,377,171,446,252,398,123,505,201,490,218,363,221
ncf4,156,56,112,81,134,32,197,59,164,61,101,40
nck1,653,533,610,721,626,547,639,485,850,524,794,631
nck2,291,52,434,82,254,54,204,68,327,62,462,63
nckap1,4179,2641,4860,3262,3097,2853,3219,2875,4460,2605,4156,3050
nckap1l,1022,371,967,576,862,320,1161,476,1268,451,867,455
nckap5,35,23,49,43,30,22,36,30,69,24,25,41
nckap5l,32,9,51,20,13,7,23,17,22,11,30,8
nckipsd,127,63,134,87,104,84,132,52,135,56,73,83
ncl,3822,2554,4959,2731,3290,2517,3424,2458,4421,2164,4320,2450
ncln,851,535,1092,779,813,647,832,673,815,705,655,692
ncmap,14,15,14,27,8,12,7,10,23,16,8,5
ncoa1,336,339,387,472,347,389,385,434,437,343,369,406
ncoa2,1064,764,1550,1079,1188,1004,1220,1179,1393,910,1260,1092
ncoa3,988,611,1102,839,760,672,986,687,1052,600,696,825
ncoa4,6584,5852,6950,6838,6143,5826,7068,5862,8916,5693,5256,5884
ncoa5,218,215,330,279,207,175,258,145,305,186,241,251
ncoa6,265,217,370,323,243,206,302,283,386,222,293,276
ncoa7,264,69,230,155,241,70,208,78,295,78,310,89
ncor1,2154,1955,2381,2367,1981,2167,2304,2103,2922,1929,2401,2354
ncor2,259,145,404,325,266,177,290,253,280,176,320,213
ncr1,14,5,8,7,17,3,20,0,32,6,15,6
ncs1,17,9,64,26,17,9,15,6,15,7,31,15
ncstn,1068,525,1648,745,944,678,1090,655,1058,585,1082,755
ndc1,256,204,315,205,284,211,301,253,376,227,280,259
ndc80,26,5,50,9,42,3,71,10,55,8,54,5
nde1,411,302,441,389,362,274,357,340,464,339,268,381
ndel1,875,468,941,623,757,536,919,717,969,485,830,592
ndfip1,3012,2548,1796,2734,2833,2558,2533,2753,3119,2278,2446,2638
ndfip2,1247,724,1075,768,1026,747,1139,683,1246,609,825,642
ndn,13,19,8,52,13,28,11,15,12,22,6,30
ndnf,37,41,66,88,31,42,45,83,92,58,42,85
ndor1,307,181,402,180,216,194,262,183,286,203,267,199
ndp,0,1,5,0,2,0,2,2,7,4,2,3
ndrg1,1395,293,1701,441,1907,400,1050,351,1177,299,2299,680
ndrg2,13825,22809,8601,22457,16596,22719,16112,20334,20757,20917,9183,21103
ndrg3,321,274,331,279,322,262,267,330,422,300,247,317
ndrg4,20,6,14,18,16,2,10,8,13,14,6,20
ndst1,2037,2158,2483,2234,2034,2243,2030,2506,2569,2132,2027,2546
ndst2,365,318,370,319,289,297,330,330,393,292,235,310
ndst3,1,0,7,1,3,1,1,0,0,1,0,1
ndst4,22,13,32,13,19,9,16,18,35,18,12,30
ndufa1,1932,1794,1343,1595,2042,1685,1551,1493,2222,1771,1455,1428
ndufa10,3159,2182,2486,1984,3761,2284,2960,1948,3661,1939,3419,2398
ndufa11,936,742,700,762,1081,848,1074,695,1047,707,1172,740
ndufa12,872,977,768,962,1205,987,1050,822,1174,984,898,1129
ndufa13,3206,2641,2135,2409,3088,2931,2752,2252,3362,2778,2818,2767
ndufa2,1802,1726,1886,1676,2235,1649,2223,1333,2474,1714,2420,1601
ndufa3,1408,1488,1152,1425,1552,1641,1450,1316,1720,1470,1185,1553
ndufa5,876,1021,582,940,1078,1046,832,937,1204,986,646,1069
ndufa6,3077,3359,2708,3134,3775,3376,2856,2636,4270,3386,4488,3189
ndufa7,2262,1472,1833,1587,2333,1653,2393,1292,2264,1355,2994,1532
ndufa8,1515,987,1495,987,1435,1122,1326,872,1501,995,1092,1031
ndufa9,2460,2706,1856,2222,2847,2489,2574,2256,3354,2565,2000,2567
ndufab1,1112,1054,1079,1128,1065,1133,1028,904,1082,978,818,1132
ndufaf1,518,585,426,505,489,527,405,510,717,583,465,563
ndufaf2,178,197,209,180,245,181,203,193,227,251,155,224
ndufaf3,183,250,181,221,189,243,209,199,266,217,210,235
ndufaf4,552,627,521,741,672,595,445,772,777,740,545,691
ndufaf5,157,107,110,117,162,113,150,75,217,114,163,139
ndufaf6,187,219,185,258,205,228,179,236,230,210,193,243
ndufaf7,357,272,266,292,373,332,382,253,476,292,469,299
ndufb10,1627,1666,1137,1770,2076,1843,1844,1495,2034,1581,1633,1956
ndufb11,2494,2887,1705,2811,2723,2700,2015,2194,3209,2757,1747,2567
ndufb2,1308,1359,1008,1361,1444,1355,1377,1180,1601,1357,972,1322
ndufb3,1043,1121,1027,850,1281,1096,1034,905,1480,1083,1721,1064
ndufb4,1026,975,631,1039,1118,937,963,717,1141,843,881,904
ndufb5,1465,2004,1125,1768,2013,1824,1648,1646,2043,1930,1236,2065
ndufb6,1324,1247,871,1307,1482,1399,1159,1075,1541,1162,1418,1259
ndufb7,1251,995,823,1014,1204,1081,1044,849,1242,950,1021,975
ndufb8,2111,1990,1429,2132,2354,2271,1817,1542,1874,1653,1950,2045
ndufb9,4133,3800,2901,3524,4862,4032,3566,3206,4830,3536,5375,3950
ndufc1,704,696,618,657,853,728,804,621,804,651,632,721
ndufc2,1149,1451,1041,1257,1231,1332,1212,969,1444,1301,1054,1262
ndufs1,3284,3669,3002,3115,4529,3480,3772,3258,5242,3378,5246,3789
ndufs2,5354,4104,4038,3915,5911,3995,5148,3364,6110,3631,6261,3947
ndufs3,2161,1800,2038,1852,2127,1997,1906,1643,2453,1739,2070,2042
ndufs4,1613,1941,1384,1841,1653,1816,1475,1586,1796,1791,1320,1907
ndufs5,1026,1009,803,869,1072,1036,885,835,1188,925,1090,1014
ndufs6,1261,1199,1277,1165,1423,1276,1293,1112,1342,1238,1007,1183
ndufs7,924,916,734,1044,999,1155,1008,854,1027,918,792,986
ndufs8,1321,1450,1096,1404,1723,1536,1579,1399,1619,1580,1895,1634
ndufv1,3027,2805,2173,2614,3600,3048,2950,2517,3380,2873,3408,3013
ndufv2,1980,2131,1321,2113,2475,2106,2163,1791,2490,1944,2860,2189
ndufv3,1565,1521,1339,1412,1836,1571,1728,1314,1870,1574,1951,1579
neb,598,1416,843,1382,597,1462,1354,1622,1313,939,626,1214
nebl,43,63,77,92,65,119,62,8,50,22,866,28
necab1,1031,1653,633,1467,1487,1536,1080,1124,1715,1468,1414,1671
necab2,6,1,3,6,1,2,4,4,5,6,3,7
necab3,1,0,8,4,1,1,4,2,8,5,0,1
necap1,974,587,910,701,796,729,842,822,868,638,498,690
necap2,356,156,342,221,275,142,292,149,269,146,288,161
nectin1,406,330,485,469,289,353,329,279,324,299,193,429
nectin2,1165,602,1087,749,865,682,1021,744,1138,768,824,797
nectin3,1122,1536,741,1446,1031,1143,1011,1182,1769,1190,661,1399
nectin4,24,13,42,11,39,3,50,13,32,13,26,5
nedd1,463,609,623,458,509,523,673,502,754,499,683,551
nedd4,6637,5722,9499,7699,5904,6258,7003,6048,8622,6049,6923,6854
nedd4l,854,911,1064,945,951,731,1399,376,1455,835,1225,1007
nedd8,1101,988,1129,946,1197,918,1221,878,1378,1016,943,947
nedd9,662,232,1009,335,778,333,1022,214,931,219,1214,205
nefh,6,5,4,4,2,10,6,4,11,2,7,8
nefm,0,0,5,0,0,1,0,0,1,3,1,1
negr1,5,6,12,5,10,1,6,3,8,3,19,5
neil1,91,120,116,86,104,83,85,75,149,100,112,112
neil2,24,13,12,5,6,7,15,15,31,14,8,6
neil3,30,15,66,27,30,14,55,34,68,26,36,43
nek1,470,419,333,453,310,344,358,325,562,335,398,446
nek10,1,0,0,1,0,0,1,2,0,0,0,0
nek11,5,8,10,9,8,3,11,4,12,17,18,9
nek2,197,48,346,40,253,41,304,75,260,58,300,69
nek3,56,30,45,34,39,23,40,29,49,31,25,32
nek4,263,275,320,257,286,273,265,214,369,251,270,258
nek5,12,5,14,6,5,7,11,5,26,4,60,6
nek6,1433,1036,2096,1182,1081,1064,1073,1061,1350,1075,1357,1003
nek7,2134,1581,2338,1634,2182,1512,2217,1446,2421,1291,3344,1467
nek8,178,65,167,74,141,83,161,74,177,64,194,75
nek9,1524,1122,1718,1486,1366,1151,1379,1381,1649,1140,1202,1309
nelfa,195,128,235,184,196,183,153,118,191,139,231,182
nelfb,694,420,838,495,513,411,506,435,661,399,532,439
nelfcd,511,408,556,354,466,451,468,556,566,410,473,386
nelfe,506,416,503,429,525,452,564,373,501,369,565,392
nell1,0,0,0,2,0,1,0,1,0,0,0,0
nell2,0,0,0,1,1,0,2,3,2,0,0,0
nemf,755,1003,1097,1101,852,792,779,868,1198,944,962,979
nenf,556,206,588,289,552,177,529,142,580,212,583,198
neo1,383,350,382,753,360,364,307,451,506,396,215,491
nes,146,61,288,122,115,53,148,92,171,92,205,125
net1,2050,1507,4044,1378,1689,1693,1511,986,1815,1275,1501,1474
neto1,5,0,24,3,0,0,12,0,3,2,5,1
neto2,86,22,41,43,72,14,47,25,76,31,139,11
neu1,1403,690,1146,776,1404,752,1165,769,1453,642,1846,685
neu2,45,39,28,28,33,31,20,16,50,21,33,34
neu3,123,74,148,112,187,97,222,43,177,85,259,112
neu4,0,0,0,0,1,0,1,0,1,0,0,3
neurl1b,78,21,131,17,111,15,98,31,102,43,112,33
neurl2,45,23,28,35,27,21,30,30,60,15,54,22
neurl3,408,179,419,269,390,155,336,189,484,222,359,231
neurl4,334,241,365,333,351,252,312,268,383,246,304,341
neurod1,1,0,0,2,0,0,0,0,0,1,0,0
neurod2,0,0,0,0,0,1,0,1,1,1,0,0
neurod4,0,0,0,0,0,0,0,0,0,0,0,0
neurod6,3,2,4,3,3,0,5,5,6,2,5,7
neurog1,0,0,0,0,0,0,0,0,0,0,0,0
neurog2,0,0,0,0,0,0,0,0,0,0,0,0
neurog3,0,0,0,0,0,0,0,0,0,0,0,0
nexn,45,57,79,79,49,40,114,24,79,25,57,46
nf1,862,793,1248,1105,823,948,1151,949,1222,822,1224,1131
nf2,528,401,554,583,524,378,524,424,599,457,368,474
nfam1,214,101,150,168,183,94,221,109,258,121,88,136
nfasc,45,80,58,99,33,67,58,49,83,50,56,63
nfat5,365,373,636,672,410,409,534,499,638,409,647,540
nfatc1,205,122,173,170,149,101,157,151,208,99,218,124
nfatc2,30,4,41,38,21,11,25,12,42,8,37,17
nfatc2ip,28,32,44,45,22,45,53,44,42,31,35,41
nfatc3,676,691,670,718,582,619,648,662,772,625,716,661
nfatc4,23,9,31,34,27,8,21,5,21,14,11,11
nfe2,51,37,64,25,56,26,35,24,83,24,67,24
nfe2l1,2339,1708,2161,1916,2341,1379,2290,1519,2700,1350,2312,1612
nfe2l2,1842,854,3384,1429,1577,1206,1501,936,2292,935,1384,928
nfe2l3,34,33,85,72,30,33,46,47,76,50,36,52
nfia,671,728,829,1074,631,775,643,848,725,644,772,849
nfib,1438,1923,1491,2614,1543,1975,1495,1861,2068,1691,2064,2036
nfic,713,439,617,891,597,483,630,471,496,433,299,475
nfil3,202,605,340,499,340,438,528,172,146,382,554,571
nfix,583,481,404,865,420,597,393,680,445,528,389,654
nfkb1,884,505,1009,709,741,541,838,487,871,534,657,602
nfkb2,634,129,457,201,587,124,492,97,541,138,412,148
nfkbia,1000,587,974,846,1076,842,1063,660,1742,750,976,570
nfkbib,339,215,267,218,268,219,246,182,258,196,183,195
nfkbid,16,3,25,19,12,5,33,4,37,12,19,10
nfkbie,267,55,113,104,309,69,180,58,215,47,191,59
nfkbil1,181,85,139,79,136,70,134,84,134,93,198,79
nfkbiz,414,416,416,323,298,166,350,244,464,296,316,230
nfrkb,245,190,354,231,212,215,248,228,346,213,300,216
nfs1,1410,1333,1222,1260,1457,1299,1352,1207,1809,1333,1484,1307
nfu1,466,453,323,405,440,412,434,377,476,406,296,437
nfx1,1114,1036,1494,911,1054,1066,1017,1213,1445,1018,1315,1093
nfxl1,408,336,528,472,435,370,444,378,609,320,530,361
nfya,210,133,268,229,217,135,245,121,262,114,225,192
nfyb,515,714,878,719,586,605,584,631,702,658,511,771
nfyc,350,323,373,330,327,299,298,285,448,325,347,336
ngb,2,5,2,3,3,0,1,1,3,2,1,0
ngdn,388,440,386,495,366,388,425,362,526,427,393,450
ngef,732,331,1148,323,439,334,371,456,708,401,554,344
ngf,317,37,651,46,197,29,236,45,409,43,102,39
ngfr,93,119,65,108,67,76,105,76,104,96,72,100
ngly1,1085,1377,885,1167,1155,1160,1117,1080,1530,1126,784,1301
ngrn,338,353,322,338,300,279,247,276,348,361,291,340
nhej1,112,57,131,62,107,61,86,56,143,61,146,74
nhlh1,0,0,1,0,0,0,0,0,0,0,0,0
nhlh2,3,4,3,1,1,11,0,8,1,7,1,10
nhlrc1,25,24,32,25,16,23,19,20,12,21,9,23
nhlrc2,565,313,567,409,543,388,504,363,669,295,672,389
nhlrc3,520,319,681,370,500,411,498,438,617,372,521,381
nhlrc4,2,3,7,2,2,3,1,3,4,2,2,2
nhp2,622,306,591,325,614,314,609,352,613,356,705,324
nhs,13,4,210,15,9,3,19,8,22,6,19,2
nhsl1,200,160,236,315,186,152,229,151,231,166,318,201
nhsl2,95,51,100,116,71,47,90,77,111,65,134,72
nicn1,316,315,300,326,275,278,293,281,463,298,342,267
nid1,3005,374,7686,661,1203,439,2450,425,1892,402,2506,435
nid2,226,130,382,171,240,121,220,95,244,112,402,163
nif3l1,409,387,682,442,509,334,503,275,593,409,692,391
nifk,618,601,930,657,656,610,718,595,1019,650,1033,628
nim1k,58,81,50,72,64,69,44,106,86,93,75,54
nin,275,155,474,230,263,162,311,165,404,180,371,189
ninj1,1692,1793,2013,1715,1645,1713,1692,1550,1842,1826,1209,1681
ninj2,0,0,1,0,0,0,0,0,0,0,1,0
ninl,76,20,104,77,107,41,63,28,154,43,94,41
nip7,579,361,519,442,502,475,443,390,597,426,664,408
nipa1,134,59,173,95,143,82,149,75,176,80,111,92
nipa2,739,725,1078,686,639,627,847,667,888,631,810,722
nipal1,941,7,605,60,280,170,1067,141,385,78,1654,101
nipal2,29,1,40,2,18,4,15,34,38,7,38,10
nipal3,273,220,287,215,255,243,249,261,319,219,288,255
nipal4,2,3,9,3,1,3,5,5,12,3,7,10
nipbl,1519,1261,1754,1754,1341,1423,1606,1422,1929,1292,1917,1439
nipsnap1,4835,4243,2762,3737,5324,4156,4535,3176,6003,3903,3625,4539
nipsnap3a,0,0,0,0,0,0,0,0,0,0,0,0
nipsnap3b,1590,1334,1219,1151,1769,1215,1484,1041,2019,1242,2004,1220
nisch,1824,1219,2817,1726,1661,1396,1954,1471,2544,1433,2105,1634
nit1,2384,1624,2885,1552,2242,1730,2014,1518,2470,1542,2642,1737
nit2,2507,3533,1571,3152,2467,3335,1964,2783,2949,3371,1236,3273
nkain1,12,12,21,6,4,10,6,4,8,2,7,7
nkain2,4,3,6,5,3,5,11,2,15,3,5,4
nkain3,13,9,26,15,12,3,13,5,18,7,16,14
nkain4,71,31,17,304,17,23,34,64,70,59,3,35
nkap,299,239,233,301,234,269,259,248,365,252,224,262
nkapl,12,12,21,14,7,10,5,7,7,15,12,4
nkd1,91,72,450,183,86,116,59,78,81,93,40,70
nkd2,33,15,28,32,34,15,29,14,48,9,38,14
nkg7,32,10,64,17,40,13,21,8,45,10,47,16
nkiras1,339,413,399,396,353,341,417,328,504,356,294,420
nkiras2,470,279,507,291,464,255,408,265,495,235,418,297
nkpd1,0,0,1,0,0,0,4,0,0,0,1,0
nkrf,75,64,87,90,73,80,102,80,108,58,86,74
nktr,995,984,1996,1377,716,918,1098,1125,1577,1206,887,1369
nkx1-2,5,2,6,4,2,5,4,0,8,4,5,4
nkx2-1,0,0,2,1,0,0,1,0,2,0,1,0
nkx2-2,0,0,0,0,0,0,0,2,0,0,0,1
nkx2-3,1,1,0,3,0,1,1,1,0,1,2,3
nkx2-4,0,0,0,0,0,0,0,0,0,0,0,0
nkx2-5,0,0,1,0,0,0,0,0,0,0,0,0
nkx2-6,4,7,35,12,5,8,3,6,13,7,3,19
nkx3-1,0,0,0,1,0,0,0,0,3,0,3,0
nkx3-2,0,0,0,3,0,0,0,0,0,0,0,0
nkx6-1,1,1,5,0,1,0,0,1,1,2,0,0
nkx6-2,2,0,1,4,1,0,1,0,1,3,1,2
nkx6-3,0,0,0,0,0,0,0,0,0,0,0,1
nle1,86,31,110,66,52,63,81,60,102,70,73,74
nlgn1,5,3,7,8,3,3,3,3,4,0,2,4
nlgn2,41,16,65,35,42,11,43,23,53,19,51,20
nlgn3,9,7,16,14,9,6,15,19,16,22,8,13
nlk,217,198,411,250,246,199,204,236,274,235,252,225
nln,893,595,915,525,841,577,961,679,1205,589,998,650
nlrc3,31,26,68,50,35,19,41,24,71,25,53,36
nlrc4,60,18,73,43,51,27,66,39,88,23,49,33
nlrc5,612,465,887,375,423,370,503,456,892,400,672,469
nlrp10,5,7,22,8,9,7,17,6,19,4,20,6
nlrp12,889,705,855,506,285,678,743,849,386,734,419,1047
nlrp14,0,0,0,0,0,0,0,0,0,0,0,0
nlrp2,0,0,0,1,0,0,1,1,0,2,0,1
nlrp3,60,20,51,39,53,20,58,33,86,35,41,33
nlrp5,6,5,5,2,4,0,3,2,2,1,1,4
nlrp6,840,1116,932,1154,943,1087,875,1193,1282,1408,887,1275
nlrx1,234,158,223,197,154,172,174,156,157,164,116,175
nmb,7,8,22,10,13,2,11,2,15,5,11,7
nmbr,0,0,0,1,0,0,0,1,0,2,0,0
nmd3,489,522,597,538,525,558,552,645,742,570,608,545
nme1,1428,1112,1913,1269,1427,1213,1557,1188,1609,1409,1422,1422
nme2,6809,5440,7526,5741,6564,5360,7226,4898,7019,5961,7628,5473
nme3,246,278,221,305,298,352,299,289,382,254,516,259
nme4,59,54,61,42,56,62,62,51,78,63,83,42
nme5,6,3,12,2,9,0,8,0,12,2,29,0
nme6,299,351,567,419,243,238,331,242,288,274,290,377
nme7,244,146,274,163,329,131,275,222,393,157,500,160
nme8,0,0,0,1,0,0,0,0,2,0,0,0
nme9,4,1,2,0,0,1,0,1,4,0,0,0
nmi,499,545,704,397,534,504,478,472,852,547,661,464
nmnat1,299,300,281,222,342,276,275,283,395,314,287,311
nmnat2,16,8,9,15,11,6,9,8,19,9,4,8
nmnat3,122,123,80,113,131,142,99,145,161,112,123,113
nmral1,204,203,230,205,244,255,230,175,254,210,305,178
nmrk1,621,233,475,235,473,279,392,528,615,268,485,314
nmrk2,10,21,21,18,4,5,22,7,15,10,7,7
nms,0,0,0,0,0,0,0,0,0,0,0,0
nmt1,1599,1344,1597,1448,1599,1288,1705,1242,1986,1466,1849,1312
nmt2,670,481,967,468,525,351,645,517,906,424,823,518
nmu,0,0,1,0,0,0,1,0,0,0,0,0
nmur1,0,0,0,1,1,0,0,0,0,1,1,0
nmur2,0,0,0,0,0,0,0,0,0,0,0,0
nnat,22,18,57,15,17,11,14,9,21,23,16,16
nnmt,1063,3727,1014,3566,1674,3597,1657,4332,2049,3456,374,2875
nnt,2579,1981,3080,2326,2388,1934,2524,1899,2624,1761,2027,2411
noa1,159,114,106,121,135,125,107,110,142,106,101,122
nob1,166,95,229,130,151,119,210,122,205,96,150,135
nobox,0,0,0,0,0,0,0,0,0,0,1,0
noc2l,599,408,700,474,449,466,470,457,586,482,452,507
noc3l,206,163,292,223,232,180,253,182,351,213,310,239
noc4l,190,159,229,187,181,161,185,153,214,161,216,173
noct,2033,3790,5641,7029,3218,6393,4490,2194,4120,2151,2663,2296
nod1,464,258,433,400,421,223,354,306,489,212,289,265
nod2,20,9,41,19,23,13,14,16,50,17,23,16
nodal,17,8,16,3,23,11,17,14,24,16,16,7
nog,1,1,1,2,1,0,1,0,0,0,0,0
nol10,102,77,167,118,83,82,103,88,132,91,90,118
nol11,426,365,508,381,415,395,440,439,632,357,479,415
nol12,249,138,304,158,184,119,187,131,237,141,285,150
nol3,86,31,191,33,89,28,84,29,173,28,138,26
nol4,0,6,3,4,2,1,1,0,4,4,1,3
nol4l,60,22,159,41,54,18,86,43,94,19,108,28
nol6,340,270,427,369,326,279,329,274,363,259,306,310
nol7,775,737,882,838,837,804,705,644,886,743,817,748
nol8,434,363,682,619,430,483,477,449,619,511,533,521
nol9,339,198,535,318,259,325,310,346,388,243,326,308
nolc1,467,299,608,519,424,391,467,355,568,391,450,467
nom1,620,594,776,650,682,649,640,692,980,627,944,636
nomo1,889,503,1559,811,638,598,790,791,689,670,535,800
nono,2489,1936,2490,1906,2290,1930,2168,1810,3268,2161,1882,2050
nop10,1134,892,1034,972,1156,914,948,740,1288,882,991,933
nop14,364,242,448,306,341,294,348,296,476,263,589,254
nop16,459,529,677,513,486,434,435,382,529,508,462,501
nop2,431,254,570,374,414,327,419,336,518,344,327,295
nop56,595,394,1135,509,496,497,670,511,908,535,726,477
nop58,770,473,1679,707,708,600,892,565,1229,518,1423,709
nop9,438,378,410,401,432,401,433,422,514,362,288,331
nos1,5,7,24,16,3,5,18,11,10,4,3,9
nos1ap,62,55,83,42,54,30,52,52,68,39,50,38
nos2,13,4,42,4,14,4,11,1,21,4,33,6
nos3,120,64,162,77,110,85,141,46,122,44,112,70
nosip,415,294,416,306,347,321,366,279,374,308,321,266
nostrin,883,604,1331,487,742,480,921,522,1106,570,1389,606
notch1,915,412,894,630,625,519,776,414,878,404,826,396
notch2,1930,1246,2303,1737,1707,1271,2082,1433,2401,1431,1700,1509
notch3,81,29,195,73,83,22,124,41,113,35,123,32
notch4,143,46,311,62,96,47,130,43,145,40,277,68
noto,0,0,0,0,0,0,0,1,0,0,0,0
notum,144,467,425,442,315,486,193,519,287,551,125,470
nova1,2,4,1,17,0,0,2,2,2,1,0,6
nova2,8,7,17,23,16,15,20,6,18,10,15,7
nox1,2,1,5,3,4,2,4,3,4,3,2,1
nox3,0,0,0,0,0,0,0,0,0,0,0,0
nox4,417,1180,352,1258,611,1258,490,1169,1124,1055,773,1442
noxa1,41,19,82,13,59,9,109,19,66,20,52,17
noxo1,21,2,14,6,21,5,13,7,25,11,7,2
noxred1,2,4,8,0,3,4,0,3,5,3,3,2
npas1,2,1,7,1,8,5,1,3,5,4,5,2
npas2,34,73,56,37,56,37,61,10,21,18,73,82
npas3,6,2,4,4,1,1,6,4,3,6,1,2
npas4,1,0,0,0,2,0,0,0,0,0,0,0
npat,290,218,350,247,240,291,286,328,412,250,321,278
npb,29,5,34,3,41,8,42,6,56,3,159,2
npbwr1,2,4,5,1,0,2,2,6,2,4,5,0
npc1,2346,1636,2792,1877,1910,1886,1856,2327,3134,2116,1892,1891
npc1l1,7,0,7,1,2,0,3,1,6,1,1,1
npc2,3105,1457,2803,1783,2909,1480,2809,1399,3154,1463,2128,1677
npdc1,512,56,662,109,269,45,389,71,426,62,369,55
npepl1,1108,677,992,731,873,695,784,550,1054,598,814,648
npepps,448,322,495,423,475,322,507,353,524,292,434,433
npff,3,2,11,5,2,0,9,4,9,4,8,8
npffr1,9,15,10,31,11,16,10,14,25,15,14,27
npffr2,0,0,0,1,2,0,0,0,0,0,1,0
nphp1,209,62,206,79,202,102,183,83,237,92,256,83
nphp3,95,120,151,150,123,123,116,146,141,141,108,136
nphp4,3,2,4,1,2,0,5,1,5,4,5,0
nphs1,5,2,9,4,11,1,3,37,9,11,3,20
nphs2,0,0,7,6,0,0,1,0,0,0,1,0
npl,99,54,82,76,92,59,98,42,108,42,75,66
nploc4,1741,1220,1712,1491,1680,1355,1734,1599,1816,1411,1274,1570
npm1,4212,3418,4375,3359,4218,3331,4404,2913,5312,3221,4640,3343
npm2,1,1,1,2,2,1,2,1,3,0,2,0
npm3,294,273,275,305,292,284,304,220,298,261,356,244
npnt,31,5,36,9,35,0,36,1,46,11,80,5
nppa,1,0,0,1,0,1,0,0,0,0,2,0
nppb,0,0,0,0,0,0,0,0,0,0,0,0
nppc,2,0,0,0,0,0,0,0,1,0,1,0
npr1,365,268,245,525,301,293,296,213,249,220,128,301
npr2,124,605,318,757,270,560,191,738,286,720,106,509
npr3,89,76,87,110,130,42,135,84,165,70,207,82
nprl2,218,297,215,313,217,298,217,240,330,280,238,260
nprl3,240,205,312,185,284,204,252,246,298,214,222,186
nps,0,0,0,0,0,1,0,0,0,0,0,0
npsr1,0,0,0,0,0,0,0,0,0,0,0,0
nptn,1300,978,1418,1211,1234,885,1316,928,1684,917,1252,949
nptx1,3,3,68,2,15,8,5,4,13,2,5,1
nptx2,2,0,4,0,1,0,1,0,1,0,0,3
nptxr,23,2,28,26,17,12,21,6,20,9,18,13
npvf,0,0,0,0,0,0,0,0,0,0,0,0
npw,0,0,0,0,0,0,0,0,0,0,0,0
npy,0,0,14,1,2,0,2,1,3,2,1,4
npy1r,23,14,23,37,23,12,16,11,23,18,9,24
npy2r,0,0,0,1,0,0,0,1,0,0,0,0
npy4r,1,0,0,1,2,0,4,0,0,2,0,4
npy5r,0,0,0,0,0,0,0,0,0,0,0,0
nqo1,1876,121,2836,125,1383,89,2711,100,1526,62,2125,90
nqo2,2364,2657,2949,2284,2496,2499,2019,2072,2895,2606,1508,3349
nr0b1,0,0,0,0,0,0,0,0,0,0,0,0
nr0b2,286,449,456,823,451,207,336,294,491,819,539,413
nr1d1,581,246,436,496,332,422,181,597,501,661,204,483
nr1d2,2531,1419,2025,2084,1541,1743,1385,3000,3532,2157,1174,1402
nr1h2,533,376,662,434,501,376,562,371,567,376,439,354
nr1h3,2699,1920,2318,2107,2371,1936,2086,1782,2361,2095,1385,2007
nr1h4,1884,1932,1212,2016,2156,2236,1333,3032,2731,2124,1691,1438
nr1i2,1635,1107,1238,925,1424,897,1740,768,2274,1187,1701,1336
nr1i3,876,1146,1173,1140,786,1006,990,1487,1382,794,2103,1021
nr2c1,232,249,314,233,228,335,259,312,337,291,239,280
nr2c2,840,610,851,765,715,685,830,791,904,584,668,755
nr2c2ap,144,101,163,113,165,97,130,69,184,94,167,91
nr2e1,0,0,0,1,0,0,1,1,0,1,0,1
nr2f1,14,13,13,24,18,6,12,15,11,8,3,10
nr2f2,410,349,446,573,351,387,268,471,476,364,235,371
nr2f6,1406,1440,1149,1303,1411,1459,1036,1236,1249,1201,1147,1200
nr3c1,2524,2786,2465,2996,2428,2762,2374,2794,3518,2782,2880,2778
nr3c2,466,314,387,321,310,399,226,608,628,359,333,373
nr4a1,40,51,69,213,25,47,72,36,51,212,72,40
nr4a2,12,9,23,18,9,10,12,6,14,12,7,12
nr4a3,7,3,7,31,9,3,14,3,11,4,16,5
nr5a1,0,0,8,0,0,0,0,0,0,0,9,2
nr5a2,1462,1559,2041,1578,1695,1505,1416,1484,2051,1755,1936,1643
nr6a1,170,227,219,200,148,219,158,218,286,319,188,214
nrap,46,82,68,74,8,8,175,19,12,9,3,6
nrarp,69,20,155,28,59,23,66,25,71,20,150,11
nras,921,649,1082,659,868,508,842,669,1193,605,901,690
nrbf2,342,344,384,415,382,446,467,299,436,307,430,336
nrbp1,1391,1204,1158,1168,1412,1056,1206,1213,1696,1110,1615,1023
nrbp2,289,323,464,346,211,379,316,391,319,291,517,345
nrcam,5,6,13,6,4,3,11,4,10,9,3,6
nrde2,284,263,254,246,244,229,227,216,325,291,210,220
nrep,324,189,245,304,213,164,137,594,586,185,194,238
nrf1,262,190,370,206,241,232,294,271,346,232,237,246
nrg1,281,17,358,32,129,14,133,10,194,10,193,11
nrg2,11,5,14,5,38,5,12,2,45,2,65,9
nrg3,0,3,5,1,2,1,0,7,2,3,2,7
nrg4,322,107,486,115,188,143,325,171,308,119,375,96
nrgn,17,3,9,25,11,3,17,10,11,3,7,5
nrip1,655,466,759,598,503,440,749,393,685,423,711,500
nrip2,70,10,151,16,86,7,51,9,64,6,45,5
nrip3,5,3,14,6,15,1,5,2,7,3,5,1
nrk,5,1,6,6,4,4,2,7,6,7,1,1
nrl,1,0,0,1,0,0,1,0,0,0,1,0
nrm,38,9,66,17,28,12,39,17,48,18,40,12
nrn1,4772,5454,7051,5202,3431,5969,2850,4172,3859,4835,1525,5083
nrn1l,2,0,0,1,1,0,1,1,0,0,0,1
nrp1,2176,2924,2014,2958,1807,3030,1924,3046,3079,2662,3089,2474
nrp2,566,537,553,671,635,463,544,353,673,329,451,416
nrros,312,151,364,256,263,142,289,143,443,184,255,221
nrsn1,0,0,0,0,0,0,0,1,0,0,0,0
nrsn2,0,0,1,0,0,0,0,1,0,0,0,0
nrtn,7,19,3,11,4,6,10,8,3,10,17,8
nrxn1,254,223,451,297,527,287,577,216,721,216,991,219
nrxn2,137,22,94,51,152,27,126,17,127,27,127,20
nrxn3,6,4,9,8,7,4,10,6,16,8,5,10
nsa2,1828,1900,2358,2035,1908,1927,1865,1720,2111,1848,1687,1890
nsd1,1941,1754,2941,2170,1956,2006,2168,2404,2758,2174,1918,2475
nsdhl,1615,1177,1460,1047,1608,1944,1200,1976,2223,1417,792,1828
nsf,588,404,574,488,520,420,610,424,581,400,493,452
nsfl1c,1401,1146,1295,1093,1460,953,1318,937,1812,1174,1213,1049
nsg1,43,24,29,46,25,32,41,23,46,17,28,44
nsg2,1,1,5,5,4,6,0,2,1,8,3,1
nsl1,43,8,45,19,32,6,41,17,37,30,40,32
nsmaf,678,543,715,622,619,573,643,571,919,575,650,575
nsmce1,391,311,474,282,345,293,392,258,455,254,436,261
nsmce2,241,140,274,150,237,181,242,165,276,158,334,163
nsmce4a,725,809,669,735,724,767,733,752,886,700,746,750
nsmf,1868,1734,2178,1840,1720,1847,1624,1591,1820,1715,1898,1746
nsrp1,287,281,393,253,285,237,349,273,504,222,407,276
nsun2,1683,1827,2278,1941,1794,1884,1624,2050,1793,2031,1317,2063
nsun3,281,311,254,361,287,336,245,266,311,344,192,302
nsun4,352,391,359,363,442,376,374,441,494,372,493,418
nsun5,199,137,165,189,227,187,182,157,254,142,226,177
nsun6,113,92,120,95,82,82,95,90,194,106,152,102
nsun7,12,16,20,22,15,5,13,13,28,28,16,18
nt5c,624,380,583,342,561,365,636,359,691,358,715,306
nt5c1a,2,1,0,1,0,0,0,0,1,0,1,0
nt5c1b,2,0,0,0,0,0,1,0,0,0,0,0
nt5c2,467,263,561,288,540,275,515,267,633,265,1113,291
nt5c3b,159,61,140,77,102,74,115,75,176,80,137,54
nt5dc1,439,448,391,505,512,464,475,420,622,467,495,500
nt5dc2,92,51,118,53,65,54,62,52,106,45,173,68
nt5dc3,244,176,314,290,169,231,303,253,298,270,174,268
nt5e,876,171,1642,204,283,169,1281,155,584,134,1008,207
nt5m,163,136,171,140,219,150,177,130,184,113,187,177
ntan1,440,346,358,317,381,265,368,264,567,266,309,366
ntf3,17,8,16,20,19,17,20,6,14,7,51,6
nthl1,118,109,74,86,133,78,115,65,136,101,161,66
ntm,15,31,17,37,25,31,23,26,25,35,23,40
ntmt1,274,124,252,138,223,111,215,123,282,108,250,130
ntn1,299,229,222,404,347,328,378,322,423,243,183,323
ntn4,638,255,412,271,403,213,419,255,330,202,353,242
ntn5,0,0,0,0,0,0,0,0,0,0,0,0
ntng1,1,1,2,0,0,0,0,1,1,0,1,2
ntng2,54,29,46,71,43,31,52,25,43,29,33,32
ntpcr,250,113,151,139,249,125,214,103,203,105,183,109
ntrk1,0,10,0,3,4,4,1,4,5,5,0,3
ntrk2,288,35,257,59,376,62,198,24,355,27,54,19
ntrk3,32,24,74,35,32,13,39,24,49,29,46,47
nts,8,1,10,7,10,0,14,1,11,3,5,1
ntsr1,1,0,0,0,0,0,0,0,0,0,0,0
ntsr2,0,0,0,0,0,0,0,1,0,0,0,0
nuak1,140,90,136,158,159,75,129,77,169,67,89,69
nuak2,175,177,242,245,174,149,166,250,230,248,102,163
nub1,1147,766,1198,810,1146,771,1020,771,1388,790,1331,763
nubp1,736,379,632,430,640,426,539,380,709,339,471,362
nubp2,556,462,468,416,562,404,551,364,602,454,730,517
nubpl,289,273,234,259,315,280,254,265,370,266,295,263
nucb1,3380,1861,3850,2708,2625,1937,3017,1983,2668,2018,2681,2347
nucb2,541,118,965,282,394,77,441,530,518,314,756,279
nucks1,3451,2492,3908,2796,3271,2566,3565,2772,3611,2282,4014,2794
nudc,1022,891,1012,953,1007,872,1016,868,1181,1067,992,907
nudcd1,728,715,1100,726,749,530,775,535,950,619,1404,692
nudcd2,720,580,787,638,728,501,707,493,807,546,615,546
nudcd3,713,456,694,545,645,452,654,500,798,467,656,479
nudt1,334,318,302,262,444,353,365,248,463,310,616,328
nudt10,2,1,3,3,6,1,1,0,35,0,1,1
nudt11,9,5,11,7,18,2,9,2,143,3,13,1
nudt12,1707,1734,1329,1575,1922,1420,1661,1513,2323,1499,2935,1558
nudt13,187,153,183,163,287,179,273,166,341,165,199,161
nudt14,182,144,150,155,194,163,156,132,185,152,142,155
nudt15,56,43,54,35,33,50,45,37,61,38,37,45
nudt16,148,182,148,244,161,190,129,215,237,158,111,152
nudt16l1,339,229,240,232,288,272,252,223,407,197,213,229
nudt17,8,0,5,8,4,3,11,4,9,2,6,4
nudt18,319,69,330,100,207,108,247,79,320,102,247,64
nudt19,949,800,950,858,1038,775,907,697,1281,665,1245,795
nudt2,313,294,288,268,310,286,297,296,409,303,311,294
nudt21,537,555,539,521,441,528,477,462,558,448,603,510
nudt22,186,178,155,188,188,162,154,164,162,193,133,177
nudt3,599,349,560,468,516,345,549,479,622,384,515,432
nudt4,4213,2920,3725,3193,3878,3466,4701,2692,5001,2744,3934,3137
nudt5,807,504,1357,557,676,540,771,548,1026,644,1079,598
nudt6,59,103,65,82,104,79,95,67,99,72,43,84
nudt7,3126,21223,1436,20583,3702,19547,1487,27574,5741,24018,1280,21647
nudt8,392,280,350,299,388,256,315,275,390,271,276,228
nudt9,767,470,543,484,799,542,683,419,922,490,1148,512
nuf2,76,9,116,12,114,5,131,20,96,18,103,11
nufip1,346,215,336,243,243,222,276,249,342,204,212,245
nufip2,1366,1100,2099,1211,1277,1196,1531,1315,2125,1014,1552,1415
nuggc,8,1,10,1,9,2,6,2,21,3,8,2
numa1,1478,1073,1745,1352,1228,1033,1516,1091,1748,1136,1209,1284
numb,705,606,805,777,602,707,524,590,704,614,460,705
numbl,87,28,174,62,55,20,65,37,84,24,93,39
nup107,136,167,252,161,156,151,187,138,231,166,203,154
nup133,419,233,395,272,354,322,335,308,390,248,390,307
nup153,843,634,1253,767,761,840,914,769,1130,625,781,835
nup155,721,686,1093,673,800,703,844,735,1217,766,1389,848
nup160,334,285,557,308,271,316,334,310,454,297,399,335
nup188,220,149,386,220,190,144,261,154,274,136,240,175
nup205,674,465,899,557,641,475,785,498,857,516,653,537
nup210,310,300,257,407,339,367,314,445,466,428,269,446
nup210l,9,8,26,5,5,9,16,13,14,14,10,8
nup214,277,185,380,289,263,235,332,277,395,210,335,230
nup35,189,131,277,164,156,142,189,107,269,151,235,146
nup37,174,156,159,116,159,138,123,128,201,146,156,116
nup43,101,94,129,91,129,86,131,100,137,97,106,94
nup50,984,567,1198,678,858,596,780,807,1057,640,880,653
nup54,440,384,656,424,536,471,471,474,670,364,588,458
nup62,201,145,351,157,205,139,230,145,231,178,189,157
nup62cl,28,3,43,2,27,0,13,8,18,2,58,4
nup85,398,329,396,344,399,350,414,340,467,348,421,379
nup88,726,747,1014,769,823,695,925,745,1237,739,1125,821
nup93,286,102,295,112,182,117,243,141,219,103,311,121
nup98,1017,814,1887,1011,882,867,1179,1008,1284,824,1249,1032
nupr1,495,43,256,162,234,27,111,1604,183,570,169,445
nus1,980,897,1448,1200,900,812,1151,909,1077,889,1219,884
nusap1,113,23,228,40,143,22,188,37,165,41,140,31
nutf2,132,82,124,113,126,73,102,90,134,87,137,83
nutm1,0,0,0,0,0,0,0,0,0,0,0,0
nvl,654,574,1352,630,773,561,846,572,956,604,1019,610
nwd1,11,2,10,3,5,2,5,4,9,4,11,6
nwd2,10,14,3,9,12,7,3,11,15,9,14,11
nxf1,1345,963,1629,1056,1313,969,1395,1028,1630,1091,1011,1039
nxf2,1,1,2,0,0,0,1,1,2,0,0,0
nxf3,0,0,0,0,1,0,0,0,0,0,0,0
nxn,384,43,776,106,92,37,254,43,100,39,293,65
nxnl1,4,2,5,4,2,4,5,3,2,3,1,4
nxnl2,4,1,1,5,1,0,2,1,3,2,3,1
nxpe2,60,528,415,510,191,487,190,410,95,434,36,423
nxpe3,25,12,29,31,25,20,21,8,34,11,35,17
nxpe4,78,50,60,49,63,37,72,50,84,34,87,33
nxph1,11,5,14,39,4,3,7,1,12,4,0,4
nxph2,1,0,1,0,0,0,0,3,0,0,0,2
nxph3,3,0,0,5,1,0,2,1,3,2,1,1
nxph4,0,0,2,0,0,0,0,0,0,1,1,1
nxt1,175,130,246,154,205,152,167,152,268,122,217,135
nxt2,517,729,374,622,609,728,457,566,758,559,354,795
nyap1,3,2,5,5,2,3,3,2,2,1,6,7
nyap2,2,2,1,0,2,0,3,4,6,6,1,0
nynrin,105,51,94,156,68,50,83,70,101,57,46,71
nyx,18,14,30,14,21,12,20,17,27,20,21,31
oaf,2217,4085,2461,4398,2773,4538,1976,3797,3168,5193,1233,3972
oard1,481,412,388,376,436,381,453,347,579,424,772,416
oas2,69,44,138,39,97,39,103,52,133,59,79,57
oas3,149,59,179,54,190,54,143,79,177,90,141,59
oat,2927,24006,15615,23377,5757,22203,5379,23344,8764,20538,954,21087
oaz1,4652,4802,4036,5090,4981,4374,4572,3803,4518,4083,2671,4192
oaz2,604,467,693,531,557,393,528,440,670,424,570,425
oaz3,11,5,11,6,5,5,8,9,12,6,6,3
obp2a,4,33,5,39,23,34,23,65,75,69,3407,43
obp2b,0,0,0,0,0,0,0,0,0,0,0,0
obscn,30,84,89,99,8,11,135,26,32,6,12,5
obsl1,57,19,49,50,48,20,73,19,59,19,28,17
oc90,1,1,2,0,1,0,2,0,2,1,1,1
oca2,0,1,5,1,0,2,0,2,2,1,3,1
ocel1,352,394,450,306,350,278,329,291,454,295,436,296
ociad1,2137,1816,2196,1712,2198,1878,2079,1677,2849,1893,2708,2009
ociad2,852,734,830,726,891,656,718,618,1058,720,794,720
ocln,801,739,586,623,605,632,434,524,901,905,807,517
ocm,0,0,0,0,0,0,0,0,0,0,1,0
ocrl,161,149,218,149,171,161,194,175,194,114,120,154
ocstamp,343,46,3775,35,148,51,180,38,191,50,641,49
odam,0,0,0,0,0,0,0,0,0,0,0,0
odc1,1919,1062,1877,1663,1307,1200,1217,1344,1786,1418,1221,1604
odf1,0,0,0,0,0,0,0,0,0,0,0,0
odf2,271,152,419,177,260,196,303,249,377,198,237,191
odf2l,204,171,280,216,256,209,200,207,311,205,209,209
odf4,0,0,0,0,0,0,0,0,0,0,0,0
ofcc1,0,0,1,0,0,0,0,0,0,0,1,0
ofd1,190,94,164,95,129,94,161,114,239,80,171,98
ogdh,3386,2407,2737,3230,3168,3104,3218,2866,3146,2418,2638,3365
ogdhl,7,6,9,6,5,1,5,3,12,3,10,1
ogfod1,373,288,399,347,309,295,333,324,394,239,361,312
ogfod2,384,343,353,372,443,342,372,357,499,360,446,289
ogfod3,103,61,100,82,121,79,101,73,130,68,115,95
ogfr,1104,790,1454,850,957,799,1006,880,1331,881,869,763
ogfrl1,320,456,283,578,368,415,395,429,452,461,375,566
ogg1,129,62,98,89,77,49,78,47,105,67,77,51
ogn,195,178,89,540,117,120,128,108,186,156,114,135
ogt,1164,1233,1927,1709,1187,1288,1261,1263,2229,1211,1420,1339
oip5,34,6,41,8,23,8,35,13,30,12,37,8
oit3,881,616,477,537,782,750,933,630,833,622,301,711
ola1,796,754,947,763,740,802,768,685,900,781,831,902
olah,1,0,41,0,1,0,2,0,0,0,1,0
olfm1,69,77,47,96,75,68,59,53,65,46,42,50
olfm2,42,6,34,5,44,6,35,5,35,6,56,7
olfm3,150,161,60,140,235,158,149,122,328,133,21,144
olfm4,2,0,1,11,1,0,2,23,4,25,1,13
olfml1,358,455,240,456,401,479,291,450,587,464,453,402
olfml2a,33,8,41,36,36,7,40,12,57,7,48,13
olfml2b,51,22,115,78,45,9,54,13,59,34,66,41
olfml3,386,128,285,262,454,113,343,85,512,139,477,169
olig1,26,36,9,59,61,52,38,26,43,22,1,45
olig2,1,0,0,0,0,0,1,0,0,0,0,0
olig3,1,0,2,1,0,0,2,3,1,0,5,1
olr1,13,2,10,12,3,3,7,12,40,50,13,42
oma1,318,351,321,305,307,272,271,297,461,317,364,385
omd,54,75,23,101,85,99,53,39,177,48,110,82
omg,3,8,13,17,5,9,8,11,22,7,14,12
omp,6,4,40,2,9,4,4,5,17,0,7,2
onecut1,389,1246,505,237,214,311,386,1265,480,150,141,1749
onecut2,867,1498,1323,2028,953,1509,1243,2366,1688,1120,1496,1796
onecut3,2,3,17,13,9,4,7,10,11,14,12,13
ooep,7,7,11,4,4,6,5,16,16,18,7,13
oosp2,0,0,0,0,0,0,0,0,0,0,0,0
opa1,2212,2029,1624,2066,2100,1972,1831,1825,2780,1912,1517,2255
opa3,711,562,854,743,658,513,570,544,702,653,508,650
opalin,1,0,0,0,1,0,2,0,0,0,0,0
opcml,14,9,28,10,12,9,10,22,30,19,12,17
ophn1,189,76,193,128,186,60,166,71,260,66,243,111
oplah,3256,2227,2696,2244,2707,2186,2362,2053,3270,1995,3218,2116
opn1mw,0,0,0,0,0,0,0,0,0,0,0,0
opn1sw,3,3,3,2,1,2,3,4,5,5,2,2
opn3,26,29,74,29,31,24,131,20,47,25,43,35
opn4,0,1,0,0,0,1,0,0,0,0,0,0
opn5,0,0,0,0,0,0,0,0,0,0,0,0
oprd1,3,1,7,5,4,3,3,4,6,2,4,1
oprk1,3,0,0,1,1,0,3,0,5,1,0,3
oprl1,1,1,0,2,0,1,0,0,1,0,0,1
oprm1,0,0,6,2,2,0,3,1,4,0,6,2
optc,10,1,29,2,3,0,13,1,9,1,4,3
optn,1752,1362,2093,1335,1503,1407,1370,1560,2319,1572,1384,1563
orai1,246,135,328,164,222,133,238,179,244,151,328,145
orai2,102,35,166,56,75,25,99,69,94,42,111,59
orai3,508,340,545,376,411,393,388,305,424,298,305,340
orc1,8,7,14,11,2,1,6,6,19,6,19,3
orc2,232,158,313,203,251,179,234,168,300,162,400,183
orc3,640,813,747,743,690,700,605,670,997,791,893,788
orc4,622,648,795,815,642,615,555,490,862,608,823,597
orc5,388,307,362,320,396,329,330,355,523,329,508,338
orc6,152,116,143,109,121,115,132,98,175,87,141,104
orm1,15063,30043,22494,20327,17855,26427,21260,54549,23682,30934,22841,21800
orm2,10280,2600,3639,1319,10193,1870,9695,12433,8539,2556,5306,766
ormdl1,958,904,883,839,1274,909,980,818,1378,825,1788,860
ormdl2,580,889,709,858,680,788,631,769,831,1017,679,876
ormdl3,1722,1552,1632,1583,1971,1372,2018,1073,2019,1474,1495,1484
os9,3257,3702,3865,4156,3106,3814,3428,4045,3960,4225,2355,4213
osbp,1330,1175,1539,1610,1426,998,1288,941,1379,1016,1604,1389
osbp2,23,23,20,16,24,32,18,25,32,18,24,17
osbpl10,105,13,118,7,16,5,52,7,36,5,51,8
osbpl11,477,423,602,439,525,413,600,403,655,501,578,479
osbpl1a,2914,2314,1995,2077,2755,2611,2890,2846,3410,2393,2682,2576
osbpl2,697,531,907,528,592,439,547,593,825,525,597,490
osbpl3,1246,30,1301,46,1280,26,1244,25,1667,26,1874,32
osbpl5,119,44,110,143,132,68,93,47,156,69,105,80
osbpl6,5,7,14,9,7,6,16,11,18,6,6,12
osbpl7,87,31,135,42,79,36,89,39,130,54,150,55
osbpl8,1468,1890,1528,2202,1522,1621,1388,1489,1823,1721,1168,2197
osbpl9,3258,3957,2939,3180,3332,3401,3062,4030,4600,3731,3769,3345
oscar,1,1,2,2,2,0,0,2,3,2,0,1
oscp1,51,14,64,29,41,32,40,39,66,33,57,35
oser1,626,420,590,412,481,428,543,353,669,355,590,539
osgep,371,383,324,329,368,372,342,314,470,347,267,403
osgepl1,458,573,460,519,630,545,469,464,723,497,793,513
osgin1,3537,1129,2919,1156,1642,1215,1166,1414,1470,2999,953,985
osgin2,105,45,104,67,89,20,81,56,130,55,105,63
osm,9,1,7,3,1,0,5,0,15,3,11,6
osmr,470,174,719,364,370,149,515,163,660,208,865,244
osr1,12,7,22,92,6,5,11,5,22,9,0,2
osr2,0,0,0,1,1,0,0,0,0,1,0,0
ost4,1522,888,1622,908,1632,836,1453,853,1695,840,1902,875
ostc,1521,1577,2300,1604,1284,995,1568,1038,1604,1465,1302,1417
ostf1,1313,808,1154,789,1257,710,1356,722,1471,674,1508,778
ostm1,506,471,638,549,555,490,596,575,729,448,561,549
ostn,0,1,2,1,1,2,2,2,2,2,0,3
otc,9538,13632,3355,13267,9819,13324,6333,11078,12568,13090,4126,13684
otoa,10,10,23,17,14,8,12,16,31,17,24,30
otof,0,0,1,0,0,0,0,0,0,0,1,1
otog,5,5,11,3,6,3,4,6,16,5,5,14
otogl,0,0,1,0,1,0,0,0,0,1,1,1
otol1,2,0,0,0,0,0,0,0,0,0,1,1
otop1,0,0,0,1,1,0,0,1,0,0,0,2
otop2,0,0,0,0,0,0,1,0,0,0,0,0
otop3,0,0,1,0,0,0,5,1,0,0,0,2
otor,0,0,0,0,0,0,0,0,0,0,0,0
otos,1,0,3,2,0,0,1,1,3,0,1,0
otp,4,5,6,0,1,0,3,7,2,1,2,1
otub1,799,581,732,616,765,600,739,576,813,549,772,579
otub2,73,63,71,67,78,47,57,42,91,65,53,89
otud1,148,75,152,124,145,73,128,60,200,53,129,84
otud3,127,82,167,118,105,115,136,120,129,100,124,116
otud4,1229,946,1464,1157,1071,1198,1432,1236,1778,912,1513,1273
otud5,827,605,801,592,764,585,722,597,913,568,527,596
otud6a,0,0,0,1,0,0,0,0,0,0,0,0
otud6b,857,976,929,952,847,835,827,877,1142,931,1083,979
otud7a,1,0,9,3,3,3,2,8,6,1,1,3
otud7b,1267,459,1254,726,1126,601,1210,596,1370,556,814,607
otulin,786,804,855,674,789,698,614,919,1013,810,864,699
otx1,1,0,4,0,0,2,6,0,2,1,1,0
otx2,0,0,0,0,0,0,0,0,0,0,0,0
ovca2,264,220,249,292,326,241,274,231,370,301,337,232
ovch2,0,0,0,0,0,1,0,0,0,0,0,0
ovgp1,12,7,36,12,16,8,16,6,31,13,18,8
ovol1,0,0,0,1,1,0,3,6,0,0,1,0
ovol2,5,1,2,0,3,0,0,4,4,0,0,0
ovol3,6,11,2,10,14,9,11,9,10,12,8,7
oxa1l,600,466,525,552,561,582,575,561,673,501,367,584
oxct1,543,302,568,510,520,203,621,242,669,243,485,251
oxgr1,0,0,0,1,0,0,0,0,1,0,0,0
oxld1,145,168,102,152,184,188,150,142,172,115,139,155
oxnad1,501,558,402,509,484,595,511,424,661,526,368,587
oxr1,1855,1745,2109,1875,1939,1910,1775,1949,2502,1922,2685,2016
oxsm,674,615,517,635,609,571,503,540,784,620,437,612
oxsr1,556,640,595,675,456,561,553,531,714,595,496,660
oxt,1,1,0,2,0,0,0,1,0,2,1,0
oxtr,1,1,9,1,1,1,1,2,7,1,1,1
p2rx1,18,4,19,19,19,6,14,100,15,26,14,28
p2rx2,4,0,2,0,1,0,0,0,0,0,2,1
p2rx3,17,5,14,12,17,8,7,18,28,13,24,8
p2rx4,1761,1177,1505,1080,1580,1238,1562,1321,2003,1356,1828,1279
p2rx5,9,7,16,5,17,7,14,5,15,6,10,4
p2rx6,10,8,4,21,6,1,9,2,9,9,5,8
p2rx7,324,104,484,165,198,98,298,102,263,106,358,106
p2ry1,369,196,348,157,349,147,264,137,396,104,270,184
p2ry10,51,41,41,59,39,21,59,12,94,15,84,22
p2ry12,183,86,102,138,176,66,212,73,213,70,132,88
p2ry13,266,129,165,141,276,101,261,129,325,118,132,112
p2ry14,100,41,134,49,122,38,115,67,130,38,122,43
p2ry2,239,115,368,160,165,163,161,217,230,144,165,133
p2ry4,110,203,56,194,113,180,67,166,152,163,39,206
p2ry6,111,36,102,68,96,31,112,41,123,44,121,47
p3h1,413,239,467,337,305,191,322,220,336,245,371,262
p3h2,53,16,55,35,60,29,54,28,87,35,56,36
p3h3,137,78,139,123,130,64,140,67,173,57,126,68
p3h4,72,27,29,105,34,36,58,45,61,67,51,44
p4ha1,410,280,663,594,389,352,633,244,590,419,569,563
p4ha2,75,131,178,145,65,71,89,117,187,154,73,129
p4ha3,4,1,12,5,4,4,11,5,9,6,1,7
p4hb,40522,26226,47190,31053,35694,25957,34951,27252,37585,27706,30474,31032
p4htm,13,5,14,27,10,9,19,11,17,14,10,12
pvrig,10,8,21,11,21,11,22,11,22,5,8,9
pa2g4,1159,1095,1288,1268,1097,1105,1123,1079,1282,1133,992,1188
pabpc1,2425,1473,3380,2201,1715,1598,2029,1622,1882,1284,2125,1674
pabpc1l,3,0,12,2,1,1,0,3,3,0,6,2
pabpc4,730,423,1038,591,475,465,537,685,542,545,518,587
pabpc4l,36,28,17,24,26,21,25,27,36,19,22,18
pabpc5,3,0,0,4,1,1,2,1,3,3,1,1
pabpn1,502,448,754,420,475,433,506,487,669,488,422,421
pabpn1l,0,0,0,0,0,0,0,0,0,0,0,1
pacrg,30,0,4,4,46,2,22,2,64,1,62,0
pacs1,124,49,127,87,95,45,95,59,101,33,84,57
pacs2,485,233,551,349,361,184,363,286,532,272,325,288
pacsin1,4,2,3,3,3,2,1,1,4,3,10,0
pacsin2,2000,953,2870,1215,1484,971,1238,992,1746,1038,1937,1198
pacsin3,1221,659,1336,622,973,666,833,628,1252,592,919,695
padi1,3,0,5,3,0,0,1,1,3,0,0,0
padi2,34,22,60,34,39,12,44,44,37,31,47,35
padi3,1,4,3,1,1,1,5,5,4,5,3,3
padi4,27,2,21,40,12,5,8,10,42,24,14,13
paf1,749,552,925,628,518,636,592,626,704,585,487,615
pafah1b1,2801,2582,2759,2865,2905,2483,2948,2253,3827,2484,3576,2578
pafah1b2,873,723,1313,848,821,751,1020,765,1223,618,959,848
pafah1b3,119,54,236,51,91,43,122,48,149,46,151,40
pafah2,2157,1759,1871,1896,2044,1954,1688,1790,2049,1740,2232,2071
pag1,243,166,299,302,302,210,413,258,309,198,306,254
pah,12264,23602,10170,26932,19360,25656,14458,23689,21919,25807,7295,27909
paics,3724,7404,2862,7912,4606,7018,3930,5587,5937,7126,4921,7144
paip1,1431,1116,1798,1243,1274,1208,1327,1142,1454,1010,1285,1149
paip2,2074,1797,1961,1701,2015,1712,1970,1491,2291,1668,1856,1689
paip2b,701,639,462,742,686,578,606,689,708,675,311,689
pak1,483,49,575,83,343,41,345,63,486,51,504,67
pak1ip1,802,697,1155,621,838,629,743,643,1016,728,816,707
pak2,1238,703,1251,1032,972,817,1121,845,1349,754,1024,813
pak3,20,5,71,5,16,0,11,3,27,4,31,5
pak4,197,133,384,155,192,154,207,126,210,114,161,174
pak6,245,3,162,5,108,5,122,3,307,6,399,2
palb2,33,36,64,20,44,16,59,28,67,31,46,34
pald1,325,271,352,269,307,280,346,278,322,263,386,295
palld,471,429,471,909,415,319,394,308,449,368,491,550
palm,199,53,113,133,154,35,113,35,165,54,69,39
palm3,3,0,6,1,3,1,0,4,10,2,1,1
palmd,904,568,1033,543,675,485,510,495,967,542,582,555
pam,1587,919,1803,1405,1735,992,1755,894,1968,928,1504,948
pam16,283,193,254,283,234,306,280,228,319,246,228,276
pamr1,230,136,245,167,238,128,230,84,343,112,223,108
pan2,335,352,450,351,350,330,323,305,444,357,325,408
pan3,556,441,868,571,617,489,721,510,948,454,868,561
pank1,2980,3996,1642,3556,2926,4013,2293,3581,3392,3497,1322,3703
pank2,726,443,947,576,630,498,650,584,771,432,693,532
pank3,2449,2543,2529,2716,2798,2476,2600,2497,3668,2123,2968,2781
pank4,238,237,297,236,232,236,231,214,307,240,305,272
panx1,105,14,304,44,64,13,170,12,128,16,205,20
panx2,4,2,2,1,5,0,1,2,3,0,2,2
panx3,0,0,0,1,0,0,0,0,0,0,0,0
paox,487,1255,644,1047,884,1355,753,855,1062,1398,398,1361
papln,46,87,33,130,36,163,32,58,40,60,25,77
papola,1635,1715,1811,1949,1561,1703,1512,1830,2010,1741,1569,1891
papolb,0,0,4,0,0,0,0,0,0,0,0,0
papolg,223,231,303,252,260,237,266,260,414,240,356,273
pappa,43,8,27,72,17,10,32,10,45,13,66,23
pappa2,6,8,36,7,6,5,12,8,11,9,5,14
papss1,467,293,360,466,495,291,511,237,484,365,414,278
papss2,2885,3067,2084,3249,3457,4311,3205,3156,3157,3398,2502,4177
paqr3,150,154,190,154,155,112,164,154,219,165,149,184
paqr4,60,21,124,32,61,22,77,22,66,24,92,22
paqr5,7,1,11,5,5,1,3,11,11,10,4,9
paqr6,9,4,11,9,16,6,9,11,25,6,19,1
paqr7,869,539,555,481,783,354,437,448,1051,503,673,406
paqr8,31,10,76,23,30,22,33,16,30,13,20,9
paqr9,1874,3842,1406,4534,1732,4182,1869,4034,2013,2410,856,4205
pard3,1304,1251,1289,1317,1066,1323,1082,1408,1425,1275,1063,1413
pard3b,137,150,136,200,164,219,181,140,331,170,59,226
pard6a,66,65,40,80,54,49,52,41,48,39,72,66
pard6b,159,79,166,140,126,78,99,88,218,96,159,103
pard6g,33,19,31,49,30,15,46,12,29,23,16,14
parg,649,581,683,699,600,554,651,570,900,612,614,691
park7,2156,2369,1836,2154,2415,2275,2210,1724,2616,1817,2545,2084
parl,586,411,454,432,498,427,497,412,677,395,373,397
parm1,77,6,89,20,74,5,47,47,55,18,301,24
parn,509,405,385,427,443,419,394,375,634,394,351,351
parp1,1200,795,1137,892,1122,836,1148,736,1247,797,1064,911
parp10,798,392,884,425,823,451,636,552,1087,396,854,378
parp11,186,127,180,132,188,97,154,137,280,120,167,121
parp12,1529,858,1129,757,1559,905,1314,949,1699,845,960,880
parp14,1907,1295,2265,1393,1993,1401,1788,1552,3123,1447,1647,1484
parp16,332,357,232,483,307,235,238,225,356,233,261,279
parp2,195,192,233,180,191,190,193,126,238,138,213,158
parp3,844,771,1207,614,700,767,775,560,1033,643,898,568
parp4,322,204,378,338,341,327,382,307,473,265,433,291
parp6,169,173,242,179,144,172,144,167,207,152,95,208
parp8,124,42,219,71,95,22,82,40,157,41,81,43
parp9,1465,1812,1251,1494,1638,1359,1320,1577,2312,1773,869,1532
parpbp,25,2,46,5,43,11,41,5,26,2,33,10
pars2,101,71,108,73,92,59,82,59,132,50,115,61
parva,1584,1301,1133,1721,1367,1417,1390,1299,1608,1214,903,1504
parvb,90,42,70,129,70,50,103,35,86,29,65,43
parvg,114,19,139,39,97,34,112,30,128,20,115,36
pask,21,15,95,23,50,11,52,20,86,21,68,22
pate1,1,0,0,0,0,0,0,0,0,0,0,0
pate2,6,1,3,5,3,2,2,2,6,1,1,2
pate3,0,0,0,0,0,0,0,0,1,0,0,0
pate4,0,0,1,1,0,0,0,0,0,0,0,0
patl1,225,128,303,197,197,146,196,155,198,118,221,172
patl2,3,0,1,0,0,0,0,0,5,0,1,2
patz1,148,89,168,114,130,89,199,86,169,65,205,70
pawr,432,142,370,211,290,145,322,182,468,143,380,157
pax1,1,4,3,1,2,2,2,0,5,2,2,7
pax2,0,0,0,1,1,0,0,0,3,0,0,0
pax3,5,7,8,4,1,0,3,5,9,4,1,4
pax4,0,0,0,0,0,0,0,0,0,0,0,0
pax5,25,9,10,19,13,6,15,11,24,10,7,7
pax6,10,22,33,19,12,13,11,14,38,17,18,20
pax7,1,0,0,0,0,0,0,0,1,0,0,0
pax8,6,6,6,10,14,7,3,4,30,3,52,4
pax9,1,9,11,7,1,7,13,6,4,0,1,8
paxbp1,407,359,523,361,385,328,395,395,635,382,448,428
paxip1,256,192,304,252,257,222,286,265,337,213,330,258
pbdc1,391,221,422,237,299,200,323,258,460,242,253,257
pbk,63,7,71,3,94,8,98,13,77,9,102,11
pbrm1,1403,1151,1442,1466,1181,1329,1365,1432,1694,1156,1232,1368
pbx1,296,197,403,420,317,164,319,189,390,173,372,215
pbx2,304,257,332,256,319,202,296,246,361,237,349,235
pbx3,63,37,197,70,66,28,62,71,75,49,58,46
pbx4,13,1,6,5,7,7,13,2,20,2,24,2
pbxip1,376,246,464,353,364,306,454,313,501,237,407,265
pcbd1,3786,3653,3489,3186,3869,3815,3622,3031,4134,3588,2784,3960
pcbd2,197,205,275,221,247,235,231,199,222,218,239,195
pcbp1,895,672,755,1038,697,732,726,580,703,635,599,695
pcbp2,749,600,787,1041,831,732,830,668,912,503,1175,614
pcbp3,33,25,25,24,25,10,14,15,27,10,22,19
pcbp4,210,140,215,155,128,154,147,221,244,142,167,156
pcca,1201,1213,700,1136,1157,1378,1002,1100,1454,1107,744,1329
pccb,1661,2415,906,2765,1557,3009,1433,2167,1822,2157,871,2815
pcdh1,961,872,1197,1202,859,1043,655,1112,934,1010,704,1026
pcdh10,3,6,5,1,2,3,3,4,8,3,3,7
pcdh11x,18,26,7,23,24,21,13,3,17,7,37,9
pcdh12,362,208,308,293,316,302,275,199,366,203,315,273
pcdh15,4,10,9,32,0,7,9,8,15,7,1,7
pcdh17,247,49,372,48,174,35,191,43,256,46,414,49
pcdh18,22,24,40,57,17,27,22,26,66,31,23,41
pcdh19,2,0,13,9,1,1,6,5,10,2,32,4
pcdh20,2,3,1,2,1,1,5,3,8,2,2,0
pcdh7,174,76,163,353,120,85,168,81,192,102,97,105
pcdh8,0,0,0,0,0,0,0,0,0,0,0,0
pcdh9,12,6,16,29,17,4,16,5,28,6,28,4
pcdha1,0,0,0,0,0,0,0,0,0,0,0,0
pcdha11,8,0,9,0,1,0,2,0,3,1,0,1
pcdha12,0,0,3,0,0,0,0,0,0,0,0,0
pcdha2,0,0,0,0,0,0,0,0,0,0,0,0
pcdha3,0,0,0,0,0,0,2,0,1,0,2,0
pcdha4,0,0,2,2,0,0,0,0,0,0,0,0
pcdha5,0,0,2,0,0,0,0,0,0,0,0,0
pcdha6,0,0,0,0,0,0,0,0,0,0,0,0
pcdha7,0,0,0,0,0,0,0,0,1,0,0,0
pcdha8,0,0,0,0,0,0,0,0,0,0,0,0
pcdha9,0,0,1,0,0,0,0,0,0,0,0,0
pcdhac1,0,0,1,0,2,0,0,0,0,0,0,0
pcdhac2,0,5,141,9,9,5,3,0,5,2,18,3
pcdhb1,0,0,1,0,0,0,0,0,2,0,0,0
pcdhb10,3,1,6,3,4,5,5,4,6,1,5,2
pcdhb11,18,7,15,12,18,7,18,2,34,1,16,9
pcdhb12,12,9,15,3,9,7,9,2,16,1,13,3
pcdhb13,3,2,17,11,5,4,6,4,9,3,13,2
pcdhb14,47,18,55,31,34,28,35,29,47,28,56,43
pcdhb15,2,1,1,2,2,3,6,2,0,4,2,4
pcdhb16,28,23,55,35,48,22,62,15,86,25,66,10
pcdhb2,0,2,1,0,1,2,4,0,0,2,0,0
pcdhb3,2,0,3,7,3,0,5,0,2,2,4,4
pcdhb4,13,5,17,8,7,10,7,2,9,5,25,2
pcdhb5,9,1,16,16,13,4,22,5,16,6,19,2
pcdhb6,0,1,2,2,3,1,2,0,4,1,4,5
pcdhb7,13,4,13,9,14,6,7,5,23,6,14,5
pcdhb8,5,2,5,4,2,6,10,2,9,3,11,3
pcdhga1,14,8,27,11,17,11,23,10,21,27,15,10
pcdhga10,15,7,40,38,18,14,26,11,31,12,23,14
pcdhga12,13,6,74,22,12,25,15,17,13,15,14,26
pcdhga2,19,10,24,13,8,4,15,5,8,6,20,0
pcdhga3,37,13,31,14,18,11,15,14,28,6,25,11
pcdhga4,17,1,22,37,16,4,10,7,28,4,15,8
pcdhga5,20,13,35,37,25,7,15,8,28,11,23,26
pcdhga6,27,20,24,27,28,12,21,17,30,17,16,14
pcdhga7,4,10,16,19,10,5,9,9,21,11,15,14
pcdhga9,12,12,29,10,6,11,3,14,30,8,4,26
pcdhgb1,24,8,32,32,20,8,21,12,26,10,12,3
pcdhgb2,56,24,53,66,55,34,76,31,50,22,57,38
pcdhgb4,32,15,47,53,21,17,38,19,35,21,21,22
pcdhgb6,39,13,69,60,23,18,35,29,31,29,40,21
pcdhgb7,22,11,26,24,11,9,15,8,28,16,18,14
pcdhgc3,378,214,464,380,244,193,278,159,294,147,249,199
pced1a,283,202,305,225,230,214,212,199,302,194,259,207
pced1b,25,31,37,49,29,24,31,19,42,25,36,17
pcf11,748,973,1265,960,815,1055,1010,978,1318,916,913,1091
pcgf1,101,72,78,76,107,71,87,76,116,107,70,89
pcgf2,29,22,45,35,36,13,28,10,40,19,39,18
pcgf3,643,480,937,527,683,571,599,616,920,420,865,574
pcgf5,197,134,182,126,152,130,160,168,218,158,156,146
pcgf6,219,144,263,156,204,165,229,193,267,167,241,153
pcid2,225,142,269,189,226,169,160,153,215,134,192,186
pcif1,563,326,556,442,452,310,410,346,579,323,433,368
pck1,26986,33440,21859,37509,29297,42682,57641,38021,34015,49328,21802,38476
pck2,295,52,325,69,152,40,176,138,182,66,147,87
pclo,19,23,12,39,16,31,14,55,19,28,3,35
pcm1,897,753,970,1015,835,644,855,709,1149,738,1128,895
pcmt1,759,753,698,877,797,871,839,775,1037,746,739,800
pcmtd1,3477,3808,2964,3809,4358,4032,3551,4164,5091,3643,4740,4316
pcmtd2,944,1009,854,791,790,1000,813,876,1214,887,771,889
pcna,1037,658,1230,687,1099,667,1065,631,1389,644,1256,708
pcnp,1360,1489,1250,1552,1508,1355,1306,1229,1838,1351,1301,1495
pcnt,315,247,485,321,291,330,357,397,469,292,246,306
pcnx2,36,9,14,59,21,17,30,20,32,16,3,16
pcnx3,501,327,544,486,392,307,480,382,531,343,460,440
pcnx4,179,185,198,224,166,151,129,145,217,174,139,128
pcolce,640,164,411,382,546,199,557,162,905,198,3412,210
pcolce2,105,98,56,153,99,99,132,84,74,86,42,85
pcp2,9,4,15,4,3,6,1,6,3,6,8,12
pcp4,2,2,3,1,0,2,2,3,2,3,3,2
pcp4l1,26,17,21,46,25,13,27,24,23,23,30,26
pcsk1,5,1,137,2,4,1,3,8,10,3,7,8
pcsk1n,0,0,0,1,0,0,0,0,0,0,0,0
pcsk2,10,9,23,10,13,9,15,18,24,19,15,20
pcsk4,95,60,56,33,68,29,30,134,108,77,48,48
pcsk5,266,220,245,247,269,205,300,243,327,265,296,255
pcsk6,1556,1594,1644,1650,1198,1449,1183,1402,1674,1414,635,1655
pcsk7,536,598,686,638,523,557,541,601,610,625,615,664
pcsk9,1237,967,2571,1116,929,1040,1000,1034,1554,987,869,1192
pctp,2430,1123,1609,1114,2346,865,2612,696,2251,846,1807,1383
pcyox1,5924,2968,4782,3002,5485,3027,5208,3327,5614,3255,3740,3561
pcyox1l,15,12,56,22,24,17,8,17,23,22,23,23
pcyt1a,2248,1586,1445,1638,1951,1651,1703,1669,2705,1377,1468,1613
pcyt1b,11,1,24,6,23,8,8,7,18,2,13,2
pcyt2,5080,5032,4225,4670,6269,6117,4989,4512,7476,5589,3462,5741
pdap1,969,794,1101,834,955,735,867,767,1011,709,987,757
pdc,0,0,0,0,0,0,0,0,0,0,0,0
pdcd1,17,2,57,8,20,2,8,0,17,2,16,0
pdcd10,943,886,828,856,1080,861,854,709,1098,770,1100,799
pdcd11,671,485,820,677,554,656,570,638,810,581,650,617
pdcd1lg2,2,2,7,2,4,0,4,0,1,0,8,1
pdcd2,365,271,317,256,334,330,334,262,426,252,469,228
pdcd2l,202,183,207,147,174,191,141,184,196,173,139,168
pdcd4,2363,2285,1969,1962,1710,2462,1364,2381,2060,2389,1591,2984
pdcd5,586,571,946,540,486,506,649,507,625,500,553,566
pdcd6,1544,1417,1544,1272,1567,1430,1403,1203,1763,1233,1256,1293
pdcd6ip,1716,1369,1916,1877,1360,1623,1642,1486,1717,1260,1456,1667
pdcd7,127,122,120,121,106,111,127,98,161,108,115,142
pdcl,792,1108,1149,1146,837,858,755,707,1085,803,1177,912
pdcl2,0,0,0,0,0,0,0,0,0,0,0,1
pdcl3,537,359,632,369,528,264,598,264,715,294,764,338
pde10a,41,17,72,58,58,19,77,22,100,32,242,35
pde11a,4,4,6,6,2,0,0,2,3,1,1,1
pde12,404,319,512,436,402,295,413,293,530,320,434,363
pde1a,94,86,114,141,115,92,102,73,148,70,111,70
pde1b,28,21,47,40,42,18,36,15,38,19,32,25
pde1c,28,24,146,27,26,17,131,11,62,19,14,20
pde2a,812,468,671,625,689,570,624,441,670,451,687,526
pde3a,154,156,173,293,150,170,175,142,224,148,198,187
pde3b,1259,1913,1805,2194,1276,1713,1431,1809,1803,1645,1172,2073
pde4a,63,37,106,59,75,26,50,59,96,42,78,44
pde4b,465,526,923,691,533,459,507,346,497,518,535,373
pde4c,277,197,194,149,258,234,233,220,377,255,190,246
pde4d,163,80,304,77,163,36,230,64,234,55,328,83
pde4dip,2023,2013,3031,2567,1899,2095,1954,2258,2314,2211,1657,2506
pde5a,91,82,240,113,139,61,142,60,158,113,212,131
pde6a,8,10,28,17,4,11,17,50,21,22,15,28
pde6b,5,10,18,9,10,6,15,9,17,2,11,7
pde6c,20,1,18,3,11,8,8,4,26,6,3,8
pde6d,144,54,124,51,122,57,90,65,126,52,148,53
pde6g,7,11,7,2,11,5,5,7,12,4,13,13
pde6h,11,18,67,17,33,30,31,38,62,42,24,36
pde7a,184,159,272,212,209,128,262,172,505,173,227,175
pde7b,139,125,111,192,170,187,158,164,176,121,102,155
pde8a,505,594,401,636,447,576,496,565,558,449,373,695
pde8b,24,33,184,31,22,40,18,52,31,32,19,29
pde9a,306,465,189,402,355,397,180,317,349,503,435,453
pdf,288,236,114,259,276,272,224,221,295,229,314,253
pdgfa,245,103,382,149,224,98,166,90,324,98,331,109
pdgfb,161,34,345,63,158,23,100,28,228,23,277,37
pdgfc,209,162,249,181,261,168,262,97,259,121,289,170
pdgfd,182,93,184,132,155,68,158,50,281,47,478,71
pdgfra,692,374,655,978,656,357,829,326,1173,463,832,354
pdgfrb,613,256,699,476,590,200,542,215,681,222,582,236
pdgfrl,22,11,91,18,39,8,30,17,43,16,62,22
pdha1,3938,3013,2544,2660,3593,2846,3165,2483,4216,2493,2362,2901
pdha2,0,0,0,0,0,0,0,0,0,0,1,0
pdhb,2287,2307,1920,2241,2740,2573,2224,1920,3117,2365,1820,2377
pdhx,842,737,815,658,931,626,740,661,1068,777,934,786
pdia2,263,27,132,12,340,5,58,3046,42,886,0,1207
pdia3,7335,8159,14055,10881,5708,6681,7002,7104,9602,9015,8815,8063
pdia4,7627,8392,11288,8807,6039,5578,7328,6717,9166,8849,6270,7859
pdia5,716,722,542,719,545,656,532,771,756,731,427,736
pdia6,8046,7666,9678,8498,5811,6013,5561,7442,7942,9341,6301,8152
pdik1l,290,344,395,326,351,331,290,340,566,305,399,360
pdilt,49,195,66,242,71,176,51,195,130,170,40,212
pdk1,1359,1651,1341,1437,1364,1944,1264,1141,1639,1252,1528,1862
pdk2,911,586,650,610,872,637,681,772,939,646,536,656
pdk3,51,17,56,44,34,14,52,24,56,25,57,25
pdk4,267,193,208,200,335,172,407,50,192,93,380,83
pdlim1,801,517,1015,687,802,643,1002,546,829,624,1522,545
pdlim2,135,40,95,84,109,31,86,31,132,32,106,44
pdlim3,45,18,40,71,32,15,62,18,42,21,10,28
pdlim4,92,24,40,64,62,30,74,29,90,33,46,25
pdlim5,1327,1128,1384,1608,1290,1239,1376,1222,1512,1220,1229,1463
pdlim7,195,56,462,107,175,62,208,43,178,59,236,53
pdp1,186,77,301,168,122,44,137,54,198,66,221,58
pdp2,527,621,382,585,404,567,434,600,569,707,414,496
pdpk1,1218,1097,1510,1172,1167,1015,1275,1213,1560,1103,1678,1202
pdpn,131,37,52,335,52,40,83,55,124,71,29,100
pdpr,656,484,447,559,528,505,510,631,675,433,584,600
pdrg1,595,355,566,351,539,327,452,298,661,326,460,344
pds5a,1606,1646,1998,1872,1718,1470,1713,1630,2386,1854,2514,1838
pds5b,477,645,549,778,611,649,534,670,820,585,898,637
pdss1,76,55,136,78,85,53,85,53,130,47,101,85
pdss2,246,202,203,212,257,249,260,221,268,241,254,231
pdx1,1,0,0,0,0,0,0,3,0,2,0,1
pdxdc1,2623,2357,2426,2287,2291,2325,2317,2431,3061,2598,1652,2420
pdxk,893,604,772,846,1134,584,968,683,1130,536,1201,693
pdyn,0,0,0,0,0,0,0,0,0,0,0,0
pdzd11,427,371,433,392,443,298,364,331,516,372,322,363
pdzd2,71,26,85,88,55,38,68,28,78,48,75,52
pdzd4,24,11,38,31,22,7,16,9,22,11,13,8
pdzd7,7,6,13,9,7,5,6,3,9,10,8,4
pdzd8,1106,943,1392,1263,956,1004,1008,1050,1093,886,1067,1136
pdzd9,6,12,15,4,6,7,7,7,8,4,12,15
pdzk1,955,1488,793,1310,1347,1624,968,1367,1521,1579,1071,1621
pdzk1ip1,158,37,94,32,135,80,185,43,302,44,204,46
pdzrn3,203,82,289,193,137,57,180,80,182,73,295,105
pdzrn4,0,0,1,1,0,0,0,0,0,0,0,0
peak1,556,338,754,611,515,374,614,394,661,329,620,419
pear1,219,100,225,172,149,106,193,98,205,85,172,102
pebp1,3363,2927,2109,2766,4327,2964,3042,2385,4036,2613,4201,2967
pebp4,1,0,0,0,2,0,0,0,0,0,0,0
pecam1,1229,555,1649,706,1042,604,1251,535,1195,559,1968,547
pecr,1885,3121,1534,2790,2899,2914,2346,2469,3016,2995,2566,3131
pef1,892,604,816,622,875,641,730,577,964,608,950,599
peg10,104,8,132,26,111,10,151,18,148,16,114,23
peg3,202,92,300,113,127,53,331,129,596,90,373,92
peli1,587,505,710,534,586,524,543,406,804,488,774,477
peli2,269,343,108,353,276,378,225,337,332,310,247,346
peli3,49,18,37,32,41,16,31,27,46,15,41,28
pelo,265,141,405,211,237,199,215,211,213,177,177,201
pelp1,199,108,192,230,166,123,195,147,193,118,156,135
pemt,3194,3979,2450,3579,5165,4363,4497,3507,5389,4251,3237,4794
penk,16,6,8,23,5,1,3,7,9,11,0,12
pepd,1572,904,1212,943,1254,1009,1296,878,1679,951,1047,910
per1,204,48,463,206,208,113,485,147,480,100,398,98
per2,231,118,473,236,273,106,158,233,495,199,262,174
per3,369,43,367,146,140,52,84,430,505,187,91,48
perm1,12,25,29,37,6,5,33,8,21,2,6,8
perp,1287,1453,1463,1485,1289,1319,1393,1072,1551,1027,1242,1162
pes1,958,720,959,756,944,636,925,641,1108,618,958,647
pet100,561,565,399,670,553,582,464,433,569,502,610,492
pet117,0,0,0,0,3,3,5,0,0,0,0,4
pex1,630,658,589,631,752,604,548,577,929,637,925,753
pex10,80,102,110,102,87,82,75,93,127,83,80,104
pex11a,872,579,586,538,674,485,786,560,807,491,564,547
pex11b,474,489,426,479,557,453,477,509,601,522,336,459
pex11g,841,901,619,780,755,758,534,785,905,874,589,763
pex12,201,202,199,197,202,205,202,190,314,196,260,212
pex13,1303,1532,1162,1511,1647,1277,1599,1305,1983,1478,1858,1493
pex14,811,683,712,642,732,716,607,692,654,665,630,706
pex16,1128,1066,1135,860,1023,1236,864,1018,1290,1138,837,1075
pex19,2269,1864,2591,1672,2220,1870,2229,1796,2777,1550,2438,1890
pex2,1131,1623,994,1561,1495,1236,1250,1169,1575,1452,1287,1287
pex26,463,315,424,313,391,325,297,540,475,301,236,323
pex3,554,656,584,501,588,563,640,581,751,586,567,637
pex5,2508,2046,1887,2261,2372,2255,2096,1783,2233,1918,1160,2284
pex5l,13,7,14,7,14,6,29,3,28,2,10,8
pex6,1045,1063,784,1160,961,1166,960,1043,1055,1069,897,1079
pex7,1674,1790,1351,1804,1964,1792,1586,1358,1919,1494,1667,1682
pf4,91,25,126,122,90,24,107,31,106,41,136,25
pfas,350,210,426,338,374,302,362,272,424,294,464,317
pfdn1,1026,670,1153,625,1015,650,1049,604,1160,660,1284,603
pfdn2,509,367,552,392,542,419,495,348,567,377,508,368
pfdn4,171,170,251,177,176,170,187,138,265,152,245,184
pfdn5,2063,1440,2015,1453,2132,1450,1987,1142,2194,1277,2246,1209
pfdn6,450,429,381,449,503,488,514,348,457,450,561,452
pfkfb1,604,477,590,503,451,551,522,644,622,636,147,792
pfkfb2,492,331,1309,391,653,334,919,489,949,346,782,462
pfkfb3,469,127,882,266,316,253,632,430,562,130,1033,407
pfkfb4,139,38,187,61,145,27,122,44,180,47,149,54
pfkl,1017,663,1347,793,1065,767,1259,593,1025,678,1585,788
pfkm,475,381,442,396,381,306,429,279,457,306,313,281
pfkp,290,90,1829,210,188,120,386,102,369,143,707,142
pfn1,4028,2241,4429,2584,3572,2279,3955,2103,3555,2034,3002,2200
pfn2,254,96,111,102,290,51,156,96,286,74,114,57
pfn3,0,0,0,0,0,0,0,0,0,0,0,0
pfn4,4,10,1,15,4,16,2,8,3,18,1,6
pga5,1,0,0,2,3,0,0,0,1,1,0,0
pgam1,4185,2587,3583,3106,4190,2925,3505,2417,3828,2610,4072,3145
pgam2,13,48,59,75,11,7,63,12,9,3,16,15
pgam5,490,389,494,433,519,389,482,436,637,428,704,421
pgap1,690,796,944,904,779,749,921,1376,1418,839,1040,812
pgap2,630,418,873,449,582,404,628,535,794,518,536,467
pgap3,53,20,44,39,39,32,32,25,47,22,70,31
pgbd1,14,11,17,8,14,17,12,14,33,13,16,12
pgbd5,2,2,2,3,1,1,2,0,5,1,3,3
pgc,3,0,4,1,0,1,0,0,2,1,0,0
pgd,1669,439,2860,470,1858,646,1987,455,1869,479,1726,574
pgf,6,1,33,3,2,0,6,8,9,3,19,7
pggt1b,369,333,455,395,378,324,416,342,510,330,474,391
pgk1,11006,8339,9701,7162,10455,8030,8380,7154,12541,8915,6085,9477
pgk2,0,0,0,0,0,0,0,0,0,0,0,0
pgls,920,752,685,708,848,799,759,643,841,700,643,686
pglyrp1,28,7,115,5,14,6,36,7,19,8,14,15
pglyrp2,2506,1733,2052,1516,2015,2118,2652,1902,2600,1867,3008,2066
pglyrp3,0,0,0,0,0,0,1,0,0,0,0,0
pglyrp4,0,0,1,0,1,0,3,0,0,0,0,0
pgm1,248,83,248,136,286,105,274,112,311,117,399,107
pgm2,3964,3648,5831,3289,3912,3463,4265,3375,4808,3371,3508,3600
pgm2l1,231,121,584,209,190,133,301,147,285,111,336,165
pgm3,822,386,1470,462,558,391,850,407,673,423,513,460
pgm5,61,77,161,103,75,60,69,50,60,43,40,39
pgp,293,195,300,233,322,196,313,192,273,194,349,166
pgpep1,1248,1111,1017,1057,1447,952,951,1218,1493,1275,1216,1006
pgpep1l,8,7,3,3,3,7,9,2,8,8,5,4
pgr,5,2,3,4,3,8,3,2,4,2,2,2
pgrmc1,32924,22667,21861,23031,30168,20490,25059,18714,35260,18703,19197,22887
pgrmc2,968,718,754,759,822,805,689,614,830,567,474,803
pgs1,311,135,472,228,291,131,360,165,390,158,345,216
phactr1,27,26,41,59,25,26,15,30,41,26,26,33
phactr2,303,177,314,363,281,206,321,186,318,184,253,200
phactr3,1,0,5,3,2,0,1,3,1,0,0,2
phactr4,261,193,321,260,229,208,263,239,282,186,262,236
phax,497,432,465,356,439,381,451,405,592,435,485,397
phb2,3153,2319,2934,2562,2808,2539,2733,2344,3097,2473,1887,2519
phc1,62,18,60,39,37,13,46,23,62,14,52,26
phc2,584,313,819,408,472,320,543,312,470,279,471,322
phc3,686,519,815,849,681,660,749,743,922,599,545,701
phex,14,11,34,9,7,7,18,9,24,20,14,18
phf1,280,137,245,170,172,111,221,133,332,113,247,156
phf10,516,356,545,431,494,326,517,391,601,358,587,378
phf12,269,169,364,243,218,197,257,229,322,179,224,224
phf13,125,67,156,101,91,73,103,86,142,59,102,76
phf14,721,546,784,707,707,674,801,698,914,595,814,559
phf19,23,25,28,26,21,17,20,20,38,15,22,20
phf2,286,171,390,276,196,220,237,203,228,192,152,284
phf20,473,299,461,371,361,212,496,277,591,269,654,252
phf20l1,1124,1132,1635,1243,1269,1276,1314,1269,1649,1064,1529,1198
phf21a,324,250,592,350,322,247,340,238,440,278,323,322
phf21b,11,5,17,7,3,4,8,4,10,3,13,2
phf23,390,256,516,284,360,258,430,312,470,221,305,278
phf24,4,2,11,13,3,4,15,9,12,4,6,3
phf3,2124,1224,2576,1524,1803,1434,2175,1541,2584,1310,3344,1545
phf5a,521,341,672,427,508,370,463,361,585,402,495,394
phf6,393,353,362,430,391,291,302,246,522,327,369,372
phf7,162,142,99,147,152,114,116,140,161,127,105,127
phf8,360,214,387,308,247,271,382,313,456,250,245,451
phgdh,136,20,481,54,58,6,65,185,83,65,244,83
phgr1,0,0,0,0,0,0,1,0,0,0,0,0
phip,949,1131,1493,1505,920,1167,1231,1201,1766,1074,1407,1158
phka1,247,217,266,250,229,194,211,222,299,234,215,239
phka2,705,417,632,482,585,548,567,503,834,453,364,541
phkb,1107,674,709,645,909,664,877,724,1179,684,1236,815
phkg1,48,62,99,68,38,41,66,62,66,67,41,83
phkg2,363,372,411,343,353,289,329,378,474,369,304,358
phlda1,139,825,303,167,158,165,103,184,106,138,48,928
phlda2,48,2,101,6,26,5,27,8,40,10,39,6
phlda3,351,35,992,61,373,33,295,18,223,16,251,34
phldb1,311,87,310,214,197,95,225,119,330,109,360,122
phldb2,1610,1168,2099,1234,1363,1195,996,1320,2104,1129,1010,1212
phldb3,152,90,119,80,114,74,123,83,134,99,130,84
phlpp1,513,376,398,390,402,402,483,393,499,360,488,528
phlpp2,95,68,77,94,78,67,110,92,152,69,106,71
phospho1,53,45,34,48,110,67,43,34,46,48,57,35
phospho2,609,620,817,616,688,698,661,639,852,589,810,657
phox2a,1,0,1,0,0,0,1,0,2,0,0,0
phox2b,1,0,0,0,0,0,0,0,0,0,0,0
phpt1,309,194,247,230,251,217,262,176,357,201,298,197
phrf1,427,298,737,359,375,310,491,383,514,283,362,371
phtf1,203,151,234,163,206,163,212,163,310,152,206,177
phtf2,202,176,201,214,203,180,228,206,270,181,192,266
phyh,20794,32889,13173,34143,21377,31415,16575,30480,25375,27282,11237,31518
phyhd1,1010,1001,567,922,861,1024,752,980,1358,1066,1142,962
phyhip,9,1,2,28,4,2,3,5,6,7,0,5
phyhipl,0,2,5,0,4,1,1,2,6,1,0,1
phykpl,382,332,529,344,413,319,457,345,517,343,457,369
pi15,56,65,132,61,67,66,71,75,146,59,92,78
pi16,66,18,39,65,33,10,37,15,40,20,18,12
pi4k2a,889,753,989,880,763,974,843,789,863,811,732,1028
pi4k2b,750,664,725,726,711,536,624,688,930,783,1120,750
pi4ka,1114,671,962,923,974,756,1104,816,1118,583,793,833
pi4kb,829,768,871,784,910,798,805,807,1080,749,650,788
pianp,7,6,9,24,5,5,10,1,11,1,4,4
pias1,394,356,514,385,318,353,363,362,462,340,366,337
pias2,584,512,583,619,503,597,573,555,678,439,576,604
pias3,79,80,100,84,96,51,116,89,118,51,71,72
pias4,212,154,253,175,184,200,192,189,225,189,167,195
pibf1,138,154,171,151,143,156,157,132,238,133,169,131
picalm,3763,2969,4970,3528,3408,2803,5129,2761,5015,2769,4891,3052
pick1,341,199,478,220,305,217,317,232,427,248,357,251
pid1,1844,2623,4394,2389,2116,2175,2793,2034,2469,2275,1826,2653
pidd1,17,14,61,19,26,28,25,12,25,22,16,25
piezo1,392,108,313,235,212,90,237,113,354,129,254,140
piezo2,89,51,162,128,79,41,92,52,128,46,170,69
pif1,11,2,24,2,24,1,26,3,21,10,12,5
piga,204,209,397,249,182,128,193,169,255,194,251,211
pigb,222,246,306,347,221,255,245,283,333,284,297,318
pigc,384,267,397,225,431,225,361,260,545,286,522,292
pigf,163,98,143,95,133,113,174,148,167,122,299,115
pigg,317,322,302,311,444,337,367,348,554,313,616,413
pigh,171,113,150,122,154,134,137,113,192,143,104,143
pigk,1037,1019,1262,963,1181,938,1388,1002,1405,996,1131,1002
pigl,66,49,78,42,72,51,53,54,110,54,54,55
pigm,382,315,762,350,400,292,438,329,533,274,575,357
pign,888,786,1756,919,949,788,1158,896,1791,894,1411,1091
pigo,150,143,218,125,132,120,178,151,168,142,160,180
pigp,537,292,426,293,506,257,519,291,721,298,422,297
pigq,794,480,547,571,719,532,620,580,786,496,706,564
pigr,19906,30614,6835,29397,21373,30062,16339,22145,31602,24045,27262,29139
pigs,416,303,389,323,350,321,367,316,411,273,299,363
pigt,502,266,568,348,370,288,375,297,384,255,355,325
pigu,355,241,421,249,345,197,299,245,502,227,473,246
pigv,121,105,164,119,148,119,120,121,163,98,127,125
pigw,57,73,88,67,69,62,53,61,86,58,66,64
pigx,298,246,310,236,292,263,328,293,409,261,263,242
pigz,22,5,17,16,16,7,22,14,15,5,12,11
pih1d1,502,486,502,565,527,527,450,462,549,464,534,466
pih1d2,20,19,31,22,22,10,18,19,33,18,28,12
pik3ap1,1845,704,1696,752,1386,556,1830,701,1781,706,1631,712
pik3c2a,2327,2678,3097,3068,2475,2416,2763,2733,3458,2808,2704,3227
pik3c2b,225,127,330,145,203,133,159,151,283,146,202,150
pik3c2g,197,193,214,199,227,208,260,189,289,203,184,256
pik3c3,545,462,394,435,565,511,575,512,840,503,633,517
pik3ca,1270,1133,1382,1230,1221,1102,1361,1181,1567,1099,996,1328
pik3cb,319,262,315,266,243,285,319,323,352,202,214,308
pik3cd,333,98,328,185,251,81,376,130,369,107,196,101
pik3cg,151,59,145,144,127,38,177,61,192,59,161,60
pik3ip1,67,22,62,50,45,13,68,29,85,16,140,14
pik3r1,1515,1381,2045,1855,1664,1566,1697,2191,2061,1379,1582,2361
pik3r2,371,241,356,287,300,262,298,239,316,238,342,246
pik3r3,123,83,165,106,113,98,135,112,168,85,259,78
pik3r4,506,420,596,498,415,437,458,530,614,459,479,493
pik3r5,107,54,141,76,90,29,140,51,147,55,102,82
pik3r6,54,20,42,35,45,16,66,30,60,20,47,36
pikfyve,1375,1378,2047,1618,1533,1503,1632,1594,2179,1371,1842,1614
pilra,288,157,261,149,262,94,262,135,317,176,233,129
pim1,414,416,403,296,303,243,263,609,323,733,263,457
pim2,70,43,77,62,51,48,57,39,71,32,60,55
pim3,665,763,1107,1182,772,718,1066,1361,1229,1176,1527,745
pin1,356,347,427,371,296,343,358,317,409,390,340,325
pin4,484,361,610,328,489,313,404,340,564,350,442,345
pink1,3980,2819,2560,3363,3365,3056,3270,2871,3502,2617,2684,2942
pinlyp,0,0,0,0,0,0,1,0,0,0,0,0
pinx1,84,36,75,54,82,58,95,61,101,61,62,70
pip,0,0,0,0,0,0,0,0,0,0,0,0
pip4k2a,312,162,347,224,282,148,336,146,350,141,303,145
pip4k2b,441,350,534,475,412,331,461,407,513,347,366,453
pip4k2c,548,361,779,346,553,352,525,383,606,290,610,369
pip5k1a,260,216,396,256,306,230,345,236,306,212,245,255
pip5k1b,4,11,19,8,11,5,12,18,8,11,12,11
pip5k1c,674,304,519,458,409,346,513,305,497,249,412,366
pip5kl1,0,0,0,1,1,0,0,0,1,0,0,0
pipox,2992,4457,1986,3396,3891,3625,2630,3533,4664,3918,3123,4343
pir,622,276,585,232,567,266,565,234,775,201,469,277
pirt,10,2,10,3,2,2,7,10,8,2,3,8
pisd,1053,575,1146,588,947,545,823,602,1234,613,1387,642
pithd1,379,345,312,342,395,345,264,332,335,250,382,339
pitpna,1399,759,1104,1047,1402,779,1277,821,1372,727,1289,848
pitpnb,567,591,496,729,612,586,502,557,590,483,606,593
pitpnc1,672,416,709,618,574,493,696,606,736,450,564,552
pitpnm1,427,315,511,252,456,204,536,170,469,218,586,232
pitpnm2,327,187,416,334,311,220,360,385,383,264,576,271
pitpnm3,7,4,8,6,2,4,2,3,10,5,7,2
pitrm1,828,658,758,638,750,699,732,570,878,565,541,786
pitx1,0,0,0,1,0,0,2,0,0,0,0,0
pitx2,2,1,1,2,0,0,3,0,0,0,0,1
pitx3,1,79,0,50,1,48,2,21,0,35,0,128
piwil1,1,1,1,0,0,0,0,1,1,2,3,0
piwil2,6,7,12,12,7,6,9,8,9,4,10,9
piwil4,5,5,14,3,10,3,6,6,19,8,3,0
pja1,1455,1326,1026,1284,1336,1302,1126,1215,1688,1339,824,1312
pja2,1293,1420,1458,1540,1219,975,1475,992,1874,1021,2058,1228
pkd1,926,479,1079,875,778,504,955,690,1134,497,860,730
pkd1l1,29,1,9,1,34,0,14,1,9,1,60,3
pkd1l2,2,0,4,6,2,0,3,5,3,4,0,1
pkd2,738,462,774,758,669,540,675,474,970,447,941,527
pkd2l1,4,0,0,0,1,0,0,0,1,0,0,0
pkd2l2,66,52,100,38,72,39,84,43,87,30,99,52
pkdcc,430,421,410,469,335,415,277,405,374,310,294,409
pkdrej,23,10,43,21,10,11,22,59,41,36,4,10
pkhd1,820,269,852,227,821,272,645,353,1604,305,1404,457
pkhd1l1,417,169,194,1429,127,169,268,389,538,400,30,360
pkia,188,167,140,310,120,67,228,75,202,91,121,59
pkib,151,111,230,136,150,96,140,126,240,141,161,132
pkig,423,253,478,259,370,245,427,234,482,203,494,216
pklr,5316,2121,4475,1773,6257,2678,4473,1585,3764,1628,2150,2893
pkm,1983,739,4986,1140,1734,589,2241,635,1959,777,2051,832
pkmyt1,49,2,66,6,42,3,55,7,74,7,47,7
pkn1,791,329,675,487,578,352,643,421,690,353,619,416
pkn2,1449,1321,1485,1568,1437,1375,1656,1455,1795,1396,1447,1471
pkn3,39,15,73,14,36,7,25,13,41,10,43,12
pknox1,318,320,377,388,315,318,300,287,374,366,299,361
pknox2,20,6,12,18,13,8,14,15,18,7,6,8
pkp1,12,0,132,2,25,1,41,3,20,2,24,1
pkp2,1062,738,876,658,861,675,947,715,1259,643,736,723
pkp3,56,20,45,25,77,11,48,32,102,16,60,12
pkp4,1869,1032,1393,1180,1580,1118,1624,1196,2266,1018,1504,1351
pla1a,1898,969,1980,805,1703,1054,1926,815,1910,1056,1460,1178
pla2g10,0,2,3,2,1,0,2,0,3,0,3,2
pla2g12a,185,212,256,198,179,214,206,268,214,160,180,172
pla2g12b,1286,1104,1368,834,1260,1012,1423,842,1429,988,1156,1020
pla2g15,635,350,474,496,644,325,456,390,500,357,364,301
pla2g1b,117,6,83,7,81,0,22,831,17,180,0,320
pla2g2a,0,0,4,0,0,0,0,0,0,0,0,0
pla2g2c,2,1,6,1,3,2,1,1,5,1,4,2
pla2g2d,15,13,8,33,11,6,32,11,36,11,12,8
pla2g2e,96,1,111,0,11,0,1,0,21,3,35,0
pla2g2f,0,0,7,0,0,0,2,3,0,1,0,2
pla2g3,3,0,0,3,0,1,2,1,1,0,8,3
pla2g4a,168,114,170,156,189,80,180,129,259,122,128,101
pla2g4c,3,3,4,0,3,0,2,3,6,0,3,4
pla2g4d,0,0,0,0,0,0,2,0,1,0,0,0
pla2g4e,2,7,7,5,5,10,6,5,11,5,3,5
pla2g4f,2,0,3,0,5,0,9,0,2,0,1,1
pla2g5,4,1,4,2,5,2,6,0,29,0,15,1
pla2g6,1101,343,1049,404,810,333,608,300,934,351,1063,386
pla2g7,696,161,896,279,544,107,929,223,569,218,608,171
pla2r1,244,208,218,274,180,205,260,181,335,177,177,214
plaa,1347,1312,1663,1421,1266,1270,1228,1216,1589,1272,1858,1293
plac1,0,0,1,0,0,0,0,0,0,0,1,0
plac8,584,305,627,345,684,262,692,381,905,389,777,261
plac8l1,0,0,0,0,0,0,0,0,0,0,0,0
plag1,9,8,4,13,7,6,3,16,15,11,9,12
plagl1,38,22,30,30,32,20,48,38,67,24,12,21
plagl2,79,71,126,65,103,58,105,57,136,47,98,67
plat,289,38,2325,204,336,49,253,50,366,67,441,81
plau,223,81,270,121,121,50,127,61,186,56,149,60
plaur,77,16,187,49,34,12,74,28,83,23,131,33
plb1,4,1,2,0,2,0,4,0,6,1,6,2
plbd1,648,790,422,797,649,691,711,885,653,735,522,820
plbd2,962,583,913,690,949,667,1021,625,1065,584,1214,625
plcb1,527,481,696,498,366,516,386,544,603,506,441,583
plcb2,76,32,118,56,113,40,90,42,142,50,95,52
plcb3,397,323,413,453,368,286,362,278,436,332,351,359
plcb4,204,123,206,158,182,88,172,145,237,122,201,129
plcd1,45,19,34,72,26,20,36,19,25,13,18,22
plcd3,180,55,364,77,223,107,230,53,258,52,480,50
plcd4,15,21,27,18,5,4,15,7,26,6,9,30
plce1,594,305,392,556,380,421,416,444,703,391,693,471
plcg1,928,661,1172,845,811,810,828,1142,1267,693,911,855
plcg2,246,104,239,155,177,77,239,76,261,115,157,118
plch1,48,3,70,4,29,2,42,9,32,4,34,4
plch2,3,5,1,1,6,0,5,4,2,3,10,0
plcl1,41,30,50,64,46,21,57,44,61,30,50,32
plcl2,564,390,345,403,608,327,409,391,669,322,837,392
plcxd1,136,18,81,34,98,20,91,25,122,15,255,23
plcxd2,2262,3158,2669,2605,1628,2372,1724,4755,3175,2088,1059,4077
plcxd3,14,2,20,36,14,11,22,7,28,2,8,7
plcz1,0,1,0,0,0,0,0,0,0,0,0,0
pld1,642,497,1003,485,565,470,653,421,747,425,606,508
pld2,224,123,263,178,212,92,253,127,287,98,233,117
pld3,861,317,1179,545,687,368,995,382,820,345,809,368
pld4,424,174,461,300,481,178,494,196,421,160,383,218
pld5,9,6,18,9,9,5,9,13,13,5,12,15
pld6,24,10,37,20,31,16,19,20,40,15,40,12
plec,4981,1289,6420,2512,2949,1527,3238,1968,3640,1689,3314,2002
plek,841,366,745,691,693,247,917,314,1070,466,756,372
plek2,39,9,42,19,15,16,21,9,22,10,11,8
plekha1,668,270,1144,303,677,269,749,264,950,259,1067,332
plekha2,426,160,478,247,379,124,370,166,455,151,552,180
plekha3,462,379,621,426,409,392,434,363,479,318,457,412
plekha4,46,13,53,39,33,19,39,16,47,24,101,16
plekha5,757,473,782,469,709,533,614,419,810,501,438,566
plekha6,918,644,963,787,1023,761,685,722,1227,704,955,621
plekha7,135,78,373,114,113,103,129,141,167,125,158,123
plekha8,802,503,637,730,707,547,630,695,798,479,428,733
plekhb1,453,592,237,560,330,439,495,249,712,319,682,277
plekhb2,658,438,524,588,605,478,732,403,655,432,527,564
plekhd1,9,2,7,3,2,3,6,5,5,5,5,4
plekhf1,257,169,248,226,202,263,209,149,269,164,240,156
plekhf2,492,411,546,447,441,371,427,394,578,383,532,377
plekhg1,285,157,251,250,236,163,210,155,307,153,303,154
plekhg2,135,35,195,76,81,41,106,65,123,61,102,79
plekhg3,618,320,672,510,455,388,435,508,668,492,336,439
plekhg4,2,5,2,4,0,4,1,5,1,2,1,4
plekhg5,177,67,165,87,122,57,105,96,173,91,167,56
plekhg6,420,114,202,133,288,137,210,209,336,123,177,151
plekhh1,62,8,123,16,78,10,76,8,74,9,109,14
plekhh2,40,36,62,100,64,46,67,53,57,46,36,51
plekhh3,146,89,139,118,160,95,132,109,187,95,123,77
plekhj1,257,244,275,302,317,233,265,178,288,214,217,222
plekhm1,365,180,294,231,316,233,360,264,325,224,266,240
plekhm2,429,199,414,244,357,220,417,237,388,204,365,179
plekhm3,201,84,341,178,218,116,251,98,282,133,204,103
plekhn1,11,4,16,7,12,3,15,6,16,4,17,6
plekho1,252,97,267,145,214,88,244,98,281,86,202,90
plekho2,431,145,378,291,330,151,333,170,349,176,268,178
plekhs1,22,4,27,0,27,1,25,3,40,2,36,0
plet1,229,60,112,64,101,48,86,58,232,66,402,83
plg,31830,41606,36866,38785,28291,44159,35459,42739,34545,40452,29952,40477
plgrkt,169,109,264,136,207,98,187,121,293,140,229,98
plin1,10,27,14,15,5,6,9,12,13,11,4,42
plin2,14461,10304,13828,6256,8193,6040,6510,3421,9219,7191,6461,7451
plin3,2698,1115,2689,1063,2332,933,1928,844,2593,983,3697,985
plin4,329,107,312,113,292,58,536,52,548,50,1078,113
plin5,1151,778,504,750,1337,607,1524,478,1094,623,2542,634
plk1,33,1,101,7,59,3,71,6,51,8,39,7
plk2,716,276,1102,354,554,361,408,488,619,447,940,340
plk3,396,754,918,529,569,362,1256,528,683,424,574,1773
plk4,78,36,114,42,100,29,91,42,106,48,60,51
plk5,12,18,11,19,20,21,19,18,20,16,22,18
pllp,170,136,153,136,156,136,127,137,189,98,249,135
pln,20,27,65,60,8,54,31,56,67,42,40,52
plod1,1238,783,1925,974,998,853,1265,968,1107,983,1045,887
plod2,113,34,209,175,89,49,107,64,164,82,112,158
plod3,676,367,878,479,535,368,652,433,707,480,591,559
plp1,24,19,25,19,23,10,16,9,43,17,23,17
plp2,136,27,159,119,83,20,82,48,166,53,128,59
plpp1,595,461,605,556,625,612,737,414,623,433,481,550
plpp2,1007,254,1429,242,912,273,1147,346,1015,239,1133,294
plpp3,1772,1624,1658,2073,1399,2353,1439,2294,1877,1560,1183,1750
plpp4,0,0,0,1,0,0,0,0,0,0,0,0
plpp5,417,265,516,306,331,178,444,219,523,222,653,312
plpp6,309,199,281,157,273,234,248,195,324,180,323,218
plpp7,25,9,71,11,26,12,28,8,27,9,22,7
plppr1,9,16,8,21,12,14,21,12,8,9,22,12
plppr2,37,28,75,21,26,30,40,38,52,38,27,29
plppr3,34,25,51,25,28,15,28,17,42,30,27,13
plppr4,6,2,2,3,1,1,1,0,6,0,6,0
plppr5,17,12,5,14,23,22,16,15,13,6,9,12
plrg1,673,806,956,741,784,696,900,642,896,811,775,776
pls1,453,5,242,16,442,3,461,14,563,9,223,24
pls3,2067,2461,2154,2059,2111,1872,1833,1646,3411,1993,1988,2053
plscr1,1108,316,1100,375,702,317,825,321,1095,380,949,347
plscr2,516,573,372,525,508,606,470,452,978,410,407,522
plscr3,157,67,152,104,111,72,121,59,173,54,122,60
plscr4,97,78,99,169,93,81,94,62,100,55,62,71
plscr5,1,1,0,1,3,0,0,0,0,3,0,1
pltp,1213,457,660,855,883,520,1440,437,858,408,423,662
plvap,945,547,894,622,713,632,843,466,676,426,838,515
plxdc1,19,12,8,18,14,9,17,7,16,3,8,6
plxdc2,195,69,309,551,116,53,157,88,216,80,159,86
plxna1,374,150,528,258,275,154,372,223,359,166,295,256
plxna2,807,591,1139,558,901,539,575,536,963,510,1415,952
plxna3,65,13,81,18,60,10,74,9,113,14,231,14
plxna4,294,137,281,606,294,178,335,157,396,165,293,166
plxnb1,1204,673,2081,821,869,797,928,1145,1327,1013,1001,848
plxnb2,4640,2729,5475,3554,3515,2829,3277,3490,4314,3214,2848,3251
plxnb3,18,5,28,10,25,3,21,10,22,7,19,3
plxnc1,1026,905,481,1128,932,1128,996,981,874,753,295,849
plxnd1,1457,437,1019,650,973,392,871,484,1066,367,1417,448
pm20d1,1345,1711,1080,1608,1491,1963,1311,1631,1936,1779,880,1966
pm20d2,31,60,13,47,43,49,25,43,49,48,37,49
pmaip1,116,29,172,50,97,37,113,25,88,31,79,27
pmch,2,0,0,1,0,0,2,0,0,0,1,0
pmel,10,1,18,6,9,4,10,1,7,6,3,3
pmepa1,124,28,132,135,96,37,87,17,117,53,153,43
pmf1,167,139,183,155,209,182,192,142,201,125,129,163
pmfbp1,0,0,0,0,0,0,0,1,0,0,0,2
pml,368,281,452,315,361,255,323,290,380,329,284,298
pmm1,223,67,127,107,304,51,77,38,125,65,63,41
pmm2,705,698,722,750,651,731,665,747,984,695,435,745
pmp2,0,0,0,0,0,0,0,0,1,0,0,0
pmp22,277,114,218,335,173,160,286,117,286,128,186,130
pmpca,1493,1140,1830,1222,1291,1225,1319,1065,1689,1091,1474,1294
pmpcb,2586,2202,1848,1937,3071,2139,2443,2010,3413,2205,2997,2309
pms1,287,317,204,290,350,327,235,428,458,316,517,314
pms2,103,75,108,69,90,70,78,94,155,75,128,68
pmvk,799,1032,740,852,1109,1779,913,858,1376,909,648,1471
pnck,4,2,1,2,9,1,5,2,13,3,3,2
pnisr,701,787,1044,822,628,733,684,860,1216,972,725,834
pnkd,1206,972,853,964,1462,826,1045,585,1284,816,1520,890
pnkp,494,511,536,462,493,466,445,403,420,459,350,546
pnldc1,10,20,12,9,17,11,23,3,14,11,10,7
pnlip,13725,775,5697,295,10784,140,2266,78715,1469,21825,4,35654
pnliprp1,3274,241,1815,107,2610,45,515,23042,319,7207,2,9966
pnliprp2,870,45,615,20,855,9,145,4684,100,1266,0,1641
pnma1,1,4,5,5,2,2,3,4,12,6,2,0
pnma2,1,0,0,6,1,0,1,2,1,0,1,2
pnma3,0,0,0,0,0,0,0,0,0,0,0,0
pnma5,0,0,1,0,0,0,0,0,0,0,1,0
pnmt,0,0,19,0,0,0,1,1,1,0,5,2
pnn,424,410,677,557,356,420,353,486,664,500,358,442
pno1,764,681,705,697,798,625,800,593,908,685,818,696
pnoc,3,0,8,7,3,1,5,2,9,4,4,0
pnp,2813,4027,3198,3295,3492,3551,3279,2796,4346,3836,3061,3880
pnpla1,67,105,121,100,97,100,81,159,157,96,71,98
pnpla2,1032,401,859,435,592,498,857,594,791,402,557,461
pnpla3,123,29,588,21,83,56,87,23,117,21,57,50
pnpla5,106,1,207,0,15,22,20,0,25,2,22,13
pnpla6,422,370,534,425,442,309,408,374,650,424,508,449
pnpla7,3755,2706,5061,2697,3002,3655,3133,2591,3561,3143,2754,3484
pnpla8,3027,3991,2272,3704,3023,3460,2598,3441,4062,3536,2581,3762
pnpo,3626,3198,2407,2974,4297,3283,3674,3104,4799,2835,3448,2736
pnpt1,809,877,858,774,1087,829,991,773,1231,918,1333,984
pnrc1,930,1155,1075,1355,920,1151,1012,599,722,874,1313,1110
pnrc2,1221,1276,1094,1149,1299,1212,1102,1003,1597,1320,1545,957
poc1a,51,29,44,40,43,38,60,26,62,31,33,28
poc1b,113,80,121,122,100,88,113,74,91,83,130,79
poc5,138,116,174,106,130,128,123,138,156,122,103,150
podn,61,51,67,195,60,66,47,56,85,58,26,67
podnl1,6,6,15,17,7,8,15,5,23,8,11,12
podxl,373,148,572,410,261,213,282,149,334,144,535,198
podxl2,11,7,21,15,18,5,12,9,22,4,8,11
pof1b,11,5,15,3,12,2,39,4,28,8,15,4
pofut1,551,349,899,455,441,392,558,377,656,389,524,436
pofut2,371,169,427,257,330,212,374,247,335,209,261,289
pogk,228,147,340,214,205,124,236,210,298,188,166,200
poglut1,359,414,331,406,337,353,318,360,472,382,239,352
pogz,195,188,282,249,205,176,203,230,263,187,187,232
pola1,361,251,309,227,362,205,292,205,515,220,368,233
pola2,175,137,180,144,175,137,173,163,236,154,192,192
polb,431,589,473,528,467,562,414,436,491,639,605,521
pold1,104,68,199,104,98,68,81,55,121,72,134,89
pold2,187,194,170,252,232,157,192,134,219,155,145,181
pold3,276,171,311,185,240,187,269,172,409,177,306,215
pold4,1028,209,1647,232,503,301,766,193,487,242,777,237
poldip2,1741,1372,1349,1387,1853,1497,1662,1270,1990,1239,1623,1480
poldip3,1081,719,1174,893,1032,815,911,781,1195,767,1031,866
pole,110,49,175,48,110,56,117,69,164,67,112,82
pole2,34,13,29,23,24,14,37,15,39,22,30,15
pole3,516,416,502,377,462,379,470,452,553,405,406,409
pole4,455,433,449,547,506,525,473,380,479,440,393,470
polg,1034,697,1333,804,799,863,804,857,948,778,626,957
polg2,134,168,129,128,177,137,119,149,192,177,119,130
polh,199,139,218,153,197,143,239,129,247,149,204,155
poli,85,84,95,81,92,68,77,90,112,87,65,139
polk,250,148,628,185,203,181,193,144,281,154,236,176
poll,167,143,136,124,155,138,132,148,193,143,154,137
polm,75,26,71,38,42,29,56,34,86,43,40,39
poln,6,7,16,11,7,9,9,6,18,4,12,5
polq,29,10,36,9,32,7,47,15,49,12,27,16
polr1a,820,378,904,597,691,605,837,617,891,515,626,563
polr1b,427,240,574,355,345,293,344,322,474,299,323,346
polr1c,587,341,504,399,530,419,618,367,630,435,760,391
polr1d,1332,905,1447,965,1331,877,1187,856,1388,995,1469,870
polr1e,114,117,114,110,114,109,104,111,137,141,174,95
polr2a,369,318,452,614,428,389,652,363,520,332,551,389
polr2b,1101,1557,1331,1340,1370,1289,1290,1428,1891,1512,2015,1530
polr2c,601,400,455,491,476,492,432,417,525,354,491,450
polr2d,132,67,133,94,129,86,113,91,171,89,139,88
polr2e,511,308,692,314,554,329,528,251,558,339,541,291
polr2f,375,234,449,246,369,259,287,227,385,243,425,239
polr2g,413,290,437,266,469,271,369,278,463,257,466,270
polr2h,313,183,358,245,241,144,224,181,373,217,185,202
polr2i,343,435,327,476,359,353,347,290,382,395,337,367
polr2j,464,327,408,294,538,345,435,312,541,338,558,327
polr2k,458,420,451,409,524,359,380,333,550,399,751,348
polr2l,546,389,609,388,494,440,538,415,583,381,314,417
polr2m,1083,932,1117,1143,891,1023,916,955,1067,869,857,1023
polr3a,403,362,454,389,327,346,353,469,591,371,288,441
polr3b,403,318,505,425,455,376,470,341,520,414,444,432
polr3c,365,263,361,270,388,289,387,296,390,307,276,316
polr3d,162,107,254,148,119,107,161,101,166,102,150,149
polr3e,283,200,393,280,247,223,294,240,330,200,211,246
polr3f,370,384,513,385,327,363,368,393,540,341,445,407
polr3g,132,257,183,249,133,258,120,173,188,198,104,278
polr3gl,170,127,185,176,195,165,149,126,197,146,170,123
polr3h,267,179,252,211,288,159,198,169,307,174,313,147
polr3k,470,571,581,608,463,483,486,434,657,578,552,536
polrmt,351,249,330,280,364,307,326,308,295,270,308,268
pom121,101,54,130,81,86,60,88,80,104,39,108,73
pom121l12,0,0,0,0,0,0,0,0,0,0,0,0
pom121l2,0,0,0,1,0,0,0,0,0,0,0,0
pomc,1,4,3,2,2,1,0,1,1,5,2,1
pomgnt1,499,368,499,428,408,283,415,342,420,323,350,413
pomgnt2,66,49,108,45,77,63,60,45,67,43,75,76
pomk,285,154,232,177,215,166,242,153,272,172,227,190
pomp,2351,2332,2362,2198,2795,2270,2523,2124,3290,2346,3487,2307
pomt1,308,256,438,238,383,293,362,244,474,290,353,292
pomt2,442,399,386,444,359,374,319,448,496,416,255,447
pon1,4609,21477,6823,20186,9748,19046,6683,15348,11301,17965,1227,22365
pon2,1426,988,1392,934,1290,898,1476,1005,1417,1125,843,1114
pon3,1238,1581,1422,1490,1387,1370,1432,1310,1564,1470,1034,1545
pop1,212,122,227,140,192,144,170,142,231,185,207,152
pop4,273,256,327,263,323,274,274,261,339,285,267,271
pop5,574,495,452,586,700,572,462,558,601,567,548,542
pop7,124,88,181,94,114,88,144,72,127,80,173,90
popdc2,19,2,11,4,14,2,14,2,10,2,9,3
popdc3,2,3,10,5,3,2,9,0,3,1,6,2
por,4765,1403,5972,2401,3782,2242,5881,4620,4994,1998,5791,1835
porcn,24,33,21,38,31,60,30,43,38,45,44,42
postn,660,323,712,327,677,148,655,292,796,384,2435,509
poteg,0,0,0,0,0,0,0,0,0,0,0,0
pou1f1,3,3,10,2,4,4,8,3,7,2,8,11
pou2af1,41,20,22,64,20,8,55,15,61,5,24,8
pou2f1,365,260,512,330,338,360,303,321,450,285,404,266
pou2f2,57,26,56,50,54,21,60,27,68,37,41,22
pou2f3,2,0,0,1,1,0,2,1,0,1,0,0
pou3f1,3,0,12,1,2,0,2,0,5,2,0,0
pou3f2,3,0,4,2,0,0,1,1,4,2,0,2
pou3f3,12,14,16,14,5,3,4,8,12,10,4,11
pou3f4,3,1,3,2,4,0,3,3,3,1,0,6
pou4f1,1,4,5,4,1,2,3,1,6,1,7,2
pou4f2,0,0,1,0,0,0,0,0,1,0,0,0
pou4f3,0,0,0,0,0,0,0,0,0,0,0,0
pou5f1,0,1,5,2,1,1,3,4,4,2,3,1
pou5f2,0,0,4,3,4,3,2,4,5,2,2,5
pou6f1,133,109,144,115,96,101,98,78,144,89,136,101
pou6f2,1,1,1,0,1,0,2,2,1,1,0,1
pp2d1,55,40,40,50,62,58,48,37,54,41,58,42
ppa1,3196,3408,2893,3512,3821,2889,3726,2967,3725,3346,2854,2978
ppa2,888,796,735,763,864,810,739,672,844,635,623,739
ppan,181,146,316,111,126,153,205,192,256,143,174,211
ppara,1963,1321,2375,1754,1712,1564,1581,2293,2389,1807,2125,1245
ppard,64,53,85,61,72,35,116,59,54,52,81,67
pparg,354,172,347,125,306,90,339,81,435,86,217,143
ppargc1a,108,150,102,143,203,142,458,167,335,162,415,253
ppargc1b,95,56,77,66,67,72,84,104,159,101,91,53
ppat,416,490,529,793,491,651,506,750,777,658,600,759
ppbp,52,64,47,208,25,23,135,42,48,27,42,35
ppcdc,304,219,350,207,272,212,258,199,384,214,284,230
ppcs,466,321,492,331,537,334,340,286,570,329,464,326
ppdpf,662,748,661,670,594,756,477,542,689,622,435,703
ppef1,34,26,26,12,21,14,28,40,67,40,28,24
ppef2,4,6,9,8,3,4,7,5,7,6,4,4
ppfia1,557,467,1090,615,485,618,657,575,673,563,559,619
ppfia2,15,43,17,35,17,26,18,28,25,16,10,27
ppfia3,2,1,8,4,2,0,5,1,6,1,0,3
ppfia4,128,32,129,29,142,27,91,38,123,30,121,25
ppfibp1,2157,738,2798,1014,1733,901,1743,866,2070,771,1915,868
ppfibp2,775,608,931,624,677,659,695,727,1133,709,697,630
pphln1,439,323,544,419,424,352,410,341,579,336,479,390
ppia,13062,10379,10490,9807,13409,10296,13617,8880,16554,10715,13994,11392
ppib,5924,6555,8706,7061,4459,6353,5705,6823,6062,7636,5051,6970
ppic,268,67,298,106,282,68,254,109,317,81,358,122
ppid,636,877,795,877,732,763,672,697,958,952,621,960
ppie,209,243,260,193,258,205,268,172,316,242,316,219
ppif,855,444,529,459,717,484,660,475,692,371,386,451
ppig,583,579,710,704,522,566,526,488,703,546,551,538
ppih,181,199,174,194,208,175,180,181,225,222,225,194
ppil1,220,183,275,223,216,151,232,110,237,179,269,142
ppil2,1012,1005,969,899,1092,953,978,905,1423,955,831,936
ppil3,384,269,566,256,454,270,442,271,539,289,528,282
ppil4,412,438,573,508,414,457,442,464,682,496,458,424
ppil6,10,6,4,9,15,10,8,6,17,8,22,5
ppip5k1,125,123,182,187,130,109,150,124,168,152,149,131
ppip5k2,2431,1398,4057,1436,2760,1566,3459,1907,3258,1452,5650,1934
ppl,1600,252,1379,695,1100,260,1198,366,2132,405,1387,338
ppm1a,1932,1657,1562,1599,1652,1562,1452,1695,2061,1507,1411,1555
ppm1b,2250,2581,2156,2538,2300,2435,2392,1971,2687,2286,2407,2766
ppm1d,136,124,137,136,150,150,205,143,210,122,158,105
ppm1e,7,12,17,16,6,7,13,10,18,10,12,12
ppm1f,1122,773,1220,870,1066,788,1126,715,1337,826,928,948
ppm1g,996,619,1134,850,927,698,853,759,1035,601,1061,720
ppm1h,322,100,379,176,294,77,345,128,322,117,283,130
ppm1j,14,4,14,8,8,3,10,9,13,5,19,7
ppm1k,1530,4199,1520,3039,2253,3145,1935,3423,3124,4020,941,3502
ppm1l,237,270,138,336,268,273,264,428,333,250,206,331
ppm1m,238,259,184,297,209,254,178,239,265,253,333,246
ppm1n,3,1,2,3,1,1,2,0,4,0,0,2
ppme1,391,372,735,433,399,354,476,384,517,376,432,425
ppox,358,277,490,271,434,263,412,271,487,245,450,300
ppp1ca,3386,2516,3096,2522,3644,2804,3189,2067,3333,2178,3400,2596
ppp1cb,3587,3056,2926,3794,3500,3106,3390,2514,4282,2613,4719,2997
ppp1cc,2210,1464,1779,1457,2457,1521,2010,1590,2574,1292,3977,1339
ppp1r10,596,538,1073,794,791,864,784,523,858,421,1036,684
ppp1r11,573,629,628,626,661,538,574,501,756,646,742,547
ppp1r12a,590,522,788,613,617,504,658,549,897,498,667,614
ppp1r12b,214,158,291,287,237,155,299,196,366,189,289,200
ppp1r12c,588,391,862,455,525,341,638,385,668,369,454,399
ppp1r13b,289,157,379,222,298,213,225,236,361,228,280,233
ppp1r13l,32,13,24,25,27,15,23,10,25,12,24,18
ppp1r14a,39,72,47,80,60,94,52,72,40,77,43,39
ppp1r14b,403,240,594,297,323,180,368,240,407,233,448,245
ppp1r14c,5,9,9,5,3,2,5,0,7,1,2,0
ppp1r14d,0,0,0,0,2,0,1,0,0,0,1,1
ppp1r15a,334,193,376,228,184,229,333,216,258,239,346,238
ppp1r15b,2123,1745,2959,2139,2147,1649,1975,1915,2599,1640,2479,1945
ppp1r16a,702,316,552,303,681,290,487,390,618,323,510,343
ppp1r16b,182,143,259,210,143,142,128,111,209,108,189,165
ppp1r17,0,2,0,1,1,0,1,4,2,2,1,1
ppp1r18,327,76,471,182,243,70,276,82,280,80,432,89
ppp1r1a,1,12,2,7,0,0,10,2,2,2,1,1
ppp1r1b,92,92,49,45,109,71,51,55,90,49,282,108
ppp1r1c,5,3,9,4,3,1,1,1,3,2,3,8
ppp1r2,1213,855,1264,1144,1089,861,1043,710,1076,645,1052,856
ppp1r21,628,361,487,418,550,377,590,425,716,348,796,395
ppp1r26,19,3,40,4,8,0,18,3,19,6,12,7
ppp1r27,4,12,22,24,3,2,20,0,8,1,5,2
ppp1r35,150,142,110,113,146,142,139,143,160,118,181,108
ppp1r36,3,0,1,0,6,1,5,0,6,0,5,0
ppp1r37,893,720,1018,811,664,818,657,952,779,788,454,861
ppp1r3a,34,63,67,47,61,12,88,8,93,4,35,5
ppp1r3b,1568,2544,3047,3750,3491,4029,3231,1444,3527,1655,2595,4026
ppp1r3c,754,1422,1473,2112,1361,1657,920,1406,1097,2566,2958,1206
ppp1r3d,26,12,21,13,26,14,24,16,32,11,23,15
ppp1r3e,16,24,12,39,22,7,19,16,35,13,10,22
ppp1r3f,21,13,35,14,23,16,18,12,26,14,21,14
ppp1r3g,16,4,19,27,20,14,56,6,35,18,19,2
ppp1r42,130,0,195,0,153,1,80,0,125,3,501,3
ppp1r7,559,391,725,437,590,454,534,428,708,392,670,441
ppp1r8,298,242,299,269,240,259,275,279,347,250,309,283
ppp1r9a,303,386,372,376,377,536,482,484,678,420,700,501
ppp1r9b,644,177,890,368,493,160,559,197,547,171,633,181
ppp2ca,3021,2926,3151,3111,3596,2805,3399,2553,3561,2801,3598,2927
ppp2cb,681,397,717,441,548,426,573,382,609,332,699,453
ppp2r1a,1753,966,1777,1209,1555,1126,1696,910,1658,910,2060,1063
ppp2r1b,352,459,413,449,331,389,372,461,505,362,292,475
ppp2r2a,151,151,188,269,151,173,181,160,194,148,177,188
ppp2r2b,15,2,17,16,15,1,8,1,24,3,12,1
ppp2r2c,8,7,23,15,3,5,8,6,24,12,17,13
ppp2r2d,621,384,556,341,437,374,615,356,513,309,524,396
ppp2r3a,494,600,553,602,411,564,460,632,779,516,631,584
ppp2r3c,323,358,375,352,341,309,349,320,430,314,307,340
ppp2r5a,3789,4029,4043,3805,4374,4007,3683,3447,4828,3502,4270,4014
ppp2r5b,282,125,365,233,253,123,231,127,217,118,289,151
ppp2r5c,1045,790,1311,921,921,812,1048,860,1169,768,1047,839
ppp2r5d,592,414,552,510,601,475,638,449,684,450,612,448
ppp2r5e,604,574,568,801,590,611,492,591,606,554,485,672
ppp3ca,882,666,846,814,759,702,858,732,917,599,650,787
ppp3cb,600,540,592,723,551,609,643,503,725,543,517,623
ppp3cc,112,96,156,101,77,111,134,101,139,88,110,76
ppp3r1,1030,785,995,1025,1002,838,1098,722,1097,576,1222,815
ppp3r2,0,0,0,0,0,0,0,0,0,0,0,1
ppp4c,800,646,1079,692,719,645,807,636,843,646,655,688
ppp4r1,793,357,937,515,650,421,800,460,820,411,897,445
ppp4r2,1483,1029,1773,1290,1363,1289,1449,1095,1616,971,1526,1289
ppp4r4,168,244,148,240,219,222,162,261,209,195,190,210
ppp5c,598,476,709,527,573,478,492,382,540,388,516,459
ppp6c,1274,1547,1422,1375,1330,1304,1337,1341,1852,1287,1794,1467
ppp6r1,1602,1338,1926,1742,1430,1550,1550,1563,1848,1571,1131,1561
ppp6r2,544,535,440,632,541,590,494,538,615,544,475,573
ppp6r3,1992,1950,2275,2020,1969,2021,2071,1972,2538,2149,2549,2053
pprc1,168,65,366,121,112,102,192,130,217,81,153,151
ppt1,1077,612,1425,640,1041,644,1118,609,1404,585,1536,616
ppt2,559,331,590,342,473,355,518,339,456,307,537,391
pptc7,417,313,516,423,498,452,706,523,686,357,685,481
ppwd1,201,243,268,235,202,249,219,201,260,221,222,245
ppy,0,0,0,0,0,0,0,6,0,5,0,0
pqbp1,476,445,519,472,446,438,446,291,568,398,327,446
pradc1,70,83,58,96,98,88,81,87,102,80,47,75
praf2,88,74,71,99,57,58,73,66,85,68,32,62
pram1,47,26,48,28,31,14,39,20,38,18,17,26
prame,0,0,0,0,0,0,0,0,0,0,0,0
pramef12,0,0,1,2,1,0,3,0,1,0,0,0
pramef17,0,0,0,0,0,0,0,0,0,0,0,0
pramef8,203,238,289,234,214,146,200,161,260,210,282,230
prap1,1,1,1,1,0,0,2,16,5,2,1,1
prb1,0,0,0,0,0,0,0,0,0,0,0,0
prc1,156,25,319,19,167,13,264,42,227,43,194,54
prcc,272,196,280,253,273,240,255,268,258,206,166,243
prcp,491,286,486,357,461,244,516,260,642,284,550,274
prdm1,49,24,116,29,45,10,38,16,58,23,69,22
prdm10,98,66,146,80,83,58,97,85,113,114,109,94
prdm11,103,71,206,105,58,56,83,106,151,80,107,95
prdm12,1,3,3,1,0,0,1,0,0,1,0,1
prdm13,0,0,0,0,0,0,0,0,0,0,0,0
prdm14,4,1,12,0,5,0,4,1,4,0,8,0
prdm15,143,95,322,106,150,117,195,129,258,98,130,152
prdm16,24,12,25,16,27,11,30,21,47,14,49,17
prdm2,402,399,476,423,327,417,495,432,494,335,458,626
prdm4,199,142,254,174,192,149,207,222,233,132,200,178
prdm5,31,20,26,64,25,23,36,21,43,22,36,35
prdm6,8,0,3,8,3,1,4,4,3,2,2,0
prdm8,6,3,14,3,2,3,1,4,3,4,4,3
prdm9,105,91,107,93,71,78,94,99,147,116,107,89
prdx1,24171,23535,31743,21893,27004,21709,24280,23123,30339,24160,38057,23180
prdx2,4025,2260,2778,2198,3225,2116,2756,1899,3961,2124,3201,2130
prdx3,4433,2896,4576,2559,4973,2873,4456,2653,4883,2869,4188,3023
prdx4,2776,2005,2213,1988,2191,1842,2392,2058,2830,2297,2369,2424
prdx5,5058,4719,6604,4338,5732,4880,5077,3906,5453,4510,5142,4376
prdx6,10187,7855,18763,7771,12676,8513,9994,7262,13538,7641,13640,8350
preb,1378,1233,1544,1495,1244,969,1314,1062,1546,1126,1578,1197
prelid1,2712,1790,3426,1967,2312,1874,2230,1763,2381,1852,1785,2014
prelid2,135,19,265,22,169,10,105,12,184,15,505,14
prelp,939,571,816,1115,933,703,876,514,1095,511,1503,563
prep,480,443,982,531,501,499,503,537,466,456,548,603
prepl,842,771,639,785,797,786,794,777,996,771,1111,675
prex1,501,237,447,412,430,318,516,189,446,194,417,239
prex2,772,587,1730,729,716,556,788,451,948,511,1013,524
prf1,12,2,32,9,4,3,13,0,13,4,8,2
prg2,12,2,13,7,12,0,5,3,20,13,60,0
prg3,1,0,1,1,0,0,0,0,0,1,3,0
prg4,255,238,348,432,241,379,376,371,289,214,567,191
prh1,0,0,0,0,0,0,0,0,0,0,0,0
prickle1,126,93,52,142,98,81,81,97,104,82,46,115
prickle2,173,62,154,132,127,58,105,58,134,54,124,64
prickle3,72,39,80,45,46,34,53,38,62,48,33,50
prickle4,12,16,15,18,14,13,16,5,28,15,17,7
prim1,128,92,160,87,173,96,118,95,182,89,121,99
prim2,122,91,215,101,136,108,147,119,233,117,197,112
prima1,3,0,0,0,0,0,0,0,0,0,0,0
primpol,150,143,145,150,148,142,134,122,192,173,167,163
prkaa1,586,403,738,455,487,412,578,466,811,388,1033,434
prkaa2,1216,1122,1150,1506,1260,1359,1266,1413,1615,1242,1903,1784
prkab1,717,263,980,308,564,259,440,322,514,250,727,216
prkab2,106,55,151,76,102,48,105,48,141,39,98,73
prkaca,1147,705,840,874,894,821,847,656,893,691,794,821
prkacb,1168,917,1165,1106,1201,937,1159,1048,1338,830,1023,971
prkag1,876,553,1053,655,756,601,686,555,995,569,1003,597
prkag2,308,263,318,294,313,268,258,315,394,270,343,348
prkag3,6,11,11,15,8,15,15,19,23,12,8,17
prkar1a,2512,1936,2422,2383,2354,2201,2438,1770,2506,1678,2601,1955
prkar1b,26,11,31,14,23,8,21,7,39,10,27,4
prkar2a,1011,1291,1037,1581,1020,1424,1037,1436,1297,1343,753,1661
prkar2b,50,21,165,60,43,19,74,26,44,32,63,69
prkca,468,214,580,246,365,193,452,195,528,153,708,232
prkcb,232,102,211,201,167,88,232,112,265,106,206,109
prkcd,584,191,633,314,459,181,576,252,642,277,489,273
prkce,247,178,245,250,180,191,270,204,259,153,275,203
prkcg,8,11,24,6,6,10,13,14,6,6,7,14
prkch,260,101,326,173,202,123,280,97,218,100,318,129
prkci,464,369,525,374,430,363,426,356,535,322,402,427
prkcq,126,122,222,138,110,93,146,131,196,109,118,123
prkcsh,1818,1259,2350,1375,1154,1445,1627,1392,1457,1393,1346,1595
prkcz,312,428,285,482,308,425,188,538,519,406,366,365
prkd1,11,6,17,28,14,3,11,9,14,4,17,7
prkd2,226,91,310,141,176,103,190,97,209,84,164,104
prkd3,4748,5308,3715,4972,4122,5806,3134,6652,6229,5873,3383,4634
prkdc,471,518,517,607,535,555,454,638,689,532,585,619
prkg1,59,48,84,82,67,57,86,58,127,48,69,52
prkg2,34,5,14,36,19,7,18,16,29,13,17,6
prkra,381,393,380,378,412,406,377,391,518,469,366,358
prkrip1,156,105,162,135,153,125,170,129,238,144,223,135
prkx,335,114,395,203,283,117,306,113,334,98,245,126
prl,0,0,0,0,0,0,0,0,0,0,0,0
prlh,2,0,0,0,0,0,0,0,1,2,0,0
prlhr,0,0,0,0,0,0,0,0,0,0,0,0
prlr,1157,1161,1983,2111,682,1644,1222,2058,1262,980,1731,1734
prm1,0,0,0,0,0,0,0,0,0,0,1,0
prm2,1,1,4,0,0,1,0,1,0,0,0,0
prm3,0,0,0,0,0,0,0,0,0,1,0,0
prmt1,236,193,319,227,218,169,219,183,260,177,199,169
prmt2,86,22,102,30,94,12,92,13,104,20,116,33
prmt3,242,228,308,263,197,212,212,175,312,256,256,239
prmt5,351,215,369,308,335,236,297,266,389,248,270,256
prmt6,226,146,245,151,175,121,201,147,227,139,165,151
prmt7,395,293,314,342,385,330,321,232,363,320,358,331
prmt8,2,0,1,1,1,2,0,0,3,2,0,1
prmt9,491,419,443,384,490,445,439,432,681,390,602,458
prnd,26,1,58,8,24,1,5,3,54,3,143,3
prnp,999,692,778,803,818,1014,686,699,1187,670,885,808
prob1,217,121,134,136,172,211,238,134,210,108,234,108
proc,5914,7797,5857,7106,5518,8026,5657,6667,7766,7728,5987,8181
proca1,54,54,18,48,53,25,33,19,65,48,35,31
procr,65,21,235,22,31,16,39,22,58,20,38,15
prodh,1936,3520,1466,3462,2961,4772,2126,3448,3675,3859,804,3324
prodh2,2041,2299,1741,2300,2007,2318,1806,1863,2327,2319,1235,2510
prok1,104,71,46,73,86,110,58,214,98,67,47,129
prok2,1,0,2,0,0,0,0,0,1,1,0,0
prokr1,9,6,6,2,3,4,20,6,6,5,4,9
prokr2,15,22,282,25,17,15,19,18,27,15,16,28
prom1,582,39,1709,55,455,30,859,110,683,67,2507,101
prom2,8,1,5,0,6,1,3,36,2,9,1,20
prop1,3,6,16,6,4,0,0,10,13,4,4,4
pros1,3169,1897,3183,2076,2428,1982,2995,2488,3924,1842,2638,1875
proser1,60,42,77,74,59,47,61,47,74,42,55,50
proser2,340,170,388,236,341,355,403,179,415,198,468,252
proser3,39,33,61,42,38,29,39,53,59,44,24,65
prox1,1556,1142,1954,2321,1405,2019,1089,2565,1791,1710,1516,1025
prox2,35,24,49,22,28,26,24,19,42,39,36,30
proz,6195,8136,5589,7409,6426,7757,6031,8052,8162,7811,6164,7698
prpf18,932,908,1224,817,800,856,837,919,1266,922,1007,936
prpf19,2330,1647,2234,1714,2225,1726,2312,1481,2685,1621,2795,1795
prpf3,146,137,262,159,194,164,172,143,258,146,120,181
prpf31,430,364,563,359,343,305,422,343,458,362,378,352
prpf38a,343,350,414,327,395,284,321,308,486,316,509,295
prpf38b,705,527,1099,602,625,655,767,687,949,645,704,697
prpf39,330,421,556,581,429,483,382,429,624,419,406,435
prpf4,301,309,447,309,323,356,310,344,456,328,297,356
prpf40a,1457,1646,2267,1870,1392,1600,1701,1555,2128,1564,2367,1623
prpf40b,226,124,306,153,214,135,217,155,246,148,199,184
prpf6,1409,1201,1841,1435,1071,1612,1108,1683,1793,1533,1115,1711
prpf8,3881,3711,3740,4572,4265,4341,4118,4040,5162,3622,4233,4358
prph,27,12,13,101,15,52,9,16,31,24,38,23
prph2,0,0,0,1,0,0,0,2,0,1,1,1
prps1,848,576,457,557,680,584,614,504,959,505,717,544
prps1l1,0,3,4,3,0,0,3,0,3,0,1,1
prps2,747,508,693,475,786,520,609,449,1064,436,758,466
prpsap1,1149,627,820,667,1155,727,982,844,1286,630,1225,732
prpsap2,307,339,198,314,311,303,243,267,391,332,370,326
prr11,21,8,26,7,19,5,46,4,26,7,19,7
prr12,73,42,86,78,63,25,63,50,78,36,31,36
prr13,910,363,1208,477,857,398,687,375,804,379,547,377
prr14,280,280,341,315,262,273,235,297,357,311,220,347
prr14l,735,771,846,859,882,799,877,899,1193,853,1331,913
prr15,61,27,45,133,45,32,33,30,64,51,26,43
prr15l,164,27,77,40,187,28,128,58,261,48,615,40
prr16,330,478,342,595,313,413,268,447,393,536,327,458
prr18,1,5,2,1,1,3,4,4,2,1,5,9
prr19,0,0,0,0,0,0,0,0,0,0,0,0
prr22,2,0,2,4,1,4,2,2,2,1,0,2
prr27,0,0,0,0,0,0,0,0,0,0,0,0
prr29,1,0,2,1,3,0,0,1,1,2,0,1
prr3,85,42,75,58,61,45,72,57,79,56,84,51
prr30,0,0,0,0,1,0,0,0,0,0,0,0
prr32,0,0,1,0,0,0,1,0,0,0,0,0
prr36,8,2,10,4,6,7,4,7,22,7,12,5
prr5,93,42,128,58,80,48,60,74,83,50,71,46
prr5l,100,56,123,70,60,62,70,39,98,65,88,59
prr7,3,1,5,2,2,0,0,0,2,1,4,0
prr9,0,0,0,0,0,0,0,0,0,0,0,0
prrc1,536,400,614,594,408,328,489,395,421,348,337,459
prrc2a,830,391,970,877,633,477,897,554,720,426,692,669
prrc2b,1243,600,1746,1036,830,689,1005,828,1212,613,942,816
prrc2c,1453,918,2503,1482,1360,1101,1648,1177,1966,1082,1957,1292
prrg1,99,64,177,90,92,53,92,52,160,53,161,67
prrg2,311,305,398,291,340,278,278,276,315,304,233,285
prrg3,47,28,79,121,55,49,54,45,88,51,88,32
prrg4,88,13,134,9,121,6,109,15,225,4,212,11
prrt1,5,5,10,4,7,3,8,3,5,0,2,4
prrt2,1,1,3,7,1,0,0,0,1,4,1,1
prrt3,8,4,12,8,9,4,9,7,4,3,7,3
prrt4,1,2,3,4,3,0,1,1,2,0,1,0
prrx1,94,42,95,116,103,27,112,26,94,33,81,53
prrx2,2,0,6,7,2,2,1,2,2,1,1,2
prss1,2,0,0,0,0,0,0,6,0,1,0,3
prss12,29,17,17,91,25,29,18,24,37,22,8,28
prss16,3,0,48,2,1,0,8,1,5,0,12,0
prss2,12689,574,5820,217,11555,112,1719,58422,1053,16577,4,18566
prss21,0,0,0,0,0,0,0,0,0,0,0,0
prss22,2,1,5,1,0,1,0,1,1,0,0,1
prss23,447,207,684,486,372,194,372,142,444,205,336,208
prss27,0,0,0,0,0,1,2,0,3,0,2,0
prss3,43,41,33,0,29,9,4,617,3,126,0,71
prss33,1,0,0,0,0,0,0,0,0,0,1,0
prss35,15,4,33,12,17,5,22,6,27,5,27,15
prss36,84,85,73,82,83,82,71,92,98,89,79,84
prss37,0,0,1,0,1,0,0,0,0,0,0,0
prss38,0,0,0,0,0,0,0,0,0,0,0,0
prss48,5,5,10,11,3,6,6,14,13,15,5,7
prss50,1,4,2,4,9,5,3,2,2,4,1,1
prss53,41,61,53,59,46,54,54,37,63,84,26,81
prss54,0,0,0,0,0,0,0,0,0,0,0,0
prss55,6,1,10,2,6,1,3,1,9,6,3,0
prss56,0,0,39,0,1,0,0,0,0,0,0,0
prss57,9,0,0,0,7,0,3,0,14,0,1,0
prss58,0,0,0,0,0,0,0,0,0,0,0,0
prss8,1062,102,1018,79,900,105,525,179,1141,139,996,110
prtg,18,3,30,3,28,0,12,5,42,6,43,4
prtn3,49,55,77,29,44,89,64,178,26,40,85,11
prune2,61,37,603,73,71,19,106,26,98,28,65,42
prx,12,8,12,10,8,3,12,5,12,3,9,7
psap,19146,7692,21011,10229,17425,7979,17948,8067,17645,7933,17229,8887
psapl1,0,0,0,1,2,0,15,0,1,0,0,0
psat1,219,17,1093,46,138,15,117,70,145,37,1032,34
psca,3,0,0,1,0,0,0,0,8,0,0,0
psd,23,13,30,18,16,9,38,18,39,15,15,11
psd2,3,1,3,0,3,1,0,0,3,1,2,2
psd3,1797,1647,1911,1625,1525,1612,1579,1815,2218,1613,2259,2006
psd4,502,102,685,139,319,91,450,101,497,119,372,122
psen1,663,493,899,615,527,488,581,602,750,524,537,562
psen2,3928,3861,2736,3355,5470,3685,4178,2039,5557,3794,4588,3482
psenen,544,489,639,482,490,403,472,465,620,487,420,475
psip1,791,723,831,940,707,708,711,751,1117,679,1051,741
pskh1,545,515,508,458,492,540,454,531,586,501,485,524
psma1,2228,2400,2557,2133,2264,2210,2194,2023,3217,2415,2119,2390
psma2,1956,2131,2400,1952,2147,2099,1951,1842,2470,1936,1908,2014
psma3,2992,3827,3074,3450,3360,3566,2711,3240,3939,3664,3043,3721
psma4,2465,3796,2792,3194,2724,3318,2767,3160,3934,3504,3032,3376
psma5,1556,1708,1572,1582,1821,1623,1741,1518,2284,1626,1403,1668
psma6,2019,1965,1847,2099,2133,1897,1699,1652,2190,1863,1569,1943
psma7,3145,2567,3411,2536,2976,2459,2748,2018,3692,2302,2947,2265
psma8,14,18,25,13,23,41,22,11,48,24,18,15
psmb1,3084,2708,2954,2728,3272,2890,3394,2512,3906,2896,4312,2718
psmb10,864,605,728,517,904,564,786,674,1222,579,921,506
psmb11,17,19,19,26,14,14,19,25,40,16,25,31
psmb2,1225,1180,1196,1007,1247,1178,1192,904,1405,1108,1231,1164
psmb3,1741,1905,1691,1917,2235,1862,2088,1527,2368,1839,2118,1818
psmb4,3031,2711,2895,2764,3385,2770,3213,2495,3595,2673,2481,2664
psmb5,2139,1215,1958,1342,1884,1412,2049,1175,2177,1300,1702,1414
psmb6,2721,2417,2508,2379,2965,2476,3119,2215,3258,2476,2694,2533
psmb7,3077,2948,3737,2711,3090,2762,3163,2759,4270,3184,3483,3042
psmb8,1513,724,1340,666,1506,768,1487,681,1679,664,1637,554
psmb9,636,332,589,333,618,383,592,329,674,347,626,308
psmc1,2111,2271,2306,2129,2193,2368,2072,2094,2816,2168,1780,2318
psmc2,1788,1629,1717,1736,1869,1663,1730,1621,2421,1747,2354,1765
psmc3,2927,2636,3137,2549,2604,2369,2832,2451,3540,2604,2992,2407
psmc3ip,23,12,15,12,28,10,26,7,24,5,23,7
psmc4,1762,1674,2056,1663,1784,1652,1879,1467,2054,1617,1627,1757
psmc5,1337,1083,1228,1293,1357,1235,1395,1058,1591,1216,1388,1157
psmc6,2498,2929,2329,2786,2428,2540,2463,2324,3495,2775,2726,2586
psmd1,3682,2617,4340,2795,3972,2515,3787,2449,4653,2566,4696,2902
psmd10,495,219,408,232,539,229,356,221,589,226,389,217
psmd11,1314,1359,1303,1352,1369,1405,1545,1170,1679,1269,1001,1554
psmd12,1731,1567,1680,1650,1822,1548,1782,1545,2172,1474,2187,1641
psmd13,1626,1443,1840,1546,1561,1503,1694,1362,1564,1487,1498,1330
psmd14,1698,1324,2299,1366,1571,1285,1663,1077,2252,1314,1835,1373
psmd2,5144,4064,4431,4353,4730,4252,4224,3994,6042,4550,3171,4608
psmd3,1366,951,1266,1131,1293,1055,1175,987,1288,906,1033,1119
psmd4,2100,1853,2235,1799,2266,1883,2324,1671,2292,1905,1595,1969
psmd5,1186,1027,1745,985,1282,894,1124,840,1759,940,1959,974
psmd6,1689,2017,1556,1843,1846,1789,1795,1834,2374,2072,1400,1806
psmd7,1425,1032,1307,1045,1192,950,1207,910,1423,979,1206,993
psmd8,3797,2250,4839,2224,2845,2103,3713,2004,3820,2217,3617,2272
psmd9,614,490,662,533,642,598,667,527,799,562,686,547
psme1,2270,1667,2217,1463,2114,1501,2351,1359,2802,1465,1811,1418
psme2,1846,1562,1756,1371,1929,1387,1799,1411,2578,1573,1388,1515
psme3,835,650,945,847,892,649,908,623,846,665,766,781
psme4,3480,3781,3222,4514,3989,3722,4035,4184,4494,3679,4044,4245
psmf1,488,332,636,412,419,431,406,424,594,351,439,444
psmg1,436,354,345,318,410,354,370,313,548,357,342,366
psmg2,278,246,283,204,355,281,289,191,434,239,336,265
psmg3,250,203,204,245,313,203,240,174,310,218,324,218
psmg4,179,109,175,97,143,100,145,107,161,101,134,93
psors1c2,0,0,0,1,0,0,1,0,0,0,0,0
pspc1,233,175,254,236,207,192,251,144,308,180,282,199
psph,386,247,453,200,369,202,447,204,408,258,953,260
pspn,3,0,2,2,3,1,0,1,4,2,2,2
psrc1,88,4,544,4,59,6,99,5,50,6,78,5
pstk,180,209,225,232,171,223,209,251,257,182,169,237
pstpip1,51,21,63,35,45,10,48,26,59,32,56,24
pstpip2,159,202,58,207,198,185,197,118,272,153,83,231
ptafr,218,76,179,123,120,53,118,73,183,121,113,75
ptar1,137,111,135,111,107,110,142,116,156,113,147,106
ptbp1,1611,1165,2356,1241,1283,1397,1534,1408,1703,1212,1442,1338
ptbp2,296,268,307,294,271,201,256,210,383,220,384,276
ptbp3,3076,2663,3312,2833,2817,2570,3185,2945,4240,2437,4084,2587
ptcd1,305,213,320,232,304,263,313,261,354,220,364,272
ptcd2,406,466,455,531,425,390,347,390,494,496,336,436
ptcd3,1991,3237,2092,2956,2219,3500,2195,2318,2747,3022,2045,2519
ptch1,499,393,718,470,347,402,422,434,476,455,310,935
ptch2,22,6,17,15,18,11,32,9,26,10,24,16
ptchd1,2,1,2,1,3,0,2,0,2,2,1,0
ptchd3,1,0,1,0,0,0,0,0,0,0,1,0
ptchd4,2,0,2,3,0,0,0,2,7,1,4,2
ptcra,5,10,10,4,7,9,5,4,17,3,12,8
ptdss1,892,1022,1004,1020,747,942,720,975,975,931,675,940
ptdss2,225,112,237,133,153,128,155,151,229,122,164,127
pten,4433,4880,4349,5855,4670,4975,4500,4420,5336,4248,5362,5091
pter,2407,2095,1825,1951,2108,1939,1930,1565,3202,2058,4075,2069
ptf1a,0,0,0,1,3,0,0,23,0,12,0,15
ptgdr,1,2,2,2,3,0,2,1,3,1,2,1
ptgdr2,2,0,1,0,0,1,0,0,0,0,3,0
ptgds,83,34,16,68,321,33,901,46,187,86,1911,130
ptger1,206,81,192,129,127,67,197,109,175,74,133,102
ptger2,37,35,33,42,32,39,64,27,57,32,47,54
ptger3,40,10,26,69,36,12,14,146,15,57,3,83
ptger4,73,20,86,67,54,22,57,51,98,36,64,42
ptges,289,27,418,110,240,8,251,29,192,37,242,31
ptges2,484,437,441,400,458,438,386,371,550,392,430,383
ptges3,2591,3159,2878,3998,2855,3052,2884,2584,3014,2998,2695,3099
ptges3l,16,12,20,13,13,17,24,22,37,15,15,25
ptgfr,97,6,64,16,47,6,59,17,74,19,102,9
ptgfrn,416,75,833,349,233,83,271,117,407,135,285,172
ptgir,14,5,12,34,12,4,10,6,32,13,14,11
ptgis,222,57,127,448,143,64,145,103,209,124,109,94
ptgr1,447,77,2082,84,539,95,558,77,521,113,912,113
ptgr2,1349,1579,1142,1663,1402,1664,1123,1443,1861,1594,1091,1703
ptgs1,856,385,739,712,806,436,1011,501,832,439,511,489
ptgs2,8,5,118,20,4,7,6,12,12,10,3,21
pth,0,0,0,0,0,0,0,0,0,0,0,0
pth1r,134,146,106,145,130,132,103,129,98,105,98,114
pth2,0,0,0,0,0,0,0,0,0,0,0,0
pth2r,1,0,19,0,2,0,0,0,0,0,2,1
pthlh,2,0,90,2,3,0,1,0,3,0,1,0
ptk2,961,563,1014,703,771,542,764,537,970,562,883,620
ptk2b,726,582,545,784,542,585,540,566,854,593,350,709
ptk6,19,106,39,85,24,90,18,63,50,107,19,69
ptk7,119,18,192,67,92,25,107,43,120,43,142,29
ptma,8401,5920,7833,7611,7473,5450,6398,4394,9059,5056,9193,5086
ptms,3262,3360,2117,4084,2792,3428,2385,3385,2769,3071,968,3295
ptn,8,5,30,5,20,5,17,9,22,9,21,1
ptov1,495,302,510,486,425,301,477,282,449,270,309,360
ptp4a1,5349,2744,4665,4237,4317,3140,5211,2705,5326,2850,10644,3151
ptp4a2,3814,3350,3633,3769,3971,3149,3717,3148,4649,3004,4094,3280
ptp4a3,416,79,383,140,270,62,260,92,295,70,501,79
ptpdc1,47,21,51,44,35,28,32,22,50,32,22,26
ptpn1,637,380,791,547,507,365,737,398,634,338,542,445
ptpn11,2090,1300,2212,1644,1860,1360,2051,1467,2191,1331,2577,1489
ptpn12,568,366,895,485,447,401,618,412,648,397,782,416
ptpn13,212,67,169,374,135,68,163,107,246,107,120,115
ptpn14,355,72,1402,254,565,59,530,75,312,63,627,93
ptpn18,177,76,149,112,183,56,127,78,163,70,146,65
ptpn2,362,288,386,288,289,266,371,305,452,296,430,309
ptpn20,1,1,1,3,3,0,4,0,6,2,6,2
ptpn21,289,148,282,191,193,146,197,224,271,152,197,178
ptpn22,92,55,131,87,82,47,109,45,147,59,191,59
ptpn23,175,87,219,146,128,95,172,95,154,103,139,132
ptpn3,1028,1075,920,1098,911,1023,811,1202,1116,1038,884,1012
ptpn4,563,478,827,564,542,551,557,572,864,459,1373,442
ptpn5,0,1,3,1,1,0,3,1,2,0,1,0
ptpn6,868,412,741,445,827,339,716,402,923,384,459,380
ptpn7,58,22,73,45,40,16,57,19,74,29,60,24
ptpn9,620,369,1004,485,438,423,801,467,659,421,795,443
ptpra,1196,607,994,734,921,694,1004,711,1345,661,966,739
ptprb,3930,3086,2776,3843,3229,3114,3705,2454,3061,2325,2524,3083
ptprc,1435,891,1672,1295,1551,626,1886,655,2220,870,1930,817
ptprcap,24,22,37,24,22,7,39,14,56,9,34,9
ptprd,1951,3950,1896,3587,2550,3988,2241,4109,4577,3827,2295,4509
ptpre,340,56,504,98,190,45,208,69,245,72,307,79
ptprf,2973,2079,4348,2831,2307,2672,2274,2731,2731,2409,2389,2765
ptprg,793,630,908,921,672,847,812,701,932,637,754,809
ptprh,6,0,4,0,18,1,6,1,10,0,1,1
ptprj,2590,1733,2780,2195,2075,1777,2737,2158,3087,1945,2247,2243
ptprk,1454,1382,2502,1206,1309,1468,1449,1396,1775,1247,1704,1550
ptprm,272,113,312,158,180,125,261,131,229,96,290,134
ptprn,2,1,149,2,1,4,3,3,8,2,8,2
ptprn2,13,1,10,3,18,4,4,80,3,18,2,37
ptpro,84,25,72,53,86,21,69,31,92,49,57,19
ptprr,12,8,39,23,14,13,16,16,20,17,14,14
ptprs,315,85,324,255,228,140,292,110,390,170,340,158
ptprt,7,13,17,18,4,3,4,23,11,11,0,35
ptpru,22,23,29,57,48,20,25,5,26,16,20,15
ptprz1,4,4,4,8,2,1,7,6,8,6,2,4
ptrh1,50,15,118,21,24,10,49,16,45,16,31,18
ptrh2,487,389,504,405,510,418,494,372,617,433,509,430
ptrhd1,108,97,93,92,114,94,107,72,144,88,90,107
pts,492,602,431,548,488,637,426,517,688,533,535,628
pttg1,420,454,473,398,520,379,439,372,562,413,455,441
pttg1ip,3956,3427,3284,3591,4456,3737,4052,3179,4849,3443,2949,3573
ptx3,5,0,3,5,3,1,1,3,5,2,1,1
ptx4,0,0,0,2,0,0,0,0,0,0,0,0
puf60,1609,1009,1940,1131,1490,1145,1389,939,1742,1066,2183,1161
pum1,871,742,1167,970,812,876,888,1056,992,845,933,1008
pum2,1405,1236,1621,1611,1403,1380,1501,1234,1777,1263,1555,1425
pum3,613,588,785,681,593,559,656,521,759,640,764,664
pura,479,383,481,588,336,369,410,345,527,319,414,429
purb,1341,1046,1680,1383,1223,1009,1399,999,1521,755,1447,1238
purg,33,19,29,28,18,31,23,16,38,14,32,27
pus1,356,234,431,234,364,233,312,236,385,263,448,255
pus10,452,576,392,519,635,526,560,582,833,585,670,525
pus3,112,118,98,137,103,151,95,125,201,155,121,117
pus7,245,218,273,286,257,164,225,181,288,221,232,245
pus7l,35,28,55,40,43,33,54,28,67,24,48,29
pusl1,115,52,95,77,61,63,60,68,104,54,79,70
pvalb,13,162,157,254,1,7,65,28,5,0,0,0
pvr,302,122,457,143,231,141,327,151,295,156,317,163
pwp1,436,417,558,491,481,415,494,414,641,408,542,424
pwp2,404,298,654,398,440,386,524,273,491,322,484,379
pwwp2a,176,113,201,161,120,156,192,168,230,138,150,174
pwwp2b,103,54,133,58,82,48,85,47,127,44,101,48
pxdc1,737,1124,1128,1233,872,1063,651,699,780,823,482,1235
pxdn,521,344,626,491,436,357,488,319,539,335,571,436
pxk,504,462,556,523,430,407,464,477,579,507,420,402
pxmp2,1317,2115,942,2063,1520,2441,1182,2055,1886,2064,1066,2173
pxmp4,1346,1595,1543,1104,1247,1254,1213,889,1428,1229,1341,1684
pxn,844,436,1192,551,605,479,644,373,663,493,769,464
pxt1,0,1,1,0,2,1,1,0,2,0,1,0
pxylp1,182,101,146,121,198,94,176,77,236,145,225,113
pycard,158,90,125,142,162,79,171,94,229,100,170,98
pycr1,37,14,81,25,26,18,30,58,41,31,24,39
pycr2,233,121,312,159,201,94,211,115,229,109,180,101
pygb,1743,178,1958,325,1318,156,1392,173,2177,160,2222,194
pygl,8246,11705,7368,10684,10135,13825,7366,8561,10494,12091,6752,12827
pygm,98,153,150,166,54,37,204,35,68,22,47,19
pygo1,74,14,60,34,72,7,138,15,68,6,61,13
pygo2,262,196,383,260,239,211,268,222,268,177,186,181
pyhin1,230,106,227,120,263,63,214,110,284,109,202,96
pym1,144,143,157,157,147,100,153,128,177,174,154,118
pyroxd1,338,301,456,296,375,303,356,323,451,374,310,296
pyroxd2,764,366,584,348,851,371,637,390,806,363,657,350
pyy,0,0,0,0,0,0,0,0,0,1,0,0
pzp,111757,110865,203719,94037,75135,106264,142154,143932,104335,116939,61141,128432
qdpr,4755,6122,2635,5938,5184,8088,3386,4866,5510,6124,2994,7383
qpct,194,199,170,187,261,159,203,148,374,146,1992,149
qpctl,179,150,282,206,181,172,170,204,195,188,134,166
qprt,3041,2589,2827,2311,2822,2959,2508,2382,3540,2590,3242,2655
qrfp,2,2,3,5,0,5,4,1,5,2,3,4
qrfpr,0,0,1,0,0,0,0,0,0,0,0,0
qrich1,965,933,1256,1077,881,977,942,1028,1186,965,928,1024
qrich2,2,0,1,1,2,0,3,1,0,1,1,1
qrsl1,73,98,151,122,149,86,126,123,145,117,166,121
qser1,396,325,463,471,337,374,437,419,501,318,475,382
qsox1,8524,8185,7740,7759,8418,8465,10273,11122,9150,8437,7700,8702
qsox2,242,113,461,145,185,156,201,210,358,154,441,172
qtrt1,71,59,129,57,35,67,68,71,68,59,53,59
r3hcc1,275,151,281,165,182,172,200,142,243,106,170,114
r3hcc1l,396,486,459,438,396,486,429,391,591,492,547,423
r3hdm1,354,317,728,440,421,375,490,364,712,337,659,465
r3hdm2,336,277,392,470,357,358,364,385,336,294,257,389
r3hdm4,524,347,496,465,470,402,450,381,469,338,348,368
r3hdml,8,4,6,4,5,1,1,15,13,19,0,1
rab10,1654,1349,1731,1751,1535,1544,1528,1340,1858,1311,1297,1600
rab11a,1155,1139,1467,1179,1034,1013,1099,953,1422,914,1253,1096
rab11b,1086,608,931,727,895,706,944,699,923,635,1016,674
rab11fip1,328,190,387,273,247,200,222,214,365,176,301,223
rab11fip2,224,170,187,246,215,268,185,194,279,166,184,177
rab11fip3,290,158,290,255,285,172,264,203,311,206,266,250
rab11fip4,246,198,172,199,218,159,116,253,307,203,226,245
rab11fip5,288,43,271,208,166,53,174,66,224,67,100,73
rab12,583,370,583,444,476,413,505,385,570,297,716,343
rab13,190,95,128,90,142,87,157,100,158,98,151,88
rab14,2500,2176,2940,2483,2267,2395,2295,2104,3191,2064,2684,2545
rab15,5,3,18,7,3,5,8,3,6,2,5,2
rab17,578,481,473,400,691,558,511,431,674,448,686,412
rab18,1457,1622,1522,1613,1341,1419,1557,1282,1836,1161,1719,1342
rab19,24,11,24,7,31,3,15,17,44,7,22,5
rab1a,3996,2937,3790,3677,3602,2707,3465,2533,4078,2638,3874,3082
rab1b,2025,1295,1622,1527,2042,1316,1730,1221,1705,1266,1483,1393
rab20,333,187,316,224,263,192,251,166,314,235,434,158
rab21,445,406,549,565,446,476,503,408,445,337,463,461
rab22a,706,520,992,605,604,592,657,560,786,537,637,642
rab23,306,199,233,198,242,204,234,146,276,249,221,152
rab24,606,454,758,460,515,450,525,520,617,500,434,419
rab25,10,0,10,2,18,3,13,8,14,4,8,9
rab26,10,9,19,5,14,9,12,12,12,5,14,12
rab27a,151,85,235,94,214,94,174,91,227,81,384,93
rab27b,102,59,115,108,87,49,84,94,185,66,97,78
rab28,360,316,353,351,464,300,371,334,504,322,356,292
rab29,311,245,238,213,351,226,298,232,367,238,301,225
rab2a,2627,2317,2501,2272,2474,2193,2258,2093,3025,2151,2728,2206
rab2b,77,49,105,62,51,47,67,40,98,41,74,61
rab30,282,173,122,181,185,112,200,151,234,138,200,108
rab31,707,188,1251,428,579,195,849,235,706,252,874,283
rab32,887,758,605,794,953,691,797,575,1027,661,496,812
rab33a,0,2,4,1,1,1,0,1,2,0,1,0
rab33b,284,244,332,274,261,216,259,234,357,173,290,243
rab34,402,101,218,156,305,75,278,85,389,82,349,66
rab35,456,227,512,312,403,246,443,281,463,210,505,286
rab36,65,150,90,125,72,132,49,111,104,146,64,132
rab37,23,15,20,22,17,13,15,9,40,22,18,17
rab38,58,19,178,28,14,20,43,11,36,14,4,10
rab39b,4,3,2,4,1,4,3,8,2,4,5,3
rab3a,86,62,81,86,62,62,87,92,103,56,76,74
rab3b,33,14,21,17,44,11,44,12,29,18,10,8
rab3c,14,9,30,10,5,6,10,24,29,13,9,23
rab3d,626,182,1298,261,443,201,500,307,559,171,883,238
rab3gap1,1580,1211,2467,1495,1732,1596,2009,1621,2094,1540,2209,1704
rab3il1,239,108,207,194,231,122,149,129,263,125,168,142
rab3ip,436,295,372,307,396,404,380,421,441,387,318,424
rab40b,12,10,12,29,9,24,11,14,21,14,12,17
rab40c,186,111,217,174,151,105,168,141,155,125,193,130
rab42,7,2,6,3,9,1,2,1,9,1,12,1
rab43,3224,1825,2467,1854,2320,1691,2354,2203,2714,1950,1696,1691
rab44,10,7,28,17,8,2,12,4,23,4,81,8
rab4a,578,232,595,282,344,291,400,256,334,232,450,316
rab4b,223,148,280,155,209,194,187,173,256,132,155,166
rab5a,1773,1319,1492,1509,1626,1303,1744,1249,1665,1234,2392,1320
rab5b,2017,2083,1893,2185,2098,2250,2035,1991,2380,1900,1518,2156
rab5c,2181,1444,1917,1608,2134,1530,2107,1367,2168,1376,1824,1513
rab6a,1444,1060,2204,1402,1183,1179,1232,980,1343,966,1170,1323
rab6b,40,22,50,127,46,34,57,37,66,34,43,35
rab8a,1636,1208,1407,1199,1354,1171,1175,1082,1580,1125,1362,1236
rab8b,545,238,519,468,489,206,532,258,694,275,586,304
rab9b,12,16,19,13,11,31,11,38,24,61,11,10
rabac1,1174,836,1083,924,1047,757,1089,787,1225,836,953,691
rabep1,1887,1726,1926,1683,2267,1876,2174,1624,2599,1692,2294,1881
rabep2,232,140,279,122,176,107,206,129,257,135,215,163
rabepk,283,237,336,259,276,205,256,204,341,261,349,220
rabgap1,1009,679,1519,741,806,762,972,750,1298,765,1279,785
rabgap1l,1471,1146,1480,1217,1433,1170,1419,1181,2193,1031,2017,1252
rabgef1,281,223,298,272,285,288,345,233,352,248,478,319
rabggta,453,432,451,431,463,394,395,447,564,394,382,411
rabggtb,1009,1063,981,831,1048,1056,1123,902,1214,1030,932,1101
rabif,461,288,756,300,429,313,421,295,587,280,513,312
rabl3,253,249,268,234,227,249,238,232,315,260,159,253
rabl6,539,302,760,448,453,304,461,400,609,360,454,411
rac1,3236,1945,3500,2617,2922,2285,2999,2000,3033,1815,3006,2201
rac2,398,172,328,215,363,128,402,172,416,152,297,171
rac3,21,5,10,8,16,11,18,11,19,9,3,17
racgap1,122,14,209,13,155,18,167,22,157,26,160,38
rack1,10676,7364,12296,8815,10107,8652,11789,6926,10442,8154,10228,8113
rad1,200,141,260,177,154,165,159,160,303,160,217,140
rad17,345,299,489,357,340,356,388,325,462,308,360,377
rad18,96,35,131,49,74,34,103,47,95,27,80,38
rad21,1332,921,1432,1101,1279,943,1312,907,1511,801,1770,918
rad23a,685,458,477,498,526,571,513,393,560,378,460,515
rad23b,4501,5018,4511,4747,4501,4631,4198,4338,5350,4822,4913,4862
rad50,373,267,409,296,332,290,367,327,523,295,495,350
rad51,28,49,57,28,48,19,61,53,55,41,28,68
rad51ap1,26,12,35,6,29,5,43,7,42,14,28,16
rad51ap2,0,0,0,0,0,0,0,0,0,0,0,0
rad51b,16,0,11,3,10,1,11,2,8,0,3,8
rad51c,16,12,20,26,37,5,13,8,35,20,55,26
rad51d,327,255,252,238,301,224,290,237,372,212,359,204
rad52,166,128,156,111,137,124,138,149,174,138,124,149
rad54b,37,8,47,6,40,9,53,1,60,5,62,13
rad54l,23,5,48,29,22,20,41,20,63,26,34,26
rad54l2,644,500,1034,635,643,635,784,728,974,538,815,810
rad9a,104,71,102,87,114,54,106,51,117,67,105,66
rad9b,54,26,63,36,53,31,57,31,62,30,60,35
radil,2,2,7,2,2,1,3,0,3,2,1,1
rae1,480,288,565,295,402,331,381,266,494,312,408,313
raet1e,461,214,331,123,375,302,277,86,445,139,584,209
raf1,1828,1348,1985,1436,1880,1596,1827,1482,2235,1489,1496,1600
rag1,1,0,0,1,0,0,0,0,1,0,2,0
rag2,15,12,25,13,13,12,19,18,41,20,18,7
rai1,222,126,287,174,198,117,239,153,289,146,187,115
rai14,827,616,1175,780,733,555,668,575,992,743,1156,683
rai2,33,20,26,39,34,19,24,23,46,10,21,15
rala,657,509,803,577,732,465,644,474,813,469,656,481
ralb,647,325,840,380,532,245,472,286,677,332,677,287
ralbp1,866,497,900,714,747,527,831,550,938,486,830,583
ralgapa1,400,318,546,438,354,326,419,396,574,391,503,434
ralgapa2,1524,962,2602,1042,983,944,1270,1111,1617,1012,1441,1191
ralgapb,804,521,1094,681,719,530,857,670,1173,567,934,626
ralgds,165,56,246,96,138,27,107,39,153,41,108,35
ralgps1,185,89,270,94,212,107,181,127,272,125,200,148
ralgps2,873,441,1318,423,853,450,839,597,1131,453,815,553
raly,1511,850,1579,1052,1217,983,1179,849,1381,917,1140,999
ralyl,0,0,0,0,0,0,1,0,0,0,0,0
ramp1,107,113,90,108,91,91,85,87,117,82,47,68
ramp2,241,94,199,141,213,84,195,100,198,85,174,102
ramp3,19,5,181,7,6,1,9,0,13,4,60,2
ran,2866,2014,3161,2294,3262,2200,2905,1831,3077,2045,3888,2366
ranbp1,599,448,628,479,562,441,526,337,711,457,468,485
ranbp10,725,760,628,813,722,815,654,695,852,837,448,765
ranbp17,6,5,12,2,6,9,10,12,13,9,11,7
ranbp2,4073,5344,5375,6166,4406,4621,5531,5347,6265,4861,6238,4763
ranbp3,637,390,624,439,650,452,579,432,661,457,644,457
ranbp3l,4,7,6,14,13,6,3,16,22,12,22,10
ranbp6,463,674,539,677,604,667,437,706,738,727,571,650
ranbp9,805,610,896,870,697,686,728,653,726,598,606,756
rangap1,1731,734,2115,1122,1332,982,1407,1179,1400,1022,1857,1255
rangrf,41,54,28,50,24,51,25,50,50,46,23,65
rap1a,1354,1507,1221,1635,1560,1266,1381,1044,1823,1346,1275,1291
rap1b,2009,1378,1817,1906,1784,1427,2067,1268,2040,1259,1786,1344
rap1gap,265,30,433,36,253,70,172,342,286,86,434,138
rap1gap2,127,31,148,58,92,25,104,162,137,75,105,76
rap1gds1,716,438,653,632,645,480,698,563,676,464,451,585
rap2a,419,397,364,507,386,330,354,344,476,333,323,496
rap2b,248,69,219,140,223,60,187,102,237,90,130,104
rap2c,1039,825,1076,878,1022,777,855,669,1245,645,809,728
rapgef1,997,554,1485,790,745,616,873,702,1047,545,819,684
rapgef2,965,599,1269,876,858,560,1124,695,1129,676,917,756
rapgef3,219,53,292,104,98,63,121,71,173,65,292,74
rapgef4,4502,1934,3047,2998,2552,3110,4859,3935,5965,2956,5322,3059
rapgef5,325,176,388,341,282,213,488,233,441,193,499,262
rapgef6,846,666,1145,830,778,717,887,821,1107,715,897,753
rapgefl1,7,10,20,10,9,8,7,19,19,8,10,10
raph1,1144,1481,2721,2126,1421,1152,1815,1283,1678,1594,1899,1658
rapsn,0,0,3,6,3,2,10,0,2,1,7,3
rara,311,210,300,307,295,199,248,254,359,236,300,176
rarb,233,83,141,185,219,121,183,106,217,120,153,142
rarg,231,69,369,146,178,71,149,56,209,71,143,94
rarres1,1341,1151,1306,1151,1495,1715,1276,1285,1296,1385,818,1032
rarres2,12486,8489,6817,8037,13228,8502,13497,5781,16277,9200,6344,8339
rars2,282,344,270,359,283,280,262,316,386,334,350,333
rasa1,870,762,1204,952,790,762,837,721,999,677,892,806
rasa2,251,128,385,159,140,102,214,134,316,98,215,143
rasa3,635,310,804,404,543,276,549,352,684,303,567,311
rasa4,154,51,199,72,115,46,143,64,184,58,136,48
rasal1,142,3,93,4,120,2,92,2,92,0,249,4
rasal2,450,389,446,458,428,400,506,631,607,388,641,482
rasal3,47,27,67,45,42,12,57,20,84,16,84,26
rasd1,11,3,17,10,22,6,62,10,19,1,24,1
rasd2,10,2,14,5,4,1,9,3,12,8,4,0
rasef,14,5,11,8,18,5,8,27,25,7,13,11
rasgef1a,3,1,2,4,2,2,3,2,3,0,5,2
rasgef1b,630,397,748,428,674,545,1118,366,898,339,1089,474
rasgef1c,0,0,0,1,0,0,1,0,0,0,0,0
rasgrf1,12,10,45,31,16,12,31,28,43,24,37,35
rasgrf2,60,44,134,65,90,56,62,28,101,36,104,36
rasgrp1,121,72,139,107,101,81,157,82,176,55,139,68
rasgrp2,895,348,1528,349,458,262,866,260,621,268,807,240
rasgrp3,284,255,277,321,268,198,246,190,405,182,323,231
rasgrp4,11,7,22,17,10,6,7,12,16,13,9,11
rasip1,203,64,225,98,138,81,187,83,173,59,205,81
rasl10a,6,2,12,5,6,2,4,6,14,5,18,2
rasl10b,195,11,91,17,158,16,179,0,216,6,185,6
rasl11a,28,8,22,37,24,20,19,7,32,14,26,31
rasl11b,33,18,34,34,29,22,38,22,54,32,21,9
rasl12,17,10,25,26,10,4,14,11,19,9,27,19
rassf1,240,159,474,163,239,136,311,127,363,165,329,198
rassf2,240,121,290,399,212,133,410,142,370,151,368,200
rassf3,1505,1157,2163,1190,1023,1515,1098,1065,1097,1168,1107,1162
rassf4,546,184,411,305,319,167,393,226,531,214,265,236
rassf5,199,120,175,201,221,148,199,168,267,162,223,133
rassf6,282,209,598,192,340,160,231,197,447,213,498,265
rassf7,354,267,410,230,327,256,338,240,455,251,234,254
rassf8,872,608,916,746,757,681,808,737,935,679,777,832
rassf9,21,12,30,18,32,4,20,9,43,8,28,13
raver1,236,133,271,229,150,138,203,174,204,152,201,160
raver2,18,21,27,35,11,16,31,30,34,24,23,36
rax,0,0,0,0,0,0,1,0,2,0,0,0
rb1,309,286,319,341,304,251,357,283,399,216,323,283
rb1cc1,1759,1978,1968,2246,1988,2028,2081,2068,2661,2025,2547,1931
rbak,135,125,150,107,110,90,122,109,177,95,198,109
rbbp4,2091,2448,1951,2953,2118,2404,1749,2446,2509,2412,2067,3079
rbbp5,471,388,666,396,506,444,482,417,686,399,675,485
rbbp6,712,762,1275,826,700,807,932,871,1115,672,800,834
rbbp7,2472,1475,3662,1501,1864,1511,2013,1343,2697,1371,1598,1592
rbbp8,534,171,441,203,513,143,712,208,749,167,834,223
rbbp8nl,1,0,0,0,2,0,1,0,3,1,0,0
rbbp9,430,478,445,441,376,401,354,446,600,434,466,444
rbck1,1105,607,1271,735,783,691,885,655,1075,651,837,689
rbfa,516,427,400,406,440,418,398,376,472,367,393,377
rbfox1,4,4,9,12,2,3,12,3,11,0,0,1
rbfox2,728,341,1396,495,614,370,493,388,788,381,854,479
rbfox3,23,8,11,10,14,16,18,13,21,11,11,14
rbks,174,171,113,152,190,185,173,167,200,151,249,149
rbl1,141,68,268,93,161,57,181,47,213,75,195,81
rbl2,955,783,698,933,813,854,753,879,1031,812,680,866
rbm10,471,549,551,663,494,416,473,368,615,549,372,528
rbm11,6,0,6,3,4,0,5,1,11,4,4,2
rbm12,248,189,446,317,215,238,215,171,324,162,253,257
rbm14,206,150,322,194,176,178,256,168,309,164,201,229
rbm15,512,459,850,545,484,460,605,554,724,444,472,635
rbm15b,351,266,530,384,282,329,332,352,419,250,292,383
rbm17,922,602,1098,623,750,721,834,697,1121,684,718,672
rbm18,420,341,667,349,311,353,425,316,607,372,531,431
rbm19,346,198,348,289,333,263,330,234,394,227,393,227
rbm20,70,93,68,63,33,80,45,64,69,68,64,98
rbm22,348,217,467,275,334,282,306,248,373,196,293,248
rbm24,8,5,21,14,11,0,44,1,13,7,1,2
rbm25,1260,1230,2407,1484,1201,1347,1393,1479,2003,1285,1445,1499
rbm26,559,532,780,691,548,544,622,574,880,501,585,606
rbm27,470,387,500,565,492,508,505,475,628,405,529,456
rbm28,759,574,822,740,732,560,795,618,987,644,632,668
rbm3,1965,1077,2310,1264,1580,1024,2235,982,2444,749,2688,687
rbm33,665,573,840,679,577,797,771,878,990,762,818,752
rbm34,314,247,317,222,288,187,256,217,390,215,410,220
rbm38,42,27,86,33,40,18,58,31,48,23,84,24
rbm39,2946,3117,4305,3370,2602,3363,2966,3066,4657,3474,3467,3901
rbm4,386,367,500,415,356,416,356,412,519,433,343,405
rbm41,197,153,230,145,183,135,160,137,247,144,156,197
rbm42,623,492,838,650,564,529,629,466,685,473,533,566
rbm43,240,130,252,119,201,135,170,104,323,125,240,114
rbm44,12,1,1,0,1,0,0,1,3,0,1,2
rbm45,349,261,417,272,298,262,276,241,313,258,267,240
rbm46,12,7,19,4,9,8,13,8,11,11,21,6
rbm47,895,854,1036,839,996,724,860,1094,1168,802,960,1426
rbm48,126,110,117,118,114,124,90,107,152,127,140,127
rbm4b,369,357,535,408,343,382,475,430,618,467,444,418
rbm5,889,813,1312,874,769,908,897,897,1392,851,920,1098
rbm6,685,710,943,724,605,646,714,821,1055,776,742,740
rbm7,1114,1218,1182,1225,1117,1159,1090,1026,1511,1149,1161,1077
rbm8a,454,522,521,599,504,463,492,433,547,516,356,528
rbms1,1015,679,2035,709,782,666,1060,739,1100,553,895,786
rbms2,296,182,327,298,275,192,363,216,321,166,324,180
rbms3,220,219,262,376,267,230,304,203,357,220,320,231
rbmx2,44,23,57,23,39,31,41,28,46,41,47,27
rbmxl1,413,299,393,319,321,322,360,260,490,300,373,321
rbmxl2,4,6,5,4,1,7,8,5,10,7,9,5
rbp1,1418,246,1870,355,1063,534,1296,392,1207,485,1280,485
rbp2,1,0,4,0,0,0,6,1,1,0,2,0
rbp3,2,0,1,0,3,0,5,0,1,0,3,0
rbp4,21866,22051,19430,25483,18993,23857,17889,19227,23278,23295,11595,22649
rbp7,22,2,11,2,17,2,10,4,26,5,40,1
rbpj,653,506,724,865,555,478,504,508,783,523,735,557
rbpjl,17,6,22,2,56,2,9,166,11,51,2,91
rbpms,891,351,740,421,514,387,583,315,549,345,552,399
rbpms2,350,439,350,477,297,487,299,444,312,405,199,548
rbsn,446,388,489,443,429,387,436,384,595,391,351,417
rbx1,1102,948,1101,806,1152,843,1010,736,1346,822,1459,880
rc3h1,1365,890,1431,1197,1397,1100,1603,1148,2051,853,2417,1162
rc3h2,1071,925,1601,1159,948,1060,1150,1015,1627,776,1538,1060
rcan1,620,306,527,472,744,277,907,373,931,334,355,445
rcan2,358,61,202,94,130,56,165,99,250,70,315,80
rcan3,182,53,233,90,121,76,134,72,152,50,157,66
rcbtb1,1545,1207,1569,1320,1223,1133,1221,1361,1567,1210,790,1387
rcbtb2,1273,1322,937,1102,1607,1256,1384,820,1877,1163,1386,1071
rcc1,129,87,161,117,151,132,143,99,187,86,129,108
rcc2,570,352,745,443,494,363,540,485,535,351,602,477
rccd1,58,71,97,53,67,65,91,83,114,81,84,75
rce1,217,139,251,141,221,123,218,138,211,151,260,143
rchy1,643,521,676,580,559,504,550,508,629,473,861,495
rcl1,2436,2667,2200,1789,1929,2322,1833,3062,2164,2871,1655,2316
rcn1,430,221,435,401,375,242,385,254,606,254,518,249
rcn2,324,145,410,212,306,169,239,150,329,138,179,184
rcn3,274,121,174,306,212,134,228,116,277,133,173,166
rcor1,385,325,514,444,287,345,380,419,390,293,301,388
rcor2,7,3,13,4,4,1,0,1,9,0,5,2
rcor3,265,200,412,277,209,162,244,222,384,217,402,188
rcsd1,333,145,356,252,293,178,495,145,349,118,394,190
rcvrn,0,0,0,0,0,0,1,0,0,0,0,0
rd3,64,64,28,49,55,62,33,29,69,35,93,36
rd3l,0,0,0,0,0,0,0,0,0,0,0,0
rdh10,746,534,840,653,795,515,700,492,919,447,956,529
rdh11,1705,1556,2345,1248,1877,3198,1647,1821,2721,1785,999,3171
rdh12,18,9,45,16,8,5,42,17,29,9,24,25
rdh13,205,158,283,170,262,175,307,225,372,133,242,228
rdh14,392,449,357,478,404,458,315,409,461,383,380,440
rdh16,1114,1372,912,1117,1420,1156,1826,860,2139,939,423,1961
rdh5,410,216,362,212,305,259,311,248,380,258,189,206
rdh8,0,0,0,1,0,0,0,0,0,0,0,1
rdm1,149,162,111,186,203,152,171,103,269,147,220,156
rdx,5008,6455,5618,6092,4464,6128,4403,5903,6966,6482,4475,6410
rec114,126,17,239,49,11,8,9,19,36,24,11,11
rec8,35,19,26,20,33,25,32,29,125,16,4,14
reck,61,71,57,99,56,102,58,74,107,56,70,110
recql,225,153,276,187,257,186,204,193,285,188,191,204
recql4,33,30,39,37,34,31,27,33,28,50,24,33
recql5,291,204,308,254,253,227,232,247,345,266,270,241
reep1,60,32,195,56,56,26,52,21,64,19,45,37
reep2,12,1,10,3,4,1,7,2,7,1,8,2
reep3,1979,1644,2975,1874,1934,1889,2179,1665,2206,1648,2520,2000
reep4,190,94,236,78,141,83,172,88,169,75,94,67
reep5,682,300,874,416,512,262,794,542,680,412,579,404
reep6,3091,2683,2228,3166,2489,2829,2087,2475,2366,2359,987,2473
reg3a,0,1,1,0,0,0,0,78,0,69,0,51
reg3g,1,0,20,0,2,0,7,92,1,58,1,85
reg4,1,3,1,1,3,1,4,5,2,0,1,1
rel,158,147,173,212,151,164,203,101,180,110,203,149
rela,676,415,665,530,562,440,552,398,533,386,536,445
relb,262,34,205,90,202,43,172,39,205,42,146,58
rell1,561,337,760,342,365,426,445,299,493,359,746,427
rell2,10,3,7,0,6,1,5,3,4,4,8,1
reln,2633,3037,5462,3770,1640,3314,3217,2306,2407,2372,1558,2789
relt,27,22,44,14,21,7,52,17,39,19,34,10
rem1,20,5,27,11,29,6,15,5,35,5,11,3
rem2,9,0,15,1,7,1,3,1,10,2,9,1
renbp,207,64,225,114,170,90,194,65,188,60,209,76
rep15,19,20,34,24,17,11,26,16,32,17,17,25
repin1,668,667,554,707,563,667,496,582,663,732,361,753
reps1,280,235,375,274,311,264,323,297,345,250,284,280
reps2,1447,1278,1530,1392,1151,1428,1009,1319,1578,1197,1010,1426
rer1,2843,2182,2777,2066,2802,2256,2549,2194,3508,2371,3182,2315
rere,319,251,385,410,290,273,345,355,419,254,326,286
rerg,55,39,81,67,60,66,85,46,84,36,61,64
rergl,0,0,0,0,0,0,0,0,0,0,0,0
resp18,0,0,2,0,0,0,0,0,0,0,0,0
rest,796,600,1067,630,720,676,849,658,1083,554,974,802
ret,2,1,7,11,2,0,3,3,3,1,3,3
retn,13,20,7,9,2,5,9,8,9,10,2,35
retnlb,0,1,0,0,0,1,0,0,0,0,0,0
retsat,4259,4026,1414,3431,3887,2035,2777,2085,4514,1999,3522,3313
rev1,361,221,612,259,293,267,358,418,485,266,499,257
rev3l,466,545,518,716,495,569,564,800,843,638,487,659
rexo1,261,197,423,210,233,210,271,200,323,252,233,228
rexo2,1278,1023,1128,1112,1100,1079,1181,957,1168,1003,867,1051
rexo4,554,368,832,396,467,340,520,336,832,316,708,429
rfc1,834,697,706,680,951,751,809,762,1162,762,1195,713
rfc2,527,383,619,384,629,406,627,372,776,422,888,371
rfc3,185,123,271,90,204,94,155,148,286,125,261,108
rfc4,108,96,115,105,133,106,107,79,179,88,102,111
rfc5,184,200,286,195,270,229,249,195,241,202,205,216
rfesd,217,312,223,310,224,262,180,254,282,305,174,251
rffl,593,464,836,481,562,488,603,495,633,534,671,361
rfk,1549,772,1130,825,1427,802,1112,866,1246,688,1380,819
rfng,165,130,113,175,154,125,131,126,179,123,122,151
rfpl4b,0,0,0,0,0,0,0,0,0,0,0,0
rft1,446,380,454,370,429,385,405,446,535,428,352,456
rftn1,192,73,203,172,171,67,202,64,207,88,165,85
rftn2,33,27,44,32,45,25,29,23,44,23,63,27
rfwd3,837,570,669,645,718,731,706,674,1088,638,1117,656
rfx1,133,81,180,88,126,84,112,91,173,90,122,89
rfx2,16,8,11,29,10,9,11,4,12,11,17,10
rfx3,73,102,84,158,91,107,90,89,134,101,132,155
rfx4,25,139,7,78,26,84,28,56,29,84,31,63
rfx5,276,193,280,274,262,181,196,269,429,273,260,161
rfx6,0,0,0,0,1,0,0,0,0,0,0,0
rfx7,299,322,487,467,292,386,369,374,513,331,328,432
rfx8,2,0,1,1,0,0,1,0,0,1,1,0
rfxank,313,427,330,390,250,414,262,199,269,293,266,462
rfxap,130,117,151,130,171,152,164,118,169,120,98,165
rgcc,7,1,30,12,6,6,10,3,24,2,59,8
rgl1,935,463,1260,615,690,467,735,421,723,428,736,445
rgl2,341,170,309,223,298,157,313,157,371,165,268,155
rgl3,172,196,253,193,186,164,132,194,193,202,136,218
rgma,12,6,13,49,9,5,9,8,9,5,5,6
rgmb,83,32,71,100,60,51,72,42,60,42,50,49
rgn,8073,28125,7909,26066,12526,25566,10315,23456,17373,26263,1609,30586
rgp1,464,378,803,564,411,444,421,581,499,439,405,418
rgr,4,15,3,9,6,8,4,14,18,11,1,11
rgs1,179,210,503,332,456,156,530,192,739,305,636,176
rgs10,195,43,118,121,143,48,151,35,194,68,174,50
rgs11,30,15,43,14,25,17,25,49,66,37,109,36
rgs12,199,98,174,106,191,126,118,122,243,71,267,69
rgs13,3,1,5,3,1,0,2,3,12,1,1,1
rgs14,19,11,21,22,18,14,21,12,27,18,28,19
rgs16,3911,28,2611,66,1238,229,2230,208,1592,186,1633,71
rgs17,6,11,9,13,10,7,9,3,16,7,10,14
rgs18,34,14,26,59,12,4,35,15,26,19,23,11
rgs19,101,57,120,82,94,20,140,42,138,42,104,33
rgs2,568,255,2363,232,580,157,2246,229,679,252,1040,186
rgs20,5,18,23,8,8,9,8,10,17,8,14,40
rgs21,1,0,5,2,1,0,5,0,7,0,8,0
rgs22,0,0,0,0,1,1,0,1,0,0,0,0
rgs3,530,760,450,247,328,153,416,316,332,126,280,662
rgs4,66,46,145,36,29,31,144,48,99,35,185,40
rgs5,2905,1774,2638,1869,2567,1727,2725,1806,3554,1566,9373,1533
rgs6,4,2,5,7,2,2,3,4,12,6,6,4
rgs7,3,3,33,10,7,11,5,2,5,5,3,14
rgs7bp,40,22,40,29,37,19,33,20,39,20,17,29
rgs8,33,3,27,1,11,1,12,4,25,3,14,4
rgs9,7,10,17,12,10,11,12,13,17,22,15,14
rgs9bp,8,5,13,5,10,3,6,14,11,9,10,9
rgsl1,3,4,9,4,3,10,4,5,8,6,5,11
rhag,3,8,6,0,2,3,6,2,10,10,4,10
rhbdd1,650,421,1087,394,659,467,704,458,704,467,873,468
rhbdd2,222,99,322,162,230,134,300,184,289,137,408,139
rhbdd3,229,228,204,180,273,191,229,202,276,198,219,226
rhbdf1,332,80,372,131,252,77,267,72,376,65,282,69
rhbdf2,374,147,615,189,349,116,388,142,409,159,324,129
rhbdl1,35,40,46,33,16,19,36,23,45,26,33,23
rhbdl2,8,2,19,6,17,0,15,2,9,9,18,10
rhbdl3,25,11,23,34,18,10,26,8,25,12,12,10
rhbg,301,118,587,193,413,285,285,264,282,182,79,144
rhcg,0,0,0,0,0,0,0,0,0,0,0,0
rhd,2,0,4,3,3,1,2,3,3,4,2,1
rheb,864,736,827,730,920,715,871,665,1192,770,1287,751
rhebl1,65,10,78,12,27,6,27,12,28,20,20,8
rhno1,132,61,167,57,116,42,150,89,176,76,133,77
rho,1,1,4,3,2,0,1,2,1,0,1,2
rhoa,3141,2629,2805,3158,2621,2656,2806,2382,3537,2485,2788,2900
rhob,997,370,995,731,766,557,967,441,907,396,804,452
rhobtb1,835,816,755,875,829,919,1212,609,880,854,1181,1160
rhobtb2,153,124,183,174,143,130,135,182,150,138,99,149
rhobtb3,195,189,285,245,184,181,130,187,222,208,140,206
rhoc,1101,198,1576,272,680,177,861,135,812,230,759,175
rhod,1062,475,909,440,864,390,912,357,762,435,694,365
rhof,16,12,29,15,16,8,13,13,34,11,16,15
rhog,331,138,381,159,286,115,288,128,265,131,223,124
rhoh,77,44,102,55,68,32,93,25,126,42,103,45
rhoj,184,99,156,288,154,90,225,87,221,127,225,105
rhoq,463,259,425,430,391,246,435,315,557,225,1026,253
rhot1,946,942,974,873,1078,992,1100,929,1397,939,1141,988
rhot2,579,411,470,430,518,440,503,479,569,413,486,469
rhou,2052,1439,1640,1483,1580,1509,1257,1058,2098,1648,1917,1797
rhov,4,0,1,0,3,0,1,1,5,1,4,2
rhpn1,9,3,18,1,10,0,19,1,11,0,12,2
rhpn2,459,248,687,426,374,361,547,266,512,368,654,231
ribc1,37,37,30,16,52,25,17,21,55,50,48,26
ribc2,0,0,0,0,1,0,0,0,0,0,0,0
ric1,1059,912,1427,982,986,957,1144,1018,1185,786,1047,1067
ric3,20,66,23,60,21,59,16,40,14,27,11,33
ric8a,653,398,953,498,456,442,568,445,660,410,497,432
ric8b,223,260,314,245,264,235,293,253,307,230,311,284
rictor,942,708,1811,771,832,954,1062,1002,1451,942,1370,963
rida,17163,10972,13021,9544,15083,10201,14651,8319,18422,10639,26214,11350
rif1,555,623,1126,867,537,692,633,779,1062,663,810,735
riiad1,1,0,2,1,0,0,0,2,3,2,3,0
rilp,343,266,233,270,338,259,268,269,322,283,233,300
rilpl1,112,68,96,78,97,50,123,50,95,43,166,67
rilpl2,297,174,263,173,276,142,220,195,324,177,218,201
rimbp2,36,55,84,40,42,31,34,38,71,31,32,60
rimbp3,1,0,3,1,1,0,0,3,1,0,0,0
rimkla,0,0,0,2,0,0,0,1,1,0,0,1
rimklb,1,0,1,5,1,1,2,0,2,1,0,1
rims1,5,2,37,2,3,2,25,7,2,2,2,3
rims2,41,0,34,2,51,1,44,2,90,4,135,2
rims3,73,44,45,69,56,48,85,63,51,39,44,44
rims4,17,6,24,9,31,2,53,25,14,11,15,15
rin1,26,4,31,19,19,4,12,4,32,7,12,13
rin2,650,330,474,541,466,273,475,371,639,295,407,305
rin3,243,163,339,241,187,139,199,167,225,129,205,172
ring1,282,177,252,216,271,235,191,195,249,199,229,225
rinl,99,39,66,77,80,38,75,32,115,38,74,49
rint1,576,553,826,699,567,476,557,548,740,563,777,640
riok1,201,182,356,200,212,166,204,156,267,186,223,172
riok3,2214,1765,2559,1951,2275,1743,2278,1901,2751,1886,2729,1926
ripk1,934,982,1298,844,821,797,966,914,1116,955,918,998
ripk2,144,98,179,147,134,153,128,222,250,149,163,123
ripk3,81,38,125,68,64,38,112,44,87,30,55,41
ripk4,257,65,293,114,197,98,219,181,298,111,286,113
ripply1,28,14,10,12,32,21,9,17,18,8,1,5
ripply2,0,0,0,0,0,0,0,0,0,0,0,0
ripply3,70,28,44,38,56,22,41,28,61,32,32,46
rit1,482,258,520,288,470,228,500,255,520,309,389,248
rit2,0,0,2,0,2,0,0,1,0,0,0,0
rita1,104,74,66,58,83,54,64,62,88,71,141,64
rlbp1,0,0,1,0,0,0,0,0,2,0,0,0
rlf,640,658,859,502,572,584,712,830,936,596,1271,843
rlim,2246,1804,2293,2203,2018,2100,2092,1943,3009,1719,2164,1985
rln1,0,0,0,0,0,0,0,0,0,0,0,0
rln3,0,0,2,0,1,0,0,1,0,1,0,2
rmdn1,660,676,486,682,695,729,615,567,852,665,814,662
rmdn2,574,1461,744,1454,853,1286,692,1007,942,1365,490,1436
rmdn3,1190,1076,1526,1038,1163,1061,1119,1146,1663,1149,1177,1394
rmi1,306,271,415,331,270,266,244,286,333,328,237,319
rmi2,28,27,59,31,29,27,33,23,69,26,33,24
rmnd1,604,700,541,719,849,714,713,707,975,719,637,737
rmnd5a,3198,2920,2501,3224,2944,3828,2965,3292,3606,3004,2035,3820
rmnd5b,334,221,347,268,331,242,275,240,346,255,346,217
rnase1,2249,195,1162,59,1749,32,304,16613,185,4759,228,5732
rnase10,2,4,7,3,6,5,6,7,2,2,10,7
rnase11,0,0,0,0,0,0,0,0,0,0,0,0
rnase12,2,1,3,1,1,1,1,0,2,0,2,2
rnase13,0,0,0,0,0,0,0,0,1,1,0,0
rnase4,12599,35155,13689,28687,17380,28674,17570,39554,20958,32793,5121,20370
rnase6,39,36,45,21,47,9,31,14,50,11,48,10
rnase9,0,0,0,0,0,0,0,0,0,0,0,0
rnaseh1,130,80,153,113,117,90,94,102,167,113,135,104
rnaseh2a,652,314,517,329,496,316,445,366,639,331,470,340
rnaseh2b,212,94,202,116,208,75,216,124,323,101,294,135
rnaseh2c,556,620,476,570,572,525,580,477,616,565,601,543
rnasek,608,415,551,478,629,440,521,420,551,360,440,399
rnasel,242,100,337,199,189,93,253,131,278,113,280,118
rnd1,161,284,158,317,235,295,170,213,219,350,143,299
rnd2,590,182,325,261,521,288,651,198,403,142,395,201
rnd3,870,685,1397,527,664,444,587,483,1001,505,689,711
rnf10,1604,922,1405,1306,1491,1106,1502,1097,1343,940,1322,1204
rnf103,1721,1973,1641,1930,1683,2491,1582,1907,2032,1888,1262,2214
rnf11,2702,2259,2572,2788,2597,2378,2491,1819,2803,1831,3092,2336
rnf111,426,444,597,513,364,497,443,450,603,462,382,542
rnf112,0,1,0,1,0,0,0,2,0,1,0,0
rnf114,1720,1270,2212,1103,1308,1246,1480,1211,1730,1144,1382,1176
rnf115,859,738,939,676,846,717,896,700,1053,709,803,744
rnf121,375,426,611,388,367,384,415,391,483,456,423,421
rnf122,40,17,59,40,51,7,38,22,68,22,38,30
rnf123,795,722,844,832,658,811,755,858,962,846,582,855
rnf125,2030,4583,1968,1972,2776,2999,2604,1326,2965,2629,3369,2684
rnf126,242,164,303,194,254,155,264,173,188,140,237,162
rnf128,3656,1680,4179,2043,2814,1765,2281,1555,3087,1563,2488,1780
rnf13,4064,4146,3498,4084,4886,4076,4331,3604,5185,4000,3087,4220
rnf130,1881,1323,1365,1386,1802,1442,1741,1349,1864,1226,1582,1382
rnf133,1,2,0,0,0,1,0,1,2,1,3,2
rnf135,262,153,262,148,327,167,279,188,432,116,271,176
rnf138,364,304,322,329,280,303,300,275,352,266,355,286
rnf139,1392,1142,1214,1176,1477,1091,1116,1168,2201,1322,2330,1089
rnf14,1370,1185,1397,1177,1671,1183,1467,1353,2004,1301,1457,1278
rnf141,2075,1994,2959,1812,1926,1952,2070,1688,2421,1846,2097,2093
rnf144a,225,150,248,145,174,144,182,65,157,80,173,173
rnf144b,788,770,1112,933,710,954,791,786,775,743,767,1060
rnf145,678,282,962,522,634,329,718,472,869,287,382,365
rnf146,499,522,631,534,551,568,532,597,717,533,606,584
rnf148,0,1,2,4,0,2,1,1,2,0,2,3
rnf149,2292,1786,3076,1727,2305,1841,2548,1580,2680,1786,2525,1754
rnf150,171,78,166,208,162,72,163,78,198,90,137,125
rnf151,0,0,3,0,2,0,1,2,2,0,1,0
rnf152,185,238,173,229,219,133,151,251,386,223,209,221
rnf157,73,17,84,44,44,29,69,37,85,36,56,31
rnf166,264,149,294,186,229,171,230,164,230,147,233,146
rnf167,684,621,598,536,694,614,625,564,842,574,565,639
rnf168,426,364,472,394,405,346,383,358,579,353,369,414
rnf169,1006,863,1305,771,915,977,1200,1157,1330,970,1021,1362
rnf17,3,7,4,10,1,7,4,5,2,7,5,7
rnf170,664,665,593,698,644,549,575,585,898,607,820,648
rnf180,27,20,50,25,38,6,40,7,50,8,46,9
rnf181,1904,1383,1612,1358,1973,1352,1685,1216,2251,1424,1314,1340
rnf182,1,0,0,0,1,1,1,0,1,0,0,0
rnf183,0,0,7,0,1,0,0,0,0,0,3,0
rnf185,706,496,808,590,636,550,651,505,810,463,668,575
rnf186,134,170,185,106,65,61,53,154,149,116,67,110
rnf187,1544,1249,1157,1369,1645,1355,1353,1257,1415,1141,1121,1145
rnf19a,1442,874,1398,953,1241,839,1171,880,1861,767,1780,997
rnf19b,670,417,692,534,542,446,509,589,797,454,582,540
rnf2,595,509,837,512,563,475,631,483,761,431,1007,537
rnf20,892,771,1154,833,836,773,882,760,1099,866,1092,891
rnf207,4,2,16,7,7,11,22,9,15,13,12,6
rnf208,0,1,7,0,0,0,0,0,3,0,0,0
rnf212,2,7,9,5,5,4,9,13,8,9,5,12
rnf213,5828,3791,7690,4534,7127,3702,7188,5007,10220,5267,6728,4994
rnf214,352,381,469,344,309,351,371,422,398,352,333,487
rnf215,274,172,283,177,256,172,257,172,314,159,285,186
rnf216,488,342,530,411,478,349,473,415,557,343,453,348
rnf217,501,690,786,780,526,765,662,759,750,577,658,906
rnf220,338,215,299,251,255,196,288,255,291,190,270,236
rnf222,10,6,6,4,3,5,1,4,11,6,3,3
rnf223,0,1,2,0,2,0,4,0,3,0,0,0
rnf224,0,0,1,0,0,0,0,0,0,0,0,0
rnf225,69,61,64,104,45,101,55,76,59,76,88,57
rnf24,220,73,349,49,97,43,137,95,175,48,211,54
rnf25,288,208,432,165,354,230,329,236,356,202,398,225
rnf26,188,125,239,155,149,146,194,176,186,147,138,132
rnf31,296,178,357,221,239,199,252,237,335,206,166,215
rnf32,22,20,27,12,34,6,29,24,57,20,44,15
rnf34,296,299,318,276,346,274,315,287,439,301,450,303
rnf38,249,166,434,226,211,179,276,213,326,148,319,214
rnf39,142,52,91,49,67,62,59,56,85,61,52,52
rnf4,1941,1934,2063,1704,2111,1790,1917,2003,3119,1888,2267,1966
rnf40,667,423,956,594,576,554,622,561,661,490,524,511
rnf41,272,159,330,207,271,182,331,212,343,174,271,181
rnf43,217,184,665,360,322,377,183,501,513,305,145,215
rnf44,467,252,672,364,329,294,346,306,371,233,291,287
rnf5,456,360,318,343,379,346,352,355,464,342,390,360
rnf6,1003,842,1000,947,988,855,860,839,1258,951,1049,895
rnf7,594,605,498,625,527,562,576,514,671,484,558,494
rnf8,242,212,185,168,224,200,205,237,304,193,193,177
rnft1,878,885,1035,791,881,863,944,776,1166,796,1119,873
rnft2,4,1,12,1,1,0,8,0,4,7,6,0
rngtt,238,284,285,342,280,265,293,259,379,341,364,364
rnh1,2723,1823,3097,1883,2327,1904,2383,1666,2650,1791,2723,1821
rnls,28,25,31,21,25,20,26,14,22,15,19,10
rnmt,404,372,515,380,430,308,461,404,656,449,606,384
rnpc3,308,421,363,460,327,355,359,369,532,385,378,363
rnpep,924,590,1452,716,1102,629,864,645,1079,598,1025,702
rnpepl1,1155,486,838,678,830,557,748,526,761,456,640,530
rnps1,558,296,582,332,501,371,547,349,541,333,576,419
robo1,492,269,1001,217,414,385,546,282,622,203,404,280
robo2,175,100,136,181,221,162,218,75,311,76,243,89
robo3,0,5,10,4,1,4,2,2,7,3,3,1
robo4,384,185,519,222,265,169,284,157,266,134,402,186
rock1,1582,1635,1574,2000,1524,1663,1685,1575,2006,1391,2206,1705
rock2,1324,772,2482,1105,1122,786,1666,874,1750,749,1450,1050
rogdi,710,139,644,144,234,169,369,125,334,134,250,147
rom1,109,60,72,41,61,41,68,35,71,32,94,37
romo1,1022,803,1141,762,983,770,1020,625,1137,824,931,668
ropn1,0,0,0,0,0,0,0,0,0,0,0,0
ropn1l,288,123,129,120,228,168,203,111,275,122,211,180
ror1,106,83,100,159,124,94,76,101,139,80,97,122
ror2,6,2,2,16,3,0,10,5,12,7,2,6
rora,1809,2375,4326,2523,1656,2284,2167,1711,2133,2377,2479,2588
rorb,3,5,17,12,3,3,10,14,10,10,6,4
rorc,885,821,552,630,989,612,731,626,957,629,489,740
ros1,0,0,0,1,1,0,0,0,0,1,0,0
rp1,12,1,8,4,2,1,6,1,12,0,12,0
rp1l1,0,0,0,0,0,0,0,0,1,0,0,2
rp2,842,450,863,537,726,404,675,408,1041,397,702,400
rp9,533,585,531,605,484,577,515,613,604,464,441,529
rpa1,845,559,843,665,973,702,855,643,1095,678,832,742
rpa2,189,128,202,126,163,92,181,107,218,108,217,99
rpa3,134,121,114,104,177,119,125,152,168,108,153,114
rpain,270,375,225,324,350,321,286,386,456,307,294,325
rpap1,230,160,277,196,159,177,181,159,224,167,193,183
rpap2,326,266,282,263,388,300,394,349,482,299,407,279
rpap3,403,254,568,219,368,254,369,249,395,216,565,203
rpe,905,973,1060,962,1017,897,939,826,1208,933,1322,990
rpe65,0,0,0,0,0,0,0,0,0,0,0,0
rpf1,401,414,458,400,428,453,433,414,522,479,478,464
rpf2,188,211,256,202,243,191,229,200,291,237,302,228
rpgr,51,32,56,58,63,44,40,50,82,45,46,43
rpgrip1,29,30,34,23,31,23,30,20,54,26,14,32
rpgrip1l,189,101,155,106,188,106,159,113,259,109,225,110
rph3a,5,2,19,3,1,2,2,8,10,3,4,7
rph3al,46,24,42,26,54,19,45,24,59,23,60,28
rpia,262,99,359,139,230,132,206,130,308,90,196,130
rpl10,4636,4167,4925,4612,4298,4580,4549,3917,5791,4933,3292,4347
rpl10a,3854,2965,4308,3396,3756,3248,4021,2416,4076,3361,4175,3060
rpl10l,0,0,0,0,0,0,0,0,0,0,0,0
rpl11,5618,4960,6345,5532,5172,5527,5325,4236,5632,5253,5467,4737
rpl12,384,204,564,270,299,203,385,231,461,241,463,269
rpl13,7247,5363,7664,5678,6088,5710,7209,4731,7132,5485,6927,5334
rpl13a,11347,10357,17098,11999,9732,10629,12746,8623,10752,11084,10744,9529
rpl14,4864,3782,6220,4630,3632,4293,4799,3407,4595,3953,3645,4006
rpl15,6639,5489,6681,5950,6080,5826,6760,4681,7121,5674,5667,5322
rpl17,9079,5931,8994,7529,7596,7052,8743,5264,8216,6153,7534,5928
rpl18,4102,3221,5830,3354,3659,3314,4455,2923,4273,3489,3484,3220
rpl18a,6318,4972,6811,5359,5632,5065,5806,4102,6270,5058,6162,4562
rpl19,9195,5976,9339,6767,9187,6384,10116,5353,9818,6313,8927,6309
rpl21,6784,5551,8221,5774,6750,5476,7253,4800,8420,5273,10005,5478
rpl22,2856,2944,2906,3035,2706,2773,2598,2386,3238,2828,2986,2528
rpl22l1,1384,1075,1309,1263,1436,1437,1697,1048,1609,1267,1391,1465
rpl23,7632,6445,9465,6679,7740,6516,9083,5847,9396,6849,8258,6435
rpl23a,5175,4860,6589,4882,5404,5182,6387,4326,6523,4962,5850,4729
rpl24,4461,3542,4601,3639,4115,3610,4618,3030,5039,3540,3145,3555
rpl26,8816,8163,9188,8695,8955,8041,10704,6558,9488,8280,9954,7391
rpl27,191,160,292,154,245,164,299,167,314,167,233,161
rpl27a,4834,4696,7616,5035,4129,5019,5284,4070,5446,5083,3961,4765
rpl28,1964,1606,3046,2059,1583,1831,2337,1400,1929,1645,1497,1879
rpl29,3316,2784,4257,2902,2854,2986,3601,2646,3703,3177,2877,2867
rpl3,9184,6543,11070,7902,7903,8204,9076,6506,10190,7222,9596,8005
rpl30,5962,4914,9501,5168,5659,4655,5805,4224,7086,5021,8560,4507
rpl31,5911,4614,8415,5205,5949,4557,6771,3733,6161,4652,7418,4386
rpl32,6734,4442,7244,5210,6334,5018,6808,4135,6624,4960,5092,4544
rpl34,3900,3474,4273,4004,4063,3616,4284,2843,3976,3528,3316,3119
rpl35,2149,1406,2837,1620,1795,1459,2087,1291,2206,1625,2011,1420
rpl35a,5496,4980,5675,5361,4962,5156,5266,4287,6310,5222,4197,4808
rpl36,3440,2466,3414,2830,3151,2763,3903,1986,3321,2447,3259,2276
rpl36a,3724,2984,3966,3306,3570,3180,3525,2431,3955,3272,3166,2940
rpl36al,3239,3809,3898,3852,3271,3555,3132,3322,3737,3687,2578,3796
rpl37,4257,2685,5887,2991,3909,3019,4111,2440,4505,3056,4631,2728
rpl37a,6875,4801,10006,5466,7151,5175,8232,4216,7851,4956,7432,5007
rpl38,4559,3494,4766,3715,4686,3823,5657,2941,5226,3513,4614,3525
rpl39,5792,4408,5410,4730,5245,4377,4817,3392,5735,4158,4342,3894
rpl39l,0,1,0,0,2,0,0,1,0,0,0,0
rpl3l,7,17,14,23,1,3,24,1,4,1,6,2
rpl4,10805,10931,13437,11226,8799,11302,11021,10239,11993,11585,9446,11763
rpl41,9891,7669,11322,8754,10335,7932,11213,7007,9213,8559,9206,7263
rpl6,7468,5607,8391,6264,7748,5708,8118,5518,8721,5817,9640,5954
rpl7,11795,9362,15918,10065,12249,9578,13586,8312,14025,10194,15626,9760
rpl7a,8944,6320,10226,7290,7693,7559,8445,6100,8788,6793,8406,7171
rpl7l1,1436,1497,1408,1594,1484,1426,1546,1401,1828,1542,1771,1624
rpl8,7894,4934,9178,5847,6986,5634,7007,4597,7278,5054,7487,5345
rpl9,7775,5721,7332,6608,6974,6312,6961,4979,8015,5738,8654,5699
rplp0,12975,8748,15902,10447,13277,9954,13993,8637,13142,10251,16478,9409
rplp1,7796,6957,10345,8114,7190,7864,8108,6434,8240,8097,7013,7398
rplp2,3646,2342,6007,3024,2824,2981,3459,2130,2744,2416,2450,2464
rpn1,3367,3401,4193,3905,2765,3142,3601,3733,3763,3706,2655,3798
rpn2,4740,3103,6850,3611,3620,3475,4567,3518,4912,3404,4467,3875
rpp14,372,269,365,331,363,304,371,336,508,311,323,298
rpp21,185,145,207,128,190,129,168,131,227,103,244,104
rpp25,14,2,5,37,4,4,3,4,9,5,5,4
rpp25l,162,196,167,215,224,262,173,195,237,238,249,209
rpp30,116,103,104,110,139,98,105,101,159,109,152,123
rpp38,110,59,146,75,80,46,69,56,159,76,107,93
rpp40,144,185,170,182,202,174,167,154,252,166,149,172
rprd1a,342,388,302,519,458,357,374,348,619,467,707,408
rprd1b,404,374,498,459,339,414,383,473,454,350,312,407
rprd2,371,356,499,489,362,398,491,394,510,399,330,486
rprm,0,0,7,0,0,0,0,0,1,0,0,0
rprml,0,0,0,0,0,0,0,0,0,0,0,0
rps10,5196,3119,5427,4040,4456,3784,5588,2745,4625,3371,5655,2968
rps11,4446,3107,5911,3854,3636,3601,4448,3036,3939,3270,3446,3473
rps12,0,0,0,0,0,0,0,0,0,0,0,0
rps13,3886,2782,5481,3503,3081,3305,4046,2474,3526,2940,2948,2809
rps14,8552,6899,8293,8443,8050,7560,9230,5487,8310,7303,7915,6759
rps15,4778,3391,4947,4448,4454,4073,4805,3004,4168,3633,3574,3363
rps15a,4748,3719,7708,4312,4033,3944,5089,3349,5097,3867,4536,3559
rps16,4330,2866,5628,3596,3271,3546,3854,2672,4213,3319,3356,2973
rps17,6272,5710,8544,6003,5574,5753,7420,4879,6993,5982,5325,5615
rps18,10243,8205,10781,9411,9771,8464,11969,7230,11500,8891,13781,8072
rps19,4285,2922,6673,3620,3510,3244,4340,2786,4404,3407,3581,3234
rps19bp1,249,161,263,180,260,158,255,142,291,152,265,170
rps2,14630,11793,13328,12540,13329,13538,14670,11345,14347,12752,14927,13447
rps20,4014,3597,4834,4049,3882,3994,4372,3155,4673,3761,4933,3622
rps21,3830,2739,5232,3121,3141,2986,3554,2400,4045,2834,3567,2512
rps23,5291,4696,7876,5157,4617,4697,5178,3598,5050,4216,4150,4532
rps24,8902,7074,9920,8348,7668,7864,8441,6288,8949,7488,7121,7548
rps25,5825,6149,6782,6789,5196,6288,5777,5253,6528,6013,5561,6278
rps26,2347,2385,3196,2448,2533,2504,2862,2026,2790,2422,2080,2348
rps27,5671,5175,6356,6059,5065,5266,5545,4134,5679,5005,4250,4258
rps27a,8003,7462,8418,8351,8269,7039,9369,5797,8821,7121,10317,6179
rps27l,3480,3786,3584,3742,3198,3450,2882,2821,3822,3257,3421,3443
rps28,3928,3023,5017,3210,3549,3358,4761,2700,4435,3067,4686,3031
rps29,5654,4859,6824,5333,5370,5115,5577,4107,6246,5043,4465,4516
rps3,10269,9647,13351,10936,9118,10120,10270,7280,10615,9646,9242,8639
rps4x,10810,8199,12555,8524,9694,8623,10234,7518,12656,8809,8483,8902
rps5,6140,4764,8902,5555,4957,5185,6662,4111,6046,5314,5444,5044
rps6,10182,7513,10899,8606,8098,8110,9201,6761,9427,7880,10143,7859
rps6ka1,638,168,709,218,488,138,391,207,527,128,545,148
rps6ka2,124,62,153,94,96,65,90,70,106,68,61,68
rps6ka3,422,309,530,582,407,376,478,374,553,379,650,396
rps6ka4,320,108,522,202,269,161,264,150,306,119,310,143
rps6ka5,64,63,71,57,60,42,58,51,84,60,66,50
rps6ka6,1,2,4,1,4,2,4,8,2,5,0,4
rps6kb1,704,780,995,905,805,790,820,855,1022,720,777,829
rps6kb2,166,142,188,153,196,152,198,168,186,169,152,181
rps6kc1,477,232,504,306,477,268,442,280,650,340,565,291
rps6kl1,53,15,18,18,55,18,25,17,35,18,27,23
rps7,6959,6764,8079,7686,7036,7025,7048,4928,7538,6872,6614,5863
rps8,7022,5598,8228,6541,6247,6591,6963,5246,7260,6049,7020,5833
rps9,6990,4411,8075,5715,5525,5255,6764,4108,6017,4809,5499,5015
rpsa,10607,10687,14740,11568,8372,11960,11084,10397,12113,12669,10057,11868
rptn,3,0,3,0,1,0,472,0,0,0,13,0
rptor,670,438,631,673,639,510,658,541,697,534,544,623
rpusd1,49,20,55,24,52,19,54,21,62,15,48,23
rpusd2,58,40,65,57,47,52,36,44,64,30,36,57
rpusd3,251,240,166,213,268,216,232,253,247,234,165,257
rpusd4,150,132,143,119,109,133,144,117,155,108,110,133
rrad,13,6,13,17,10,6,15,2,22,6,15,5
rraga,493,424,537,531,458,451,421,379,448,362,466,349
rragb,6,1,8,12,1,1,4,4,12,4,5,4
rragc,992,611,998,740,846,673,930,687,1013,536,903,699
rragd,2562,93,1299,127,2460,88,2173,82,2473,83,3677,105
rras,462,168,419,229,324,186,447,166,379,141,328,159
rras2,649,510,663,516,517,487,525,514,753,427,641,443
rrbp1,10172,5540,17872,7005,5642,5761,7968,6749,8210,5887,7980,7837
rreb1,459,408,689,750,486,463,422,537,545,536,366,528
rrh,15,14,22,13,16,12,5,17,23,15,17,19
rrm1,492,461,929,544,572,433,640,481,873,539,559,535
rrm2,272,63,342,69,374,97,340,70,307,89,253,56
rrm2b,189,125,210,163,150,102,172,118,271,79,246,142
rrn3,588,414,754,556,480,510,542,727,752,486,465,684
rrp1,1405,1101,1672,1135,1471,1048,1610,955,1532,1029,1662,1055
rrp12,189,158,288,280,227,138,247,166,210,189,214,213
rrp15,302,236,572,223,326,222,339,214,425,269,479,254
rrp1b,150,81,229,147,146,104,154,122,192,128,207,124
rrp36,342,211,296,186,368,187,309,186,370,207,390,185
rrp7a,695,387,770,487,590,382,540,383,651,354,667,454
rrp8,255,169,342,212,178,172,252,198,300,198,189,266
rrp9,141,119,168,174,117,125,133,170,167,137,112,149
rrs1,369,229,576,245,364,215,496,243,439,182,424,316
rs1,6,9,12,14,5,8,13,9,29,13,7,16
rsad1,113,45,128,63,81,64,92,54,124,80,77,60
rsad2,503,283,853,231,575,150,532,251,598,382,514,327
rsbn1,296,330,381,347,275,355,355,305,470,273,385,330
rsbn1l,429,378,518,512,405,417,454,380,587,355,626,398
rsc1a1,42,73,130,170,83,218,97,243,86,156,128,300
rsf1,558,516,855,602,455,563,646,561,829,572,559,621
rsl1d1,1187,1163,1250,1128,1099,1054,1167,975,1702,1045,1021,1041
rsl24d1,348,376,383,374,321,348,324,349,393,304,297,372
rsph1,5,2,2,3,6,3,1,2,4,9,8,1
rsph10b,0,0,0,2,1,0,1,0,1,1,1,1
rsph14,0,0,0,1,1,2,0,2,2,1,0,0
rsph4a,14,4,27,3,12,3,32,6,10,1,88,0
rsph6a,0,0,0,0,0,0,0,0,2,1,1,1
rsph9,24,11,9,27,20,15,18,17,21,16,17,14
rspo1,70,24,36,257,25,17,39,47,47,40,6,39
rspo2,1,1,0,2,1,2,0,1,0,0,0,0
rspo3,186,186,97,235,182,215,139,151,158,172,60,166
rspo4,0,0,0,0,0,0,0,0,0,0,0,0
rspry1,513,639,535,648,558,686,594,643,747,632,629,638
rsrc1,370,399,324,448,417,414,395,386,541,362,298,391
rsrc2,819,1018,1076,969,872,990,893,922,1424,987,1396,1082
rsrp1,2228,2110,3336,3199,2437,2855,3059,2864,3630,3237,2080,2665
rsu1,736,379,630,372,554,388,662,427,850,421,675,410
rtbdn,4,8,13,4,11,10,6,6,9,5,11,4
rtca,228,198,315,163,275,191,294,201,341,197,261,154
rtcb,1783,1562,1987,1655,1883,1552,1996,1396,2402,1542,2292,1599
rtel1,273,195,414,162,244,227,291,209,453,222,332,228
rtf1,412,302,507,337,339,323,362,359,487,284,306,373
rtkn,514,104,553,103,334,113,251,157,395,143,306,125
rtkn2,1,1,1,1,3,1,2,0,4,1,0,7
rtl1,66,7,382,17,38,24,13,12,69,5,5,5
rtn1,46,21,23,54,25,23,36,30,50,24,23,28
rtn2,73,57,108,83,40,36,80,39,104,33,52,47
rtn3,1609,1143,1902,1266,1497,1126,1609,1212,1795,1162,1763,1255
rtn4,5024,1291,5429,1454,5506,1125,4433,866,7114,1070,9459,1366
rtn4ip1,252,282,260,331,337,322,268,327,346,329,230,368
rtn4r,64,0,28,0,31,0,14,0,46,0,27,0
rtn4rl1,208,171,199,170,234,138,138,145,209,131,248,136
rtn4rl2,20,2,100,6,9,4,29,0,10,0,18,1
rtp1,0,0,0,0,0,0,0,0,0,0,0,0
rtp2,0,0,0,0,1,0,0,0,0,0,0,0
rtp3,235,376,472,446,225,347,195,304,324,394,164,379
rtp4,626,446,583,312,690,316,472,412,791,486,409,349
rttn,81,77,87,90,71,50,78,62,142,67,104,75
rubcn,512,360,518,451,491,337,452,430,593,381,376,396
rufy1,505,349,400,378,547,379,451,331,558,330,375,344
rufy2,166,187,222,172,176,152,190,177,277,154,189,158
rufy3,744,842,815,848,817,738,715,939,1089,908,882,939
rufy4,13,1,7,2,13,0,6,1,14,1,22,1
rundc1,162,113,175,144,133,122,161,122,200,121,162,129
rundc3a,224,129,159,142,261,176,184,147,249,163,123,143
rundc3b,43,4,46,8,27,3,16,7,58,7,55,1
runx1,91,32,100,129,78,29,98,29,123,52,104,67
runx1t1,22,8,23,30,21,18,18,9,27,13,19,6
runx2,19,16,68,21,20,11,30,13,45,31,32,19
runx3,12,2,23,14,2,7,15,8,18,10,23,11
rusc1,185,89,195,147,172,68,176,100,156,95,122,103
rusc2,288,191,322,284,230,150,308,130,281,189,333,222
ruvbl1,470,331,489,352,459,300,440,279,482,339,335,353
ruvbl2,244,182,363,255,237,225,218,178,286,194,221,194
rwdd1,577,561,523,541,646,497,584,540,752,572,602,598
rwdd2a,8,4,15,9,2,11,13,5,19,5,12,5
rwdd2b,199,200,191,156,172,156,203,169,208,156,162,179
rwdd3,93,113,74,73,131,104,100,56,137,117,93,112
rxfp1,4,5,16,3,6,3,8,8,12,11,14,13
rxfp2,0,0,0,0,0,0,0,0,0,0,0,0
rxfp3,2,0,1,0,2,1,0,0,0,2,0,0
rxfp4,0,0,1,0,0,0,1,0,0,0,0,0
rxra,6374,5136,8069,5510,4841,5525,5080,7100,6373,5600,4036,5751
rxrb,641,433,573,438,565,441,585,378,583,455,531,487
rxrg,85,110,47,95,87,81,52,69,119,69,84,80
rybp,412,301,532,418,351,380,357,421,463,305,456,429
ryk,651,668,716,833,503,730,564,700,709,610,491,718
ryr1,41,76,114,90,13,8,151,19,27,3,11,10
ryr2,3,4,10,3,4,1,3,4,4,4,2,4
ryr3,4,11,4,6,2,6,3,5,7,4,2,12
s100a1,1583,1881,766,1724,1885,1969,1343,1413,1861,1633,1042,1856
s100a10,3170,2516,4019,2271,3525,2267,3202,1677,3712,2566,2486,2417
s100a11,384,62,746,173,347,43,273,50,367,66,314,77
s100a13,359,338,260,303,409,328,317,286,505,335,306,339
s100a14,4,1,3,1,3,0,52,2,4,1,5,2
s100a16,551,389,444,420,523,346,448,324,509,342,360,367
s100a2,0,0,0,0,0,0,0,0,0,0,0,1
s100a3,4,3,3,4,3,2,4,2,4,3,4,3
s100a4,178,73,144,179,90,22,157,68,249,104,199,100
s100a5,0,0,0,0,0,0,0,0,0,0,0,0
s100a6,456,136,433,564,343,93,316,159,500,188,349,136
s100a7a,0,0,2,5,3,1,4,2,1,0,1,2
s100a8,192,239,342,126,197,50,235,129,325,212,417,64
s100a9,258,337,412,167,287,81,314,185,423,310,562,90
s100b,2,3,5,3,7,1,3,5,10,3,47,5
s100g,28,0,23,3,21,2,18,9,8,1,43,5
s100pbp,396,331,449,343,347,302,372,354,505,310,383,393
s100z,0,0,0,0,0,0,0,1,0,0,0,0
s1pr1,672,1151,822,1225,899,1167,607,1312,1020,1048,915,1325
s1pr2,398,161,396,155,362,125,232,155,479,112,361,82
s1pr3,127,47,500,51,74,49,122,58,112,78,110,65
s1pr4,30,8,16,22,14,4,13,11,23,9,22,12
s1pr5,84,122,62,158,84,101,39,133,83,97,53,69
saa1,1108,8680,1065,3513,1204,5145,1791,170171,2661,31012,662,3824
saa2,696,4026,649,1074,575,2334,931,177702,1501,19543,416,1199
saa4,1883,6371,3127,4746,2054,4370,1719,8649,2582,7048,1262,3938
saal1,124,143,218,128,139,105,130,107,193,150,136,116
sac3d1,130,57,124,82,119,69,110,61,104,55,73,70
sacm1l,1634,2597,1804,2557,1671,2315,1767,2290,2519,2524,1821,2716
sacs,239,101,335,186,172,80,221,172,343,147,206,130
sae1,570,340,734,403,476,366,577,317,579,406,420,455
safb,584,380,829,496,524,498,593,561,824,433,570,660
safb2,407,287,694,343,359,372,492,371,589,334,463,462
sag,40,27,93,51,55,50,60,55,101,83,72,57
sall1,313,119,490,205,176,215,315,211,296,187,396,150
sall2,116,83,92,92,100,59,87,90,148,74,105,61
sall3,0,0,0,0,0,0,0,0,0,0,0,0
sall4,0,0,3,0,0,0,1,1,0,0,0,1
samd10,48,31,73,23,46,18,59,21,65,25,78,17
samd11,3,1,8,2,3,1,0,4,4,2,0,7
samd12,7,5,6,7,4,6,5,3,5,4,9,4
samd13,7,2,7,3,3,6,4,6,5,5,5,9
samd14,33,9,36,27,22,12,29,18,43,18,21,20
samd15,1,3,11,6,7,2,10,5,15,4,7,9
samd3,6,1,6,2,7,3,4,3,9,1,12,3
samd4b,214,108,242,180,145,124,178,107,168,110,144,145
samd5,19,13,29,21,13,11,12,17,29,12,18,30
samd7,1,3,2,0,1,0,1,1,4,0,2,3
samd8,1115,777,936,921,992,736,927,971,1349,868,1020,818
samd9l,2156,1019,1828,1009,2310,829,1720,733,2810,1068,1928,1040
samhd1,722,409,750,552,572,390,667,458,905,441,591,500
samm50,2438,1203,2326,1236,2338,1669,2214,1224,2771,1284,2883,1466
samsn1,78,39,67,77,66,24,83,34,104,53,106,44
sap130,219,172,264,228,231,179,231,196,300,159,230,205
sap18,433,377,355,412,420,448,379,350,561,373,318,497
sap25,5,7,10,2,2,6,7,2,2,12,21,0
sap30,113,86,129,89,116,58,111,76,146,83,133,75
sap30bp,492,367,499,361,544,340,510,347,650,374,498,342
sap30l,337,246,273,282,352,273,325,250,350,214,294,220
sapcd1,4,0,11,0,0,0,5,0,8,1,2,4
sapcd2,12,0,14,1,4,0,13,1,10,4,7,0
sar1a,1941,1977,1999,2170,2029,1716,2254,1925,2724,1889,1939,1910
sar1b,3415,4222,2364,4068,3951,4427,3344,3008,3954,4210,2933,3901
saraf,2876,2606,2211,2708,2513,2565,2548,2447,3492,2618,3105,2728
sardh,9789,9713,6340,10543,9971,10790,8113,8769,11430,9409,4359,11247
sarm1,7,13,11,14,6,9,8,11,21,7,18,11
sarnp,531,748,635,717,599,630,605,509,778,680,723,642
sars2,118,115,176,137,132,140,128,144,141,152,80,136
sart1,587,403,611,524,485,455,789,388,522,404,502,488
sart3,281,187,360,232,245,235,256,214,362,217,306,207
sash1,1191,736,1158,989,1001,942,1329,977,1266,788,1173,1093
sash3,139,52,130,94,129,37,130,40,173,52,142,48
sass6,44,51,77,53,62,45,73,70,95,77,37,46
sat1,3347,2022,3256,1600,3247,1408,3219,1801,4213,1578,3514,1233
sat2,178,200,134,151,161,172,184,188,185,180,153,164
satb1,29,39,28,67,12,16,33,24,50,29,41,32
satb2,6,8,35,7,10,10,10,23,6,8,17,6
satl1,0,0,0,0,1,0,0,0,0,0,0,0
sav1,336,201,432,293,239,230,308,219,321,213,264,267
saxo1,0,0,0,0,3,0,0,0,0,0,1,0
saxo2,11,21,17,16,16,11,11,7,29,10,24,14
saysd1,287,223,209,244,268,195,235,171,274,207,200,227
sbds,906,682,802,687,902,796,824,699,1332,563,1154,741
sbf1,1136,557,1302,784,922,643,873,714,944,566,911,775
sbf2,919,723,984,824,765,917,1061,904,1174,744,665,892
sbk1,566,103,552,305,384,369,427,447,395,252,386,96
sbk2,6,1,1,3,3,2,11,0,6,0,0,1
sbk3,0,0,2,4,2,1,1,1,3,0,0,0
sbno1,1836,1633,2190,1798,1916,1621,2060,1903,2578,1607,2653,1838
sbno2,516,307,967,412,523,284,643,322,598,299,592,345
sbsn,27,13,21,40,22,20,75,19,41,25,40,15
sbspon,8,7,135,7,15,1,21,6,20,3,15,11
sc5d,6843,9028,7728,7225,6851,11720,6764,8858,10800,9351,3540,13175
scaf1,382,229,461,330,283,217,348,250,336,233,212,290
scaf11,1862,1334,2345,1555,1683,1443,1664,1521,2441,1313,2319,1426
scaf4,184,116,250,167,167,144,183,162,228,145,128,142
scaf8,624,395,696,545,595,489,610,525,775,412,714,574
scai,183,180,272,241,151,187,206,209,378,177,332,187
scamp1,1237,907,1901,1043,994,1156,1144,1351,1326,939,980,1094
scamp2,485,266,541,434,393,320,442,341,523,298,423,399
scamp3,436,273,471,349,387,322,403,325,398,353,287,347
scamp4,312,205,398,265,246,233,288,244,276,205,212,235
scamp5,958,208,1019,275,709,256,696,314,890,295,889,239
scand1,458,264,439,216,312,234,319,227,380,234,255,167
scap,1684,1361,2200,1561,1008,1914,1275,1839,1129,1600,708,2204
scaper,330,345,343,343,315,400,330,337,468,342,294,387
scara3,187,30,117,84,163,18,136,44,251,38,162,40
scara5,326,574,756,432,362,605,625,501,445,435,485,480
scarb1,3296,1638,3312,2119,2896,1632,2918,1879,2546,1889,2889,1776
scarb2,5668,5991,5158,6589,6010,6014,5407,6656,8082,5956,7465,6095
scarf1,154,119,214,137,153,120,198,104,248,153,182,144
scarf2,84,41,85,109,89,45,95,38,90,50,78,50
sccpdh,218,87,336,55,130,62,191,100,197,83,174,76
scel,43,2,24,19,8,1,31,3,11,2,20,4
scfd1,1228,1795,1611,1797,1262,1400,1165,1331,1510,1778,1393,1751
scfd2,251,296,254,313,248,202,234,265,299,298,267,261
scg2,2,1,50,3,7,1,5,3,5,16,15,28
scg3,2,0,2,2,0,0,1,1,0,4,2,1
scg5,3,0,1,2,1,0,1,0,0,0,1,2
scgb1a1,0,1,0,0,0,0,0,0,2,1,0,1
scgb1c1,1,5,1,2,1,2,0,0,4,1,1,2
scgb2a2,0,0,0,0,0,0,0,0,0,0,0,0
scgb2b2,0,0,0,0,0,0,0,0,0,0,0,0
scgb3a1,1,0,3,1,1,0,1,5,1,0,5,0
scgb3a2,0,0,0,0,0,0,0,0,0,0,0,0
scgn,0,0,0,0,0,0,0,0,0,0,0,0
schip1,66,38,90,55,59,25,52,32,68,34,62,34
scimp,72,37,61,25,45,20,61,27,63,23,40,38
scin,16,11,25,22,11,9,17,14,33,15,17,25
sclt1,189,189,166,201,196,167,198,217,253,150,186,189
scly,1968,1560,2123,1601,2029,1573,1718,1327,1767,1304,2189,1467
scmh1,196,102,361,145,186,143,226,127,265,94,153,138
scml2,8,0,5,0,4,1,6,0,5,2,2,2
scml4,20,13,21,22,11,11,22,23,44,18,50,10
scn10a,0,0,1,11,0,5,0,2,0,0,0,3
scn11a,0,0,2,0,1,0,0,0,3,0,0,0
scn1a,0,0,3,2,2,2,2,2,3,0,0,1
scn1b,389,78,636,119,196,72,350,67,153,43,196,43
scn2b,10,12,18,5,10,5,11,7,17,8,16,7
scn3a,21,10,37,23,24,4,22,17,27,19,13,15
scn3b,26,12,25,78,10,6,20,17,40,8,16,12
scn4a,9,13,12,8,3,2,30,4,4,2,0,2
scn4b,5,19,22,19,0,2,26,19,2,1,1,1
scn5a,79,3,87,4,10,10,10,2,23,1,133,4
scn7a,149,61,165,263,97,21,125,47,195,62,258,52
scn8a,431,20,1252,23,153,36,351,21,272,10,601,22
scn9a,3,0,13,0,5,0,5,4,7,1,12,1
scnm1,170,168,244,187,201,156,181,160,248,159,188,167
scnn1a,63,117,41,167,73,157,46,117,99,120,29,147
scnn1b,0,0,4,2,0,0,2,1,0,1,1,4
scnn1g,1,0,0,0,0,0,2,0,0,2,0,0
sco1,340,273,343,371,394,299,365,288,430,283,317,376
sco2,255,728,177,628,434,857,382,375,339,559,356,671
scoc,337,254,272,307,317,241,269,217,396,240,269,263
scp2,54919,112143,36659,102388,65427,114999,50226,102435,83997,114834,37836,115235
scp2d1,0,1,0,0,0,0,0,0,0,0,0,0
scpep1,998,703,861,838,964,727,1001,692,1196,711,710,831
scrg1,0,0,0,1,0,0,0,1,0,1,0,0
scrib,606,260,729,371,483,272,471,283,539,284,576,297
scrn1,40,4,23,59,18,3,23,23,34,29,11,16
scrn2,584,573,529,541,599,586,597,444,600,538,477,610
scrn3,1141,1548,1626,1600,1093,1510,1130,1211,1608,1625,1397,1538
scrt1,0,0,0,1,0,0,0,0,0,0,0,0
scrt2,1,0,0,0,0,0,0,0,0,0,0,0
sct,3,0,0,0,0,0,1,0,4,0,3,0
sctr,2,1,3,1,3,0,5,1,7,1,14,0
scube1,128,6,139,9,163,15,132,7,166,9,161,6
scube2,0,0,1,1,0,0,0,1,0,0,0,0
scube3,219,9,182,7,352,6,236,10,328,4,1131,6
scx,5,1,10,9,8,2,8,5,8,3,1,6
scyl1,987,610,1044,730,846,656,909,706,828,634,800,616
scyl2,1059,798,1323,944,1118,910,1172,843,1417,848,1350,864
scyl3,473,388,637,456,562,459,484,544,667,419,528,467
sdad1,398,285,623,371,365,317,436,317,517,325,578,341
sdc1,4621,4637,5516,4262,5231,4219,4767,4151,5670,3906,4771,5012
sdc2,3430,3570,3044,3608,3377,3688,3091,3316,4692,3350,3955,4106
sdc3,2146,1155,1647,1503,1493,1187,2523,1238,1496,1023,994,1194
sdc4,7867,9588,12025,9037,5532,10099,8017,9114,7853,9745,7191,12149
sdcbp,3887,2504,4755,2732,3698,2211,4058,2265,4507,2559,4980,2447
sdcbp2,131,2,129,5,171,2,84,4,270,2,20,5
sdccag8,344,212,378,275,372,246,305,231,546,235,560,209
sde2,238,218,493,244,242,225,277,226,334,204,310,234
sdf2,956,701,843,763,983,735,938,706,1154,834,901,799
sdf2l1,1007,1181,1427,2150,692,754,796,903,719,1255,762,878
sdf4,2991,2538,2564,2633,2517,2410,2460,2338,2976,2446,2491,2551
sdha,7635,8713,6312,8591,8193,9994,7196,8319,9388,8824,5188,10803
sdhaf1,261,199,237,256,269,189,194,229,244,198,182,165
sdhaf2,569,558,535,567,556,538,540,470,625,527,551,573
sdhaf3,195,216,187,191,226,168,183,174,247,194,132,195
sdhaf4,454,319,417,351,641,337,530,335,536,355,610,349
sdhb,3447,3790,2256,3207,3937,4040,3418,3170,4261,3567,3278,3971
sdhc,4087,2522,3623,2539,4078,2817,3582,2190,4192,2246,4272,2702
sdhd,3511,4462,3075,3891,3838,4630,3545,4156,4912,4344,3771,4839
sdk1,21,6,14,23,23,16,20,8,32,11,15,13
sdk2,32,21,56,27,54,28,60,32,49,30,31,13
sdr16c5,21,0,3,0,7,1,0,8,0,3,18,2
sdr39u1,353,268,326,237,276,268,283,238,385,292,215,290
sdr42e1,1220,2768,1010,2134,993,3224,834,2057,1233,2159,850,2414
sdr9c7,311,2246,250,1958,513,2195,192,1388,439,2178,105,1917
sds,4438,2097,2593,1619,5984,2585,6540,2951,5920,2280,5107,2284
sdsl,334,153,223,169,381,195,258,149,339,169,556,159
sec11a,1109,1136,1642,1063,938,882,1074,943,1279,1111,1092,1052
sec11c,1008,869,1240,986,1210,751,1017,923,1307,836,1732,793
sec13,1932,1461,2050,1434,1816,1511,1883,1388,1944,1525,1442,1558
sec14l1,443,161,615,409,449,187,423,252,449,225,458,289
sec14l2,7841,8941,4889,8905,11182,9085,8073,6331,12312,8524,5538,9628
sec14l3,0,1,1,1,0,1,1,1,2,0,0,0
sec14l4,2074,2565,1674,2541,2478,2545,2269,2723,2882,2538,1556,2798
sec14l5,7,1,2,1,1,0,0,0,1,0,1,0
sec16a,2655,2138,3869,2775,2033,2014,2330,2436,2930,2132,2433,2686
sec16b,1575,1723,1908,1702,1836,1700,1612,1663,2172,1881,1460,1911
sec22a,584,533,408,486,539,489,442,417,694,427,457,466
sec22b,1264,1405,1406,1451,1327,1086,1394,1080,1342,1180,998,1345
sec22c,124,100,132,121,105,81,83,109,133,87,79,95
sec23a,2478,2590,2642,2266,2484,2266,2187,2454,3257,2446,1968,2558
sec23b,1368,2050,2245,2199,1231,1170,1514,1313,1860,1616,2054,1850
sec23ip,570,496,1048,699,455,587,633,564,794,521,672,633
sec24a,1452,1484,1389,2049,1324,1675,1523,1434,1461,1286,1363,1629
sec24b,325,208,408,279,270,236,364,263,326,209,231,237
sec24c,1912,1451,2149,1899,1710,1391,1690,1474,1929,1468,1113,1812
sec24d,1732,1896,2076,2347,1653,1230,1814,1349,1511,1479,1419,1973
sec31a,2477,1808,2889,2523,2318,1735,2425,2011,2666,1803,2957,2302
sec31b,77,61,55,56,101,75,72,62,119,58,96,59
sec61a1,5264,3830,6464,4860,3891,3891,4455,4273,4461,4136,2926,4759
sec61a2,98,67,204,93,98,59,93,73,164,99,114,74
sec61b,1432,1296,1574,1434,1209,1419,1119,1175,1357,1249,1364,1276
sec61g,408,368,476,465,364,429,508,369,410,388,415,384
sec62,2554,2983,3198,2765,2668,2919,2694,2976,3629,3055,2490,3052
sec63,1664,2338,2363,2884,1839,2150,1902,2416,1993,2141,1676,2572
secisbp2,285,302,407,295,257,299,255,308,372,295,267,319
secisbp2l,2170,1305,2532,1631,1717,1406,1881,1485,2577,1259,2093,1561
seh1l,925,774,992,822,807,858,1005,748,1178,716,1196,877
sel1l,2610,3377,3645,4462,2298,2234,2242,3698,2750,3407,2094,4254
sel1l2,0,0,0,0,0,0,0,0,0,0,0,0
sel1l3,383,282,594,351,276,323,210,484,367,417,271,417
sele,12,5,14,5,10,1,8,1,10,1,11,0
selenbp1,8189,5563,8040,5259,15098,7008,11140,5031,12200,5924,14037,6622
sell,143,103,130,81,90,46,166,75,207,72,136,63
selp,148,134,120,156,181,150,131,159,153,171,155,147
selplg,210,101,233,134,194,66,216,74,242,93,257,89
sema3a,41,32,63,91,35,20,68,26,50,44,80,37
sema3b,86,19,45,50,60,17,31,29,90,27,141,12
sema3c,208,100,270,408,159,74,178,105,261,122,118,150
sema3d,222,256,133,499,177,257,231,220,225,210,88,206
sema3e,5,8,87,18,2,4,13,14,17,6,5,8
sema3f,279,114,377,212,216,124,252,92,230,115,255,108
sema3g,41,4,88,8,35,2,25,8,35,10,91,12
sema4a,875,718,1056,686,756,709,666,762,811,644,483,730
sema4b,309,147,421,195,165,97,244,152,236,150,164,130
sema4c,163,70,273,97,133,67,209,56,154,93,276,52
sema4d,119,38,196,91,128,29,114,45,159,71,126,66
sema4f,3,1,3,8,3,1,5,4,7,2,2,4
sema4g,1277,1183,1625,1511,1254,1408,1260,1451,1768,1445,942,1773
sema5a,135,31,376,239,92,35,81,51,172,51,99,60
sema5b,43,18,23,9,34,13,22,9,89,16,65,16
sema6a,224,173,169,275,179,139,197,135,244,125,134,146
sema6b,321,143,470,85,166,68,345,65,215,60,305,84
sema6c,8,14,18,21,8,10,27,12,22,9,16,10
sema6d,568,378,811,570,534,461,972,433,869,358,767,504
sema7a,21,1,113,3,14,2,17,23,39,13,107,16
senp1,305,209,450,251,263,209,294,257,401,186,352,227
senp2,538,418,571,600,528,451,624,570,596,442,467,513
senp3,598,462,668,536,635,471,584,503,629,484,602,499
senp5,484,357,506,454,411,395,449,451,581,360,365,506
senp6,1059,1098,1375,1266,851,1261,1132,1268,1484,1188,1138,1261
senp7,367,340,494,405,353,297,357,352,549,435,373,428
senp8,62,75,55,76,64,49,40,68,71,66,60,72
sephs1,728,663,958,637,734,614,785,751,1043,624,842,680
sephs2,14829,17432,13119,17302,13599,19952,10333,16194,14327,18770,7739,19229
sepsecs,1184,1472,1133,1606,1454,1687,1095,1749,1776,1533,1795,1597
serac1,85,72,159,101,76,66,83,82,148,72,108,106
serbp1,4174,4477,4714,4391,4009,4050,4398,3709,4903,4203,3892,4315
serf2,5375,3153,5649,3817,4078,3118,4051,2995,5158,3271,4180,3073
sergef,99,68,88,78,70,74,90,70,91,76,64,71
serinc1,5264,5984,6521,5399,5507,5272,6186,5425,7220,5378,6084,5668
serinc2,117,83,269,83,134,70,124,64,161,47,398,59
serinc3,11573,6076,11939,6634,9445,5723,11185,6597,12578,5520,15556,5995
serinc4,0,5,0,1,8,7,5,3,5,1,2,1
serinc5,1681,1055,2247,1052,1344,1219,1409,1054,1872,989,1384,1200
serp1,9339,8568,8832,11333,9311,7268,8066,7088,7898,7723,6838,8580
serp2,2,0,2,0,2,2,4,1,6,0,5,0
serpina10,7499,7556,6226,6011,7103,7180,6492,11338,9616,7945,7034,6650
serpina11,695,1468,558,1312,732,1620,749,1510,1046,1342,1345,1312
serpina12,6819,2850,13137,2207,2646,4124,6567,2447,1645,3209,1784,2470
serpina5,15,8,14,4,47,11,15,4,41,11,9,12
serpina6,2683,1849,2119,1745,2408,1567,1559,2415,3255,2273,411,2323
serpina7,2951,2701,2818,3120,3728,1828,2374,823,4137,869,2924,1542
serpina9,8,37,8,82,2,35,4,122,11,59,3,89
serpinb10,7,1,4,5,7,0,4,5,10,3,3,3
serpinb11,0,0,0,0,0,0,9,0,0,0,0,0
serpinb12,2,0,5,1,0,0,73,0,0,0,1,0
serpinb13,5,3,12,10,4,3,6,5,6,4,4,3
serpinb2,19,7,13,13,3,8,12,15,27,51,2,217
serpinb5,0,0,0,0,0,0,10,3,0,0,1,1
serpinb7,4,0,2,4,3,5,7,1,4,0,2,3
serpinb8,142,63,165,81,199,57,207,54,219,81,377,61
serpinb9,593,430,806,459,700,529,690,301,961,360,982,425
serpinc1,37420,34292,40490,33502,39635,37709,42366,32313,43515,35907,45628,40176
serpind1,14280,12339,12650,11066,12622,11907,11722,12066,16704,13777,10013,13556
serpine1,274,8,3840,54,156,25,361,31,370,58,4708,50
serpine2,174,414,306,502,234,439,197,334,305,387,249,210
serpine3,7,7,21,6,6,12,10,11,24,7,6,8
serpinf1,5541,7137,2296,7693,4784,8526,5542,6682,7038,7410,5260,9257
serpinf2,20144,16480,25249,13837,14943,17235,22500,16345,18700,16619,17391,16340
serping1,9303,13377,11037,12963,9055,13013,11723,14800,13230,12440,8721,11675
serpinh1,1071,458,1044,1680,912,414,873,362,1417,867,1201,882
serpini1,40,11,52,8,54,10,49,54,93,21,65,31
serpini2,200,12,80,7,146,1,24,1619,16,500,1,555
sertad1,230,111,373,112,107,99,191,105,224,87,163,86
sertad2,423,315,548,380,369,340,366,348,509,284,378,312
sertad3,100,58,139,101,89,68,84,67,89,93,73,84
sertad4,5,5,21,22,3,11,4,7,10,9,22,7
sertm1,1,0,23,1,1,0,0,0,0,0,0,1
sesn1,521,505,392,492,508,406,562,398,614,467,670,417
sesn2,251,73,350,91,178,88,221,81,145,92,195,73
sesn3,834,590,588,868,631,642,662,738,1023,696,579,857
sestd1,182,67,252,173,150,67,171,136,254,89,197,92
set,2498,2077,3316,2482,2243,2028,2432,1909,3005,2200,2492,1996
setbp1,41,27,62,62,46,30,63,39,78,28,58,30
setd1a,147,155,378,211,137,136,235,176,224,165,182,196
setd1b,85,69,130,169,60,88,122,127,117,78,81,95
setd2,1045,1061,1418,1441,917,1260,1238,1261,1500,1092,1178,1241
setd3,1722,1651,1710,1805,1861,1793,1607,1828,2120,1713,1393,1746
setd4,266,93,455,199,168,187,354,319,348,179,347,106
setd5,900,669,1349,929,738,692,969,887,1231,738,828,894
setd6,326,207,295,223,314,225,266,235,401,252,368,248
setd7,340,169,405,386,253,175,377,189,424,199,271,199
setdb1,595,501,693,594,648,531,613,554,771,563,502,648
setdb2,283,320,427,376,274,386,466,512,419,369,717,324
setmar,65,73,53,67,59,69,64,66,80,70,62,71
setx,1657,1237,2760,1552,1400,1219,1671,1373,2267,1203,2302,1289
sez6,3,3,6,6,6,2,0,8,6,7,5,1
sez6l,8,2,5,34,4,1,7,4,7,0,4,6
sez6l2,7,1,53,5,7,0,6,2,17,9,32,2
sf1,852,695,1182,810,638,669,788,726,850,692,698,855
sf3a1,530,292,570,539,453,392,458,349,476,352,498,368
sf3a2,104,93,127,135,106,86,113,66,95,73,80,93
sf3a3,498,424,558,442,442,476,456,413,610,418,550,459
sf3b1,4438,4082,6074,4425,4414,4051,4895,4007,6465,3840,6114,4087
sf3b2,2257,1561,2194,1926,2156,1772,1997,1737,2237,1689,2271,1832
sf3b3,1091,805,1487,947,897,917,1024,881,1364,865,1217,950
sf3b4,176,108,258,161,157,127,175,119,165,111,139,127
sf3b5,410,334,397,344,393,347,371,299,389,309,350,244
sf3b6,640,834,571,831,745,758,575,576,857,750,777,707
sfi1,567,431,805,454,779,416,790,439,964,444,743,454
sfmbt1,498,529,544,651,509,663,604,620,688,538,465,570
sfmbt2,10,4,27,14,4,8,5,8,17,5,5,15
sfn,60,15,110,16,76,10,58,13,69,13,84,22
sfpq,1055,777,1617,1252,988,814,1140,779,1263,803,1212,1147
sfr1,801,632,1005,722,762,639,846,708,994,633,924,686
sfrp1,87,62,62,213,81,65,104,27,107,65,105,64
sfrp2,22,12,22,52,14,6,28,3,38,17,0,7
sfrp4,8,3,1,10,1,0,10,0,7,2,0,1
sfrp5,6,2,2,0,1,1,5,3,1,1,4,0
sfswap,350,261,604,273,330,281,373,345,526,288,473,326
sft2d1,603,471,795,449,695,462,669,434,680,492,898,538
sft2d2,1953,1195,2023,1493,1696,1248,1600,1321,2017,1159,1907,1464
sft2d3,110,86,120,114,86,96,87,101,117,114,109,90
sfta2,0,0,1,0,1,0,0,0,0,0,0,1
sftpa1,9,13,15,13,18,8,26,11,19,13,8,5
sftpb,0,0,5,0,1,0,2,1,1,0,1,5
sftpc,0,0,0,0,0,2,0,0,1,0,0,0
sftpd,86,23,67,18,107,19,105,18,221,28,162,25
sfxn1,2223,1528,2554,1564,1965,1628,1726,1541,2366,1629,1769,1642
sfxn2,857,767,668,759,722,827,750,869,920,869,494,999
sfxn3,68,35,72,99,39,22,79,27,105,39,113,31
sfxn4,30,11,34,25,20,14,24,8,51,21,16,18
sfxn5,606,671,350,633,613,630,449,567,710,605,359,633
sgca,0,1,5,5,0,0,6,0,0,0,2,1
sgcb,93,83,115,92,99,85,101,70,124,63,114,67
sgcd,14,14,10,18,11,4,30,9,20,11,5,18
sgce,289,79,363,138,377,70,422,100,705,124,465,117
sgcg,5,14,11,14,0,1,16,0,0,6,0,1
sgcz,0,0,0,1,0,0,0,0,1,0,0,1
sgf29,207,246,224,242,199,219,235,203,288,225,183,232
sgip1,166,117,564,304,260,191,345,123,233,157,201,175
sgk1,751,523,785,844,956,701,1385,472,1414,499,943,474
sgk2,674,918,916,993,743,688,550,689,1195,1187,505,972
sgk3,615,418,991,486,578,374,618,412,834,407,734,468
sgms1,377,256,1094,421,337,229,486,331,462,342,566,389
sgms2,1203,1464,865,1422,1258,1253,1090,1453,1675,1430,980,1576
sgpl1,1641,1736,2305,1831,1855,1642,2172,1371,2227,1694,2019,1953
sgpp1,1309,1784,1047,1911,1471,1699,1269,1411,1746,1463,1132,1643
sgpp2,25,10,40,9,18,8,23,8,35,10,39,15
sgsh,204,140,314,189,194,148,223,182,204,135,198,132
sgsm1,317,60,631,88,83,76,191,79,109,88,169,115
sgsm2,212,103,175,140,174,86,225,89,213,86,159,123
sgsm3,272,145,409,174,236,130,223,184,237,171,255,160
sgta,834,642,903,716,882,637,826,570,773,572,718,693
sgtb,61,77,116,77,55,52,71,75,79,84,74,79
sh2b1,290,215,349,323,244,248,291,331,361,262,215,244
sh2b2,81,31,80,30,65,28,95,41,49,44,49,58
sh2b3,396,219,449,248,390,219,354,265,422,227,336,246
sh2d1a,7,5,14,5,11,2,3,5,12,4,7,7
sh2d2a,20,7,47,29,21,10,21,7,35,10,35,8
sh2d3c,140,110,206,124,136,84,137,86,158,109,169,92
sh2d4a,383,119,170,108,417,187,270,154,645,160,457,190
sh2d4b,12,4,17,7,9,4,15,4,4,2,10,4
sh2d5,5,0,85,2,3,0,4,0,7,1,3,4
sh2d6,3,1,0,0,2,0,0,2,1,0,0,0
sh2d7,1,0,0,1,2,0,0,1,0,1,0,0
sh3bgr,11,29,12,23,1,4,23,7,5,2,6,0
sh3bgrl,4681,3227,4049,3394,4116,3023,3652,3179,4917,3212,3760,3142
sh3bgrl2,934,739,889,811,720,643,848,826,1267,696,791,884
sh3bgrl3,368,89,371,264,326,111,432,107,411,124,425,135
sh3bp1,82,32,113,63,84,23,63,29,95,28,71,34
sh3bp2,569,337,518,288,596,295,512,440,698,315,566,349
sh3bp4,168,25,182,65,154,30,113,44,157,27,252,35
sh3bp5,1338,735,964,992,934,791,947,698,1094,761,780,801
sh3bp5l,379,214,307,254,440,259,377,264,489,237,264,250
sh3d19,2026,1136,2145,1453,1645,1313,1673,1421,1723,1170,1342,1415
sh3d21,44,8,37,22,31,18,29,18,54,23,59,13
sh3gl1,479,230,540,257,406,228,375,216,454,238,464,264
sh3gl2,16,14,36,23,10,7,20,17,26,15,15,19
sh3gl3,1,1,1,11,0,0,0,1,1,0,2,0
sh3glb1,2047,1244,2105,1674,1855,1211,1932,1279,1988,1090,1717,1338
sh3glb2,464,287,549,340,414,310,427,305,469,311,484,338
sh3kbp1,244,75,284,130,149,69,252,82,271,83,179,110
sh3pxd2a,803,630,896,867,863,687,798,687,845,815,975,810
sh3pxd2b,356,39,715,152,194,35,445,52,301,87,452,88
sh3rf1,176,111,191,160,145,87,115,95,214,89,115,122
sh3rf2,13,13,10,35,5,23,16,7,17,12,2,9
sh3rf3,16,12,34,21,20,12,24,9,40,17,18,16
sh3tc1,434,151,283,230,385,184,303,144,451,155,230,188
sh3tc2,70,25,48,57,37,33,42,38,55,37,52,36
sh3yl1,118,102,108,87,97,89,107,131,160,83,126,93
shank1,13,12,25,14,11,10,9,25,21,21,13,18
shank2,340,206,418,291,304,225,397,127,440,199,462,299
shank3,130,43,147,109,84,76,128,48,76,40,166,49
sharpin,605,431,706,436,586,414,515,447,665,408,607,458
shb,296,338,435,482,259,509,380,397,289,389,397,299
shbg,4,0,0,0,17,0,15,0,8,0,99,0
shc1,1550,1403,2013,1680,1228,1175,1338,1175,1358,1250,943,1286
shc2,538,19,668,37,340,12,494,13,448,15,449,13
shc3,0,0,1,0,1,0,1,1,1,0,1,0
shc4,20,4,15,4,25,4,18,8,32,4,40,9
shcbp1,56,23,92,31,69,32,95,29,109,28,76,45
shcbp1l,0,2,15,4,7,2,3,12,13,4,2,3
shd,4,1,3,1,7,0,1,0,3,1,0,0
she,194,128,223,196,190,154,191,112,177,113,213,144
shf,111,80,129,53,89,112,84,127,99,61,83,94
shh,1,3,2,8,4,3,4,1,4,2,6,7
shisa2,24,16,58,13,21,13,32,9,29,11,18,4
shisa3,31,15,20,31,36,32,34,18,60,11,16,18
shisa4,21,8,55,13,14,6,25,10,24,8,67,7
shisa5,1163,574,1440,706,1208,553,1212,577,1507,665,1480,611
shisa6,3,2,5,6,4,2,8,3,5,7,13,6
shisa7,3,2,0,5,0,2,1,2,1,1,0,3
shisa8,3,1,2,9,2,0,0,3,3,0,2,1
shisa9,23,4,13,14,15,12,18,8,10,3,7,1
shkbp1,166,100,195,116,140,113,150,81,174,108,148,111
shmt1,3137,3411,2494,3220,3194,3872,2855,3368,3593,3418,2415,3234
shmt2,2280,2362,2182,2565,2714,2650,2827,2266,2517,2340,1477,2621
shoc2,903,983,851,859,869,822,869,841,1093,799,984,943
shox2,1,0,0,3,0,0,0,1,1,0,0,0
shpk,935,883,765,965,1141,917,762,892,1078,785,638,996
shprh,671,700,826,742,684,711,758,767,1122,712,719,802
shq1,146,136,254,161,188,161,176,144,215,129,185,191
shroom1,326,336,608,380,406,412,416,353,506,389,475,350
shroom2,680,487,618,567,537,571,604,557,726,503,536,784
shroom3,454,153,419,292,271,151,310,239,487,210,488,195
shroom4,105,43,123,68,86,44,93,41,113,30,129,48
shtn1,1137,756,1028,758,1111,746,960,821,1208,770,1514,890
siae,939,874,844,748,951,760,862,906,1566,883,1003,918
siah2,271,181,350,254,225,209,186,211,234,129,138,184
siah3,1,0,0,0,0,0,0,0,0,0,0,0
sidt1,8,4,31,7,7,4,2,6,6,5,6,3
sidt2,1656,1220,2162,1713,1281,1361,1503,1871,1681,1437,1296,1430
sigirr,367,270,388,259,308,273,330,256,366,302,414,242
siglec1,799,348,575,446,632,326,737,426,579,360,436,365
siglec15,0,0,0,0,0,0,1,0,0,0,0,0
sigmar1,1394,1548,1827,1512,1505,1818,1431,1117,1508,1488,1020,1861
sik1,609,185,864,699,566,317,1025,250,722,226,796,154
sik2,350,443,578,570,376,370,394,537,692,475,404,634
sik3,608,443,598,481,438,488,586,511,590,493,446,655
sike1,367,315,409,320,330,227,314,236,483,286,319,322
sil1,1157,1018,1291,997,1093,1106,1199,940,1336,1058,1587,1126
sim1,1,1,4,0,1,0,3,0,7,3,2,0
sim2,4,0,1,3,1,1,2,0,0,1,0,0
simc1,171,169,232,190,174,211,204,249,311,173,181,223
sin3a,525,506,642,614,475,543,568,615,772,573,553,666
sin3b,917,704,804,668,808,608,792,633,1067,662,765,678
sipa1,323,166,372,251,306,142,299,148,339,168,347,170
sipa1l1,472,412,584,545,502,452,484,414,627,412,483,535
sipa1l2,212,80,283,125,189,90,123,184,251,92,230,124
sipa1l3,112,92,193,129,85,65,108,99,148,115,109,132
sirpa,2467,546,2050,897,2080,497,1971,576,2560,559,1884,603
sirt1,250,334,271,372,232,415,268,314,359,313,304,366
sirt2,575,481,640,565,511,517,539,483,645,523,466,485
sirt3,1184,1320,730,1208,1263,1208,998,1102,1320,1175,945,1265
sirt4,100,90,76,78,130,109,87,81,130,70,120,90
sirt5,315,236,310,179,338,240,278,182,382,224,361,206
sirt6,53,27,91,34,51,35,63,32,61,43,51,30
sirt7,557,623,610,623,753,621,609,625,848,704,526,604
sit1,3,0,11,4,6,2,4,0,2,0,8,0
siva1,146,115,171,140,155,88,144,110,159,117,144,97
six1,2,2,8,8,0,0,5,2,3,0,1,0
six2,5,9,7,9,10,8,7,5,17,7,2,3
six3,2,1,9,2,3,2,3,7,7,0,2,2
six4,12,7,30,22,7,5,17,19,23,7,12,11
six5,45,46,73,51,50,31,40,35,42,38,26,43
six6,1,7,24,7,4,7,7,5,7,4,8,9
ska1,14,1,18,1,12,1,22,5,14,3,10,1
ska2,82,36,112,69,104,63,77,42,118,40,84,68
ska3,21,8,32,10,27,3,39,13,34,10,20,13
skap1,24,14,30,26,12,14,13,7,39,12,36,18
skap2,882,808,763,938,1023,810,1177,812,1307,791,967,780
ski,582,288,732,663,412,355,447,370,537,327,616,395
skida1,18,30,21,25,29,20,11,35,34,22,17,12
skil,910,678,1361,902,842,650,1363,545,1082,664,1522,710
skor1,0,0,0,0,0,0,0,0,0,1,0,0
skor2,0,0,0,0,0,0,0,0,0,0,0,0
skp2,74,39,111,79,76,57,85,59,146,53,97,44
sla,315,129,429,212,344,95,625,112,573,131,757,152
sla2,20,9,32,12,17,10,15,10,46,12,22,9
slain1,7,7,15,11,6,10,11,8,18,3,10,6
slain2,955,829,995,926,980,730,934,748,1126,714,1315,840
slamf1,10,8,16,15,12,8,8,7,28,6,16,7
slamf6,47,32,62,31,40,22,68,25,96,26,51,30
slamf7,82,36,134,53,104,29,105,23,172,25,126,40
slamf8,59,32,100,33,78,22,74,13,123,15,70,20
slamf9,164,26,222,31,103,28,115,30,217,27,393,23
slbp,370,351,535,328,466,306,456,325,643,296,575,391
slc10a1,2346,8312,1779,7468,4216,9082,3003,8601,4677,7770,1648,9389
slc10a2,1707,1459,1275,1494,1780,1272,1497,948,2889,1994,3411,1479
slc10a3,233,114,227,113,158,61,170,106,297,117,199,99
slc10a4,0,0,0,0,0,0,0,0,0,0,0,2
slc10a5,1023,1748,834,1591,1421,1559,979,1693,1916,2028,835,1872
slc10a6,39,6,91,35,17,9,75,9,31,5,63,8
slc10a7,274,241,295,263,249,214,232,240,321,272,300,289
slc11a1,902,195,1222,288,761,177,867,229,1122,233,1244,222
slc11a2,1049,711,1402,748,1174,511,975,725,1403,843,2038,695
slc12a1,0,0,1,0,0,0,0,0,0,0,0,0
slc12a2,190,297,259,373,211,221,221,384,267,293,194,277
slc12a3,5,0,18,0,2,1,2,1,2,1,6,2
slc12a4,944,253,734,305,497,300,558,361,617,251,495,306
slc12a5,56,39,47,38,41,33,43,32,48,27,32,33
slc12a6,559,386,724,597,529,416,615,499,752,448,549,534
slc12a7,739,725,1161,748,848,714,682,923,1053,821,564,816
slc12a8,44,17,40,27,32,13,37,47,63,36,32,37
slc12a9,135,69,199,106,133,48,122,103,158,95,172,93
slc13a1,9,10,30,11,15,15,14,22,34,13,17,16
slc13a2,13,10,13,9,10,22,4,12,4,17,12,10
slc13a3,416,276,1928,384,368,390,356,528,621,346,317,262
slc13a4,7,10,16,3,6,9,7,16,18,11,8,11
slc13a5,40,51,44,42,91,39,105,80,89,37,74,27
slc14a1,18,8,14,10,19,6,16,18,14,4,25,9
slc14a2,0,0,0,0,0,0,0,0,0,0,0,0
slc15a1,13,6,13,13,8,7,15,24,11,21,15,24
slc15a2,14,28,61,18,98,13,99,74,38,12,43,56
slc15a3,385,178,317,232,284,195,429,152,351,157,243,186
slc15a4,458,303,545,434,520,515,549,383,749,525,484,367
slc15a5,32,125,21,115,50,132,33,91,55,118,9,111
slc16a1,1830,1829,2555,1675,2345,1567,2249,1243,2240,1551,1778,1714
slc16a10,678,1785,1142,1970,943,1492,804,2070,867,1540,282,1801
slc16a11,180,105,147,94,179,123,218,81,219,109,113,85
slc16a12,2186,1281,2019,1716,1830,1217,1715,1571,2571,1347,3254,1257
slc16a13,36,18,30,24,38,13,47,16,53,15,37,18
slc16a14,2,0,4,0,17,0,6,2,11,0,65,1
slc16a2,1096,1171,785,1278,1044,1229,721,1018,1259,1014,447,1398
slc16a3,67,27,174,51,22,24,78,19,92,76,83,80
slc16a4,36,28,50,74,42,46,37,45,63,42,35,46
slc16a5,534,27,391,77,203,63,363,136,434,48,335,60
slc16a6,164,124,267,124,107,137,220,172,135,162,281,139
slc16a7,1970,913,2283,1039,2030,752,2404,629,2622,719,3581,1005
slc16a8,1,1,8,1,2,2,3,1,6,0,6,5
slc16a9,209,124,183,142,158,103,288,95,184,97,202,100
slc17a1,224,295,202,283,389,232,206,209,367,246,473,210
slc17a2,1863,3893,1498,3563,2339,3017,1782,4473,3331,3929,1909,3968
slc17a3,795,1663,1470,1639,991,1593,755,1226,916,2010,557,1582
slc17a4,870,584,1069,480,1118,638,1034,385,1195,611,842,944
slc17a5,543,500,468,474,413,544,436,572,578,524,376,547
slc17a6,0,0,2,0,0,0,0,0,0,0,0,0
slc17a7,0,0,0,3,0,0,0,0,2,0,0,0
slc17a8,98,97,70,77,109,122,78,75,145,75,72,157
slc17a9,144,104,575,158,80,58,178,63,82,103,160,115
slc18a1,137,50,92,58,97,45,73,80,120,58,112,62
slc18a2,46,50,84,134,69,58,62,59,75,57,53,63
slc18a3,0,0,0,0,0,0,0,0,0,0,0,0
slc18b1,126,60,129,77,91,41,69,47,103,62,77,58
slc19a1,146,67,135,102,143,73,130,115,138,77,115,80
slc19a2,1318,2246,2083,2308,1746,2568,1706,2100,2173,2622,1375,2870
slc19a3,6,2,8,1,9,2,5,1,10,0,5,1
slc1a1,104,2,88,6,286,4,217,5,354,9,639,9
slc1a2,312,3361,5248,3916,535,3568,445,5067,881,3372,249,3360
slc1a3,27,16,27,23,21,20,19,39,26,18,29,34
slc1a4,254,95,3159,115,242,78,412,100,353,84,449,160
slc1a5,145,74,424,200,111,73,147,127,219,124,91,75
slc1a6,4,0,5,5,1,1,2,0,6,0,0,1
slc1a7,5,14,8,27,7,23,2,13,34,16,7,20
slc20a1,2504,300,3398,596,1703,391,1596,555,4278,457,3791,362
slc20a2,1490,956,1542,961,1177,1283,1089,1004,1401,1090,1184,1086
slc22a1,3990,5496,4751,5390,4231,5436,3494,5014,4416,5226,1976,5352
slc22a12,307,1,30,3,178,3,177,0,185,1,58,3
slc22a13,0,1,1,3,0,1,2,0,2,1,0,1
slc22a14,3,2,2,3,0,0,1,1,4,0,0,0
slc22a15,169,188,278,190,213,229,167,158,216,203,148,247
slc22a16,0,0,0,0,0,0,0,0,0,0,0,0
slc22a17,15,17,28,15,8,12,28,13,28,16,39,9
slc22a2,0,0,0,6,4,1,0,0,0,0,0,0
slc22a23,950,897,2175,1163,767,1046,822,1287,966,978,639,1317
slc22a3,22,53,130,62,66,96,109,66,71,64,28,67
slc22a4,33,43,24,60,64,47,27,77,96,59,23,45
slc22a5,363,353,306,321,358,258,380,334,508,323,289,282
slc22a6,1,0,0,0,4,0,0,0,1,1,0,0
slc22a7,269,974,136,800,733,1095,490,972,558,1108,535,669
slc22a8,0,0,3,3,3,1,0,1,3,1,2,2
slc23a1,1259,1280,755,1055,1019,1696,1044,1494,1633,1484,753,1353
slc23a2,781,373,980,413,496,355,637,468,1030,369,859,360
slc23a3,7,1,9,6,3,5,4,5,3,5,2,2
slc24a1,2,1,6,2,0,1,6,2,8,2,5,3
slc24a2,1,0,4,0,2,0,1,0,1,0,0,1
slc24a3,90,15,203,22,40,7,97,14,49,8,28,14
slc24a4,2,1,2,4,2,5,5,1,6,1,5,3
slc24a5,43,35,61,50,48,48,57,42,72,42,44,46
slc25a1,4070,2866,3173,2808,3791,3520,3443,2796,3700,2592,1763,3391
slc25a10,2780,1749,2229,1666,2499,1384,2379,1525,2705,1636,1348,1373
slc25a11,1449,1316,1314,1167,1608,1261,1475,1215,1697,1184,1279,1290
slc25a12,485,367,565,407,446,417,514,430,565,351,558,362
slc25a13,3388,4668,2383,4139,4055,4102,3908,4261,4788,4156,1839,4946
slc25a14,70,57,35,65,66,46,64,47,109,44,45,55
slc25a15,5032,7375,3747,8090,6463,7718,5501,6326,6363,6893,4157,8421
slc25a16,990,1220,852,1346,1043,1284,949,1239,1052,1149,787,1313
slc25a17,1514,1094,1793,1058,1406,982,1238,1006,1763,1253,1695,1382
slc25a18,4,4,14,5,3,5,8,6,23,8,9,11
slc25a19,226,273,221,298,339,212,270,227,262,204,227,201
slc25a2,4,3,4,6,3,5,6,3,8,3,13,5
slc25a20,1621,1787,1382,1683,1436,1479,1407,1463,1968,1424,1145,1613
slc25a21,58,266,61,226,121,264,97,218,132,220,36,250
slc25a22,1118,1191,1400,1237,1343,1319,1447,1144,1202,1185,671,1507
slc25a23,1296,1508,1245,1662,1134,1594,1213,1647,1489,1571,1240,1567
slc25a24,406,58,637,132,275,64,330,60,379,80,565,81
slc25a25,993,4727,3257,8032,3644,5245,5570,1929,3901,4528,2527,4589
slc25a26,153,87,99,101,107,102,119,92,126,119,82,95
slc25a27,30,12,59,19,25,8,42,17,61,12,37,28
slc25a28,306,237,272,259,351,245,307,229,310,192,287,205
slc25a29,38,18,36,54,25,36,46,37,43,19,18,22
slc25a3,4130,3738,3940,4069,4355,4077,4384,3589,4560,3251,3353,4258
slc25a30,537,828,589,184,204,199,424,316,333,199,340,607
slc25a31,5,1,7,1,1,1,4,3,3,5,2,3
slc25a32,596,353,734,345,484,478,769,379,742,349,1202,435
slc25a33,367,306,307,259,260,251,300,220,283,300,420,254
slc25a34,70,127,50,83,60,67,74,86,78,96,26,78
slc25a35,14,11,11,13,16,13,11,28,16,19,17,15
slc25a36,279,185,315,326,276,153,329,210,421,185,332,201
slc25a37,688,380,1459,474,418,327,611,445,817,450,494,541
slc25a38,236,269,243,369,214,280,204,267,264,316,164,328
slc25a39,5431,3735,4294,3980,5355,4148,4866,3892,4911,3849,3654,4244
slc25a4,955,586,845,635,580,206,992,264,1071,201,2748,210
slc25a40,178,111,125,119,160,123,143,142,225,114,201,121
slc25a41,0,0,0,1,0,0,0,0,1,0,0,1
slc25a42,204,280,198,304,228,281,146,359,265,291,155,267
slc25a43,23,8,22,9,9,4,15,9,14,11,22,16
slc25a44,1300,1046,1195,1160,1359,1207,1136,1009,1333,1176,729,1336
slc25a45,337,519,451,543,405,428,348,416,353,535,211,459
slc25a46,1115,976,1050,965,1029,1030,1029,1113,1252,916,1188,1002
slc25a47,13426,4740,5256,6074,11519,11354,12573,5694,11438,6183,7821,4023
slc25a48,63,72,57,95,83,75,67,88,86,65,45,93
slc25a5,12716,6903,8663,6406,11982,7305,9656,6502,15473,6891,8214,7751
slc25a51,828,693,1106,989,928,1001,1560,997,1429,909,1755,749
slc25a53,54,48,87,59,52,46,62,62,93,59,72,59
slc26a1,2336,2420,2582,2603,3485,2865,2209,3747,4091,3209,2536,2888
slc26a11,136,111,171,108,119,89,137,116,164,88,91,113
slc26a2,354,199,357,266,233,173,273,202,396,178,292,233
slc26a3,10,16,31,30,10,19,18,24,37,19,16,29
slc26a4,1,6,2,16,2,4,0,4,6,2,2,16
slc26a5,2,0,0,1,1,0,0,0,0,0,1,0
slc26a6,255,94,135,86,206,68,152,90,252,113,218,84
slc26a7,1,1,0,1,1,1,2,0,4,3,1,1
slc26a8,2,0,3,0,2,0,2,0,7,1,1,1
slc26a9,1,2,5,1,4,1,1,0,2,6,2,5
slc27a1,186,86,158,129,123,71,140,91,246,96,295,88
slc27a2,16499,17958,14055,18084,12366,15620,11601,17211,19242,16704,10459,15643
slc27a3,24,8,27,36,22,7,23,16,32,5,16,9
slc27a4,961,480,1110,607,901,529,726,538,928,517,567,592
slc27a5,9943,22989,7563,20035,12181,20417,10113,19370,18369,21240,5433,21005
slc27a6,6,7,2,14,5,2,13,7,11,8,9,7
slc28a1,48,22,6,15,25,15,20,5,68,5,14,8
slc28a2,95,73,102,125,115,43,149,59,177,61,98,58
slc28a3,11,4,23,8,8,8,17,14,29,7,17,18
slc29a1,1930,2720,2312,2722,2328,3045,2613,2645,2821,3085,2218,3206
slc29a2,9,5,7,2,8,6,10,7,14,10,12,8
slc29a3,204,118,192,142,155,107,153,137,204,169,160,135
slc29a4,1,0,0,2,0,0,0,0,2,0,2,0
slc2a1,257,199,667,220,242,123,287,135,260,213,436,222
slc2a10,9,6,6,12,8,5,8,6,14,7,5,5
slc2a12,6,4,3,11,4,3,2,3,9,3,1,4
slc2a13,36,19,43,20,43,13,54,6,52,13,49,29
slc2a2,5904,5185,3437,4697,8440,5735,6628,5067,11196,5830,4732,6629
slc2a3,66,50,93,74,57,24,83,48,84,53,95,37
slc2a4,19,34,40,34,17,6,55,13,23,5,5,7
slc2a5,130,102,80,85,145,111,24,137,164,129,92,48
slc2a6,26,16,36,39,28,14,52,11,56,30,24,28
slc2a7,0,0,0,0,0,0,0,0,0,0,0,0
slc2a8,208,169,209,185,216,173,176,187,197,204,192,217
slc2a9,717,642,537,541,733,685,518,715,922,707,716,683
slc30a1,1240,790,1739,1035,860,942,839,1392,1297,1029,1548,595
slc30a10,514,1358,684,1233,1091,1141,1058,633,791,1158,1380,1655
slc30a2,2,1,2,3,0,1,5,24,1,5,2,6
slc30a3,4,7,4,5,1,4,4,3,8,7,16,5
slc30a4,928,503,1788,535,661,430,706,583,1006,469,976,518
slc30a5,1016,1364,1648,1442,789,1071,935,1333,1271,1136,869,1113
slc30a6,307,282,404,247,314,207,322,251,377,252,399,252
slc30a7,773,741,1129,785,678,693,930,792,1043,748,833,847
slc30a8,4,4,2,3,4,1,3,6,9,3,5,6
slc30a9,1854,1385,2376,1475,2052,1406,1743,1444,2351,1416,2353,1472
slc31a1,2767,3468,2131,2984,2746,3202,2257,3609,3579,3256,2672,3612
slc31a2,355,211,379,271,358,206,327,256,413,203,418,257
slc32a1,0,0,0,0,0,0,0,0,0,0,0,0
slc33a1,1840,2358,1930,2460,2066,2227,1874,1990,2131,2250,1610,2467
slc34a1,0,0,0,14,0,1,0,0,0,0,0,0
slc34a2,52,100,43,77,250,86,66,22,78,65,60,76
slc34a3,0,0,0,0,0,0,0,0,0,0,0,0
slc35a1,465,461,546,436,413,490,437,415,562,494,504,524
slc35a2,276,170,378,177,238,168,234,192,310,161,169,210
slc35a3,1591,1867,2080,2007,1863,1769,1719,1658,2150,1664,1636,1942
slc35a4,258,135,339,200,218,148,252,175,291,153,250,207
slc35a5,602,469,568,481,646,440,554,495,926,478,593,494
slc35b1,1334,1262,1736,1310,1220,915,1375,1255,1368,1401,1395,1147
slc35b2,836,636,783,638,897,703,792,640,994,613,990,605
slc35b3,296,276,463,262,308,307,282,264,357,298,432,242
slc35b4,430,353,340,501,367,311,349,355,408,333,260,424
slc35c1,232,107,545,182,149,92,192,146,195,118,256,142
slc35d1,646,570,909,763,656,522,788,772,923,504,920,657
slc35d2,695,956,1002,941,856,677,626,704,879,1072,454,802
slc35d3,0,0,1,0,0,0,0,0,0,0,0,0
slc35e1,994,785,1276,1098,739,768,827,851,827,823,633,960
slc35e3,217,393,275,396,211,370,204,461,242,366,264,345
slc35e4,35,11,42,27,21,7,24,8,43,26,33,13
slc35f1,3,1,8,3,3,0,3,2,7,2,2,2
slc35f2,43,1,109,2,55,1,22,6,110,6,140,1
slc35f3,0,0,3,1,0,0,2,2,2,2,1,0
slc35f4,0,0,2,3,0,0,2,1,0,0,0,2
slc35f5,2634,876,3868,767,2161,742,2319,826,2639,735,3312,883
slc35f6,595,429,677,467,604,435,618,447,718,476,839,427
slc35g1,485,246,1008,338,603,442,883,460,763,288,1289,389
slc35g2,12,9,29,11,17,13,22,9,32,6,22,17
slc35g3,2,1,0,0,0,0,3,0,2,0,0,1
slc36a1,412,311,667,359,398,310,306,442,431,331,258,361
slc36a2,4,10,4,8,4,0,1,2,8,3,1,16
slc36a3,0,0,1,0,2,0,0,0,1,0,0,0
slc36a4,361,286,384,313,323,341,376,389,459,284,365,289
slc37a1,213,123,244,113,169,110,244,147,159,110,446,111
slc37a2,189,66,217,98,196,65,199,85,259,85,132,66
slc37a3,478,325,470,333,387,354,454,457,548,363,446,391
slc37a4,2657,2472,2036,2573,2744,2719,2876,2890,3613,3223,1969,2513
slc38a1,150,72,160,144,84,64,150,71,163,67,101,71
slc38a10,3080,1677,3243,2004,2720,1574,2879,1915,2575,1698,2443,1962
slc38a11,18,13,43,11,15,11,11,15,31,10,15,8
slc38a2,2046,1968,3537,3456,1949,2870,4064,2513,3117,1900,4880,3009
slc38a4,15816,26939,12399,21262,18618,24653,15539,25666,28099,25808,7722,24411
slc38a5,17,3,15,1,6,3,1,161,7,58,18,50
slc38a6,2011,1537,4873,2793,2235,1876,2919,1767,2802,1891,2481,2306
slc38a7,366,237,345,259,264,203,285,245,371,240,242,213
slc38a8,3,3,4,5,0,2,0,1,4,2,0,4
slc38a9,190,196,355,189,198,229,240,265,295,247,178,224
slc39a1,2366,2031,2468,2095,2091,1941,2191,2176,2466,1868,1742,1828
slc39a10,183,185,405,259,298,120,360,86,337,192,380,212
slc39a11,824,511,752,517,774,529,981,599,933,572,842,519
slc39a12,4,3,1,6,2,3,7,2,4,8,3,4
slc39a13,220,125,309,155,176,122,176,129,269,131,181,130
slc39a14,2980,2807,4688,2702,2214,3153,3864,3935,3635,2990,2837,3680
slc39a2,13,7,57,21,19,7,27,16,38,26,17,25
slc39a3,234,167,217,163,217,159,187,164,210,172,175,159
slc39a4,6174,704,10024,803,5212,1135,7098,879,6153,1090,9182,1594
slc39a5,37,2,16,3,66,3,6,178,41,63,20,76
slc39a6,130,58,134,97,89,57,119,48,137,62,155,93
slc39a7,2181,1581,2595,1820,1826,1311,2014,1567,2078,1528,2207,1774
slc39a8,843,731,642,966,788,709,850,737,913,764,392,925
slc39a9,828,747,919,823,756,846,772,769,937,786,655,957
slc3a1,3265,3302,2066,2429,3671,3925,2905,3402,4390,3071,5851,2064
slc3a2,1037,426,1517,656,756,449,991,513,838,381,981,611
slc40a1,6820,3557,4961,3469,6560,3588,7454,5130,8404,2763,6458,3767
slc41a1,176,158,231,181,185,134,165,321,231,187,168,191
slc41a2,721,2332,1219,1665,651,1462,1117,1844,1121,1913,1114,1612
slc41a3,370,19,722,47,120,29,340,85,179,47,319,28
slc43a1,160,166,432,164,114,224,153,217,144,263,147,252
slc43a2,878,296,634,407,698,304,834,334,750,277,886,320
slc43a3,1110,570,985,872,1082,812,1024,641,1102,609,1123,580
slc44a1,1407,1325,1708,1417,1280,1659,1295,1127,1536,1075,1311,1652
slc44a2,420,191,394,421,336,194,410,206,409,190,294,224
slc44a3,362,113,490,122,485,170,490,180,575,155,736,211
slc44a4,34,1,16,2,47,2,38,5,42,0,9,4
slc44a5,0,1,9,1,0,0,0,0,1,0,0,0
slc45a1,11,0,14,1,3,0,2,2,5,1,4,1
slc45a2,2,0,1,0,2,1,4,2,1,2,0,0
slc45a3,638,867,902,738,1051,694,1512,268,966,604,2429,969
slc45a4,290,146,310,198,250,102,236,136,234,132,259,102
slc46a1,568,602,421,606,594,680,557,581,574,594,378,669
slc46a2,0,1,0,0,0,0,1,1,0,0,0,1
slc46a3,619,963,443,1066,809,931,618,1382,1058,1211,581,957
slc47a1,1858,1573,1132,1314,1745,1314,1212,1276,2633,1445,1920,1443
slc47a2,1,7,11,2,2,4,3,1,1,1,0,0
slc48a1,3359,601,5789,854,2157,643,2604,663,2578,609,3755,654
slc4a1,61,18,170,24,33,9,145,19,32,23,94,11
slc4a10,0,8,2,16,7,2,6,6,8,2,12,1
slc4a11,8,11,54,16,12,12,7,5,20,11,11,9
slc4a1ap,421,345,429,325,387,301,372,356,480,309,511,300
slc4a2,721,397,782,501,642,425,637,530,833,471,904,538
slc4a3,44,8,56,30,15,5,31,10,56,6,135,11
slc4a4,2198,1862,2231,1875,2529,1746,2976,2005,3452,1334,4734,1643
slc4a5,23,2,12,2,16,1,10,6,12,1,13,1
slc4a7,401,327,481,396,315,350,377,378,455,277,348,385
slc4a8,19,25,22,14,20,19,42,16,27,15,21,14
slc4a9,24,2,18,1,75,3,147,1,140,1,55,2
slc50a1,222,113,268,127,229,103,205,118,201,116,272,109
slc51a,1,1,1,0,4,3,5,3,8,4,3,0
slc51b,40,13,23,16,83,11,100,7,105,23,272,22
slc52a2,279,106,312,102,265,88,217,107,271,106,333,83
slc52a3,42,5,35,18,43,8,26,10,77,14,87,11
slc5a1,309,19,119,12,328,14,139,30,269,18,481,11
slc5a10,6,0,4,3,1,1,3,1,3,0,3,1
slc5a11,16,1,9,5,3,3,10,7,10,2,5,3
slc5a12,0,0,8,1,0,1,2,2,4,4,2,1
slc5a2,0,0,4,1,1,2,4,3,4,0,0,1
slc5a3,218,201,274,390,211,214,295,161,380,273,247,410
slc5a5,1,2,0,0,0,0,2,0,0,0,0,0
slc5a6,346,76,218,111,386,76,285,167,490,72,413,87
slc5a7,0,0,0,0,0,0,0,0,0,0,0,0
slc5a8,3,0,4,4,6,1,0,7,9,1,9,4
slc5a9,10,0,6,0,16,0,19,0,30,0,9,1
slc6a1,2,1,14,6,2,0,2,4,5,0,1,0
slc6a11,0,0,0,0,0,0,0,0,0,0,0,0
slc6a12,863,1268,619,1112,880,1608,883,1392,1208,1430,423,1431
slc6a13,4635,3881,3164,3644,4876,3490,4422,3405,5892,4444,2882,4046
slc6a14,0,1,0,4,0,0,0,2,2,4,0,0
slc6a15,0,0,0,2,1,0,0,4,1,1,0,2
slc6a16,9,13,4,7,13,2,8,9,20,4,40,7
slc6a17,1,2,6,4,1,3,6,7,16,11,3,12
slc6a18,7,11,28,29,8,15,11,17,39,15,17,28
slc6a19,26,0,14,3,20,0,21,5,16,1,13,1
slc6a2,2,3,3,9,1,2,2,3,4,7,3,3
slc6a3,0,0,1,0,0,1,0,0,0,0,1,0
slc6a4,20,11,20,29,9,6,11,15,27,7,4,5
slc6a5,5,12,10,3,1,2,3,7,9,2,6,2
slc6a6,3230,1656,2959,2087,2645,1521,2919,2194,3505,1566,2328,1801
slc6a7,5,0,4,6,7,0,6,1,7,1,0,1
slc6a8,583,75,395,146,408,76,413,105,548,84,368,89
slc6a9,702,181,1201,211,500,164,449,285,601,193,838,246
slc7a1,94,31,179,84,66,26,75,70,94,54,113,110
slc7a10,1,1,2,1,0,0,0,1,2,0,0,5
slc7a11,876,53,11248,99,813,60,4989,121,2661,129,3862,99
slc7a13,0,2,2,3,7,1,8,2,7,4,1,2
slc7a14,23,31,53,34,37,27,35,29,42,28,18,33
slc7a2,9164,9666,8723,8212,9155,9376,9876,10385,14469,10795,7089,13609
slc7a3,7,1,9,4,9,2,8,9,7,2,6,6
slc7a4,47,17,66,36,47,25,70,40,58,27,54,36
slc7a5,62,37,203,78,64,67,67,118,59,66,51,66
slc7a6,32,9,49,51,48,14,51,38,68,18,73,30
slc7a6os,286,253,305,230,259,232,237,246,299,227,267,225
slc7a7,285,78,330,101,269,69,230,62,275,78,241,79
slc7a8,180,99,112,137,178,85,182,165,170,95,104,140
slc7a9,3,0,1,0,1,1,0,1,5,0,0,0
slc8a1,226,79,240,159,181,83,295,92,260,88,181,87
slc8a2,1,0,1,2,1,0,4,0,1,2,0,1
slc8a3,7,8,5,6,3,4,5,4,2,8,2,6
slc8b1,1248,743,991,561,1177,915,1435,1060,1704,1011,1971,702
slc9a1,127,82,125,127,91,93,93,96,132,66,88,95
slc9a2,1,1,2,3,0,0,8,3,1,0,0,2
slc9a3,1,0,1,0,1,0,1,2,0,0,0,3
slc9a4,4,2,3,1,1,0,1,16,4,5,4,7
slc9a5,17,4,20,7,13,8,14,3,24,6,20,6
slc9a6,478,381,436,350,453,230,468,283,656,272,419,317
slc9a7,99,38,140,41,60,38,84,44,105,33,87,45
slc9a8,587,377,950,439,530,364,527,400,827,389,609,431
slc9a9,258,191,210,265,269,171,332,201,336,185,204,209
slc9b1,1,1,8,8,2,1,1,2,6,0,4,4
slc9b2,46,29,104,19,45,18,56,35,98,50,28,48
slc9c1,0,0,0,0,0,0,1,0,0,0,0,0
slco1c1,6,3,7,0,6,1,3,4,12,2,5,4
slco2a1,1056,726,864,1030,602,848,791,768,748,820,384,1070
slco2b1,1493,2335,1175,2590,1863,2708,1443,2224,2292,2339,1374,2866
slco3a1,128,88,144,164,129,93,133,107,175,93,123,82
slco4a1,2,6,7,3,4,1,6,5,4,6,4,1
slco4c1,3,1,7,2,3,0,2,1,8,2,11,4
slco5a1,7,14,38,8,5,7,11,2,10,5,10,32
slf1,185,152,206,166,170,156,152,169,229,125,123,124
slfn14,0,0,1,1,1,0,3,0,1,0,4,1
slfn5,892,385,795,560,735,396,818,436,977,453,682,420
slfnl1,1,0,1,1,0,0,1,0,1,0,2,1
slirp,782,832,867,873,871,815,805,702,1019,840,873,896
slit1,8,2,8,2,6,5,11,7,8,1,10,9
slit2,34,25,72,138,39,15,41,20,71,26,26,35
slit3,102,16,54,264,29,13,64,42,55,67,15,82
slitrk1,0,0,0,0,0,0,0,1,0,0,0,0
slitrk2,7,6,7,12,8,7,1,4,15,3,3,4
slitrk3,0,0,0,1,0,1,1,1,0,0,0,0
slitrk4,13,12,7,70,5,3,11,3,14,7,2,3
slitrk5,0,0,0,0,0,0,0,0,0,0,0,0
slitrk6,1,1,111,1,2,0,3,1,0,1,0,0
slk,1283,1089,1651,1314,1213,1066,1369,1108,1649,1115,1505,1290
slmap,1254,1116,1335,1441,990,1123,1183,1172,1310,1051,903,1176
sln,15,20,27,25,0,0,53,0,0,0,0,0
slpi,1133,167,1664,723,297,259,921,149,686,291,270,213
sltm,563,570,866,520,600,525,763,639,980,610,596,641
slu7,703,637,788,639,841,565,828,617,1033,540,836,636
slurp1,8,1,3,1,2,1,5,0,9,2,13,3
slx1b,179,113,203,122,139,82,131,146,179,138,127,113
slx4,108,57,214,93,123,64,139,70,178,50,115,96
slx4ip,128,106,234,113,107,84,128,88,166,115,215,104
smad1,483,312,586,336,363,322,366,316,456,331,493,348
smad2,516,310,551,318,408,302,460,353,649,305,481,364
smad3,469,272,958,362,326,369,362,331,516,329,335,323
smad4,680,555,644,737,603,615,747,596,794,528,715,630
smad5,951,759,1522,1014,797,876,781,939,1161,709,790,819
smad6,125,124,126,176,150,113,168,103,136,116,72,73
smad7,193,193,240,210,216,147,196,143,273,108,168,114
smad9,185,98,76,99,183,141,145,228,243,91,43,145
smagp,460,318,493,328,409,317,332,239,377,284,367,307
smap1,630,323,820,423,595,343,616,361,613,337,687,380
smap2,561,368,542,411,434,341,464,399,436,367,502,364
smarca1,11,6,7,17,10,7,15,7,11,12,14,14
smarca2,1923,1451,1850,2038,1713,1458,1548,1852,2093,1675,1618,1801
smarca4,973,756,1360,1101,913,844,978,770,984,823,783,978
smarca5,1644,1487,1624,1700,1408,1462,1521,1399,1892,1382,1951,1419
smarcad1,589,516,740,608,569,535,609,517,763,485,491,568
smarcal1,392,284,390,310,473,309,334,246,545,285,509,335
smarcb1,387,265,481,390,346,307,367,261,406,291,327,341
smarcc1,528,388,686,545,468,427,601,539,655,407,504,486
smarcc2,886,870,1121,1189,816,823,903,918,982,770,736,955
smarcd1,150,88,139,107,179,70,100,59,121,80,164,77
smarcd2,940,884,860,944,1015,861,737,934,1100,907,732,841
smarcd3,60,45,95,62,72,26,55,36,85,33,45,48
smarce1,823,851,989,918,1012,755,1001,760,1269,819,1046,749
smc1a,1583,1665,1647,1444,1439,1518,1384,1581,2385,1642,1268,1734
smc1b,29,27,18,20,33,11,35,15,31,13,20,15
smc2,272,133,396,138,346,117,368,159,416,143,389,177
smc3,647,703,794,776,604,745,656,714,847,695,721,806
smc4,613,360,713,416,672,363,766,473,909,411,605,447
smc5,536,631,863,646,543,658,742,601,817,631,906,725
smc6,745,760,760,726,700,825,720,837,943,660,604,770
smchd1,824,725,1199,841,793,753,981,728,1197,745,1105,794
smco1,7,5,10,2,4,1,4,4,3,3,10,7
smco2,0,0,0,1,0,0,0,0,1,0,0,1
smco3,0,2,0,0,0,0,0,0,0,0,0,0
smco4,156,151,164,124,149,116,140,102,123,110,83,97
smcp,0,0,1,0,1,0,1,0,1,0,0,0
smcr8,629,700,986,728,772,750,904,800,1189,734,846,833
smdt1,1360,837,1307,914,1384,987,1005,821,1234,868,1341,876
smg1,1921,1266,3030,2033,1719,1536,2929,1761,2879,1508,2371,2004
smg5,783,535,1060,677,827,585,855,718,1005,611,715,608
smg6,531,367,481,458,506,426,536,481,664,365,427,480
smg7,805,515,1228,639,711,591,918,752,1094,573,916,663
smg8,245,200,424,181,214,188,268,184,293,190,284,212
smg9,157,102,194,111,134,108,147,114,151,107,134,121
smim1,138,95,110,174,84,85,96,94,150,81,204,94
smim11,209,188,171,204,233,195,237,164,334,171,158,202
smim12,364,259,311,282,289,288,251,241,349,269,268,262
smim13,540,616,531,612,454,641,481,660,548,516,363,620
smim14,1949,1811,2168,1929,1859,1615,1702,1553,2365,1573,2537,1792
smim15,501,568,720,681,565,554,509,512,695,560,452,577
smim17,2,1,1,0,0,3,0,0,3,0,2,1
smim18,1,2,1,1,0,0,1,1,2,0,1,2
smim19,346,296,206,317,294,325,237,280,366,215,245,270
smim20,488,374,351,375,529,380,383,415,591,414,510,354
smim22,147,62,129,54,167,61,149,42,168,45,142,48
smim23,0,0,0,0,0,0,0,0,0,0,0,0
smim24,127,17,42,17,62,11,70,30,239,13,143,23
smim3,77,22,204,51,77,22,68,9,60,23,107,26
smim5,9,5,18,2,14,5,6,8,17,4,13,10
smim7,1534,1138,1153,1144,1236,1230,1255,1216,1646,1173,1307,1195
smim8,249,170,183,164,272,202,235,181,292,174,384,159
smim9,4,6,1,4,1,6,7,6,8,4,3,7
smlr1,563,471,469,330,486,442,432,534,668,499,539,419
smn1,70,47,121,67,56,65,67,55,66,40,63,49
smndc1,251,220,303,302,235,263,216,206,233,223,277,223
smo,470,244,485,398,322,280,313,228,365,268,196,264
smoc1,1252,846,1335,947,1136,1086,991,956,1050,826,1029,978
smoc2,1063,162,626,454,894,321,768,117,1322,147,1419,140
smox,321,20,576,46,122,26,244,32,126,36,148,36
smpd1,917,893,1097,988,893,777,891,919,1125,1053,771,879
smpd2,460,485,467,467,623,457,526,518,604,500,470,565
smpd3,1131,73,943,225,766,119,578,119,972,137,1016,118
smpd4,258,208,350,238,267,213,315,277,373,229,244,223
smpdl3a,1658,1328,1062,1370,1905,1107,2199,1185,1868,1263,1356,1295
smpdl3b,52,9,62,15,40,17,28,9,66,12,298,13
smpx,12,22,20,39,3,0,37,3,2,0,0,0
smr3a,0,0,0,0,0,0,0,0,0,0,0,0
sms,298,93,182,141,172,65,191,67,254,96,189,69
smtn,162,62,262,122,185,86,177,69,222,86,213,88
smtnl1,7,25,16,21,1,0,28,2,3,2,0,1
smtnl2,66,22,50,81,45,18,39,28,45,37,25,20
smu1,1407,1659,1463,1560,1586,1593,1406,1544,2168,1706,2193,1649
smug1,251,189,249,215,212,198,205,219,303,205,241,193
smurf1,498,220,546,269,454,278,535,314,595,248,545,291
smurf2,1332,1255,1403,1298,1279,1288,1474,1410,1948,1137,1516,1244
smyd1,67,168,66,102,75,111,72,118,88,88,84,91
smyd2,633,292,730,273,580,225,668,304,714,321,678,287
smyd3,150,86,175,106,147,94,147,103,185,95,186,86
smyd4,153,88,149,92,123,86,168,81,199,83,216,93
smyd5,358,199,459,289,293,218,348,184,363,199,210,276
snai1,18,4,37,13,12,9,12,13,15,6,19,7
snai2,101,33,71,58,82,86,61,62,130,71,58,57
snai3,17,0,13,5,2,1,4,3,0,2,6,2
snap23,1200,842,1332,1079,861,736,1120,775,1279,908,904,885
snap25,0,3,5,2,1,1,0,0,8,3,3,6
snap29,871,626,705,654,858,632,821,581,1101,598,507,742
snap47,1220,1606,941,1317,1451,1490,1330,1559,1862,1548,1229,1384
snap91,2,2,10,8,5,6,4,2,12,6,5,4
snapc1,116,115,153,132,128,93,136,87,164,106,143,91
snapc2,248,146,170,151,220,145,159,151,217,125,200,152
snapc3,129,165,256,247,117,188,162,197,273,188,209,190
snapc4,160,96,346,117,119,125,189,126,273,102,163,146
snapc5,278,251,292,306,270,279,256,283,404,269,293,251
snapin,356,302,351,317,445,351,390,390,469,310,300,308
snca,187,77,381,129,126,32,310,91,141,106,242,90
sncaip,17,9,24,23,20,10,20,3,14,7,33,12
sncb,0,0,0,0,0,0,0,0,0,0,0,0
sncg,14,7,9,8,5,7,13,6,12,2,26,7
snd1,3858,2689,4114,3194,3024,2991,3188,3054,3211,3107,2092,3714
sned1,133,137,134,270,164,184,135,179,253,230,120,186
snf8,575,437,470,484,664,483,580,423,664,398,526,437
snip1,245,213,292,255,241,253,254,253,323,200,281,261
snn,124,38,159,100,131,60,114,38,169,36,183,33
snph,1,0,2,7,0,1,2,2,1,0,0,0
snrk,1274,937,1253,1263,1127,1363,1328,1405,1499,1130,1473,1331
snrnp200,2652,2366,4936,2595,2331,2540,2834,2550,3859,2588,3333,2631
snrnp25,87,52,81,49,112,52,101,57,99,65,107,51
snrnp27,374,396,341,385,366,323,317,308,436,361,324,356
snrnp35,135,98,118,117,129,92,97,85,156,104,214,92
snrnp40,187,198,248,210,181,169,188,151,246,177,220,181
snrnp48,273,317,304,268,250,243,253,243,361,339,217,278
snrnp70,1180,955,2531,998,1113,931,1386,1084,1590,1077,1131,1196
snrpa,383,315,477,359,348,281,350,256,424,388,298,272
snrpa1,274,231,444,224,297,242,268,247,395,242,236,269
snrpb,1323,852,1380,987,1133,1000,1229,774,1387,832,1075,922
snrpb2,377,384,538,382,424,369,393,303,605,333,565,381
snrpc,468,303,403,327,455,338,467,270,412,269,439,313
snrpd1,385,317,433,368,375,326,352,215,512,330,443,321
snrpd2,690,545,815,603,693,628,626,497,741,602,595,586
snrpd3,360,478,436,418,482,473,444,362,570,524,452,552
snrpe,808,660,954,622,943,699,808,545,1038,578,1115,566
snrpf,161,126,251,147,145,144,165,127,232,128,171,136
snrpg,318,272,283,265,331,243,288,207,346,270,222,246
snrpn,212,139,230,142,226,205,274,165,244,159,11,172
snta1,478,222,289,300,488,269,394,234,672,220,888,217
sntb1,1220,1013,1899,1170,1169,1065,1099,1025,1449,1114,964,1146
sntb2,375,165,601,284,260,144,292,179,346,151,448,179
sntg1,67,33,64,159,70,45,84,42,128,21,80,38
sntg2,107,145,56,147,101,211,93,253,148,242,88,196
sntn,0,0,0,0,0,0,0,0,0,0,0,0
snupn,127,132,108,163,138,140,108,103,170,154,134,145
snurf,10,5,0,9,2,6,14,8,2,6,0,9
snw1,762,717,803,767,682,772,665,792,939,774,692,696
snx1,744,530,854,628,633,512,704,480,930,526,795,551
snx10,1639,1049,1770,1045,1793,1096,2064,1238,2139,1316,1835,1035
snx11,188,137,284,157,195,147,232,165,279,134,189,148
snx12,412,150,401,212,313,195,303,146,391,166,309,167
snx13,1226,1127,1303,1170,1256,1120,1208,1203,1710,1015,1505,1151
snx14,576,560,708,561,463,512,547,575,777,490,550,572
snx15,257,121,170,156,160,124,151,94,193,100,112,124
snx16,126,131,151,113,183,86,162,118,183,113,144,125
snx17,404,269,384,333,400,294,414,300,473,266,465,283
snx18,813,483,1362,720,717,666,678,559,737,589,640,488
snx19,633,560,666,763,516,640,527,670,703,625,495,697
snx2,1676,1254,1384,1251,1703,1257,1576,1251,2269,1161,1994,1263
snx20,77,32,156,56,94,24,83,27,95,33,72,40
snx21,274,129,262,170,238,145,227,162,251,176,197,128
snx22,22,7,67,10,21,17,15,8,50,16,20,17
snx24,337,276,390,205,286,245,354,255,427,254,410,223
snx25,355,357,372,333,334,352,321,422,432,333,444,393
snx27,667,497,633,667,680,554,685,533,739,449,493,647
snx29,134,122,134,211,104,234,118,267,210,238,109,184
snx3,1024,741,1010,904,995,756,985,695,926,767,762,878
snx30,321,239,356,265,289,227,291,377,425,218,411,330
snx31,2,1,2,1,3,3,4,0,5,1,5,3
snx32,71,34,41,48,54,37,57,50,93,41,71,44
snx33,508,333,605,465,411,364,393,433,570,422,462,461
snx4,1026,748,974,704,976,768,975,701,1354,730,974,773
snx5,2567,1522,2801,1808,2393,1432,2512,1608,2702,1521,2959,1568
snx6,587,467,801,544,569,447,570,373,936,415,704,515
snx7,695,494,743,422,761,404,697,428,762,448,743,448
snx8,474,179,405,239,363,183,348,205,405,170,291,205
snx9,1093,682,925,801,968,789,949,761,1099,712,1002,869
soat1,602,252,562,477,476,234,718,278,657,258,434,359
soat2,986,404,1060,324,647,396,512,312,932,378,855,445
sobp,6,3,9,14,8,3,8,4,13,4,9,6
socs1,14,12,27,15,12,5,12,8,13,7,15,10
socs2,781,726,621,221,228,480,1011,1148,520,172,583,1555
socs3,281,1008,498,301,319,114,314,500,305,368,277,441
socs4,477,542,541,731,490,560,479,541,725,499,476,584
socs5,259,126,357,259,221,130,279,130,305,128,269,148
socs6,489,409,591,462,512,363,521,388,677,420,509,424
socs7,400,256,439,320,336,315,397,364,476,269,385,310
sod1,12306,12436,8289,11502,12044,12308,10499,10246,14812,11254,6566,12174
sod2,2992,3698,2118,3387,3699,3619,3351,3555,4491,3266,3580,3837
sod3,344,239,309,370,339,211,339,221,349,211,239,225
sohlh1,0,0,0,1,0,0,0,0,0,0,0,0
sohlh2,0,0,0,0,0,0,0,0,0,0,1,0
son,4792,4290,6279,4782,4503,4372,5187,5303,8028,4957,4940,5117
sorbs1,713,355,627,348,498,350,532,425,761,315,540,414
sorbs2,2257,1226,2033,1331,1762,1335,1849,1282,2792,1279,2769,1693
sorbs3,398,190,362,291,351,266,481,307,437,240,315,233
sorcs1,0,0,1,4,1,2,1,1,5,1,3,5
sorcs2,56,12,136,12,132,5,57,5,43,5,238,4
sorcs3,20,0,8,2,19,0,5,4,26,0,62,2
sord,17243,18942,18786,21594,18766,16876,14639,20243,23786,20340,12485,21492
sorl1,324,147,449,215,302,108,340,121,416,110,435,129
sort1,452,472,1194,491,521,498,468,680,570,592,807,736
sos1,554,673,585,960,715,832,762,682,828,672,942,851
sos2,401,360,689,429,364,446,464,450,527,371,398,448
sost,0,3,0,2,2,2,0,0,0,0,0,0
sostdc1,6,1,2,0,6,0,1,20,2,4,0,9
sowaha,4,2,7,3,5,0,4,7,9,5,8,1
sowahb,247,150,566,126,192,111,196,112,169,131,335,95
sowahc,496,280,617,359,399,256,491,211,450,261,645,239
sowahd,1,0,2,0,0,0,0,0,0,0,0,0
sox1,1,3,9,0,1,0,1,2,3,1,5,1
sox10,0,1,0,0,1,0,0,1,0,2,0,1
sox11,4,2,20,1,3,3,3,1,8,2,3,0
sox12,33,16,14,35,19,15,15,19,78,18,32,24
sox13,162,55,169,96,153,87,110,106,172,83,117,88
sox14,0,0,0,0,0,0,0,0,0,0,0,0
sox15,1,3,1,0,3,0,3,1,2,0,0,1
sox17,55,19,64,26,44,30,39,16,43,22,45,26
sox18,133,58,122,69,96,48,75,48,73,32,90,51
sox2,0,0,0,0,0,0,0,0,0,0,0,0
sox21,0,0,7,0,0,0,0,1,0,0,0,0
sox3,0,0,0,0,0,0,0,0,0,0,0,0
sox30,1,0,0,1,0,0,0,1,0,1,0,1
sox4,461,48,618,117,331,52,219,52,371,60,486,48
sox5,272,339,302,330,225,354,216,314,354,373,197,436
sox6,226,318,238,412,226,374,224,513,385,344,256,443
sox7,37,24,45,28,20,25,33,22,29,24,28,31
sox8,2,1,1,7,2,0,0,2,4,1,0,0
sox9,120,78,142,63,113,77,81,52,115,83,240,50
sp1,1442,1305,1539,1538,1223,1203,1152,1294,1671,1259,1486,1132
sp100,380,230,413,307,383,173,338,228,469,208,286,196
sp110,156,84,182,147,168,69,173,70,190,55,179,55
sp140,332,141,313,160,277,119,261,103,412,105,414,112
sp2,39,16,47,41,28,27,33,26,43,21,51,24
sp3,1618,1539,1971,1878,1348,1482,1394,1338,2068,1527,1987,1516
sp4,202,295,184,354,172,221,105,245,246,250,176,245
sp5,1,15,85,21,6,25,4,19,10,16,0,13
sp6,3,2,6,2,4,1,8,0,5,2,2,1
sp7,0,1,0,0,1,0,0,1,1,1,0,0
sp8,2,1,46,2,2,1,0,5,5,4,1,4
sp9,0,2,7,3,2,1,0,1,4,4,2,0
spa17,25,8,20,4,21,7,13,9,27,8,57,4
spaca1,7,3,2,3,2,3,6,1,1,2,1,0
spaca3,0,0,0,0,0,0,0,0,0,0,0,0
spaca4,1,0,1,1,0,0,1,0,0,0,0,1
spaca5,0,0,2,0,0,0,0,0,0,0,0,0
spaca7,0,0,0,0,0,0,2,1,1,0,1,1
spaca9,3,1,17,2,1,1,3,2,5,0,4,3
spag1,36,14,77,26,42,29,44,22,77,32,52,38
spag11b,0,0,0,0,0,0,0,0,0,0,0,1
spag16,1,6,8,1,2,1,2,5,1,6,7,8
spag17,1,1,2,0,0,2,1,4,1,2,1,2
spag4,30,15,25,22,15,7,26,9,35,23,27,16
spag5,60,6,111,11,79,11,90,21,131,27,68,25
spag6,4,1,1,2,0,2,3,2,4,2,7,3
spag7,565,385,505,377,506,410,444,355,624,378,612,405
spag8,0,3,9,10,4,4,2,6,6,7,10,3
spag9,3824,2779,4521,2803,3932,3238,4318,2719,5480,2476,4793,3236
spam1,1,1,1,1,0,2,3,2,2,1,0,1
spanxn4,0,0,0,0,0,0,0,0,0,0,0,0
sparc,3966,901,4219,2368,3001,972,2604,1177,3814,1535,4252,2307
sparcl1,652,225,943,320,770,197,689,139,1067,189,2592,219
spast,827,629,738,773,845,680,782,762,967,685,1011,718
spata13,948,642,1341,727,710,769,810,810,1204,775,909,636
spata16,0,0,0,0,0,0,0,0,0,0,0,0
spata17,11,6,10,4,5,4,3,8,2,6,7,4
spata18,0,0,0,0,0,0,0,0,0,0,0,0
spata19,0,0,0,0,0,0,0,0,0,0,0,0
spata2,252,112,318,148,221,159,264,154,298,122,220,168
spata20,5,0,54,0,2,0,3,0,3,0,4,0
spata21,2,1,1,0,1,2,2,1,2,5,0,0
spata22,54,152,34,109,67,147,68,65,91,124,55,111
spata24,68,31,26,17,54,58,85,49,86,31,82,49
spata25,3,0,3,1,1,0,1,0,1,0,0,1
spata2l,242,219,230,239,301,458,332,277,482,305,372,210
spata3,2,2,1,9,4,1,0,5,4,8,3,3
spata32,0,0,0,0,0,0,0,0,0,0,0,0
spata33,0,6,6,1,3,3,2,2,6,2,9,3
spata4,0,0,0,0,0,0,0,0,0,0,0,0
spata45,4,0,3,0,2,0,0,1,4,0,3,1
spata6,104,46,130,87,119,43,114,59,133,44,119,38
spata7,57,52,59,34,61,31,43,40,51,58,45,34
spata9,8,9,8,12,9,10,3,5,11,11,3,5
spatc1,45,2,27,5,48,10,13,11,52,5,50,2
spatc1l,43,50,66,49,53,53,40,39,59,53,59,32
spats1,3,5,1,1,0,0,2,2,4,2,1,2
spats2,360,106,423,164,424,167,306,132,471,153,564,121
spats2l,188,41,235,54,224,33,168,41,409,33,444,35
spc24,156,128,119,174,212,152,168,143,260,208,36,181
spc25,223,36,305,48,179,24,244,69,216,46,236,72
spcs1,2083,1723,2366,1610,1938,1545,2119,1581,2246,1522,1994,1472
spcs2,1627,2385,2834,2452,1590,1827,2005,1819,2088,2078,1642,2355
spcs3,2063,2258,2424,2584,1732,1974,1957,2271,2313,2253,2444,2586
spdef,2,3,0,4,1,1,3,11,6,5,57,5
spdl1,55,8,64,15,54,8,69,8,77,10,63,13
spdya,40,50,46,51,32,46,32,25,50,28,50,48
specc1,208,54,273,104,231,46,214,81,294,70,300,70
specc1l,745,459,1157,643,732,534,906,532,935,511,833,585
spef1,36,10,37,32,24,17,25,18,28,19,19,15
spef2,10,2,5,9,9,6,2,7,15,4,4,1
speg,30,19,43,45,27,13,40,13,55,14,34,20
spem1,0,1,0,0,0,0,0,0,0,0,0,0
spen,298,217,372,412,240,313,387,299,362,276,356,345
spesp1,0,0,0,0,0,0,0,0,0,0,0,0
spg11,822,538,1016,602,772,575,801,643,1106,628,941,686
spg21,685,533,727,494,579,533,700,495,818,453,709,526
spg7,958,497,799,594,761,585,790,505,842,505,764,635
sphk1,37,2,32,14,38,10,45,9,56,8,75,15
sphk2,725,755,697,737,733,736,513,588,670,896,380,590
sphkap,0,2,2,1,1,0,1,1,0,3,0,0
spi1,301,111,215,175,268,78,311,110,226,113,178,90
spib,29,10,33,19,19,10,30,15,44,20,10,9
spic,174,72,167,77,154,60,152,98,169,77,111,77
spice1,93,64,123,57,83,57,86,51,108,57,87,78
spidr,184,183,197,188,211,176,194,151,283,185,192,176
spin1,1318,1607,1662,2072,1331,1759,1288,1869,1422,1438,1197,1706
spin4,29,16,39,32,30,10,13,10,36,15,33,15
spink1,1624,16,1106,9,822,5,583,1900,732,475,464,459
spink13,0,0,0,0,0,0,0,0,0,0,0,0
spink14,0,0,4,0,0,0,1,0,1,0,9,0
spink2,0,1,0,0,0,0,0,0,0,3,0,2
spink4,2,2,1,2,0,1,0,40,1,3,0,10
spink5,24,16,25,20,34,13,116,25,42,10,17,13
spink6,0,0,0,0,0,0,0,0,0,0,0,0
spink7,0,0,0,0,0,0,0,0,0,0,0,0
spink8,1,0,0,0,0,1,0,0,0,0,0,0
spint1,47,7,49,10,60,4,44,55,84,17,67,31
spint2,1411,794,1851,940,1128,971,1139,938,1144,825,825,955
spint3,0,0,0,3,2,0,0,0,3,0,0,0
spint4,0,0,0,0,0,0,0,0,0,0,0,0
spire1,52,18,95,69,58,24,73,20,64,35,81,27
spire2,173,3,129,7,112,3,76,1,139,3,106,2
spn,127,40,179,64,159,29,142,32,177,27,170,38
spns1,422,298,606,322,380,300,433,378,433,341,405,341
spns2,669,425,515,507,746,384,399,468,783,558,978,358
spns3,39,4,37,6,55,2,55,2,78,6,72,2
spo11,4,2,3,4,4,3,1,0,3,3,2,2
spocd1,0,0,0,0,0,0,0,0,0,0,0,0
spock1,4,1,2,2,1,1,0,1,0,2,1,2
spock2,116,29,124,134,48,29,121,46,91,32,11,49
spock3,5,2,16,13,6,5,2,5,21,8,5,2
spon1,147,55,131,256,100,48,167,54,164,57,149,63
spon2,744,249,384,208,999,230,905,121,1216,268,1835,292
spop,1372,1359,1375,1656,1431,1431,1365,1299,1668,1325,1307,1312
spopl,490,415,646,536,392,437,428,371,609,406,666,407
spp1,11530,973,9763,925,9428,775,5532,1305,18905,1859,30167,1045
spp2,3977,1489,3697,1281,3680,1575,3525,1451,3738,1659,5948,1836
sppl2a,6978,6113,8253,5929,7020,5451,7729,5919,10429,5409,8787,5839
sppl2c,0,0,0,0,0,0,0,0,0,1,0,0
sppl3,380,252,436,325,328,264,316,258,409,273,428,324
spr,2202,1504,2070,1636,2115,1707,2124,1392,1918,1517,1469,1417
spred1,890,469,1583,722,566,447,863,376,800,418,897,631
spred2,149,113,218,150,117,114,121,76,91,103,108,113
spred3,18,5,36,18,9,5,19,6,27,10,13,6
sprn,29,35,26,20,30,23,20,36,32,29,19,24
sprr1a,90,0,159,0,89,0,59,0,87,1,29,0
sprr1b,2,0,2,0,0,0,2,0,0,0,1,0
sprr2b,3,0,0,1,1,1,0,0,2,1,0,0
sprr2d,0,0,0,0,0,0,0,0,0,0,0,0
sprr2e,0,0,1,0,0,0,0,0,0,0,0,0
sprr2f,0,0,0,0,0,0,0,0,0,0,0,0
sprr2g,0,0,6,0,0,0,0,0,0,0,0,0
sprr3,0,0,0,0,0,0,97,0,0,0,0,0
sprr4,0,0,0,0,0,0,0,0,0,0,0,0
sprtn,142,121,205,103,117,125,137,126,148,95,197,119
spry1,170,66,229,104,109,79,140,62,132,42,200,69
spry2,87,25,96,66,40,26,52,27,60,22,32,30
spry3,0,1,1,4,0,0,3,0,1,1,1,1
spry4,164,154,374,168,88,78,151,66,99,151,154,121
spryd3,836,307,818,349,700,342,635,321,735,356,965,304
spryd4,739,665,746,579,757,562,695,700,838,695,644,519
spryd7,787,733,493,748,763,648,776,540,1057,660,775,723
spsb1,77,28,76,101,42,25,79,22,92,51,95,57
spsb2,301,189,274,181,340,170,234,174,278,206,174,184
spsb3,408,274,441,338,405,305,430,227,310,263,519,307
spsb4,61,131,115,116,65,84,45,40,70,106,111,68
spta1,58,17,81,23,31,2,77,23,33,14,68,27
sptan1,9792,3485,10908,4704,6792,3529,9109,3542,11354,3717,9394,4002
sptb,33,37,232,68,25,31,50,45,37,33,57,39
sptbn1,6964,3048,7228,5562,5486,3435,6583,3337,7472,3228,7421,3530
sptbn2,1980,1436,1912,1514,1597,1666,1312,1991,2025,1733,1275,1655
sptbn4,4,0,4,2,6,1,4,0,6,1,2,0
sptbn5,4,1,8,6,8,1,1,2,1,3,3,2
sptlc1,725,589,787,635,663,558,663,532,857,609,679,557
sptlc2,1647,645,2274,857,1221,593,1267,671,1752,747,1538,750
sptlc3,0,0,0,0,1,0,0,0,0,0,0,0
sptssa,1374,1127,1806,1260,1614,1170,1344,972,1925,1042,2094,1110
sptssb,0,0,0,1,0,1,12,16,0,6,1,4
spty2d1,537,429,1101,619,467,586,592,427,638,345,590,605
spx,3,3,15,7,3,3,4,3,3,5,6,3
spz1,0,0,0,0,0,0,0,0,0,0,0,0
sqle,2750,1809,4375,2116,2740,2355,2270,2513,3743,2301,2652,2500
sqstm1,13504,6846,12729,6888,14304,7811,13368,6550,15380,7019,15051,7801
sra1,1440,1265,1548,1158,1385,1359,1596,1339,1918,1344,1719,1330
srbd1,524,419,470,419,515,419,487,488,635,508,549,482
src,543,47,703,99,508,50,416,72,605,69,634,61
srcap,417,313,792,542,415,465,558,549,575,399,393,546
srcin1,7,8,29,7,9,3,7,1,6,2,10,5
srd5a1,744,1266,406,1296,981,1242,777,1224,1352,1296,284,1647
srd5a3,278,122,273,128,211,92,189,117,313,109,326,135
srebf1,2628,2124,3789,3207,3757,2591,1756,2993,4277,3274,2128,2755
srebf2,729,463,984,609,688,508,558,526,804,421,633,513
srek1,438,460,943,564,437,493,561,544,741,545,546,561
srek1ip1,299,305,313,283,357,296,324,267,464,324,287,314
srf,252,168,271,203,237,180,233,171,275,159,224,184
srfbp1,126,123,149,105,145,117,137,129,204,132,150,136
srgap1,37,12,30,31,18,14,25,11,28,12,27,22
srgap2,606,282,788,422,557,248,665,308,922,248,864,340
srgap3,26,114,45,71,23,80,30,30,42,31,24,116
srgn,554,313,513,459,468,295,557,217,688,341,683,340
sri,945,747,949,833,999,798,819,713,1232,695,1682,685
srl,69,96,78,60,34,21,102,30,74,23,62,23
srm,364,274,475,459,234,195,304,274,256,280,245,290
srms,10,26,4,45,9,25,4,20,4,21,6,28
srp14,1001,720,1351,726,1014,655,1026,709,1190,756,1214,665
srp19,435,445,631,516,427,376,432,398,595,407,448,381
srp68,758,697,880,943,664,676,797,628,779,724,769,749
srp72,2470,2549,2726,2652,2403,2216,2528,2303,2947,2482,3374,2567
srp9,2200,2177,2778,2178,2390,1696,2231,1733,2684,2012,3306,1932
srpk1,872,511,970,555,829,526,892,750,1099,619,1195,664
srpk2,699,456,726,597,730,513,716,590,932,518,1007,530
srpk3,8,12,14,13,12,5,20,16,36,11,14,15
srprb,492,505,812,800,411,350,583,411,550,361,414,551
srpx,58,13,32,55,29,9,32,15,56,35,21,23
srpx2,84,52,82,59,129,66,72,54,107,40,98,50
srr,1395,1688,778,1598,1575,1647,1351,1469,1832,1479,853,1776
srrd,99,87,107,83,115,88,95,91,108,81,145,98
srrm1,419,369,629,549,390,445,448,407,512,366,489,472
srrm2,1827,1603,2630,2684,1810,1808,2454,2187,2702,1800,2577,2205
srrm3,8,3,11,5,3,9,10,10,22,12,14,18
srrm4,52,92,125,72,61,116,80,66,71,78,129,88
srrt,707,532,1090,693,747,583,771,555,902,631,744,725
srsf1,2145,2384,2682,2687,2114,2030,2010,1648,2693,2065,2048,2205
srsf10,974,1066,1243,1125,965,941,976,875,1453,912,1218,1124
srsf11,711,721,1248,1026,745,937,890,825,1231,772,802,871
srsf12,1,3,7,5,2,5,5,1,22,8,3,4
srsf2,1383,1397,1804,1661,1256,1290,1440,1254,1701,1144,1383,1464
srsf3,1775,2219,2174,2580,1898,1696,1932,1424,2474,2081,2683,2168
srsf4,324,267,393,318,329,321,319,378,485,383,318,338
srsf5,3440,4007,4874,3226,3061,2952,3318,3989,5495,4319,3658,2625
srsf6,1874,1633,2597,1790,1647,1801,1827,1807,2232,1643,1677,1855
srsf7,598,650,799,880,698,788,721,527,1105,662,802,816
srsf9,382,261,459,318,326,286,387,309,367,246,387,266
srxn1,4420,755,13995,827,3014,702,9002,632,5351,718,4933,717
sry,0,1,0,0,0,2,0,0,0,0,1,0
ss18,879,680,1052,849,843,693,819,667,1009,716,926,746
ss18l1,99,94,172,83,98,113,104,94,134,82,117,113
ssb,1540,1677,2267,1551,1501,1379,1542,1276,2279,1566,2115,1523
ssbp1,598,632,577,659,603,597,545,528,720,631,500,599
ssbp2,133,192,226,289,146,189,185,228,297,216,147,236
ssbp3,524,404,391,523,447,483,294,504,489,401,385,457
ssbp4,212,69,284,99,168,89,215,77,193,72,226,54
ssc4d,170,65,99,51,143,26,97,48,182,46,310,47
ssc5d,12,1,13,46,13,5,21,11,20,8,12,7
ssh1,335,114,333,245,311,163,271,232,345,138,415,161
ssh2,920,664,1092,905,772,599,1182,776,1168,759,1024,852
ssh3,316,176,316,170,319,178,289,227,374,175,308,190
ssmem1,5,1,2,1,5,0,4,1,2,1,3,2
ssna1,392,270,509,327,408,283,390,235,518,289,425,297
sspn,103,57,56,108,84,40,74,51,115,43,77,43
ssr1,2799,3166,5309,3812,2516,2859,2878,3062,3202,3073,2908,3928
ssr2,1437,1278,1871,1347,1293,1062,1378,1070,1477,1287,985,1427
ssr3,8045,7953,9754,9021,8506,6741,8814,6998,9591,7323,7339,7690
ssr4,2695,2268,2949,2470,2023,2015,2186,2255,2487,2341,1844,2515
ssrp1,1379,1064,1955,1155,1232,1082,1224,1006,1673,969,1535,1077
sst,0,0,0,0,4,0,0,4,1,0,1,0
sstr1,3,0,0,0,0,0,0,0,0,0,1,0
sstr2,117,20,166,12,86,30,58,34,74,30,162,24
sstr3,5,0,2,0,4,0,4,0,2,1,7,3
sstr4,4,2,53,3,2,1,2,2,2,2,0,0
sstr5,0,0,0,0,0,0,0,0,2,0,2,0
ssu72,1031,894,1121,910,999,959,960,864,1132,1004,1297,881
ssx2ip,256,199,213,195,255,201,279,267,274,155,212,187
st13,6094,4199,5777,4598,5798,3859,4818,3534,7045,4408,7101,4328
st14,143,5,123,18,137,6,133,27,150,11,83,8
st18,1,2,5,2,3,0,6,5,7,2,2,2
st3gal1,1202,1189,1537,1397,972,1196,1310,938,1180,1136,1624,1247
st3gal2,229,47,399,102,107,39,102,38,143,38,313,36
st3gal3,943,964,724,1019,785,1098,574,1141,728,985,517,1074
st3gal4,1792,1388,1295,1568,1433,1615,1287,1767,2025,1570,1866,1402
st3gal5,1963,457,1536,703,1394,933,2171,1029,1435,718,1848,635
st3gal6,102,85,114,154,87,57,74,76,129,78,257,56
st6gal1,4235,1915,3487,1477,2839,1774,3251,2001,3487,1854,2833,2022
st6gal2,3,0,1,1,0,0,3,1,1,2,1,1
st6galnac1,3,1,6,2,1,1,0,0,0,1,0,1
st6galnac2,203,20,87,21,108,23,87,42,236,15,297,36
st6galnac3,46,47,42,58,54,51,61,31,61,39,50,72
st6galnac4,91,42,138,64,68,43,91,56,104,60,202,49
st6galnac5,3,6,3,2,1,0,3,3,5,1,4,6
st6galnac6,824,907,601,908,751,917,640,749,1012,745,646,818
st7,279,120,243,170,203,146,314,140,229,144,174,184
st7l,527,542,678,608,552,638,635,632,764,631,521,663
st8sia1,17,7,17,10,6,10,9,13,35,12,20,31
st8sia2,1,1,1,4,1,1,1,1,1,0,2,0
st8sia3,25,23,40,21,26,24,51,39,66,30,27,30
st8sia4,295,154,375,244,252,72,156,114,443,175,357,141
st8sia5,1,0,2,1,0,0,1,0,0,0,0,0
st8sia6,22,13,21,32,15,7,22,8,35,7,31,7
stab1,3007,1121,2798,2339,2265,1504,3034,1462,2551,1201,1859,1502
stab2,2896,2009,2306,2198,2411,2358,3202,2167,2639,1839,1715,2385
stac,1,1,13,1,1,1,4,2,6,1,2,2
stac2,6,2,1,8,5,0,6,0,5,8,1,6
stac3,3,6,11,18,3,3,7,4,8,4,4,6
stag1,950,1119,1439,1373,845,988,1001,884,1237,972,959,989
stag2,2935,3064,3537,3206,2338,2909,2583,2363,3359,2848,2133,2943
stag3,5,2,4,4,3,2,4,7,11,2,7,4
stam,498,488,594,542,417,536,474,422,700,466,545,551
stam2,626,342,899,386,527,345,585,405,847,364,686,430
stambp,103,99,93,124,100,81,107,91,177,88,79,114
stambpl1,124,20,172,35,111,16,60,26,94,15,201,19
stap1,345,40,215,54,459,26,197,36,266,57,75,55
stap2,862,621,752,527,894,552,942,701,1118,582,1172,509
star,127,45,245,224,81,42,73,80,211,76,76,134
stard10,10138,11120,11093,11045,9533,12207,9837,10480,9516,10593,5551,11686
stard13,431,771,569,854,424,706,318,629,619,907,505,840
stard3,427,239,381,244,419,247,382,255,487,239,509,255
stard3nl,312,248,317,238,265,215,263,188,329,217,221,205
stard4,2285,2234,1979,2644,1612,2219,1520,2794,2982,2278,1454,2721
stard5,1239,1222,858,1279,1118,1403,1029,1491,1628,1230,824,1344
stard6,15,4,19,8,20,9,27,2,12,11,11,4
stard7,2463,2727,2414,2675,2610,2919,2375,3042,3685,2586,1914,2890
stard8,343,212,329,332,335,270,337,195,343,211,235,275
stard9,313,139,784,281,278,148,455,201,502,156,341,212
stat1,2149,1792,3896,1504,2488,1490,2112,1427,3340,1631,2504,1681
stat2,750,689,1019,763,845,721,817,808,981,781,576,932
stat3,2281,2919,3358,2779,2359,2792,3301,2544,2906,2350,2537,2819
stat4,31,17,38,41,31,13,31,9,78,12,56,15
stat5a,317,255,269,269,293,309,285,188,290,288,255,228
stat5b,1150,1339,1151,1335,1241,1474,1391,937,1327,1416,1165,1363
stat6,1492,1225,1768,1484,1486,1201,1523,1361,1932,1440,1230,1262
stau1,1112,808,1171,990,928,913,980,856,1268,767,987,961
stau2,132,95,167,97,162,125,184,109,203,109,188,112
stbd1,2351,1150,1930,1618,2153,1487,1775,1834,3361,1418,2856,1304
stc1,17,3,865,6,4,0,20,0,23,5,178,2
stc2,29,9,54,9,32,4,34,9,32,17,76,13
steap1,8,2,5,4,5,1,4,6,8,7,22,8
steap2,418,179,344,232,558,172,545,127,928,101,1762,173
steap3,489,211,399,309,591,249,490,218,629,291,929,291
steap4,4756,5695,6272,4200,5905,4271,7785,4665,8419,5174,10648,5022
stil,20,7,52,5,22,4,34,10,39,3,28,6
stim1,751,479,850,617,532,489,618,659,604,479,433,537
stim2,516,322,630,444,452,429,424,433,559,408,589,376
stip1,1450,1415,1516,2116,1368,1288,1370,867,1348,1975,1463,1784
stk10,564,122,575,244,513,100,584,139,657,116,545,185
stk11,835,849,844,878,861,817,823,822,943,776,682,839
stk11ip,253,105,282,111,232,124,213,117,308,100,309,106
stk16,1187,879,1177,1052,1269,841,1079,879,1181,966,1174,966
stk17b,574,345,741,592,620,311,895,301,855,324,968,339
stk24,517,275,522,320,439,305,505,318,472,274,380,309
stk25,1262,797,1430,849,1173,846,1095,869,1346,804,1394,874
stk26,79,39,125,243,42,51,66,53,110,69,31,63
stk3,409,318,422,326,357,315,326,335,488,311,475,315
stk31,1,0,0,0,0,0,0,0,1,0,0,0
stk32a,2,3,5,13,2,3,1,2,4,1,3,2
stk32b,0,3,2,1,3,1,0,1,6,0,0,0
stk32c,3,4,11,6,5,3,6,0,8,3,10,2
stk33,3,0,0,0,2,0,2,0,2,0,1,0
stk35,296,147,430,188,212,146,235,234,383,152,199,227
stk36,30,12,32,8,15,10,24,11,22,14,30,15
stk38,967,675,943,734,968,750,987,840,1228,715,1185,844
stk38l,448,580,633,608,481,595,433,581,721,486,575,658
stk39,104,67,121,118,116,55,103,68,160,56,73,72
stk4,694,537,916,633,662,550,683,600,1016,550,755,596
stk40,356,368,586,446,306,370,353,293,398,374,299,350
stkld1,9,5,26,5,12,4,15,7,24,4,10,5
stmn1,378,88,462,147,388,96,361,98,386,100,445,101
stmn2,12,9,8,41,4,7,19,14,17,6,4,10
stmn3,0,0,3,2,2,0,0,1,0,0,1,2
stmn4,0,0,1,1,0,0,0,0,0,0,0,1
stmnd1,0,0,0,0,0,0,1,0,1,0,0,0
stom,2049,1161,4204,1234,1841,1203,2651,1006,2274,1171,1613,1398
stoml1,125,84,141,80,137,55,92,71,149,65,133,82
stoml2,1050,1226,1076,1009,1094,1171,988,1012,1531,1232,1350,1200
stoml3,7,2,5,2,3,4,2,2,2,6,3,7
ston1,127,105,150,225,146,154,175,116,139,107,191,114
ston2,150,130,155,159,116,128,129,127,142,156,94,156
stox1,12,1,11,7,12,0,5,9,10,15,12,4
stox2,56,26,58,77,50,46,46,40,57,29,42,61
stpg1,1,0,1,7,5,1,4,1,4,0,3,0
stpg2,0,1,1,4,1,0,0,0,0,0,1,1
stpg3,0,0,0,0,1,1,0,0,0,0,0,0
stra6,2,2,16,0,2,0,3,0,1,2,2,1
stra8,4,1,4,0,1,1,2,1,1,2,1,2
strada,91,46,96,60,97,49,94,58,119,45,78,49
stradb,759,544,522,500,711,609,617,650,907,611,699,680
strap,1885,1665,1718,1731,1933,1512,1795,1690,2069,1593,1633,1669
strbp,1855,1048,2902,1113,1618,986,2124,1130,2821,1096,2219,1033
strc,1,3,8,6,4,5,2,6,8,4,4,7
strip1,323,242,449,316,373,235,333,243,362,242,327,284
strip2,33,16,47,26,14,11,36,14,60,13,36,21
strn,723,491,841,574,586,506,696,592,871,501,875,616
strn3,1190,1050,1379,1357,1122,1301,1145,1121,1441,991,1242,1236
strn4,723,507,953,645,629,574,709,568,789,514,632,601
stt3a,2369,2691,3766,2864,1931,2481,2558,2658,3120,2807,2092,3111
stt3b,2651,2262,5713,2713,2254,1754,2619,1985,3008,2267,3167,2331
stub1,886,574,957,669,756,567,876,521,737,565,837,559
stx11,62,29,118,59,48,15,65,30,70,26,45,28
stx12,728,556,893,574,660,522,756,544,944,528,913,537
stx16,476,379,825,409,467,357,474,414,722,435,411,457
stx17,433,443,458,449,445,476,414,469,623,422,371,408
stx18,376,403,448,411,390,349,338,313,460,406,452,390
stx19,6,9,7,4,5,5,10,18,13,26,5,22
stx1a,18,6,30,11,15,4,7,5,21,6,25,5
stx1b,23,67,62,61,35,61,22,37,52,66,23,65
stx2,466,232,428,296,472,216,396,201,500,211,453,228
stx3,297,206,281,264,312,197,329,162,388,164,383,229
stx6,347,213,377,289,296,264,284,226,378,269,388,278
stx7,711,483,761,626,795,500,890,428,821,435,768,565
stx8,440,310,388,314,459,319,472,345,573,339,485,311
stxbp1,73,32,93,60,47,51,60,39,83,34,63,35
stxbp2,766,495,711,470,693,534,657,521,926,536,828,514
stxbp3,799,632,808,569,888,618,890,671,1144,600,1125,663
stxbp4,112,67,118,104,135,93,116,89,171,100,147,91
stxbp5,363,318,379,457,379,327,385,407,476,300,260,417
stxbp5l,3,8,3,8,6,6,1,1,8,4,3,2
stxbp6,307,314,301,279,289,275,207,256,364,281,278,322
styk1,335,83,374,161,305,101,211,130,691,122,1119,131
styx,29,8,11,20,10,13,16,16,24,25,31,13
styxl1,5,7,14,10,18,6,17,13,34,15,13,12
sub1,1152,1395,1461,1261,1402,1199,1213,1040,1741,1178,1579,1423
sucla2,2556,3814,1961,3410,2796,3201,2864,3091,3610,3369,2291,3343
suclg1,3756,3152,2173,2651,3520,3033,3058,2735,3838,2802,1750,3102
suclg2,6523,5284,3862,4554,6711,5295,6308,4607,8243,4156,4962,5071
sucnr1,409,1144,80,936,556,702,128,332,555,806,176,1151
suco,898,755,1982,843,1037,512,1193,635,1307,633,1600,702
suds3,1904,1380,1728,1395,2011,1466,1767,1424,1874,1305,2272,1339
sufu,106,65,139,88,90,61,106,63,119,78,85,53
sugct,263,418,129,503,323,455,290,288,464,359,227,534
sugp1,260,183,266,250,228,180,220,205,215,173,197,185
sugp2,246,189,325,189,233,154,232,190,373,220,281,188
sugt1,781,712,817,779,771,740,710,615,942,707,817,714
sulf1,248,130,180,835,136,137,200,164,305,187,95,234
sulf2,535,120,585,372,360,159,336,139,488,151,200,240
sult1a1,8064,5248,5325,4729,4854,5249,10248,4857,7781,4388,5975,4865
sult1b1,893,842,385,726,1240,875,867,521,1180,644,2336,888
sult1c2,271,108,80,72,230,110,106,128,287,93,385,99
sult1e1,1027,13,251,48,224,111,128,18,88,18,32,5
sult2a1,1316,0,148,0,86,1,39,0,61,1,108,0
sult2b1,14,0,35,1,16,1,21,2,10,1,29,4
sult4a1,32,1,117,0,10,2,15,0,16,1,49,2
sult6b1,4,3,18,2,3,5,4,3,8,3,7,1
sumf1,823,508,771,557,777,518,832,639,817,557,724,588
sumf2,192,164,222,203,222,185,198,193,243,186,198,195
sumo1,1241,877,1262,866,1422,790,1132,783,1651,921,1866,780
sumo3,1633,1460,1965,1619,1785,1501,1818,1168,1807,1387,1775,1462
sun1,410,353,468,459,377,353,370,456,590,420,443,404
sun2,1948,856,2200,898,1296,1050,1237,1105,1434,1014,1211,992
sun3,1,3,3,2,1,7,0,5,2,0,0,0
sun5,2,0,16,0,0,0,1,0,0,0,0,0
suox,1793,2730,1177,2620,2390,2587,2389,1883,2697,2384,851,2938
supt7l,215,174,241,228,263,218,190,187,281,215,296,235
supv3l1,303,276,294,314,341,283,322,279,353,296,252,322
surf1,788,668,702,636,677,649,686,606,1004,603,778,611
surf2,275,186,385,211,242,185,228,269,381,245,344,210
surf4,6518,4626,10809,5519,5036,4491,5830,4865,6933,4888,6216,5389
surf6,335,222,543,241,284,272,314,291,403,221,370,266
susd1,250,135,351,148,212,117,191,180,264,128,324,146
susd2,109,34,93,75,70,61,150,54,140,34,120,48
susd3,28,5,16,15,30,9,16,12,35,12,31,8
susd4,18,647,111,843,102,839,58,724,52,663,223,745
susd5,2,0,0,1,0,0,4,0,1,1,0,0
susd6,1033,499,1236,644,815,643,1076,720,1029,582,1056,760
suv39h1,143,82,179,85,138,94,155,96,199,90,106,112
suv39h2,29,26,55,26,24,22,30,24,47,43,30,47
suz12,640,635,771,768,621,654,745,718,768,584,908,646
sv2a,2,0,4,26,7,0,2,5,11,4,2,5
sv2b,1,4,4,0,4,0,2,3,2,1,4,7
sv2c,7,19,13,19,5,14,12,14,11,11,7,9
svbp,117,102,134,91,116,81,109,78,133,97,148,86
svep1,269,82,341,364,304,84,352,55,457,75,271,79
svil,988,765,1244,894,1128,675,1054,702,1450,682,1629,1009
svip,284,447,207,463,338,443,281,418,382,375,235,450
svop,8,0,5,2,2,0,1,2,5,6,8,5
svopl,9,2,13,7,2,1,12,3,14,7,8,3
swap70,440,208,447,285,340,217,364,230,532,204,317,217
swi5,2127,1875,2596,1935,1924,1839,1925,1781,2447,1887,1824,1935
swsap1,118,114,177,148,108,98,83,118,114,118,105,109
swt1,494,592,784,674,636,609,688,616,983,693,789,660
syap1,1788,1328,1345,1265,1642,1180,1443,1008,1950,1071,1509,1210
sybu,134,1,109,5,105,5,73,12,123,1,176,4
syce1,0,1,0,0,2,4,0,3,1,1,4,0
syce1l,0,0,1,0,0,0,0,0,0,0,1,0
syce2,81,82,60,77,85,95,62,66,99,74,49,77
syce3,2,4,0,2,8,1,4,1,5,1,4,2
sycn,2850,99,1173,45,2293,16,481,4773,243,1648,4,2256
sycp1,20,20,48,36,19,15,28,35,58,37,19,30
sycp2,3,5,3,5,1,0,4,1,5,3,5,0
sycp2l,0,0,0,0,1,1,0,0,0,2,0,0
sycp3,4,9,2,11,15,6,9,7,8,8,10,3
syde1,104,52,100,80,84,49,90,33,97,35,87,40
syde2,89,98,85,175,82,88,51,126,112,129,158,104
syf2,795,771,638,755,717,750,716,694,931,785,910,695
syk,610,198,477,354,444,170,596,211,539,219,385,242
sympk,1184,764,1722,1015,912,961,1104,880,1069,844,743,1098
syn1,15,6,10,10,11,8,16,9,23,1,6,9
syn3,21,21,25,20,26,19,17,16,58,23,34,27
sync,29,8,17,14,40,2,28,0,35,6,22,10
syncrip,1182,1425,1524,1931,886,1397,1155,1253,1634,1282,1433,1489
syndig1,0,1,1,0,0,0,0,2,0,1,0,0
syndig1l,0,2,1,1,0,0,3,1,1,1,0,1
syne1,559,443,963,776,597,563,824,595,863,515,788,659
syne2,1186,1507,1475,2279,1283,1667,1355,2032,2323,1677,1401,2293
syne3,184,88,184,147,100,81,98,171,230,107,99,103
syne4,46,76,30,91,42,94,65,108,103,63,159,74
syngap1,17,10,20,27,19,9,12,9,28,11,15,14
syngr1,36,10,32,33,43,5,44,17,47,10,17,12
syngr2,973,764,1048,855,974,718,1053,799,1218,800,758,836
syngr3,1,1,0,2,1,1,2,0,3,1,1,2
syngr4,2,0,5,1,1,1,3,0,5,0,4,0
synj1,334,233,375,340,273,285,354,275,380,238,326,241
synj2,425,52,715,124,355,76,376,145,535,116,810,113
synj2bp,1555,2072,1598,2194,1567,2086,1389,1938,2040,1980,1227,2188
synm,61,46,153,94,50,28,75,38,79,45,40,45
synpo,283,85,365,226,287,104,332,87,318,100,489,91
synpo2,76,46,76,134,45,26,80,50,102,56,47,44
synpo2l,1,3,9,7,7,6,11,4,5,8,5,12
synpr,0,1,1,9,1,0,2,1,2,0,0,2
synrg,471,358,515,533,431,393,490,469,601,423,480,445
syp,23,27,29,47,25,28,21,36,33,20,22,25
sypl2,3,12,5,9,1,2,6,2,1,2,0,1
sys1,691,628,867,600,601,620,647,551,767,569,620,590
syt1,171,131,103,181,180,216,182,234,249,133,250,253
syt10,0,0,0,0,0,0,0,0,1,0,0,0
syt11,108,101,104,140,103,53,99,60,130,113,103,112
syt12,166,70,228,57,135,60,188,115,184,87,164,60
syt13,12,4,22,6,6,5,2,6,10,10,4,14
syt14,110,1,153,1,55,0,25,4,271,1,187,2
syt15,22,9,39,27,27,14,15,27,34,11,26,22
syt16,0,0,0,0,0,0,0,0,0,0,0,0
syt17,30,3,31,12,5,6,40,5,27,8,52,10
syt2,2,1,5,3,2,0,2,1,5,0,2,2
syt3,31,75,13,69,38,67,24,38,36,64,28,60
syt4,0,0,3,2,1,1,4,0,1,1,2,2
syt5,2,0,3,0,1,1,2,2,1,2,2,1
syt6,0,0,0,0,0,1,2,1,1,1,1,0
syt7,38,14,103,28,39,19,26,8,47,16,32,24
syt8,2,0,2,0,2,0,0,0,0,0,0,0
syt9,14,18,15,34,16,31,23,19,27,21,11,26
sytl1,321,230,83,164,218,188,147,192,368,129,184,85
sytl2,70,39,81,46,110,26,103,23,133,27,54,41
sytl3,22,6,16,17,21,7,18,3,25,7,48,4
sytl4,50,59,50,73,63,60,38,57,98,75,55,95
sytl5,167,7,142,4,134,20,174,12,241,8,200,22
syvn1,392,575,622,1270,352,353,418,349,409,555,357,589
szrd1,1609,1303,1386,1467,1475,1451,1261,1208,1434,1235,1179,1497
szt2,254,181,356,314,241,202,241,240,297,276,304,320
taar1,0,0,0,0,0,0,0,0,0,0,0,0
taar2,0,0,0,0,0,0,1,0,0,0,0,0
taar5,0,0,0,0,0,0,0,0,0,0,0,0
taar6,0,0,0,0,0,0,0,0,0,0,0,0
taar9,0,0,0,0,0,0,0,0,0,0,0,0
tab1,162,99,191,92,159,80,145,90,171,136,222,75
tab2,875,921,1044,824,869,913,1224,776,897,701,999,858
tab3,272,219,251,243,282,185,202,225,315,172,199,215
tac1,0,0,0,1,0,0,0,0,0,0,0,0
tac4,5,3,7,3,3,2,3,2,9,1,3,2
tacc1,1538,1361,1498,1771,1205,1296,1444,1350,1686,1551,1520,1488
tacc2,329,399,690,484,280,298,437,280,402,302,544,346
tacc3,108,20,157,23,147,24,138,22,117,22,146,33
taco1,336,424,221,401,450,349,339,336,454,403,335,355
tacr1,1,0,3,1,1,2,2,2,3,3,1,2
tacr2,0,0,1,1,1,0,1,0,1,0,0,1
tacr3,0,0,1,0,0,1,2,0,1,0,1,0
tacstd2,5,0,6,4,6,0,4,2,8,1,5,0
tada1,405,405,552,373,485,441,489,381,622,390,607,392
tada2a,107,87,110,83,80,100,114,109,155,100,109,81
tada2b,333,265,359,403,289,337,279,352,376,255,370,370
tada3,198,136,149,142,154,133,152,102,178,127,94,167
taf1,791,684,994,891,716,695,732,550,1111,639,616,796
taf10,856,936,1107,844,816,890,883,867,906,859,679,791
taf11,247,207,247,210,297,176,285,198,363,218,382,210
taf12,333,269,323,315,296,303,293,267,348,294,289,321
taf13,344,412,349,387,360,314,379,311,425,381,342,404
taf15,428,368,482,415,397,390,404,364,477,369,306,364
taf1a,130,94,333,90,146,104,153,108,208,106,241,107
taf1b,192,149,143,127,194,169,165,118,238,149,149,138
taf1c,60,24,66,44,47,22,55,22,60,25,41,38
taf1d,220,163,367,220,219,180,227,250,294,228,337,220
taf2,639,380,806,502,547,478,629,520,704,472,927,542
taf3,99,62,138,90,82,76,101,72,109,64,103,80
taf4,200,106,253,149,115,133,155,137,163,104,97,134
taf4b,87,59,112,74,88,88,96,113,94,70,64,78
taf5,101,104,118,106,95,110,117,133,121,89,112,114
taf5l,295,250,351,285,228,222,246,289,329,234,305,241
taf6,358,314,370,352,394,316,319,297,413,338,450,339
taf6l,334,302,368,314,339,281,305,262,422,273,341,300
taf7,152,260,145,185,163,141,143,135,229,177,209,180
taf7l,1,0,1,0,0,0,0,0,0,0,0,0
taf8,194,143,170,159,171,161,183,142,236,155,236,143
taf9,47,19,75,30,43,7,35,30,51,34,56,23
taf9b,75,36,68,62,42,49,59,30,81,44,54,32
tagap,80,31,106,83,92,30,136,36,125,18,194,32
tagln,421,206,538,265,435,177,478,149,485,262,235,249
tagln2,1309,171,1794,456,772,190,878,162,1097,235,2237,293
tagln3,1,1,7,0,0,3,4,1,10,0,1,3
tal1,41,25,54,37,37,31,40,14,38,19,29,24
tal2,4,0,2,1,1,0,7,1,2,0,1,0
taldo1,2969,1815,3252,1715,2905,1992,3001,1687,3059,1847,2710,1952
tamm41,68,39,73,43,76,53,77,60,93,45,66,44
tanc1,811,325,1577,462,499,389,688,359,729,302,1165,406
tanc2,190,152,313,236,177,113,301,164,286,135,242,198
tango2,700,440,675,497,545,473,477,532,693,563,355,452
tango6,203,119,212,178,169,132,148,150,199,95,220,139
tank,512,493,742,540,549,456,513,458,721,499,796,511
taok1,2535,2323,2948,2710,2666,2382,3126,2457,3793,2115,3387,2648
taok2,633,514,873,578,605,546,729,633,798,575,600,552
taok3,680,467,878,653,580,531,526,621,744,526,689,466
tap1,1038,494,981,464,789,452,657,411,1084,519,764,479
tap2,854,386,899,437,782,462,856,392,882,374,714,362
tapbp,2775,1260,2616,1574,2421,1252,2517,1497,2904,1161,2249,1312
tapbpl,512,362,648,389,550,332,505,376,697,368,367,359
tapt1,1111,1459,1539,1302,1170,1499,1267,1884,1785,1307,1449,1371
tarbp2,329,192,358,210,399,204,306,209,391,215,383,204
tardbp,1522,1861,2123,1850,1491,1639,1550,1423,2166,1783,1780,1763
tarm1,7,4,6,7,2,2,5,1,11,6,6,5
tars2,554,459,601,493,643,511,597,491,683,555,418,547
tas1r1,5,2,6,2,9,1,3,2,3,2,0,4
tas1r2,0,1,0,0,0,0,0,0,0,0,1,0
tas1r3,22,20,35,20,24,17,16,19,33,25,16,31
tasp1,243,296,325,390,231,280,258,264,299,260,240,338
tat,11179,20491,10216,31729,18446,31584,29155,15802,22801,29059,14166,27482
tatdn1,163,143,238,142,216,166,172,157,246,161,349,155
tatdn2,615,516,769,712,594,473,653,499,659,514,491,469
tatdn3,139,89,149,99,153,108,124,96,195,125,176,112
tax1bp1,5018,4249,4514,4025,4590,4125,4593,4386,5648,4393,4088,4143
tax1bp3,719,178,856,329,723,184,772,189,904,214,883,240
tbata,3,4,8,4,3,4,2,5,13,1,4,4
tbc1d1,548,221,454,320,481,231,518,234,560,253,587,270
tbc1d10a,348,158,316,274,317,208,226,238,433,336,220,181
tbc1d10b,324,150,396,223,247,152,360,176,314,152,251,182
tbc1d10c,38,21,47,36,44,14,49,26,83,11,52,20
tbc1d12,297,298,454,304,266,305,279,227,371,237,391,240
tbc1d13,728,512,937,679,665,462,620,610,857,595,609,660
tbc1d14,299,223,279,321,346,214,313,204,364,216,477,240
tbc1d15,860,789,1005,930,661,785,932,718,813,689,872,731
tbc1d16,464,265,347,453,374,244,360,395,394,255,277,388
tbc1d17,697,492,673,469,545,435,542,525,695,481,445,496
tbc1d19,131,72,114,76,174,75,138,75,216,64,97,68
tbc1d2,37,29,52,35,21,27,20,22,28,27,40,24
tbc1d20,1087,473,1163,576,820,496,814,662,991,508,895,588
tbc1d21,4,0,24,2,1,0,2,0,23,0,14,0
tbc1d22a,681,312,673,330,591,379,656,389,697,325,675,338
tbc1d22b,77,44,73,78,68,53,66,65,96,68,74,57
tbc1d23,378,308,386,311,370,313,435,311,484,282,391,314
tbc1d24,1106,606,1231,616,1215,531,1212,583,1582,609,1813,527
tbc1d25,75,49,77,70,94,61,68,43,94,46,66,55
tbc1d2b,892,491,1443,806,728,700,878,731,902,593,590,794
tbc1d30,160,189,155,237,168,355,84,470,200,428,168,235
tbc1d31,1066,136,2122,125,842,142,840,115,719,132,1131,179
tbc1d32,279,403,250,303,401,341,353,340,435,334,374,354
tbc1d4,214,129,154,179,242,72,188,122,336,75,372,103
tbc1d5,432,267,404,365,372,315,456,343,483,337,519,377
tbc1d7,132,139,129,136,157,129,142,114,156,119,125,139
tbc1d8,341,219,402,190,361,243,641,227,419,229,377,391
tbc1d8b,841,902,819,1010,814,722,799,809,1107,880,696,893
tbc1d9,153,64,198,96,155,75,248,59,186,49,200,84
tbc1d9b,1296,957,1352,1183,1319,1146,1253,975,1353,901,1095,1180
tbca,1193,1209,1478,1074,1240,1110,1162,891,1311,1042,1062,996
tbcb,555,421,593,552,536,450,555,400,580,436,563,393
tbcc,190,129,205,155,182,146,162,156,198,160,229,120
tbccd1,389,515,360,571,309,345,291,399,477,474,255,480
tbcd,1174,636,1073,710,1192,711,1249,749,1396,679,1665,740
tbce,426,494,646,346,482,451,450,400,682,449,697,548
tbcel,1122,820,1722,1007,1033,987,897,1178,1425,1020,1091,959
tbck,628,619,692,732,756,689,710,577,798,545,482,668
tbk1,635,620,903,626,675,741,852,687,948,650,697,645
tbkbp1,118,43,121,80,80,58,87,68,102,45,56,54
tbl1x,1456,982,1424,1266,1231,947,1132,883,1723,926,1048,1124
tbl1xr1,1346,1164,1734,1306,1164,1457,1439,1387,1462,1338,1469,1253
tbl2,393,260,608,354,371,249,420,339,500,282,462,279
tbl3,509,438,548,434,607,439,588,417,672,437,847,449
tbp,289,278,359,262,277,243,296,254,461,218,460,305
tbpl1,215,189,261,176,220,202,246,169,318,155,243,198
tbpl2,0,0,0,0,0,0,0,0,0,0,0,0
tbr1,0,0,5,0,0,4,1,0,5,0,0,7
tbrg1,1165,824,1564,1066,831,778,1056,699,1132,781,868,840
tbrg4,511,422,570,511,472,470,516,461,582,409,426,459
tbx1,9,4,25,12,57,2,9,0,14,2,5,0
tbx10,7,0,5,0,4,0,5,0,7,0,2,1
tbx15,6,1,18,13,1,1,11,4,0,0,1,0
tbx18,9,10,26,15,13,9,10,16,19,20,2,12
tbx19,0,0,0,0,0,0,0,0,0,0,0,0
tbx2,92,33,110,45,98,41,113,56,121,48,95,44
tbx20,211,151,228,224,255,164,209,141,340,120,182,97
tbx21,7,6,6,12,10,7,8,2,11,3,8,8
tbx22,0,0,0,0,0,0,0,0,0,0,0,0
tbx3,91,153,388,340,108,353,102,432,182,221,41,81
tbx4,4,3,11,0,5,1,6,0,2,2,6,3
tbx5,4,6,24,8,5,13,9,12,23,10,1,16
tbx6,9,3,15,5,5,8,4,3,16,5,5,6
tbxa2r,42,19,37,39,34,28,32,24,30,15,22,21
tbxas1,348,130,355,190,309,123,341,179,455,208,299,185
tc2n,267,107,685,127,267,102,185,194,237,131,147,178
tcaf1,266,101,443,202,240,74,211,76,353,104,250,100
tcaf2,49,43,60,40,36,56,57,31,62,29,58,30
tcaim,452,759,399,838,545,680,415,716,699,718,540,735
tcap,65,83,155,62,0,5,205,24,4,1,0,1
tcea1,2057,1898,2216,2062,2340,1814,2094,1657,2405,1707,2827,1964
tcea2,31,26,35,19,23,25,44,15,42,11,35,25
tcea3,1288,860,878,928,1495,940,1243,730,1413,857,1041,777
tceal1,41,34,17,34,31,30,42,32,47,35,27,30
tceal3,3,3,3,10,1,0,1,2,5,4,0,0
tceal5,126,0,67,0,12,0,50,0,43,1,11,0
tceal6,0,0,0,0,0,0,0,1,0,0,0,1
tceal7,0,1,4,5,0,0,8,0,0,0,0,0
tceal8,1595,91,920,163,1163,91,1028,177,1593,174,588,282
tceanc,113,92,84,76,91,65,56,69,116,64,77,74
tceanc2,304,229,306,247,263,253,256,247,408,253,279,241
tcerg1,270,221,504,317,239,229,354,288,411,197,337,255
tcerg1l,0,0,0,0,0,0,0,0,0,0,0,0
tcf12,612,500,882,766,563,605,628,587,800,558,710,669
tcf15,2,1,6,1,3,0,5,1,2,1,7,0
tcf19,80,35,68,28,71,43,96,51,88,39,113,46
tcf20,1734,1576,2075,1708,1685,1495,1564,1710,2232,1649,2967,1554
tcf21,95,69,101,85,148,90,130,50,202,43,103,39
tcf23,5,3,4,7,1,4,13,3,7,2,9,5
tcf24,234,8,518,18,329,8,132,2,272,10,590,7
tcf25,3426,2063,2984,2352,2748,2302,2800,2548,3354,2258,2525,2488
tcf3,284,199,331,197,208,185,212,180,307,136,266,138
tcf4,697,482,1341,800,667,467,731,503,894,473,986,519
tcf7,60,37,104,43,32,68,42,61,43,35,34,33
tcf7l1,28,32,36,37,31,29,25,30,16,29,41,27
tcf7l2,125,132,124,173,110,130,109,143,161,137,105,156
tcfl5,0,1,0,1,0,0,0,0,0,0,0,0
tchh,15,27,16,20,13,12,10,14,24,13,9,32
tchhl1,3,0,1,1,1,0,1,0,0,0,0,0
tchp,75,28,71,38,63,32,65,31,103,47,86,45
tcirg1,1102,682,1304,619,1236,568,1441,675,1627,781,1593,613
tcn2,3097,1577,2565,1773,2534,1768,2955,1502,2641,1459,1728,1672
tcof1,146,83,171,133,125,107,150,74,172,114,109,113
tcp1,3452,3514,2885,3823,3563,3743,3761,3350,4845,4000,5146,4073
tcp11,1,1,1,1,2,0,3,0,1,1,0,1
tcp11l1,135,87,137,103,103,107,126,78,183,84,96,91
tcp11l2,449,503,459,433,353,631,452,498,405,549,340,518
tcp11x2,0,0,4,1,0,1,0,0,1,0,1,0
tcta,367,328,346,374,290,308,245,355,441,334,259,331
tctn1,104,53,123,60,99,57,120,62,139,44,120,66
tctn3,36,17,52,35,49,18,48,34,66,24,62,26
tdg,311,239,414,263,282,247,300,271,330,233,332,246
tdh,0,0,0,0,0,1,0,26,0,3,0,4
tdo2,33457,40752,21773,38723,43451,36593,32325,43948,41552,52346,14746,45742
tdp1,69,46,64,50,69,41,55,38,70,56,50,51
tdp2,476,504,515,475,379,484,327,444,513,424,336,428
tdrd1,1,2,2,2,2,1,0,0,5,0,3,3
tdrd12,12,0,17,1,5,0,7,3,12,0,16,1
tdrd3,328,272,264,375,278,274,264,317,413,305,192,335
tdrd5,3,3,3,4,1,3,4,1,3,2,6,4
tdrd6,1,0,0,0,0,0,1,1,1,0,0,1
tdrd7,1094,843,1152,881,1078,737,995,836,1309,849,1203,920
tdrd9,2,0,0,3,5,0,1,0,1,0,5,0
tdrkh,40,46,19,57,43,59,25,44,57,70,50,63
tdrp,392,166,297,151,247,158,243,191,315,128,201,177
tead1,176,85,256,238,156,99,231,95,292,97,367,132
tead2,51,18,76,17,40,21,37,80,51,28,47,50
tead3,107,83,141,104,117,83,128,98,119,80,119,102
tead4,49,9,87,10,13,3,21,4,41,4,18,5
tec,383,512,425,529,398,541,324,428,560,500,403,474
tecpr1,365,232,478,308,292,199,290,215,375,237,321,247
tecpr2,294,265,515,295,254,274,324,209,346,207,318,326
tecr,2219,1684,1632,1619,1901,2013,1709,1683,2229,1754,1526,2055
tecrl,0,0,0,1,0,0,3,0,0,0,0,0
tecta,0,1,2,0,0,0,1,0,0,0,0,0
tectb,6,4,17,0,17,2,4,4,8,3,14,3
tef,2253,619,1829,1156,1346,798,942,2423,3114,1382,1192,756
tefm,219,321,208,302,319,243,242,305,336,323,278,312
tek,548,510,395,547,570,502,512,439,584,483,298,565
tekt1,0,0,0,0,1,0,0,1,0,1,2,0
tekt2,1,0,3,5,1,0,2,1,2,0,2,2
tekt3,0,0,1,0,0,1,1,0,0,2,0,0
tekt4,1,0,5,0,0,0,0,0,1,0,19,0
tekt5,436,0,336,1,230,1,361,2,758,0,107,0
telo2,179,122,217,145,178,96,180,117,207,138,196,129
ten1,106,40,85,41,88,32,76,30,90,40,55,35
tenm1,26,30,53,24,22,15,27,22,45,24,23,60
tenm2,1,0,2,0,1,0,0,1,1,0,1,1
tenm3,389,315,334,280,219,246,250,296,349,239,343,307
tenm4,23,6,64,6,15,6,29,5,26,4,20,6
tep1,660,349,771,480,583,381,652,392,811,374,583,454
terf1,211,176,351,187,210,183,198,218,372,196,300,176
terf2,185,101,214,109,153,123,165,121,199,98,172,114
terf2ip,393,228,337,258,343,284,287,265,426,222,332,278
tert,94,83,111,61,124,67,58,126,132,82,62,71
tes,441,72,828,154,308,87,703,117,461,125,1187,100
tesc,15,6,68,19,23,2,13,9,23,13,61,15
tesk1,254,130,211,190,232,130,221,144,227,111,189,167
tesk2,232,249,217,288,280,272,234,318,323,273,260,329
tespa1,9,5,9,18,5,3,7,3,17,2,28,3
tet1,13,4,18,17,15,7,13,14,33,11,27,13
tet2,376,296,779,395,336,303,506,414,645,329,444,382
tet3,332,190,529,280,274,202,359,348,450,272,292,271
tex10,247,214,290,211,230,234,215,209,328,242,328,195
tex101,2,0,0,0,0,0,0,0,0,0,0,0
tex11,1,1,2,0,1,0,0,1,0,0,0,0
tex12,4,38,8,29,5,20,11,25,8,28,3,24
tex13a,0,0,0,0,0,0,0,0,0,0,0,0
tex14,13,7,9,12,10,7,14,14,15,17,16,7
tex15,0,1,3,1,1,0,4,0,3,1,7,0
tex2,4082,3602,3746,3589,4439,3572,4374,2927,4823,3327,4523,4099
tex22,2,3,0,0,0,0,4,2,3,1,1,2
tex26,0,0,0,0,0,0,0,0,0,0,0,0
tex261,1124,988,1274,1091,1141,969,1215,1035,1303,986,835,1088
tex264,931,823,939,807,934,757,886,799,1289,839,787,743
tex28,0,0,0,0,0,0,0,0,0,0,0,0
tex29,0,0,2,2,0,0,0,0,3,2,1,0
tex30,171,139,352,121,129,154,240,139,196,108,318,135
tex35,0,0,0,0,0,0,1,0,0,1,1,0
tex36,0,0,2,0,0,0,0,0,0,0,1,0
tex38,0,0,1,1,0,1,0,0,0,1,0,2
tex9,29,20,20,25,25,30,15,26,46,19,36,18
tfam,900,930,862,848,945,872,908,875,1072,859,872,871
tfap2a,8,10,16,8,11,4,7,7,20,8,21,23
tfap2b,3,1,18,7,1,1,3,12,12,5,5,15
tfap2c,0,1,0,0,0,0,1,0,2,1,3,0
tfap2d,0,0,0,0,0,0,0,0,0,0,0,0
tfap2e,1,0,1,0,0,0,0,0,0,0,0,5
tfap4,77,40,43,60,54,48,55,55,80,64,32,34
tfb1m,176,244,130,228,190,163,184,163,206,197,231,205
tfb2m,636,596,698,579,656,583,674,690,923,563,949,559
tfcp2,170,115,180,151,157,124,129,131,203,139,182,143
tfcp2l1,433,136,254,152,332,138,297,128,325,114,399,200
tfdp1,557,387,714,492,491,335,512,399,588,411,585,361
tfdp2,388,400,423,433,360,438,401,642,505,386,263,464
tfe3,538,268,521,357,408,304,401,292,487,287,224,336
tfeb,171,73,154,109,135,65,124,111,155,117,110,81
tfec,149,88,109,102,140,64,218,90,173,74,124,102
tff1,19,22,19,20,24,31,15,54,36,34,25,14
tff2,147,11,68,20,110,3,34,1033,29,335,7,468
tff3,4622,136,1534,148,986,723,2058,471,1971,512,241,168
tfg,1113,1208,1266,1358,997,918,1014,792,1306,999,1026,1087
tfip11,459,284,439,346,473,325,404,310,485,275,486,339
tfpi,395,217,276,316,379,235,383,271,423,256,266,240
tfpi2,1110,2156,646,1486,1708,2161,1244,1340,1959,1985,1441,2008
tfpt,124,97,143,101,123,117,136,121,149,95,97,98
tfr2,4217,6238,4120,5545,5004,6106,5475,6206,6002,5671,6117,6044
tfrc,1311,699,3050,1740,1972,634,1963,820,1848,1788,6318,1104
tg,4,0,62,5,3,1,4,0,8,0,7,1
tgds,508,752,429,569,529,623,581,637,713,628,463,657
tgfa,708,345,1446,414,517,337,572,363,583,319,434,502
tgfb1,191,75,194,129,111,69,163,64,129,65,116,79
tgfb1i1,42,11,53,67,29,21,34,16,43,20,39,24
tgfb2,114,16,168,64,95,9,107,18,151,33,322,21
tgfb3,187,53,183,243,162,37,179,41,197,44,133,59
tgfbi,1548,930,1216,1261,1521,1188,1528,950,1937,761,1570,967
tgfbr1,1480,985,1963,1275,1591,1150,1577,1216,2186,1015,2623,1091
tgfbr2,2014,660,4167,1248,1328,820,1533,707,1793,667,1726,668
tgfbr3,509,330,412,712,359,386,456,431,413,333,277,361
tgfbr3l,31,13,26,22,25,26,24,28,45,44,12,34
tgfbrap1,767,430,668,626,649,489,615,558,742,441,652,502
tgif1,561,163,648,243,335,185,319,204,413,258,542,231
tgif2,58,26,111,44,43,26,45,29,83,29,52,34
tgm1,672,248,776,317,214,208,300,689,481,158,367,158
tgm2,11373,3411,10948,4320,7960,3602,9723,2948,11231,3491,14870,3087
tgm3,6,10,21,9,11,14,124,10,20,8,13,16
tgm4,10,15,7,15,9,16,7,11,13,13,7,11
tgm5,1,0,2,2,0,0,1,1,0,1,1,0
tgm6,0,0,0,0,0,0,0,0,0,0,0,1
tgm7,3,0,2,0,0,0,0,0,3,0,1,0
tgs1,263,283,316,351,282,311,280,302,470,302,381,360
th,0,0,19,3,0,0,0,0,0,0,1,3
thada,265,270,389,365,274,289,306,312,396,311,449,328
thap1,148,148,153,149,143,133,119,113,152,143,159,154
thap11,409,253,316,255,346,254,356,274,408,231,366,278
thap2,112,135,159,157,103,138,155,127,168,105,138,192
thap3,122,72,110,85,134,94,88,101,154,82,101,73
thap4,387,194,448,210,409,172,347,192,426,175,475,219
thap6,154,141,147,142,158,141,142,164,196,177,196,157
thap7,264,154,227,215,230,186,182,183,229,168,127,142
thap8,5,2,15,7,6,5,12,9,11,6,6,6
thbd,365,112,932,698,337,132,661,134,336,154,242,155
thbs1,454,112,1411,480,305,89,624,119,522,224,691,425
thbs2,264,119,316,304,352,110,366,93,465,88,439,111
thbs3,38,7,35,44,39,10,29,14,48,28,57,27
thbs4,9,3,14,73,8,1,51,0,17,2,2,0
them4,228,332,232,358,295,311,227,306,306,394,168,355
them5,0,1,0,3,3,2,11,4,0,3,0,4
them6,165,33,124,38,144,41,78,39,140,18,156,28
themis,118,35,77,30,139,30,189,19,231,11,62,21
themis2,327,144,286,168,266,118,288,166,297,133,182,141
thg1l,62,61,73,55,72,63,60,72,86,56,85,75
thnsl1,205,113,167,131,168,106,131,164,285,132,188,102
thnsl2,1456,1064,852,854,1471,1077,1375,1036,1751,1166,1292,1140
thoc1,577,749,701,715,698,614,629,643,920,692,945,672
thoc2,1086,1254,1510,1388,1115,1110,1163,1030,1689,1255,1364,1182
thoc3,501,430,607,485,484,519,497,456,461,415,364,418
thoc5,393,355,433,350,529,353,499,308,577,412,592,379
thoc6,159,98,126,90,165,128,153,77,163,127,224,102
thoc7,657,658,596,663,684,656,717,582,837,578,524,614
thop1,217,166,312,224,272,166,291,178,224,194,221,197
thpo,66,108,136,104,63,64,77,72,76,89,41,93
thra,254,225,230,344,244,257,262,216,293,242,293,235
thrap3,1823,1588,2597,1600,1485,1827,1791,1901,2197,1440,1762,1947
thrb,572,979,458,1005,635,903,567,865,941,1002,597,1051
thrsp,2735,2695,3191,4127,4812,5627,2959,2697,6221,6229,2191,5223
thsd1,121,45,166,66,95,46,88,68,117,39,172,50
thsd4,279,38,645,192,67,55,83,66,137,73,63,93
thsd7a,79,30,140,67,86,19,96,16,91,20,151,31
thsd7b,9,9,29,14,12,11,11,15,34,17,16,16
thtpa,520,549,389,661,428,559,335,538,607,557,276,459
thumpd1,517,394,810,395,470,448,529,477,624,457,486,454
thumpd2,69,61,79,59,74,55,64,53,108,60,116,68
thumpd3,719,476,716,539,643,485,553,472,930,462,641,507
thy1,69,37,77,87,43,32,35,27,86,26,76,18
thyn1,260,331,305,249,258,312,285,226,347,293,211,330
tia1,336,262,556,302,385,209,379,246,624,295,457,290
tial1,624,712,786,808,542,739,617,655,780,581,550,709
tiam1,50,36,50,90,51,45,72,32,93,38,26,44
tiam2,740,475,714,415,897,397,423,487,853,536,905,356
ticam1,246,122,282,180,185,125,188,136,233,147,246,163
ticam2,46,14,35,25,40,12,43,8,43,12,28,25
ticrr,12,5,30,10,19,7,16,6,14,6,16,16
tie1,611,250,660,395,494,293,484,233,460,239,625,261
tifa,693,1001,568,953,734,682,732,882,1061,1022,785,890
tifab,195,70,166,94,147,59,151,63,195,84,120,62
tigar,203,163,311,203,278,193,213,248,266,196,162,165
tigd2,382,344,342,285,337,338,312,359,407,320,307,265
tigd3,4,9,16,3,10,3,7,5,18,4,7,7
tigd4,6,5,4,11,1,1,11,5,9,2,7,3
tigd5,68,38,68,60,62,45,73,56,117,45,75,54
tigit,16,14,55,30,20,47,29,53,95,65,57,47
timd4,85,233,34,279,81,187,254,320,83,224,17,230
timeless,134,87,240,75,140,99,135,99,171,81,136,108
timm10,398,219,346,278,385,296,322,314,486,320,312,285
timm10b,478,418,645,471,458,407,460,440,566,470,416,439
timm13,942,778,949,843,1117,856,1088,708,1008,857,731,766
timm17a,948,601,1299,560,1042,655,903,771,1378,634,1345,600
timm17b,698,571,624,583,661,606,580,484,764,517,356,561
timm21,400,485,358,438,432,416,373,379,550,414,486,496
timm22,316,271,297,276,364,244,346,283,400,255,345,247
timm44,870,631,642,654,860,664,684,662,997,709,796,699
timm50,545,458,585,406,530,467,616,400,653,427,468,439
timm8b,861,1035,1001,1075,873,1069,837,858,1026,1056,1110,1015
timm9,242,383,270,352,337,344,227,389,360,407,172,417
timmdc1,762,706,542,737,636,656,639,650,819,759,460,743
timp1,124,18,135,89,39,46,67,30,117,83,123,373
timp2,851,286,545,1346,564,253,691,291,719,320,463,370
timp3,2087,652,1965,1492,1532,677,1539,606,1787,618,2440,704
timp4,42,7,76,4,426,1,447,2,222,5,178,7
tinag,69,0,35,0,117,0,45,12,201,4,35,1
tinagl1,522,293,404,451,441,399,394,282,439,284,362,396
tinf2,203,216,207,176,208,181,226,225,270,184,179,215
tiparp,396,310,530,483,344,198,486,215,399,271,839,286
tipin,109,116,182,114,113,116,114,121,179,119,106,98
tiprl,525,368,619,382,455,332,483,314,562,325,656,352
tirap,333,545,676,528,305,473,447,516,570,392,348,620
tjap1,123,44,120,38,108,57,107,38,108,41,95,64
tjp1,1497,983,2109,1232,1040,1020,1273,987,1474,967,1398,1092
tjp2,953,432,1569,527,700,446,809,376,824,448,1077,498
tjp3,521,406,536,468,686,395,569,232,556,392,541,496
tk1,317,266,281,292,419,261,412,365,490,393,260,300
tk2,489,321,324,324,360,306,347,283,411,255,384,264
tkfc,7169,2917,6258,3400,6246,4056,6367,2828,4856,2894,3823,3566
tkt,5820,2171,7323,2304,5686,2850,5974,1955,5856,2130,4916,2696
tktl1,0,0,1,1,2,0,1,0,2,1,3,0
tktl2,2,0,0,0,2,0,1,0,1,0,0,0
tlcd1,506,490,430,375,554,502,509,398,725,498,486,497
tlcd2,1139,3071,922,2186,1752,2729,1223,2226,2522,3337,1411,2518
tldc2,0,0,0,0,0,1,1,0,0,0,0,0
tle1,896,797,1747,905,636,1102,1037,919,830,862,502,1272
tle2,47,47,70,64,61,40,49,49,99,58,81,80
tle3,330,188,529,327,267,171,191,191,345,201,313,149
tle4,321,176,251,287,295,273,293,272,423,192,318,287
tle6,82,23,118,34,58,28,58,46,85,33,167,31
tlk1,982,937,1019,1091,888,993,828,1074,1270,903,972,956
tlk2,587,572,704,589,619,602,713,570,854,559,706,579
tll1,37,16,29,77,12,10,25,18,27,17,28,19
tll2,0,0,1,0,0,1,0,0,1,0,1,0
tln1,3833,2449,4350,3895,3159,2404,3887,2527,3977,2361,3397,3018
tln2,197,336,209,439,243,390,206,319,269,337,162,461
tlr1,550,59,1079,64,180,42,324,58,291,64,281,72
tlr2,364,125,275,175,422,80,282,144,547,162,313,153
tlr3,223,167,226,195,201,130,186,144,340,189,365,135
tlr4,338,244,425,329,358,227,427,219,521,240,391,244
tlr5,56,106,47,62,60,69,42,77,120,59,135,76
tlr6,83,23,118,26,89,21,82,35,108,25,109,32
tlr7,260,115,247,197,306,85,417,95,298,129,441,129
tlr8,189,130,234,170,235,94,326,129,293,148,349,126
tlr9,22,11,32,19,28,1,15,9,34,4,24,7
tlx1,0,0,0,0,0,0,0,1,0,1,0,0
tlx2,0,0,0,1,0,1,0,3,0,1,0,1
tlx3,0,0,0,0,0,0,0,0,0,0,0,0
tm2d1,328,289,291,277,307,277,249,241,370,234,389,235
tm2d2,1069,832,742,850,928,811,698,798,986,903,746,904
tm2d3,527,461,498,493,447,454,537,460,630,543,528,550
tm4sf1,614,443,457,547,544,307,368,354,746,338,508,353
tm4sf19,7,1,5,2,1,0,14,3,5,2,3,1
tm4sf20,14,4,438,6,25,2,12,15,10,3,2,8
tm4sf4,4820,1488,3311,1437,4112,1399,4997,1236,6173,1534,5181,1471
tm4sf5,8,1,6,4,6,1,8,10,2,4,4,0
tm6sf1,237,94,243,144,201,79,249,117,250,133,253,127
tm6sf2,882,359,792,319,605,358,692,325,628,354,752,406
tm7sf2,1443,1676,1033,1815,1582,2515,1706,1928,1479,1995,759,2793
tm7sf3,1731,1247,1949,1317,1423,1447,1578,1260,1684,1227,1344,1393
tm9sf1,1095,901,1115,1018,925,895,986,964,1200,922,716,996
tm9sf2,4086,3480,4034,3906,3364,3643,3638,3990,4160,3167,3176,3600
tm9sf3,5628,5502,5746,5960,5251,5125,4834,5448,6039,5080,6338,5650
tm9sf4,1173,657,1876,744,917,765,983,874,1312,776,1036,861
tma16,222,158,228,184,197,173,202,181,249,206,180,158
tma7,847,845,923,867,742,873,831,748,1058,786,566,827
tmbim1,1869,844,2458,966,1725,859,1733,830,1973,977,2177,1021
tmbim4,944,928,1452,940,964,904,1089,848,1265,871,1121,926
tmbim6,22346,15871,21303,15627,19934,17221,17902,14312,22553,13938,16289,18206
tmc1,0,0,2,0,0,0,0,0,1,0,3,0
tmc2,1,1,5,3,0,0,0,1,2,2,0,2
tmc3,65,49,41,43,46,40,118,59,88,28,32,32
tmc4,38,27,58,28,39,12,44,45,76,34,34,44
tmc5,230,52,1417,53,111,150,197,39,126,47,317,26
tmc6,374,132,593,190,319,111,464,128,408,128,326,113
tmc7,98,63,287,79,107,82,345,87,243,83,447,122
tmc8,59,26,67,36,46,25,49,30,53,23,29,22
tmcc1,672,738,1147,1076,813,965,906,1043,1491,890,821,1105
tmcc2,73,47,84,80,89,69,107,68,75,52,45,92
tmcc3,477,259,400,389,508,308,568,274,572,307,549,247
tmco1,2367,1867,2702,1957,2486,1870,2146,1633,2623,1658,3062,1819
tmco2,0,0,0,0,0,0,0,0,0,0,0,0
tmco4,272,229,248,177,235,256,204,344,279,237,240,236
tmco6,255,188,190,163,228,158,210,139,290,171,250,174
tmed1,231,186,137,246,256,219,202,222,347,208,221,226
tmed10,2086,1740,2032,2075,1878,1770,1852,1773,2212,1762,1587,1978
tmed2,5533,4686,5958,5364,5396,4260,4787,4577,6088,4275,7211,5002
tmed3,713,738,855,980,523,413,602,478,691,581,540,670
tmed4,1379,902,1198,879,1260,883,1415,861,1669,834,1335,918
tmed5,2253,1997,2550,2346,2128,1620,2104,1444,2637,1414,3263,1764
tmed6,48,4,34,3,41,0,7,445,4,117,0,149
tmed7,3393,3919,4131,4662,3595,3578,3542,3239,3751,3341,4677,3781
tmed8,149,125,259,200,178,126,174,180,283,151,169,159
tmed9,1335,1426,2283,1625,1117,1049,1392,1139,1372,1421,1099,1466
tmeff1,10,8,43,5,7,2,10,15,13,3,3,4
tmeff2,56,28,216,89,16,28,18,34,68,36,191,42
tmem100,5,9,11,36,17,4,28,5,22,6,15,4
tmem101,118,99,124,72,121,95,120,76,137,105,86,97
tmem102,151,137,102,124,167,81,111,132,148,93,115,117
tmem106a,342,153,276,205,296,143,263,114,388,146,286,149
tmem106b,6673,6013,3984,6412,6996,6135,6609,5103,7891,4816,6896,5735
tmem106c,488,287,477,264,474,231,381,235,511,208,591,213
tmem107,26,22,9,31,36,19,29,23,31,21,37,17
tmem108,13,8,9,13,6,15,10,12,15,12,16,5
tmem109,448,335,394,433,403,308,419,290,414,319,321,365
tmem11,442,280,375,276,421,367,389,263,416,248,327,316
tmem114,0,0,0,0,0,0,0,0,0,0,0,1
tmem115,396,370,459,372,332,363,402,358,470,356,315,379
tmem116,12,8,24,8,17,5,23,16,24,13,19,11
tmem117,10,6,4,9,5,6,12,10,8,3,6,6
tmem119,148,27,97,389,133,29,148,49,196,87,148,57
tmem120a,1308,770,939,788,1263,743,1192,811,1346,743,880,660
tmem120b,59,59,60,62,81,52,54,92,89,57,73,69
tmem121,0,3,0,0,0,0,0,0,2,0,2,0
tmem123,984,930,945,1019,975,702,1052,724,1538,758,1033,765
tmem125,142,118,124,105,84,91,91,99,99,120,89,148
tmem126a,662,729,823,793,652,751,644,586,729,628,596,703
tmem126b,507,610,592,656,531,619,442,530,687,594,448,652
tmem127,1229,843,1513,1002,930,823,1050,939,1451,750,905,847
tmem128,391,395,589,363,430,359,484,352,623,371,558,424
tmem129,386,281,445,351,415,316,375,347,501,317,550,327
tmem130,14,7,12,4,5,3,10,4,13,3,12,6
tmem131,621,361,902,561,569,416,694,559,757,441,603,578
tmem132a,152,35,138,52,87,40,158,34,128,55,116,38
tmem132b,0,3,8,3,0,2,1,2,4,4,3,5
tmem132c,2,0,5,10,4,0,1,3,2,1,7,4
tmem132d,6,7,8,22,1,3,4,6,16,8,2,5
tmem132e,91,45,61,52,67,37,81,40,72,48,33,50
tmem134,746,492,540,565,707,441,600,437,586,419,487,509
tmem135,1889,1956,1815,1915,1829,2336,1783,1616,2363,1828,1403,2289
tmem138,44,28,58,36,38,25,35,31,70,50,51,21
tmem139,6,2,1,5,7,3,3,4,18,3,5,1
tmem140,886,615,571,550,805,624,740,491,1023,642,593,551
tmem141,449,252,444,337,669,207,593,205,698,276,1574,244
tmem143,397,301,357,284,354,313,286,317,375,262,254,289
tmem144,115,91,104,77,117,123,114,109,164,93,110,127
tmem145,0,0,0,0,0,0,0,0,0,0,0,0
tmem147,1219,1720,1272,1483,1444,1667,1143,1434,1502,1620,909,1513
tmem14a,103,102,105,100,121,92,86,89,172,106,172,95
tmem14c,1727,2094,1795,1929,2150,2205,1729,1729,2151,2053,1205,2183
tmem150a,1177,1004,1253,1000,973,978,890,749,1311,1061,608,1066
tmem150b,5,10,19,11,10,4,19,7,12,5,8,4
tmem150c,16,11,81,18,10,7,20,12,19,9,15,18
tmem151a,32,6,6,75,15,7,19,16,30,14,8,17
tmem151b,7,6,16,8,2,7,7,7,11,10,4,9
tmem154,38,25,86,46,47,19,50,30,81,30,57,40
tmem156,15,9,19,7,12,9,16,8,18,9,16,4
tmem158,10,6,30,12,3,4,11,10,5,0,25,2
tmem160,347,290,356,305,343,324,359,278,335,306,310,230
tmem161a,377,303,367,289,329,306,325,284,441,285,449,255
tmem161b,178,241,304,218,217,244,211,255,261,240,274,228
tmem163,2,5,18,3,6,3,17,7,8,10,7,7
tmem164,585,216,638,251,408,192,469,261,673,217,519,204
tmem165,445,260,606,379,444,212,395,271,481,255,525,297
tmem167b,950,948,1042,906,909,903,966,877,1175,929,713,901
tmem168,837,792,787,757,848,745,896,763,1254,817,827,770
tmem169,7,8,4,2,14,1,5,7,14,12,17,5
tmem17,23,27,16,11,27,15,22,15,23,15,40,17
tmem170b,568,625,942,715,531,634,721,693,774,508,483,761
tmem171,16,9,14,2,32,5,13,1,25,6,60,1
tmem174,0,0,0,2,0,0,0,0,0,1,1,0
tmem175,228,167,176,199,244,172,179,151,265,174,262,180
tmem176a,7292,3214,6577,3308,5744,3358,6401,3909,6608,3032,4912,2309
tmem176b,12693,4208,10690,4083,9244,4293,10030,5027,11581,3968,9241,3393
tmem177,287,231,288,194,399,200,218,178,378,206,550,202
tmem178b,10,6,12,14,1,9,17,19,12,8,14,27
tmem179,0,2,1,0,1,0,1,2,0,0,0,4
tmem18,352,381,311,409,383,390,274,437,487,401,300,385
tmem182,4,44,31,18,0,1,35,7,0,0,0,0
tmem183a,2747,2221,3184,1989,2655,2203,2371,2516,3194,2330,2799,2479
tmem184a,284,142,156,131,191,157,166,226,329,143,195,176
tmem184b,426,133,632,210,286,148,269,148,398,139,313,199
tmem184c,709,366,614,390,351,361,443,310,718,326,648,340
tmem185b,363,150,647,159,293,165,299,200,410,204,476,209
tmem186,322,220,334,261,325,238,226,279,403,234,214,225
tmem19,1506,2625,1953,2688,1609,2633,1511,2320,1774,2430,2121,2678
tmem190,5,2,7,1,6,3,0,2,3,4,4,1
tmem192,264,132,221,147,212,158,195,149,254,136,221,129
tmem196,0,0,0,0,0,0,0,0,0,0,0,0
tmem198,1,0,3,1,3,0,3,1,5,4,3,0
tmem198b,60,52,60,74,63,39,60,64,102,64,124,52
tmem200a,5,0,7,3,9,1,7,0,16,0,11,3
tmem200b,85,33,79,64,97,47,91,34,122,30,240,30
tmem200c,1,1,1,0,3,0,1,0,2,0,0,0
tmem201,214,140,220,178,176,140,192,160,252,155,150,196
tmem202,6,1,16,3,6,1,5,0,9,4,13,1
tmem203,108,90,141,76,77,106,87,80,85,78,97,52
tmem204,406,282,404,329,434,372,459,263,509,284,419,330
tmem205,4881,7497,4229,7518,5196,8227,5438,6836,6791,7900,5001,7417
tmem207,0,0,1,1,0,1,0,4,2,2,0,0
tmem208,936,767,746,740,856,762,787,756,1058,822,1187,719
tmem209,353,279,501,277,334,258,335,301,507,289,364,357
tmem210,0,0,0,0,0,0,0,0,0,0,0,0
tmem212,16,0,38,0,1,0,3,0,4,0,14,0
tmem213,0,0,0,1,0,0,0,0,0,0,0,0
tmem214,1205,1056,1455,1377,1081,810,1083,959,1216,1069,1396,1116
tmem215,3,2,1,5,1,2,5,2,8,3,5,2
tmem216,63,63,63,52,75,72,56,58,100,62,89,58
tmem217,0,0,0,0,0,0,0,0,0,0,0,0
tmem218,94,86,78,54,97,99,61,60,96,79,76,107
tmem219,590,683,480,615,473,580,596,558,687,546,382,593
tmem220,161,146,152,149,169,171,148,139,230,137,173,137
tmem221,17,7,23,14,26,7,18,8,11,11,11,5
tmem222,415,315,423,317,424,358,366,332,467,345,477,323
tmem225,0,0,0,0,0,0,0,0,0,0,0,0
tmem229a,95,24,119,31,85,15,50,14,110,19,212,15
tmem229b,102,50,112,64,110,42,101,40,115,45,105,42
tmem230,335,362,463,347,312,303,297,267,433,277,352,282
tmem231,26,8,19,18,19,10,19,10,21,10,13,11
tmem232,0,0,0,0,0,0,0,0,0,0,0,0
tmem233,1,3,2,4,0,0,1,0,0,0,0,1
tmem234,884,818,1011,835,908,781,869,833,946,842,832,834
tmem235,0,0,0,0,0,0,0,0,0,0,0,0
tmem236,4,3,0,1,3,2,1,6,5,6,6,3
tmem237,225,61,276,55,207,71,143,48,297,56,354,51
tmem238,151,201,149,142,110,190,130,176,155,199,82,136
tmem239,1,0,0,0,0,1,1,2,2,1,0,0
tmem240,3,4,13,6,0,3,8,5,7,5,11,2
tmem242,753,725,524,702,846,748,801,657,871,770,965,686
tmem243,877,1178,666,1345,1144,1245,841,1094,1066,993,988,1180
tmem245,691,554,957,776,586,624,782,853,1009,585,808,801
tmem247,0,0,0,0,0,0,0,0,0,0,0,0
tmem248,1352,1194,1489,1636,1326,1176,1416,1186,1433,1030,1744,1247
tmem25,159,258,182,224,197,348,110,310,257,332,60,333
tmem252,19,13,67,21,13,10,28,13,28,18,90,5
tmem253,28,26,42,20,26,16,31,30,43,23,17,25
tmem255a,35,10,55,91,18,11,27,9,43,17,69,15
tmem255b,6,4,1,6,2,4,1,4,3,7,1,1
tmem256,1163,1498,748,1515,1370,1511,1057,1175,1359,1249,1086,1253
tmem258,834,827,1070,805,840,723,790,707,903,809,1008,738
tmem259,1159,842,1341,855,1063,843,1031,921,1088,834,913,819
tmem26,193,87,148,125,138,94,243,69,186,67,212,89
tmem260,545,578,518,549,495,592,534,580,706,632,375,692
tmem263,439,380,599,457,464,323,488,254,463,292,508,445
tmem266,15,26,21,19,12,14,15,10,25,17,13,27
tmem33,1759,1719,2008,1998,1948,1561,1795,1328,2305,1986,3214,1798
tmem37,1810,766,1973,990,1592,767,1807,706,2009,876,3286,853
tmem38a,100,95,96,93,56,33,136,33,57,38,56,41
tmem38b,6264,6737,4576,11816,6180,11356,4704,4565,4369,7180,5067,3744
tmem39a,275,212,501,352,199,291,229,233,350,248,188,307
tmem39b,28,28,36,31,24,36,27,27,36,43,28,34
tmem40,5,2,4,3,1,0,12,2,4,2,4,1
tmem41a,227,95,217,87,167,92,164,117,201,77,185,120
tmem41b,606,828,1112,818,666,701,708,616,962,803,632,913
tmem42,86,112,60,141,80,127,65,94,92,106,71,105
tmem43,753,212,844,374,631,208,640,244,732,231,579,254
tmem44,89,43,82,69,64,31,57,34,91,46,71,48
tmem45a,50,10,46,29,64,6,39,8,101,23,76,38
tmem45b,110,12,79,10,66,4,37,14,155,4,28,22
tmem47,200,190,194,248,201,179,189,133,247,172,136,220
tmem50a,1480,1138,1426,1105,1350,1152,1346,1068,1460,1166,1232,1221
tmem50b,124,103,147,168,145,95,120,103,208,104,113,112
tmem51,344,154,367,177,310,110,227,190,299,146,289,146
tmem52,2,10,3,5,0,0,9,0,0,2,18,1
tmem52b,2,4,4,2,3,0,1,0,5,4,6,2
tmem53,366,240,326,254,360,282,345,244,419,245,433,247
tmem54,27,3,37,0,27,0,40,5,19,3,33,5
tmem59,3898,3309,3935,3485,3538,3355,3115,3337,3767,3142,4003,3486
tmem59l,1,0,3,0,1,0,0,0,1,0,1,0
tmem60,284,196,264,172,296,175,210,215,337,213,375,152
tmem62,728,302,1287,411,591,340,739,382,848,404,899,371
tmem63a,262,232,521,279,263,272,265,262,390,208,290,287
tmem63b,930,632,1026,764,830,697,802,674,1007,651,1321,814
tmem63c,0,1,0,0,0,0,0,0,0,0,1,0
tmem64,1141,799,1080,954,1041,786,1013,771,1223,701,1682,894
tmem65,436,248,549,306,368,199,477,207,509,180,535,218
tmem67,133,141,201,133,97,124,131,134,202,130,134,116
tmem68,245,218,317,251,257,212,285,246,383,186,410,233
tmem69,195,239,191,210,173,247,174,222,252,279,229,239
tmem70,1041,828,973,948,1179,759,897,721,1194,799,1193,717
tmem71,228,55,257,69,180,63,199,42,284,41,338,47
tmem72,2829,2710,6754,4066,2567,2761,3470,3804,6317,3529,3642,3968
tmem74,1,0,1,0,1,0,0,0,0,0,0,0
tmem74b,5,0,3,0,8,2,1,2,10,1,3,0
tmem79,34,30,28,31,27,27,38,17,24,18,25,32
tmem80,127,106,182,86,124,111,112,109,156,116,139,103
tmem81,47,29,41,25,55,32,35,47,63,30,57,29
tmem82,373,226,500,185,244,195,316,213,380,200,399,212
tmem86a,799,121,762,155,513,132,404,128,466,118,435,127
tmem86b,369,551,266,470,376,528,307,521,544,504,207,574
tmem87a,510,453,744,485,456,365,541,430,764,482,630,466
tmem87b,989,745,2036,612,797,624,1258,848,1569,653,1769,745
tmem88,93,44,87,30,76,38,45,23,76,30,84,31
tmem89,0,0,0,0,0,0,0,0,0,0,0,0
tmem8b,27,16,30,36,27,28,34,29,33,30,17,32
tmem9,283,245,284,238,349,243,310,243,347,220,450,205
tmem91,6,1,15,7,12,3,9,9,18,5,11,6
tmem92,3,1,1,3,2,3,4,1,1,1,0,1
tmem94,512,361,542,450,422,416,403,391,470,270,366,415
tmem95,1,0,3,0,0,1,3,2,2,0,0,1
tmem97,2296,1402,2553,1297,2626,1545,2090,1915,2883,1600,1653,1483
tmem98,251,89,229,252,215,86,254,87,335,103,282,80
tmem9b,506,393,654,394,416,389,500,401,619,374,459,350
tmf1,1749,1414,1804,1643,1536,1319,1722,1438,1851,1299,1544,1463
tmie,179,327,151,286,272,361,166,164,287,211,90,311
tmigd1,7,2,1,7,16,8,3,6,28,8,28,6
tmlhe,401,355,503,316,503,397,326,362,405,314,317,400
tmod1,17,8,29,19,11,3,28,0,5,2,59,4
tmod2,26,16,27,50,15,10,24,20,39,14,17,33
tmod3,859,708,1041,938,751,754,911,656,1053,722,952,780
tmod4,8,24,27,36,3,11,31,6,8,3,2,4
tmpo,1388,1043,1648,1321,1587,1028,1399,947,1926,1007,1504,1015
tmppe,134,84,231,145,105,92,138,142,183,91,133,131
tmprss11a,35,68,79,46,53,51,64,45,89,76,51,33
tmprss11b,35,29,83,39,39,28,29,57,69,44,58,45
tmprss11d,5,4,20,4,3,6,14,8,9,7,7,7
tmprss11e,2,3,1,0,1,0,0,1,2,0,1,2
tmprss11f,1,0,4,0,1,0,4,0,3,0,5,1
tmprss12,0,0,0,0,0,0,0,0,0,0,0,0
tmprss13,2,1,4,2,0,0,6,0,5,1,1,2
tmprss15,1,0,0,0,8,0,12,0,6,0,10,0
tmprss2,326,105,439,122,356,125,315,199,424,108,889,99
tmprss3,0,0,0,0,1,0,0,0,2,0,1,0
tmprss4,266,14,90,16,315,10,242,20,171,17,82,21
tmprss5,0,1,0,0,2,1,1,0,2,2,2,2
tmprss6,9893,7151,8134,7439,9628,7767,7678,6119,9514,7092,9758,8378
tmprss7,18,0,5,1,7,0,20,0,4,0,4,0
tmprss9,3,5,10,3,4,8,6,2,5,9,2,5
tmsb10,672,178,1292,368,648,197,462,152,743,238,641,196
tmsb15a,0,0,0,0,0,0,0,0,1,0,0,0
tmsb4x,8374,4323,7335,6191,8725,3448,9284,3548,10981,4111,9796,3617
tmtc1,146,89,146,245,103,71,171,77,149,73,86,88
tmtc2,82,89,125,147,94,66,160,122,160,80,78,130
tmtc3,273,285,494,343,270,251,407,302,486,267,400,334
tmtc4,125,107,368,103,153,125,164,153,242,82,163,129
tmub1,106,74,75,80,95,78,69,74,102,95,82,81
tmub2,563,386,532,359,580,387,537,422,632,325,549,391
tmx1,954,1238,1116,1190,1010,1174,1018,1120,1378,1113,1143,1125
tmx2,1217,1055,1401,1003,1225,1177,1219,1169,1808,1218,1484,1396
tmx3,937,994,1116,996,984,836,1065,700,1470,843,1630,889
tmx4,681,687,1092,678,640,732,731,900,1237,776,512,984
tnc,205,50,332,133,198,84,192,51,257,47,136,303
tnf,31,7,14,15,25,3,21,11,32,14,13,9
tnfaip1,1147,576,1180,785,1040,615,1098,576,1239,619,1211,656
tnfaip2,1325,644,2546,750,1222,677,773,486,944,826,606,419
tnfaip3,360,94,356,162,468,88,473,72,659,99,372,78
tnfaip6,13,10,39,8,5,4,19,3,20,14,18,13
tnfaip8,251,109,256,243,263,128,296,122,367,127,314,138
tnfaip8l1,632,629,449,496,649,544,631,387,706,601,617,376
tnfaip8l2,126,51,129,87,122,23,154,36,126,54,116,54
tnfaip8l3,20,29,5,16,21,4,8,14,43,14,9,12
tnfrsf10b,110,42,273,58,64,26,121,37,140,56,114,48
tnfrsf11a,155,54,196,90,120,53,202,66,171,68,169,58
tnfrsf11b,115,138,134,186,80,86,103,111,164,107,41,153
tnfrsf12a,1034,97,1472,111,455,107,1023,85,651,78,1997,98
tnfrsf13b,33,14,32,34,29,9,25,12,53,10,21,12
tnfrsf13c,44,15,51,41,29,14,39,25,60,27,47,33
tnfrsf14,103,54,99,79,59,62,87,60,125,67,76,61
tnfrsf17,3,1,0,6,1,0,6,1,5,1,0,1
tnfrsf18,49,9,92,20,19,7,20,14,31,17,37,9
tnfrsf19,137,85,339,82,210,108,132,112,345,74,154,79
tnfrsf1a,1576,790,1583,985,1202,863,1211,832,1213,804,929,771
tnfrsf1b,809,510,1113,819,808,682,1106,516,1090,632,995,653
tnfrsf21,457,162,460,214,227,131,355,132,254,145,210,172
tnfrsf25,4,5,11,15,1,5,6,5,14,8,11,8
tnfrsf4,5,5,11,4,14,4,4,6,13,5,17,7
tnfrsf8,1,2,10,2,5,1,1,0,3,2,3,0
tnfrsf9,15,1,66,3,26,1,16,7,30,2,35,3
tnfsf10,355,209,223,226,461,186,190,217,440,214,257,195
tnfsf11,7,0,3,1,0,1,1,0,3,7,9,6
tnfsf12,181,69,135,133,110,98,137,117,151,90,89,70
tnfsf13,627,44,470,94,206,40,154,61,139,54,165,41
tnfsf13b,37,9,29,29,37,13,33,11,48,11,45,8
tnfsf14,7,4,16,9,8,5,7,4,21,8,13,11
tnfsf15,5,4,9,10,7,2,4,3,25,8,7,5
tnfsf18,2,0,6,3,0,0,4,0,5,0,0,1
tnfsf4,0,0,4,1,2,0,1,0,0,1,2,0
tnfsf8,12,4,8,8,11,3,17,3,26,1,14,2
tnfsf9,4,3,26,5,2,4,1,1,4,0,2,3
tnik,178,82,264,130,92,115,138,89,112,76,149,72
tnip1,552,125,375,238,622,112,436,126,594,175,521,145
tnip2,171,121,190,108,143,88,185,133,248,123,195,147
tnip3,21,8,15,10,6,8,17,9,31,17,19,13
tnk1,4,5,5,6,6,0,6,3,2,10,6,3
tnk2,351,226,294,247,221,218,289,204,226,194,211,236
tnks,815,547,1014,754,677,573,786,737,906,604,911,726
tnks2,2171,1872,3474,2012,2050,1908,2384,2003,2838,1909,2979,1998
tnmd,1,3,0,10,1,0,1,0,0,0,0,0
tnn,0,0,1,0,0,1,0,3,1,1,0,1
tnnc1,17,32,47,28,15,9,48,10,27,16,27,14
tnnc2,128,476,348,322,0,23,555,62,14,0,0,0
tnni1,3,14,12,32,1,2,31,0,6,2,6,3
tnni2,105,502,341,485,8,21,604,63,22,2,2,6
tnni3,2,5,3,13,5,2,6,5,4,5,3,3
tnni3k,0,0,0,0,0,0,0,0,0,0,0,0
tnnt1,16,50,64,46,22,24,56,14,19,11,10,12
tnnt2,19,31,11,52,28,9,30,17,17,35,6,40
tnnt3,211,859,720,785,0,27,1201,134,25,0,1,0
tnp1,0,0,0,0,0,0,0,0,0,0,0,0
tnp2,0,0,0,0,0,0,0,0,0,0,0,0
tnpo1,3096,3127,4492,3073,3202,3050,3501,3244,4152,3119,3612,3010
tnpo2,1180,686,1348,788,971,772,979,802,1072,741,952,813
tnpo3,1122,1253,1324,1232,1089,1180,1265,1244,1580,1295,1009,1365
tnr,4,18,200,16,11,8,5,19,30,20,18,23
tnrc18,379,214,408,396,276,244,332,326,346,257,238,305
tnrc6a,835,793,1536,857,762,771,912,986,1260,873,852,983
tnrc6b,1100,963,1468,1133,1079,1047,1120,1377,1819,972,1414,1141
tnrc6c,452,323,596,430,429,335,478,432,603,336,372,403
tns1,2085,951,2892,1631,1909,1059,2507,1399,2198,1088,2870,1273
tns2,922,449,1094,813,609,481,554,625,1006,595,628,511
tns3,1573,778,1274,1537,1479,869,1282,847,2078,788,1457,845
tns4,29,9,40,30,20,9,29,27,27,24,30,9
tnxa,0,4,4,1,1,0,1,0,1,0,0,3
tnxb,404,263,259,1026,364,370,373,294,416,325,188,278
tob1,1009,1376,1400,1902,1233,1261,1639,1075,1366,1116,786,1653
tob2,606,273,916,727,599,650,754,467,994,346,787,327
toe1,238,230,265,213,203,203,218,179,307,176,297,200
tollip,1097,906,1289,1035,905,955,929,1064,1064,754,684,934
tom1,426,401,312,344,358,371,340,393,417,386,323,378
tom1l1,461,582,474,474,617,516,538,562,652,455,605,586
tom1l2,502,334,526,407,420,411,473,438,599,409,422,435
tomm20,2279,1409,2067,1738,1927,1586,1870,1208,2046,1207,2278,1452
tomm20l,0,0,0,1,0,1,1,0,2,0,0,0
tomm22,1280,829,1549,743,1217,802,1131,790,1365,792,1589,789
tomm34,294,161,359,223,254,177,240,142,383,186,315,210
tomm40,539,368,776,461,398,344,445,392,474,377,314,431
tomm40l,700,358,753,422,685,457,571,497,836,469,715,311
tomm5,612,524,622,556,658,523,579,414,720,516,730,506
tomm6,977,624,928,733,939,731,951,653,894,640,886,694
tomm7,1422,1200,1406,1242,1636,1275,1401,1095,1780,1262,1854,1135
tonsl,1228,774,1009,718,1151,837,1010,789,1302,791,1211,843
top1,1274,1156,1684,1499,1256,1186,1359,1164,1796,1232,1323,1384
top1mt,425,329,367,286,450,354,407,279,581,305,600,347
top2a,516,210,956,221,715,174,930,252,987,259,761,327
top2b,1760,1864,1774,2357,1800,1901,1748,1985,2378,1791,1648,1898
top3a,187,138,165,170,195,141,140,150,207,153,174,116
top3b,548,429,628,454,521,481,512,450,699,470,422,494
topaz1,0,0,1,0,4,0,0,0,4,0,3,0
topbp1,454,259,754,358,422,306,533,384,655,371,547,335
topors,782,869,811,874,762,811,785,906,1045,905,996,890
tor1a,1050,590,1069,547,846,618,849,595,1415,653,1025,500
tor1aip1,1042,799,1489,975,1068,910,1126,887,1377,730,1268,938
tor1aip2,4581,3919,6879,3594,4909,4131,4633,4163,6572,3840,6542,4446
tor1b,1283,710,1710,690,1037,702,1284,856,2118,844,1046,720
tor2a,762,532,1027,544,637,491,662,540,937,507,688,521
tor3a,321,132,276,189,358,115,284,118,350,141,225,149
tor4a,749,135,1495,245,506,130,468,133,394,129,523,132
tox,57,36,90,36,44,24,44,26,53,27,51,39
tox2,8,2,19,0,7,2,10,0,9,1,13,0
tox3,7,1,16,1,8,0,6,3,14,1,4,2
tox4,1100,937,1076,1011,1003,899,1041,833,1272,900,785,923
tpbg,5,1,39,13,6,1,8,2,8,5,4,5
tpbgl,129,91,61,163,132,137,128,87,76,99,58,96
tpcn1,423,281,431,431,415,352,431,523,525,358,464,429
tpcn2,146,39,171,77,84,66,150,70,204,65,135,69
tpd52,951,374,1074,477,721,363,838,476,949,401,839,377
tpd52l1,140,116,130,111,121,135,153,114,140,112,117,111
tpd52l2,1228,874,1331,1037,1170,794,1089,754,1483,764,1430,733
tpgs1,256,190,250,191,258,185,249,171,259,183,227,140
tpgs2,154,132,128,131,159,150,114,137,185,141,148,157
tph1,11,4,11,11,4,3,2,4,14,4,4,4
tph2,1,0,0,0,0,1,0,0,0,1,0,0
tpi1,8900,8283,8127,7406,9668,8102,9978,6601,10397,8216,7286,7577
tpk1,506,380,382,414,511,396,500,390,705,421,427,472
tpm1,1654,1096,2881,1121,1188,625,2078,689,1582,619,1257,622
tpm2,242,397,433,438,117,69,658,81,151,95,104,106
tpm3,2630,1501,3123,1798,2269,1486,2639,1427,2580,1367,1936,1605
tpm4,1871,733,2504,1138,1535,780,1659,649,2291,859,2487,944
tpmt,1081,847,1316,703,766,937,948,868,896,921,506,896
tpo,0,0,0,1,0,1,0,0,0,0,0,0
tpp1,1280,1028,1610,1140,1119,1005,1248,1093,1523,1095,1139,996
tpp2,1708,1678,2691,1719,1633,1582,1947,1635,2427,1590,2284,1778
tppp,241,252,207,326,214,212,136,409,378,206,280,440
tppp2,0,0,0,0,0,0,0,0,0,0,0,0
tppp3,40,20,36,120,34,7,40,17,77,61,40,56
tpr,4150,2248,5735,3006,3726,2402,4335,2592,4886,2243,5950,2635
tpra1,599,185,685,242,390,259,377,229,380,241,293,241
tprkb,1914,2514,1185,2429,1905,2670,1503,2563,2704,2560,980,2631
tprn,140,38,171,50,129,36,108,30,143,29,163,44
tpsab1,4,0,22,6,1,1,2,0,5,0,4,2
tpsb2,55,13,255,115,1,2,5,10,43,6,9,8
tpsg1,2,1,6,7,0,0,0,0,1,0,2,1
tpst1,363,437,334,496,360,432,333,441,425,439,446,421
tpst2,677,455,925,361,754,500,622,400,761,445,1029,453
tpt1,16820,14495,17798,17549,12577,15781,14467,12638,14486,14166,12094,13651
tpte,5,5,11,23,7,9,17,11,15,11,6,9
tpx2,116,10,282,15,158,11,179,28,179,28,142,21
tra2a,513,598,947,765,559,444,636,347,874,686,637,711
tra2b,908,1230,1351,1374,1016,1172,1098,793,1443,997,1125,1331
trabd,2097,1865,2462,2250,1677,1227,1515,1484,1640,1700,1873,1720
trabd2b,13,3,15,26,13,5,12,5,16,10,10,14
tradd,302,212,258,234,230,214,237,224,264,189,248,188
traf1,54,22,57,36,36,15,40,20,82,12,54,12
traf2,357,205,474,217,409,209,340,214,566,205,384,243
traf3,452,232,557,356,374,203,375,210,483,246,357,325
traf3ip2,78,38,77,121,78,72,69,64,80,67,59,72
traf3ip3,46,36,67,54,45,19,56,36,99,37,47,19
traf4,681,424,816,381,655,503,673,503,817,465,574,470
traf5,288,305,578,500,305,300,360,405,545,370,380,470
traf6,448,369,556,372,344,384,419,441,549,356,439,422
traf7,397,239,543,329,333,225,417,245,452,217,448,266
trafd1,1074,760,985,668,1217,722,1104,821,1514,645,1205,723
traip,10,4,40,5,14,8,15,10,23,13,22,5
trak1,694,606,887,712,529,710,681,795,839,700,424,748
trak2,1130,529,1209,652,843,603,1030,761,1383,558,1467,589
tram1,5928,5144,8972,5615,5556,4943,5687,5304,6092,5083,7630,5793
tram1l1,4,4,9,1,1,2,7,8,11,3,3,7
tram2,105,68,120,119,97,76,147,132,159,65,198,102
trank1,6,2,20,5,11,0,9,3,17,2,12,10
trap1,3947,2713,2349,2863,3539,3357,3104,2728,4871,3003,2334,3449
trappc1,542,542,550,458,679,535,637,498,697,542,669,463
trappc10,618,421,727,671,596,467,693,601,686,485,686,619
trappc11,1241,1031,1267,1036,1096,1002,1014,1085,1345,1092,1359,1119
trappc12,588,496,552,564,534,523,505,452,589,403,498,498
trappc13,764,907,1103,1059,841,971,824,869,990,901,806,1000
trappc2,185,200,157,171,221,156,179,163,286,166,162,180
trappc2l,443,265,390,249,387,265,367,255,432,265,425,262
trappc3,713,680,682,654,757,595,648,625,809,694,810,534
trappc3l,0,0,0,0,0,0,0,0,0,0,0,0
trappc4,440,377,435,374,418,341,413,290,540,318,375,365
trappc5,497,360,552,377,449,366,411,325,473,352,466,393
trappc6a,351,215,276,252,300,233,324,196,312,183,229,229
trappc6b,510,468,599,504,449,440,451,407,598,402,403,459
trappc8,1333,1288,1469,1338,1388,1387,1453,1156,1802,1234,1874,1554
trappc9,467,242,366,278,416,243,366,266,442,264,378,332
trat1,5,4,4,9,0,75,1,95,5,29,20,2
trdmt1,129,224,184,107,141,126,178,112,165,144,147,202
trdn,11,60,38,50,0,2,66,13,2,1,0,0
treh,77,17,38,24,41,30,50,17,102,26,27,30
trem1,11,9,14,13,7,6,18,6,16,19,7,19
trem2,332,133,288,216,351,101,316,167,416,242,255,161
treml1,6,4,4,19,6,1,8,4,4,1,5,2
treml2,43,23,37,24,24,17,29,11,34,13,22,12
treml4,314,125,224,148,225,103,344,105,238,94,125,102
trex1,175,117,155,99,173,78,160,92,175,116,88,95
trex2,4,0,8,0,1,0,8,0,0,1,0,0
trh,0,0,0,0,0,0,0,0,0,0,0,0
trhde,2,117,4,111,4,90,6,98,9,86,0,47
trhr,4,3,11,7,5,6,5,6,8,2,8,7
triap1,293,237,300,252,333,261,250,215,358,219,294,223
trib1,600,558,1129,505,496,398,542,718,709,968,501,721
trib2,105,62,415,97,120,71,119,54,159,48,134,64
trib3,991,54,1150,78,216,61,233,93,358,215,486,32
trim10,25,8,29,9,8,1,21,3,10,7,17,7
trim11,302,258,475,291,295,232,300,285,396,285,330,267
trim13,76,92,72,62,77,47,86,60,103,47,117,60
trim14,281,300,281,360,251,263,240,314,282,314,212,246
trim15,10,4,12,4,5,2,3,7,17,4,10,9
trim16,32,15,57,26,22,11,30,18,42,15,97,11
trim17,20,20,33,28,26,11,23,25,52,32,24,31
trim2,1016,989,1381,1139,1161,1127,1180,814,1008,969,1283,1203
trim21,267,284,313,215,305,229,225,285,441,272,232,239
trim23,572,568,624,671,525,654,526,551,643,553,567,554
trim24,950,329,1036,537,654,374,690,768,840,432,1016,366
trim25,1935,913,1723,1282,1614,1165,1636,1345,2032,1021,1688,609
trim26,764,403,813,537,657,471,615,567,802,501,806,509
trim27,487,284,731,424,367,321,342,323,334,287,288,357
trim28,1254,854,1606,1021,963,981,1207,946,1233,833,915,958
trim29,6,0,4,2,3,0,20,2,4,4,0,0
trim3,203,117,249,177,166,114,206,154,216,131,156,146
trim31,0,0,0,0,0,0,0,0,0,0,0,0
trim32,207,187,226,193,198,145,213,170,274,159,320,176
trim33,680,503,733,619,639,579,743,613,826,543,693,594
trim35,386,178,306,360,363,147,344,138,415,153,284,188
trim36,24,8,28,9,21,11,27,12,27,14,21,17
trim37,383,305,341,379,402,318,479,259,511,296,456,331
trim38,0,0,1,0,1,1,2,0,0,0,1,1
trim39,242,179,463,196,193,181,291,231,370,210,307,226
trim40,0,0,0,0,0,0,0,1,1,0,0,0
trim41,503,357,579,377,529,336,524,379,600,395,486,416
trim42,0,0,0,0,0,0,0,0,0,0,0,0
trim44,2009,925,2105,1245,1561,1033,1503,1047,2007,1032,1864,1091
trim45,32,27,37,25,40,9,28,15,32,18,22,17
trim46,18,0,28,6,13,9,13,1,19,5,6,7
trim47,318,68,218,118,322,54,208,62,323,63,410,80
trim5,127,70,109,102,150,67,97,111,150,92,78,65
trim50,4,2,4,1,2,2,3,6,6,4,3,7
trim52,17,23,24,25,21,21,24,24,35,20,18,27
trim54,5,8,11,13,0,0,13,3,1,0,0,0
trim55,1,3,2,3,0,0,11,1,0,0,0,0
trim56,1017,614,1516,745,860,708,855,749,1176,670,1374,684
trim58,2,0,1,1,2,0,0,0,1,2,1,0
trim59,34,12,50,34,30,10,59,9,51,13,65,25
trim6,66,22,189,26,50,21,38,26,71,29,20,17
trim60,18,0,3,0,9,0,1,0,12,0,12,0
trim61,10,0,1,0,11,0,4,0,7,0,14,0
trim62,26,15,21,11,12,14,15,12,19,9,14,19
trim63,10,17,17,21,7,4,29,4,15,5,8,6
trim65,247,164,275,227,260,147,185,153,306,173,152,183
trim66,5,1,2,7,2,3,2,4,3,0,0,1
trim67,4,4,17,9,8,12,5,6,12,8,8,9
trim68,72,51,140,44,72,46,47,48,83,53,69,56
trim69,2,1,5,1,3,0,2,4,8,2,6,0
trim7,259,187,234,149,294,163,277,141,459,171,355,165
trim71,8,1,10,5,7,2,11,5,6,5,0,2
trim72,10,14,18,12,0,9,32,11,3,7,1,7
trim8,498,237,564,335,331,266,383,339,414,275,254,315
trim9,3,4,8,4,5,0,2,3,3,1,7,4
triml1,15,22,39,42,19,15,15,35,46,24,32,62
triml2,3,2,3,5,1,1,4,5,5,2,4,6
trio,983,444,1285,688,776,508,916,559,1332,521,1261,645
triobp,517,192,495,238,413,173,388,235,509,194,398,219
trip10,231,124,226,148,169,87,162,118,195,103,190,114
trip11,1098,1117,1471,1415,951,1130,1054,1200,1424,1121,1237,1376
trip12,4754,3284,8794,4163,4915,3763,5176,4113,6328,3741,8798,3887
trip13,47,11,65,14,38,12,45,22,40,10,34,9
trip4,953,1586,1077,1565,1172,1618,1019,1920,1670,1756,1121,1611
trip6,428,182,361,182,344,189,370,177,436,151,455,197
triqk,14,12,15,11,29,7,13,12,30,12,27,7
trit1,257,229,282,194,223,216,194,279,317,242,280,338
trmo,77,81,78,73,63,97,71,61,103,79,98,73
trmt1,580,319,656,441,419,414,469,392,518,357,376,417
trmt10a,137,135,270,134,175,138,199,133,230,166,198,144
trmt10b,106,114,103,87,119,91,112,74,146,97,144,113
trmt10c,492,567,526,612,560,587,569,549,759,546,509,645
trmt11,218,204,248,233,286,198,268,177,349,220,455,227
trmt112,444,372,432,383,435,424,410,312,429,336,414,366
trmt13,86,84,183,90,96,85,105,108,154,89,101,123
trmt1l,389,292,619,415,441,413,397,364,552,368,406,439
trmt2a,493,283,559,356,434,288,399,272,544,286,402,318
trmt2b,915,859,665,754,884,741,703,799,1222,858,583,799
trmt44,109,60,132,71,94,86,84,76,144,82,131,94
trmt5,176,183,193,192,184,165,149,149,244,227,204,175
trmt6,364,325,546,346,338,262,360,291,481,280,427,328
trmt61a,137,67,184,107,115,94,90,89,142,88,85,78
trmu,198,102,255,161,169,117,188,122,237,154,232,164
trnau1ap,521,392,499,400,573,390,411,337,632,352,702,328
trnp1,5,1,4,16,7,2,11,6,7,2,2,4
trnt1,711,735,675,686,686,627,753,646,1003,638,700,649
tro,16,9,43,37,30,27,33,18,35,13,28,37
troap,10,1,11,0,10,2,16,1,17,2,11,0
trpa1,0,0,3,0,0,0,0,0,4,0,8,0
trpc1,22,20,28,40,23,15,23,15,29,16,36,13
trpc2,0,1,0,1,1,0,0,0,6,5,0,4
trpc3,15,6,17,15,15,10,18,8,15,11,14,13
trpc4,1,2,0,0,0,0,1,0,0,0,1,0
trpc4ap,1932,1431,2060,1578,1574,1438,1565,1411,2163,1374,1531,1520
trpc5,1,0,1,0,2,0,0,0,0,1,2,1
trpc6,16,3,18,11,9,3,12,2,17,6,21,4
trpc7,1,0,3,0,0,2,5,3,3,4,2,2
trpm1,3,7,13,7,2,6,5,5,11,2,7,8
trpm2,429,271,511,294,343,258,516,228,425,228,411,225
trpm3,3,0,0,0,3,2,3,2,0,1,2,2
trpm4,130,25,376,50,45,27,59,53,95,39,95,33
trpm5,7,2,19,3,6,5,4,8,9,3,4,2
trpm6,17,7,27,23,11,6,13,12,15,3,7,9
trpm7,1820,1531,2585,1746,1479,1553,1665,2042,2812,1600,2310,1500
trpm8,10,0,8,7,6,1,5,3,13,1,10,3
trps1,188,91,189,232,155,83,186,84,239,109,172,132
trpt1,43,48,42,53,50,48,34,40,51,53,46,61
trpv1,1,2,3,3,3,0,1,1,4,2,0,1
trpv2,123,46,146,77,102,50,140,47,117,40,117,68
trpv3,3,2,6,4,4,5,7,4,7,4,4,3
trpv4,42,7,35,25,33,11,38,11,93,10,148,9
trpv5,0,0,0,0,0,0,0,0,0,0,0,0
trpv6,2,2,2,1,2,1,1,5,0,6,1,2
trrap,1017,609,1545,888,997,748,1233,743,1453,640,1404,906
trub1,215,214,201,215,213,184,216,236,317,243,200,276
trub2,374,256,368,290,311,261,337,238,448,221,299,213
tsacc,37,29,36,48,49,25,28,42,46,49,37,44
tsc1,615,617,855,560,576,551,557,614,943,603,578,767
tsc2,825,500,727,725,751,537,798,584,758,476,881,687
tsc22d1,1381,1221,1983,2322,1474,1152,1486,1119,1636,1480,2441,1519
tsc22d2,577,501,936,671,485,654,774,564,662,397,621,720
tsc22d3,865,828,1397,3769,2140,1997,3451,1009,2954,1122,2398,1403
tsc22d4,320,129,361,190,271,161,308,188,285,137,317,170
tsen15,146,109,194,150,136,140,134,111,175,114,111,143
tsen2,189,142,182,133,177,126,180,115,236,121,159,138
tsen34,538,408,545,480,527,394,501,355,548,360,415,433
tsen54,179,117,164,119,269,95,226,97,244,131,188,116
tsfm,212,196,216,210,252,194,229,187,220,165,189,223
tsg101,712,683,1017,697,651,591,702,608,823,637,688,662
tsga10,62,61,53,94,62,54,62,43,92,68,97,49
tsga10ip,3,1,4,0,2,6,3,3,5,2,3,3
tsga13,1,0,4,1,2,0,1,0,3,2,0,2
tshb,14,13,33,12,10,6,12,14,26,6,13,28
tshr,2,2,2,2,1,0,3,1,0,0,5,4
tshz1,286,251,311,339,236,333,221,324,305,257,193,333
tshz2,323,287,382,390,226,356,244,347,303,213,327,339
tshz3,26,21,46,35,23,19,27,21,39,11,32,15
tsks,1,1,1,1,1,1,0,0,1,1,2,0
tsku,716,398,2442,848,1248,616,1958,1102,1771,567,1170,381
tslp,6,5,6,5,7,3,3,2,4,2,6,3
tsn,1202,987,1593,931,1341,953,1326,1038,1642,997,1472,1062
tsnax,997,649,1016,672,774,722,878,626,1012,592,1034,666
tsnaxip1,0,0,1,1,0,1,2,0,1,0,3,0
tspan1,2,1,4,1,1,1,1,4,5,1,0,3
tspan10,0,0,0,0,1,0,2,0,8,0,2,0
tspan11,1,0,1,1,0,1,1,1,1,1,1,2
tspan12,2963,3800,2941,3526,3011,3610,2812,3581,3621,3433,1836,3671
tspan13,94,31,203,86,86,18,93,74,118,54,124,52
tspan14,568,524,652,423,583,436,588,372,823,481,578,573
tspan15,327,106,242,105,282,62,264,101,297,85,416,91
tspan17,141,29,188,49,78,21,109,29,151,28,110,36
tspan18,90,55,142,79,79,68,70,66,126,61,113,89
tspan2,137,60,457,64,69,49,87,41,80,36,56,48
tspan3,226,73,250,249,252,89,214,91,270,85,211,101
tspan31,3314,3019,2986,3093,3459,3114,3317,3336,3611,3348,2630,3298
tspan32,56,17,64,57,56,15,62,11,77,20,66,17
tspan33,208,210,406,229,69,213,151,172,79,207,64,259
tspan4,1302,858,1704,887,763,760,970,970,1115,619,637,671
tspan5,48,18,256,90,28,17,46,31,49,34,42,29
tspan6,33,12,68,19,37,6,30,14,67,12,59,21
tspan7,636,396,461,520,562,490,572,458,449,447,277,509
tspan8,2789,44,5822,48,305,28,336,100,734,44,3583,41
tspan9,1584,709,2113,789,1286,755,1252,781,1245,729,1043,845
tspear,4,3,1,2,0,1,2,0,2,3,5,1
tspo,2576,1163,2208,1178,2423,936,1867,842,2546,1043,2829,857
tspo2,2,1,7,1,8,2,7,4,3,4,6,3
tspyl1,665,591,552,683,638,620,578,514,662,504,525,585
tspyl2,207,126,280,202,135,60,168,104,234,125,163,122
tspyl4,63,181,57,229,70,221,54,104,75,141,39,143
tspyl5,18,28,5,28,5,11,8,6,18,7,3,10
tsr1,559,456,975,650,534,571,681,539,839,547,669,538
tsr2,330,207,217,218,244,202,251,169,371,188,183,251
tsr3,283,205,273,238,274,206,324,226,317,247,365,206
tssc4,286,273,349,306,270,234,229,195,318,242,277,241
tssk2,1,0,2,2,0,2,2,1,6,1,1,0
tssk3,0,0,0,2,0,0,1,0,1,0,1,3
tssk4,2,3,4,1,1,1,3,1,4,3,6,1
tssk6,6,2,3,5,3,4,3,5,7,7,1,2
tst,3858,3967,4226,3650,3925,4224,3071,3617,4482,4172,3641,4167
tstd1,2439,267,4217,163,827,320,1800,153,1181,253,2058,243
tstd2,501,390,647,460,473,381,498,435,640,375,556,470
ttbk1,19,20,21,20,23,10,19,11,31,18,116,7
ttbk2,369,266,1046,285,348,217,348,292,580,200,722,296
ttc1,459,371,514,354,539,348,519,354,535,340,600,309
ttc12,33,14,59,15,21,12,33,18,41,12,22,12
ttc13,613,545,710,563,596,561,591,616,714,599,603,594
ttc14,703,782,1024,853,683,647,728,841,1305,879,711,762
ttc16,23,3,19,2,9,3,4,6,30,3,20,4
ttc17,652,366,901,453,491,450,582,500,764,448,632,503
ttc19,295,278,287,336,296,322,353,364,437,292,343,280
ttc21a,3,0,0,2,0,2,6,2,4,0,2,0
ttc21b,163,139,170,126,148,119,130,103,330,116,169,106
ttc22,4,1,4,1,6,2,4,1,7,1,27,1
ttc23,775,629,684,593,777,697,846,522,1129,635,1037,620
ttc23l,0,0,0,0,0,0,1,0,0,0,1,0
ttc24,0,0,0,0,0,0,0,0,1,0,0,1
ttc27,359,314,339,330,365,309,397,293,511,327,530,322
ttc28,96,32,76,125,83,49,95,48,73,44,116,58
ttc29,0,0,0,0,0,0,0,0,0,0,0,0
ttc3,1167,758,1309,947,1165,612,1482,720,1803,825,1316,916
ttc32,204,269,212,244,280,238,196,186,279,231,220,241
ttc33,641,553,564,496,683,508,550,475,828,584,854,501
ttc34,0,3,0,0,0,0,0,0,0,0,0,0
ttc36,6159,7988,4509,7578,6187,9176,5696,7076,6368,7389,3403,7259
ttc38,1844,1458,2249,1619,1779,1611,1362,1526,1911,1719,1069,1675
ttc39a,188,25,178,28,145,14,118,65,203,39,231,39
ttc39b,643,1033,754,1033,623,1128,696,1648,1020,979,615,1010
ttc39c,2536,7222,2723,6132,3831,10398,2337,9492,4434,7785,1878,9316
ttc4,436,435,394,428,499,451,462,478,656,470,456,462
ttc5,289,247,272,218,283,186,252,199,326,192,297,208
ttc6,31,45,30,38,24,49,25,50,59,38,28,41
ttc7b,213,206,172,272,244,237,228,282,246,258,119,316
ttc8,127,92,112,96,128,101,104,85,186,87,124,101
ttc9,15,5,19,28,5,3,11,4,8,5,14,8
ttc9b,0,0,0,1,1,1,0,0,1,0,1,0
ttc9c,533,430,543,405,593,404,500,439,622,423,610,453
ttf1,275,247,494,255,262,271,277,281,460,229,293,313
ttf2,212,115,220,127,234,117,248,157,263,133,180,176
tti1,352,269,452,329,336,285,311,290,501,269,429,370
tti2,210,233,249,219,241,233,207,235,341,257,281,256
ttk,43,1,61,5,47,5,59,6,47,8,49,5
ttl,197,115,199,131,160,100,147,86,263,78,187,127
ttll1,139,80,122,85,111,80,95,68,158,63,149,94
ttll10,8,0,8,1,7,2,8,6,12,1,10,3
ttll11,8,5,12,4,3,2,11,5,6,5,3,3
ttll12,379,140,369,206,261,164,238,124,291,150,226,177
ttll13,9,7,9,9,7,15,9,10,17,14,12,15
ttll2,2,2,1,0,1,0,3,3,3,1,9,0
ttll3,31,19,74,21,29,14,35,19,48,16,23,30
ttll4,576,359,1046,556,638,495,757,588,811,482,667,615
ttll5,217,137,285,171,188,173,166,253,271,160,137,213
ttll6,0,0,2,0,0,0,0,0,0,0,0,0
ttll7,126,85,157,101,105,75,174,77,142,85,318,76
ttll9,3,5,3,0,4,1,2,6,5,2,6,6
ttn,559,2397,1710,2524,52,160,3073,638,324,31,114,43
ttpa,10966,12462,6332,13934,12685,11827,12008,11072,14721,10258,21788,11765
ttpal,566,439,1009,631,460,524,729,566,699,566,712,556
ttr,78221,104729,81584,77840,90776,89162,61194,69371,113473,112107,76167,114752
ttyh1,45,69,70,77,83,71,91,84,83,58,61,97
ttyh2,1656,1098,2114,1181,1634,1171,1638,1175,1929,1164,1543,1364
ttyh3,189,83,161,125,160,78,199,100,154,53,210,70
tub,2,3,12,13,0,3,11,8,4,2,6,12
tuba1a,564,224,1878,672,560,206,547,141,852,292,683,375
tuba1b,3328,1276,6153,2244,3321,1608,3195,1208,3799,1503,3334,1835
tuba1c,2959,2079,5906,2831,4282,2385,2992,2007,4343,2652,4003,2804
tuba4a,2325,3226,5008,3508,3519,3153,3144,2196,3573,3904,3312,4549
tuba8,121,29,347,38,222,8,140,46,149,35,125,14
tubal3,1,2,2,1,2,1,0,5,3,3,0,2
tubb1,28,18,21,59,11,8,58,4,17,8,9,8
tubb2a,4482,2304,10991,2290,5332,2121,5256,477,4873,2284,3604,4008
tubb2b,64,7,448,48,132,2,31,7,194,11,161,4
tubb3,16,0,21,4,18,3,20,4,17,1,4,3
tubb4a,2,2,9,8,4,2,5,4,4,9,3,6
tubb4b,4344,2524,10327,3405,4104,2652,4547,1791,4358,2677,3692,3563
tubb6,502,152,969,233,385,148,519,155,501,196,541,254
tubd1,67,79,77,100,105,77,88,88,100,103,68,88
tube1,11,21,18,11,16,27,21,32,19,30,15,26
tubg1,368,370,357,424,472,318,417,301,322,319,395,371
tubg2,9,1,5,5,6,2,3,6,6,3,4,2
tubgcp2,331,222,391,284,306,245,313,223,399,206,289,260
tubgcp3,360,331,408,359,351,318,327,356,510,319,435,337
tubgcp4,644,456,992,577,603,428,862,485,897,539,688,561
tubgcp5,216,189,359,198,196,175,243,207,321,217,308,173
tubgcp6,370,244,516,264,354,216,315,306,505,264,453,301
tufm,2363,1575,2067,1635,2009,1732,1837,1563,2125,1511,1593,1926
tuft1,377,105,462,107,279,91,425,191,444,96,353,292
tulp1,16,6,19,8,11,4,6,17,24,12,8,11
tulp2,22,8,13,12,23,13,11,12,41,13,8,12
tulp3,69,54,127,81,68,44,107,60,138,66,111,88
tulp4,1263,940,1314,1402,1088,951,1225,1160,1375,1050,1271,1071
tusc1,25,22,34,17,32,31,20,25,31,22,21,15
tusc2,480,558,477,551,462,527,457,485,585,491,423,499
tusc3,480,229,400,278,388,225,339,238,470,311,340,266
tut1,310,203,460,251,243,254,308,251,317,196,319,318
tvp23a,22,12,22,16,20,9,31,7,29,7,22,12
tvp23b,918,678,1038,617,737,510,841,418,1050,583,984,578
twf1,2097,1219,2419,1319,1759,1246,1958,1208,2130,1111,2866,1148
twf2,327,155,375,154,282,117,385,88,343,118,340,72
twist1,15,4,11,15,23,5,22,3,21,6,16,7
twist2,6,4,1,5,2,0,2,3,6,1,2,2
twsg1,1242,922,1206,1432,1143,1030,1289,981,1578,934,2124,1008
txk,15,31,45,37,30,15,24,25,58,22,33,50
txlna,591,501,814,780,531,501,578,526,632,556,630,628
txlnb,15,31,39,22,7,4,57,13,19,7,7,8
txlng,583,716,665,821,599,600,504,692,828,1038,499,691
txn2,2309,1561,2290,1709,2258,1745,2016,1628,2538,1824,1840,1656
txndc11,606,490,813,764,508,535,548,596,796,570,397,718
txndc12,716,591,730,478,691,543,663,532,852,618,905,601
txndc15,1237,1984,1188,1869,1314,1746,1224,1478,1543,1801,1102,1784
txndc16,214,185,248,232,238,170,224,227,391,197,212,211
txndc17,1622,939,1349,1003,1671,952,1608,933,1837,916,1564,931
txndc2,4,0,24,0,4,0,0,1,3,0,21,0
txndc5,3173,3303,7326,4085,2546,2304,3054,2897,3418,3334,2450,3498
txndc8,0,0,0,0,0,0,0,0,0,0,0,0
txndc9,1220,1079,1590,1025,1353,966,1249,950,1886,1093,1974,1090
txnip,4629,1934,2794,2862,2913,1841,2869,1783,3664,1892,3034,2104
txnl1,2481,2477,2189,2558,2550,2234,2672,1852,3132,2257,2978,2535
txnl4a,349,221,235,254,314,247,309,230,452,272,314,249
txnl4b,216,185,182,184,192,208,166,175,253,204,189,219
txnrd1,3860,2363,8052,2827,4241,2564,5585,2341,4163,2211,3765,2787
txnrd2,386,446,421,463,445,451,411,396,522,379,291,453
txnrd3,94,120,90,106,92,158,99,219,166,112,86,132
tyk2,576,415,659,438,472,402,558,475,635,387,443,518
tymp,1296,2111,793,1709,1625,2151,1482,1204,1671,1584,1389,1880
tyms,311,292,450,298,343,273,354,318,487,333,366,333
tyr,8,3,16,5,5,2,14,5,11,12,6,10
tyro3,23,6,33,9,7,1,10,21,14,11,17,12
tyrobp,1537,709,1199,874,1548,424,1632,583,1640,765,1329,607
tyrp1,0,0,0,0,0,0,0,0,0,0,0,0
tysnd1,716,707,625,795,747,558,612,569,657,580,514,650
tyw1,505,422,632,211,565,360,568,366,705,416,775,359
tyw3,48,35,45,32,37,41,36,26,54,41,37,47
tyw5,223,253,322,216,248,199,225,153,275,203,367,222
u2af1,588,838,712,791,628,805,699,583,830,809,684,785
u2af1l4,207,194,287,184,185,181,196,189,256,222,179,164
u2af2,986,708,1419,863,900,813,860,782,1097,662,748,831
u2surp,940,1249,1287,1272,966,1167,1105,1312,1601,1231,1264,1231
uaca,294,173,520,261,253,208,249,252,294,191,367,195
uap1,749,912,1230,1066,802,731,891,727,1124,844,1076,962
uap1l1,1135,113,1634,196,724,145,814,169,1438,164,1643,114
uba1,5074,3328,4574,4009,4196,3954,3907,3602,5197,3290,3294,4155
uba2,1032,726,1486,840,912,776,999,720,1069,718,977,749
uba3,1125,880,1657,962,1239,863,1304,841,1451,972,1217,912
uba5,716,886,1116,1040,597,725,732,806,850,945,628,947
uba52,6051,4924,7300,5209,5610,5202,5733,3969,6132,4906,5808,4849
uba6,464,480,543,517,545,336,611,310,734,367,847,547
uba7,440,328,647,338,430,328,464,342,665,381,459,346
ubac1,369,313,329,233,350,230,293,297,489,290,289,268
ubac2,496,394,498,408,429,440,441,391,469,405,374,435
ubald1,202,85,244,147,127,157,129,157,225,155,109,156
ubald2,583,323,613,322,462,415,518,360,558,395,494,329
ubap1,729,608,1000,615,711,663,796,662,854,615,936,701
ubap1l,0,1,2,1,4,1,2,1,4,4,1,1
ubap2,177,116,279,138,163,129,174,134,212,106,175,157
ubap2l,763,647,987,830,735,619,892,767,994,612,672,715
ubash3a,9,11,13,14,10,12,14,6,28,4,31,5
ubash3b,110,46,154,108,94,59,117,62,144,59,79,73
ubb,15797,7496,13241,8689,12498,8480,14453,8255,13787,8037,12356,8400
ubc,37792,9706,23904,24128,26722,25016,22443,14673,21355,28680,25881,29384
ubd,2841,21,1161,20,4254,25,3453,14,3815,7,3960,16
ube2a,555,347,415,406,538,353,429,299,499,309,302,376
ube2b,1368,1525,1160,1428,1429,1587,1488,1208,1898,1454,1400,1554
ube2c,59,14,162,10,62,6,127,20,62,14,46,25
ube2d1,112,86,184,91,133,82,128,109,126,72,155,74
ube2d3,5257,5591,5468,6300,5507,5634,5410,4952,6401,4983,4454,5685
ube2d4,0,0,0,0,0,0,0,0,0,0,0,0
ube2e1,604,667,557,721,613,737,599,634,744,660,403,592
ube2e2,240,248,261,242,234,227,233,222,263,169,182,229
ube2e3,628,518,552,596,502,624,480,520,592,436,610,540
ube2f,907,696,1243,706,1064,654,1077,679,1182,775,1221,708
ube2g1,1200,918,843,935,1074,941,1000,947,1187,880,988,922
ube2g2,675,628,1127,840,734,585,889,480,688,574,885,622
ube2h,1686,1358,1414,1298,1293,1407,1297,1188,1605,1342,873,1596
ube2i,1306,957,1611,948,1176,919,1191,950,1570,880,1426,1038
ube2j1,1159,1080,1295,1127,1166,996,1248,987,1409,1031,1456,991
ube2j2,428,397,546,444,441,425,444,489,442,345,449,401
ube2k,902,741,933,879,995,752,852,712,1179,771,1334,771
ube2l3,1695,1415,1594,1498,1574,1314,1452,1254,1858,1139,1105,1448
ube2l6,2098,1222,2679,1086,2217,1153,2030,1322,2959,1386,1633,1306
ube2m,674,428,829,539,628,462,728,442,597,413,459,477
ube2n,783,730,900,838,855,797,858,700,973,763,865,792
ube2nl,1,0,0,0,0,0,0,0,0,0,0,0
ube2o,389,183,516,317,316,171,435,186,329,197,324,237
ube2q1,861,567,902,582,696,573,745,632,735,486,558,591
ube2q2,483,556,719,727,449,635,540,678,642,533,503,624
ube2ql1,1,0,2,6,0,2,1,2,1,2,1,1
ube2r2,1315,1179,1356,1357,1005,1223,949,1179,1227,1106,948,1371
ube2s,491,396,709,494,483,436,617,415,510,391,418,515
ube2t,27,13,64,20,47,16,56,32,63,26,59,27
ube2u,108,106,59,86,113,147,88,112,95,118,136,119
ube2v1,1263,709,1614,881,865,751,920,750,1034,686,909,773
ube2v2,866,708,841,853,868,729,803,517,945,679,768,647
ube2w,575,570,691,588,763,602,644,601,843,513,842,576
ube2z,1258,787,1204,955,1104,842,1184,768,1190,600,1098,869
ube3a,2100,3344,3339,3747,2431,3254,2570,3057,3328,2927,2865,3257
ube3b,900,615,865,758,799,726,867,786,960,559,849,804
ube3c,1437,1303,1410,1389,1496,1337,1435,1388,1945,1370,2255,1519
ube4a,892,1657,1247,1790,1022,1269,1082,1608,1666,1526,998,1545
ube4b,746,634,761,784,580,662,685,788,822,576,603,723
ubfd1,910,1055,1469,1304,810,819,970,835,1025,972,738,1095
ubiad1,235,150,356,211,170,170,178,153,184,172,147,160
ubl3,1749,1025,1476,1411,1665,1148,1698,1006,1739,917,1691,1101
ubl4a,737,306,578,380,534,323,515,383,645,292,385,358
ubl4b,0,0,0,0,0,0,0,0,0,0,0,0
ubl5,954,892,1104,918,886,925,897,821,1040,907,835,916
ubl7,346,269,425,316,290,352,299,324,284,271,227,281
ublcp1,665,663,624,732,812,602,700,729,806,701,605,654
ubn1,724,525,804,680,686,666,726,700,919,544,479,714
ubn2,489,493,843,763,482,503,655,635,803,517,482,704
ubox5,132,125,124,116,125,125,126,144,191,140,118,113
ubp1,732,695,863,814,657,711,700,722,854,627,623,834
ubqln1,2414,2350,3443,2744,2427,2547,2633,2090,2279,2436,1693,3161
ubqln2,311,128,217,299,271,140,208,148,318,116,281,125
ubqln3,0,0,0,0,0,0,0,0,0,0,0,0
ubqln4,541,354,622,471,521,315,472,399,507,381,356,406
ubqlnl,0,0,0,0,0,0,0,0,0,0,0,0
ubr1,967,785,1494,875,785,798,928,821,1369,748,1139,897
ubr2,1203,1232,1478,1401,1105,1252,1456,1434,1328,1352,1550,1345
ubr3,2427,2666,2647,3001,2144,2879,2325,2833,2956,2495,1886,3017
ubr4,2979,2239,3955,3364,2510,2460,3103,3103,3321,2642,2316,3534
ubr5,3170,2619,3665,2976,2608,2752,3025,3190,4221,2594,4098,2867
ubr7,445,415,468,417,436,497,391,441,617,437,428,414
ubtd1,213,95,186,133,182,106,186,131,163,118,131,111
ubtd2,38,3,42,18,26,4,34,11,50,16,47,12
ubtf,1260,849,1205,1026,1128,925,1033,1043,1426,958,934,943
ubxn1,1856,1685,1780,1623,1648,1698,1734,1274,1489,1564,1594,1662
ubxn10,4,1,4,12,2,4,3,3,3,5,6,0
ubxn11,8,0,22,6,11,5,16,9,34,5,17,6
ubxn2a,641,650,599,681,655,609,527,656,710,631,609,707
ubxn2b,120,130,174,169,120,153,158,135,181,106,180,185
ubxn4,3105,2930,3595,3374,3558,1963,3164,1901,4086,2862,3576,2938
ubxn6,1014,715,818,697,960,691,970,688,1055,654,1079,699
ubxn7,1124,1171,992,1119,1131,1192,1125,1224,1635,1130,1056,1287
uchl1,13,2,71,6,7,2,16,4,14,3,55,2
uchl3,347,315,281,328,337,364,277,310,491,297,437,337
uchl5,419,272,566,379,473,320,445,340,541,344,549,335
uck1,732,593,947,611,736,631,596,568,865,597,559,524
uck2,236,164,364,262,168,193,209,308,210,248,127,315
uckl1,434,309,664,357,434,290,382,317,529,342,440,366
ucma,0,1,0,0,0,0,0,0,0,0,0,0
ucn,0,0,0,0,0,0,0,0,0,0,0,0
ucn2,0,1,3,0,0,0,0,0,0,1,0,3
ucn3,0,0,0,0,0,0,0,0,0,0,0,0
ucp1,0,0,1,3,0,0,0,0,0,0,0,9
ucp2,863,232,1064,529,610,257,826,290,709,253,762,316
ucp3,0,0,3,1,1,0,11,1,0,2,1,3
uevld,359,415,627,349,451,418,464,377,589,364,486,414
ufc1,2057,1228,2348,1308,1895,1240,1870,1186,1928,1153,2137,1275
ufl1,681,1189,793,1340,698,832,722,792,983,910,981,1114
ufm1,1435,1345,1340,1446,1468,1223,1255,1155,1522,1099,1010,1300
ufsp1,57,38,67,38,60,40,57,38,73,29,71,31
ufsp2,1005,1012,914,903,1038,934,926,1127,1228,960,1341,1039
ugcg,683,412,772,483,460,394,528,613,722,348,718,438
ugdh,6593,3267,10038,2958,7231,2925,8060,3546,12276,3312,12586,3772
uggt1,2883,2433,4808,2947,2864,2210,2969,3032,3363,2820,4014,3109
uggt2,148,82,253,135,129,88,190,116,199,124,119,116
ugp2,15488,9444,19869,9392,17764,8687,18489,6901,15096,9876,15845,9562
ugt1a1,6370,9441,8438,8883,8554,8229,8251,7516,11947,8141,7626,9884
ugt1a10,36,21,32,32,97,30,54,41,121,31,84,28
ugt1a8,14,0,18,2,11,0,9,14,47,0,13,4
ugt1a9,10818,1312,4986,1617,7566,1696,8073,2305,12608,1914,12145,2771
ugt2a1,0,0,0,0,0,0,0,0,0,0,3,0
ugt2a2,8,3,1,3,3,2,3,3,6,1,7,4
ugt2a3,4548,9645,2589,8695,6025,8826,3380,8858,7638,8570,6852,10301
ugt3a1,1287,2714,628,2433,1620,2244,1120,1872,2133,2058,3047,2283
ugt3a2,5930,9985,2551,8296,8187,9488,4929,10006,10290,10373,7101,10704
uhmk1,2113,1694,3017,2047,2140,1653,2337,1794,2709,1489,3060,1798
uhrf2,1074,876,1164,988,1145,934,1014,918,1186,904,1051,945
uimc1,345,388,488,459,377,409,333,444,521,445,274,494
ulbp1,21,9,52,13,36,6,36,8,38,13,26,13
ulk1,933,409,1250,454,919,757,980,732,939,582,1112,520
ulk2,1194,1514,988,1862,1270,1587,1261,1874,1459,1576,873,1792
ulk3,100,78,158,107,78,58,119,89,121,92,94,102
ulk4,22,17,38,29,17,11,13,15,32,25,13,18
umod,0,1,1,2,6,0,8,1,1,2,1,2
umodl1,0,1,3,2,2,1,2,0,0,1,0,0
umps,1171,681,933,715,1064,668,972,611,1622,793,914,708
unc119,403,75,558,99,370,54,345,65,330,69,328,71
unc119b,933,715,1546,793,976,587,935,538,944,548,995,676
unc13a,57,40,100,53,59,46,58,54,109,37,87,55
unc13b,652,545,601,681,617,529,693,467,1062,504,1361,362
unc13c,0,3,0,1,1,0,0,2,2,0,0,0
unc13d,88,39,126,76,88,40,83,29,114,45,90,46
unc45a,386,200,537,276,270,234,352,221,315,227,258,266
unc45b,47,41,39,96,21,33,41,30,37,30,24,21
unc50,722,615,939,570,842,628,813,577,955,606,1133,554
unc5a,31,24,107,44,40,15,35,34,31,20,10,30
unc5b,501,66,716,108,279,43,329,53,413,87,470,68
unc5c,22,13,60,21,20,12,25,22,59,23,27,19
unc5cl,7,3,5,1,3,1,6,4,12,1,12,2
unc5d,5,9,18,8,5,9,15,10,21,14,9,18
unc79,12,8,90,12,7,5,6,16,19,9,4,14
unc80,8,4,9,13,6,3,7,8,16,7,13,5
unc93a,35,23,60,14,36,16,29,35,50,42,82,29
unc93b1,1469,668,1345,825,1465,659,1460,732,1353,762,1208,682
uncx,5,2,9,4,3,2,4,1,5,3,2,4
ung,124,103,144,137,93,66,99,133,100,94,129,72
unk,137,98,157,118,138,110,128,100,163,92,156,114
unkl,322,316,458,445,384,297,335,327,516,350,303,376
uox,37492,49539,25741,40871,45395,52573,30148,41759,52260,48328,15853,50220
upb1,4034,5496,3618,5153,4725,5855,4722,5294,5761,5286,3183,6276
upf1,1256,638,1090,966,910,753,781,753,965,629,813,795
upf2,443,413,719,475,444,481,527,503,687,411,671,501
upf3a,324,204,306,223,271,215,268,214,341,194,272,234
upf3b,265,213,366,195,256,251,239,252,369,201,246,240
upk1a,1,0,1,0,0,0,1,0,0,0,1,2
upk1b,114,26,41,295,20,40,89,44,118,58,4,48
upk2,0,0,0,0,0,0,0,0,0,0,0,0
upk3a,0,0,3,0,0,0,0,0,0,0,0,0
upp1,99,35,133,37,73,32,73,28,109,24,149,44
upp2,3035,2049,2342,3258,3844,4957,1855,13199,7363,7839,584,4099
uprt,126,65,160,85,89,60,95,67,116,66,95,70
uqcc1,737,685,689,677,703,641,625,606,999,577,586,796
uqcc2,624,406,448,426,693,411,702,376,691,440,1044,413
uqcc3,361,293,338,336,376,367,348,327,350,345,270,325
uqcr10,2605,2110,2118,2089,3444,2244,2727,1830,3288,2225,2454,2248
uqcr11,2760,3225,2652,3316,3980,3524,3592,2606,3609,3425,2942,3348
uqcrb,2418,3476,2435,2975,2933,3456,2563,2871,3480,3328,2563,3909
uqcrc1,3541,3340,2668,3620,3465,3972,3032,3190,3504,3130,2304,3918
uqcrc2,4776,5585,4071,4791,5189,5471,4775,4952,6612,5515,4474,6187
uqcrfs1,4030,4027,3126,3860,4341,3905,3255,3185,3961,3545,2799,3921
uqcrh,3860,4828,3281,4509,4495,4485,3926,3825,4675,4463,4270,4653
uqcrq,2960,2828,2058,3041,3291,3122,2733,2021,2552,2444,2782,2346
urad,448,413,363,422,407,608,508,759,458,478,229,471
urb1,154,73,268,112,151,116,163,136,266,115,140,121
urb2,330,191,379,254,260,228,288,280,398,235,328,269
urgcp,736,421,702,527,623,505,638,557,781,427,522,477
uri1,759,572,806,614,569,514,643,682,750,535,557,492
urm1,376,192,556,229,281,204,287,198,387,205,296,170
uroc1,7085,6437,5343,6152,7064,7747,5810,5444,7184,5931,4411,7649
urod,1234,1372,1235,1264,1383,1354,1219,1160,1508,1424,1386,1290
uros,328,434,557,426,400,443,340,415,451,556,275,454
usb1,209,172,260,149,181,178,174,164,260,145,210,147
use1,1186,974,974,1078,1061,901,1098,759,1149,988,975,844
usf1,645,291,716,341,561,348,433,354,623,355,523,316
usf2,692,625,695,625,560,646,591,687,676,620,434,624
usf3,702,775,842,964,659,769,769,1065,1080,815,587,965
ush1c,2,1,13,3,1,0,1,3,2,0,0,0
ush1g,8,8,14,9,16,3,8,5,8,8,8,6
ush2a,5,4,104,0,20,5,89,0,9,4,8,2
ushbp1,274,167,332,169,251,165,256,145,309,167,261,176
uso1,990,1124,938,1585,1081,978,1083,1015,1059,1045,1399,1238
usp1,573,536,737,602,460,565,572,472,720,545,788,510
usp10,991,821,995,780,956,861,805,891,1114,732,828,976
usp11,38,16,50,63,45,27,53,21,69,19,43,17
usp12,1149,704,1259,727,1079,638,1186,684,1310,618,1147,657
usp13,12,18,26,19,3,7,26,13,8,5,2,6
usp14,1024,1038,1092,1077,1118,996,1129,1001,1534,1015,1308,1164
usp15,1042,1196,1324,1156,1139,1048,1312,1273,1443,1410,1350,1239
usp16,945,842,1148,955,770,870,805,969,1295,894,747,848
usp18,533,206,674,207,614,176,499,366,701,357,379,280
usp19,1054,944,1512,1057,913,1099,1084,1054,1363,1073,925,1171
usp2,99,13,103,65,75,25,123,180,224,38,54,29
usp20,559,85,378,164,498,135,566,131,745,93,279,109
usp21,247,147,251,170,206,147,229,151,274,140,231,175
usp22,914,442,827,587,675,450,752,512,1002,389,766,494
usp24,2282,2227,2353,2835,2028,2388,2142,2657,2932,2433,2126,2773
usp25,1081,784,1073,974,1038,845,1047,928,1194,769,912,931
usp26,0,0,0,0,0,0,0,0,0,0,0,0
usp27x,29,24,27,29,27,15,26,14,44,13,15,37
usp28,148,102,148,111,85,152,131,178,187,88,124,111
usp29,30,52,73,69,39,57,49,75,83,80,44,75
usp3,712,707,867,692,667,715,642,755,854,675,870,747
usp30,436,247,378,260,361,255,267,290,415,244,466,273
usp31,200,127,390,236,188,194,259,196,323,182,169,262
usp32,811,718,783,800,838,761,899,854,1023,674,883,812
usp33,1173,1277,1305,1244,1298,1055,1631,1122,1632,1237,1194,1191
usp34,1505,1667,1927,2260,1722,1644,2034,1897,2276,1594,2495,1944
usp35,67,34,120,45,57,19,94,25,106,24,60,17
usp36,222,127,303,211,199,183,199,221,321,134,182,204
usp37,336,248,683,316,373,301,436,299,581,291,627,342
usp38,842,658,755,654,739,722,661,705,944,602,800,760
usp39,467,377,449,536,487,374,409,455,496,453,369,428
usp4,1389,1653,1632,1699,1304,1647,1450,1951,1937,1727,1467,1858
usp40,1012,682,1292,829,1011,640,985,880,1334,836,1313,695
usp42,130,128,238,155,172,137,162,171,231,137,203,166
usp43,35,0,26,4,26,2,15,5,24,3,23,0
usp44,4,0,9,3,1,0,0,4,2,1,0,3
usp45,471,513,520,550,483,507,518,599,637,513,493,611
usp46,297,345,342,373,416,400,326,437,427,358,393,429
usp47,2563,3109,4017,2997,2587,2889,3046,3182,3490,3151,2530,3244
usp48,863,728,998,937,736,649,742,759,976,720,884,904
usp49,92,84,100,90,74,52,91,93,134,78,123,60
usp5,1855,1123,1675,1355,1730,1291,1676,1115,1650,1190,1300,1331
usp50,509,400,665,405,462,452,577,378,555,424,338,415
usp51,0,2,0,0,0,0,0,0,0,0,0,1
usp53,369,359,503,499,323,371,446,374,511,387,457,458
usp54,126,115,133,187,122,114,146,109,166,121,111,148
usp6nl,800,492,1138,561,630,576,778,689,926,408,764,653
usp7,1756,1324,1726,1619,1466,1288,1497,1407,1971,1250,1348,1496
usp8,1274,1156,1450,1254,1171,1242,1256,1268,1738,1258,1207,1249
usp9x,9099,7992,8348,9558,8387,7642,8394,7876,12482,7828,7783,8481
usp9y,0,0,0,22,0,0,0,0,0,0,0,0
uspl1,484,447,649,568,490,499,594,512,834,532,685,551
ust,75,29,62,55,44,29,55,23,61,24,91,36
utf1,0,0,0,0,0,0,0,0,0,0,0,0
utp14a,465,506,592,520,418,644,384,649,601,654,389,578
utp15,276,197,400,246,210,229,261,237,313,199,237,238
utp18,352,318,356,387,352,278,368,308,473,320,459,335
utp20,623,559,944,756,685,566,752,547,893,668,684,729
utp23,149,138,273,152,158,114,143,130,237,127,180,149
utp3,624,600,597,550,708,612,544,573,814,612,761,594
utp6,957,928,948,963,1076,901,1027,914,1323,974,1125,985
utrn,1906,1413,2991,1950,1582,1417,2031,1565,2147,1425,2536,1726
uts2,1,0,8,0,0,0,0,1,3,1,1,0
uts2b,0,0,0,0,0,0,0,0,0,0,0,0
uts2r,0,0,0,0,0,0,0,0,0,0,0,0
uty,908,879,891,954,666,940,753,939,856,857,247,838
uvrag,739,577,900,694,694,618,813,803,879,685,685,688
uvssa,363,250,444,319,321,294,358,345,486,226,499,265
uxs1,297,219,633,268,375,191,401,226,447,226,516,255
uxt,432,382,333,366,446,372,398,342,591,381,394,371
vac14,467,218,423,279,364,269,329,224,411,222,403,279
vamp1,125,136,220,138,139,94,134,142,194,148,100,136
vamp2,94,69,103,138,99,71,74,88,94,65,87,82
vamp3,548,372,657,513,455,285,480,373,656,356,497,398
vamp4,420,277,436,375,369,241,398,236,472,219,445,268
vamp5,250,141,219,158,256,131,174,124,236,118,210,139
vamp7,1541,1665,1275,2078,1582,1591,1283,1323,1207,1403,1388,1549
vamp8,3327,2227,2726,2228,3216,2202,2845,2096,3224,2238,1992,2037
vangl1,276,142,378,174,265,121,261,168,289,166,274,167
vangl2,28,12,47,15,28,17,25,15,34,16,45,12
vapa,2181,1369,2041,1523,1782,1433,1986,1302,2030,1281,2435,1389
vapb,1901,1232,2187,1427,1573,1337,1558,1247,1762,1197,1434,1326
vars2,385,293,335,350,353,323,332,261,439,314,347,366
vash1,62,11,123,31,40,22,49,17,74,11,107,21
vash2,8,1,9,4,1,1,2,4,6,5,8,1
vasn,298,143,343,312,224,195,255,160,406,144,260,192
vasp,886,284,1495,351,527,229,588,264,587,271,574,258
vat1,1767,449,1778,723,1382,528,1713,476,1477,477,1388,454
vat1l,9,3,6,51,2,0,3,5,8,4,0,0
vav1,353,126,296,171,296,107,378,136,353,116,253,141
vav2,1246,693,1482,812,968,742,985,895,1206,634,981,791
vav3,188,94,300,135,111,54,174,60,137,95,200,92
vax1,0,0,0,0,0,0,0,0,0,0,0,0
vax2,0,2,2,3,3,3,4,1,6,3,2,2
vbp1,545,380,465,405,505,349,440,295,634,284,433,348
vcam1,1816,656,2896,663,1822,596,3323,440,2220,381,4520,428
vcan,73,29,82,85,44,21,81,46,106,101,111,260
vcl,1060,757,1320,995,975,815,1109,721,1544,847,1142,961
vcp,9284,7848,9586,8812,8554,8402,8496,8177,11292,8212,9661,9398
vcpip1,1379,1181,1864,1444,1453,1243,1628,1268,1914,1181,2001,1283
vcpkmt,85,23,99,38,95,31,61,36,75,39,82,34
vdac1,3261,2659,2665,2646,3521,2995,3370,2405,4092,2558,2653,3042
vdac2,2101,1460,2245,1516,1963,1643,2145,1662,2777,1475,1747,1746
vdac3,2338,2041,1895,1868,2342,2133,2162,1902,2903,2030,2497,2047
vdr,27,1,67,9,7,1,10,4,9,4,44,1
vegfa,1139,1253,2446,1049,1015,1052,1282,1427,1610,1333,1804,1454
vegfb,114,53,90,109,78,73,122,69,113,57,106,88
vegfc,129,67,160,93,94,40,98,56,116,53,105,71
veph1,27,9,50,17,25,22,28,20,79,21,49,17
vezf1,417,336,410,462,393,334,386,322,413,280,457,285
vezt,605,503,875,525,566,464,671,552,876,561,657,556
vgf,0,0,6,1,0,0,0,0,0,0,0,1
vgll1,0,0,0,0,0,0,0,0,0,0,0,0
vgll2,0,0,1,3,0,0,4,0,0,0,0,0
vgll3,37,9,42,90,34,16,38,11,39,18,20,18
vgll4,584,431,585,463,621,503,596,585,682,378,417,641
vhl,338,250,370,290,332,228,364,253,407,230,329,255
vil1,699,2,378,6,621,0,394,8,843,1,5278,5
vill,210,22,557,30,127,18,142,34,192,29,413,32
vim,2404,672,2388,2331,1768,620,2023,673,2574,1024,2066,1060
vip,0,0,0,1,0,0,0,5,2,0,1,0
vipas39,381,254,421,283,354,280,334,320,516,245,247,320
vipr1,516,670,319,745,497,700,526,623,491,501,402,774
vipr2,11,3,13,12,26,3,14,14,20,6,14,9
vit,31,10,18,62,9,5,12,18,33,22,2,22
vkorc1,1706,2126,1750,2061,1639,1950,1678,1849,2070,2122,938,2015
vkorc1l1,1233,850,1100,972,1151,825,994,861,1296,842,1006,969
vldlr,131,43,332,92,127,19,120,58,92,35,65,65
vma21,623,547,479,733,556,567,502,436,726,489,443,545
vmac,282,157,243,236,244,189,213,160,301,155,203,160
vmo1,49,87,27,61,60,50,54,66,60,51,50,70
vmp1,3033,4640,5127,3221,3879,2634,4192,2694,5266,3579,5695,4185
vnn1,1780,370,508,233,1822,142,1690,83,1896,93,446,179
vopp1,314,111,514,177,292,112,338,96,327,125,293,154
vpreb1,2,6,12,3,5,5,3,3,3,2,6,1
vpreb3,4,2,3,5,6,1,7,1,7,0,4,0
vps11,609,482,917,571,592,542,651,515,730,472,762,576
vps13a,746,828,915,1030,829,693,991,845,1230,785,1329,866
vps13b,2363,1920,2715,2466,2267,2363,2395,2371,3529,2264,3698,2510
vps13c,887,1493,991,1855,1005,1841,1193,1972,1425,1485,1119,1576
vps13d,2443,2319,3219,2747,2472,2612,2763,2952,3723,2554,3232,3149
vps16,623,481,901,486,636,494,631,502,905,504,839,477
vps18,449,218,536,282,393,248,393,255,460,232,392,261
vps25,896,723,803,724,954,767,874,698,922,700,909,759
vps26a,968,987,989,976,929,825,950,828,1172,810,938,885
vps26b,713,544,713,700,595,577,603,623,646,555,456,645
vps29,1230,777,993,882,1245,824,1087,743,1319,773,1716,779
vps33a,610,474,695,561,633,501,659,573,831,528,875,562
vps33b,197,129,291,142,171,123,186,148,262,144,183,156
vps35,3967,3319,3127,3322,3767,3018,3375,3065,4841,3184,5395,3182
vps36,931,601,870,528,745,638,736,618,893,612,765,684
vps37a,1273,1334,1230,1428,1262,1161,1055,1324,1517,1310,1217,1354
vps37b,199,144,226,173,200,152,204,132,187,129,187,141
vps37c,266,109,263,178,246,136,213,116,256,105,227,158
vps37d,20,7,21,5,27,6,18,12,17,3,25,8
vps39,676,475,957,569,631,513,685,603,888,556,683,496
vps41,1502,1336,1689,1229,1544,1293,1529,1456,1889,1376,1234,1404
vps45,257,265,232,236,338,250,263,211,338,261,265,238
vps4a,523,335,450,397,441,373,487,412,577,363,487,419
vps4b,1825,1426,2010,1501,1879,1361,1903,1426,2483,1250,2738,1526
vps50,513,561,638,623,626,505,625,631,878,571,682,586
vps51,452,276,387,298,461,278,399,290,409,263,476,264
vps52,466,270,442,324,373,315,383,267,471,313,498,341
vps53,478,420,507,485,612,478,518,413,591,395,535,510
vps54,910,1018,941,1197,988,1066,948,1110,1286,991,1093,1146
vps72,219,179,273,173,235,160,197,156,223,168,177,161
vps8,339,271,337,347,322,269,356,268,451,331,307,302
vps9d1,301,123,266,143,235,167,226,187,345,147,265,184
vrk1,148,121,160,114,143,105,145,115,235,127,130,113
vrk2,175,165,192,160,247,152,192,135,273,148,215,171
vrk3,392,281,374,284,318,323,360,285,453,255,272,321
vrtn,0,0,0,0,0,0,0,0,0,0,0,0
vsig1,0,0,3,0,0,0,0,0,0,1,0,0
vsig10,219,39,223,50,158,37,139,49,251,49,385,48
vsig10l,19,7,22,13,15,4,17,11,19,15,23,11
vsig2,10,8,24,4,8,6,13,12,23,11,21,13
vsig4,1804,1127,899,1202,1873,974,2511,1208,1722,1193,893,969
vsig8,2,0,3,3,0,0,7,2,4,5,0,2
vsir,750,284,801,522,688,242,697,281,683,320,801,370
vsnl1,2,0,1,0,0,0,0,0,2,2,0,1
vstm2a,0,0,0,0,0,0,0,1,1,0,0,0
vstm2b,0,1,0,0,0,0,0,0,0,0,0,0
vstm2l,0,0,0,0,0,0,0,0,0,0,0,0
vstm4,96,32,77,58,105,42,111,25,104,34,91,35
vstm5,8,4,14,3,4,8,7,3,7,5,4,7
vsx1,0,0,0,0,1,0,1,0,3,0,2,2
vsx2,13,8,27,12,6,10,10,8,26,14,13,11
vta1,347,316,371,301,432,292,410,305,455,277,415,317
vtcn1,51,2,32,18,69,16,76,8,90,6,84,20
vti1a,288,243,277,205,265,205,299,276,326,206,301,218
vti1b,991,1001,981,1034,975,942,944,886,1235,942,851,874
vtn,30199,43955,32594,37017,32346,41534,38155,46841,44691,45003,34259,40506
vwa1,66,25,83,46,43,12,44,27,57,18,118,20
vwa2,0,0,2,2,0,0,0,0,1,1,0,0
vwa3a,9,7,20,17,11,16,15,10,24,9,6,15
vwa3b,33,13,27,10,40,11,47,31,36,21,33,18
vwa5a,1239,1427,1313,1568,1183,1250,1190,1301,1833,1228,1456,1222
vwa5b1,2,6,7,4,1,5,5,4,6,6,5,4
vwa5b2,2,5,11,2,1,1,2,0,7,1,3,1
vwa7,29,11,12,10,24,8,28,5,28,5,11,12
vwa8,2656,2700,1827,2687,2549,2694,2237,2877,3317,2586,1400,3066
vwc2,5,1,1,16,4,1,6,2,16,5,29,1
vwc2l,1,0,3,0,3,0,2,0,35,0,16,0
vwce,295,181,274,186,304,173,291,231,358,199,301,198
vwde,1,0,1,0,0,0,0,0,2,0,0,0
vwf,768,256,855,599,727,344,674,251,545,227,957,219
wac,1079,1065,1258,1062,1072,1166,1322,1168,1547,1071,1392,1240
wapl,2651,3224,2943,3406,2547,3159,2616,2965,3677,2935,2470,3102
wars2,170,103,177,117,173,114,151,123,220,114,103,140
was,111,51,130,61,134,33,132,37,136,51,99,43
wasf1,10,5,3,6,10,7,6,10,5,5,8,2
wasf2,551,367,607,530,472,364,574,406,536,294,514,434
wasf3,10,7,26,7,6,6,14,5,17,9,8,8
wasl,970,772,780,1159,848,890,914,808,821,631,648,843
wbp1,650,507,661,587,615,552,518,547,628,532,546,516
wbp11,354,262,367,338,306,299,342,318,344,217,204,318
wbp1l,4056,2647,4934,2978,3410,2851,4431,3060,3471,2718,4034,3505
wbp2,1103,838,985,932,1079,922,966,769,1034,697,725,909
wbp2nl,0,0,0,0,0,0,0,0,0,0,0,0
wbp4,397,317,364,352,339,336,373,366,493,317,331,406
wdfy1,1233,652,1716,634,908,715,1001,783,1246,693,1274,750
wdfy2,264,176,290,214,200,187,291,223,320,174,217,286
wdfy3,1756,1086,1830,1471,1358,1200,1945,1319,1891,1067,1907,1436
wdfy4,439,141,413,279,391,127,523,174,551,149,457,181
wdhd1,69,47,136,60,59,42,82,60,106,81,96,56
wdpcp,136,84,115,93,135,112,151,91,319,72,844,101
wdr1,3160,1633,4301,2056,3121,2069,3268,1526,3770,1784,4339,1695
wdr11,673,677,1020,718,708,647,697,665,854,700,660,767
wdr12,478,370,853,464,562,388,569,387,800,477,930,487
wdr13,743,443,652,555,659,449,559,559,764,452,554,496
wdr17,6,2,9,18,3,2,4,3,12,4,2,5
wdr18,909,780,983,880,941,827,967,817,1019,825,708,807
wdr19,195,102,138,99,194,99,129,108,265,101,248,118
wdr20,287,352,382,339,383,367,316,393,452,336,341,359
wdr24,464,318,405,352,465,347,407,336,515,369,546,307
wdr25,96,79,74,106,96,77,82,70,111,84,63,88
wdr26,2579,1935,4618,2488,2653,2130,2978,2231,2926,1808,3620,2165
wdr27,1,0,0,0,0,0,3,0,5,0,9,0
wdr3,546,374,857,480,634,496,689,502,930,457,613,475
wdr31,197,157,374,170,195,135,214,173,270,142,216,194
wdr33,645,574,716,632,607,696,696,680,922,653,654,639
wdr35,160,137,161,183,146,162,132,128,211,146,175,108
wdr36,649,599,701,614,698,601,708,529,955,660,879,603
wdr37,345,405,446,419,335,387,369,387,460,359,405,440
wdr38,10,4,10,8,6,9,12,7,11,7,13,12
wdr4,265,194,281,202,257,218,268,195,283,169,333,227
wdr41,361,213,373,277,310,304,313,281,351,232,229,293
wdr43,735,476,875,703,659,645,817,723,1074,684,1080,588
wdr44,247,144,243,237,213,177,193,138,332,140,236,151
wdr45,896,636,607,621,714,637,665,627,905,609,424,612
wdr45b,807,1057,793,734,841,801,864,1010,1093,632,990,1241
wdr46,388,270,360,344,417,356,450,274,437,280,521,294
wdr47,68,75,115,92,77,63,78,71,112,64,80,61
wdr48,560,606,798,627,588,643,679,636,826,629,636,746
wdr49,0,3,7,5,3,2,1,2,3,1,2,5
wdr5,681,537,809,658,603,566,606,547,789,516,550,596
wdr53,207,212,170,155,220,203,152,203,298,248,168,160
wdr54,18,10,53,18,19,11,14,13,30,22,25,15
wdr55,451,285,437,327,378,290,436,292,534,288,424,285
wdr59,335,279,303,285,318,248,307,264,399,269,311,263
wdr5b,55,61,55,58,61,38,39,62,103,44,63,49
wdr6,582,308,579,417,494,510,459,574,698,309,679,393
wdr62,38,18,55,21,37,17,47,30,41,22,40,46
wdr64,0,0,9,0,1,0,4,0,0,0,2,0
wdr7,857,822,836,926,886,819,858,1011,1005,811,955,912
wdr70,131,90,174,123,113,92,136,88,152,91,156,84
wdr72,7,0,17,6,10,3,7,13,10,3,10,3
wdr73,443,245,452,223,344,236,369,232,518,234,444,234
wdr74,380,299,356,364,335,336,351,300,372,334,429,300
wdr75,459,302,768,393,470,360,505,382,662,346,663,362
wdr76,128,82,155,116,96,88,108,92,164,90,121,94
wdr77,588,474,688,635,570,534,582,532,692,535,413,654
wdr81,1303,720,1076,838,1084,729,1176,787,1345,840,1115,711
wdr82,844,1139,1229,1037,937,1015,906,1089,1305,903,914,1303
wdr83,302,225,266,274,241,261,280,240,321,285,209,291
wdr83os,502,411,384,396,462,429,373,328,411,323,317,396
wdr86,19,7,23,18,27,4,18,6,33,11,45,12
wdr89,59,59,68,90,65,66,47,39,89,72,57,65
wdr90,98,104,123,129,117,79,92,75,124,70,76,107
wdr91,255,337,209,362,305,310,323,282,358,415,261,395
wdr93,22,20,17,10,29,12,26,14,33,25,26,14
wdsub1,160,84,158,101,116,107,128,100,134,94,122,118
wdtc1,761,899,593,1001,729,998,576,1045,783,849,558,1039
wee1,271,25,255,66,144,23,130,144,312,48,154,31
wee2,0,0,0,0,0,0,0,1,0,0,0,0
wfdc1,99,95,39,187,94,105,115,81,126,106,42,122
wfdc11,0,0,0,0,0,0,0,0,0,0,0,0
wfdc12,25,11,426,1,2,33,3,6,4,15,10,11
wfdc13,1,0,0,1,0,0,0,2,1,1,0,1
wfdc2,641,79,282,49,378,97,344,32,2014,43,2160,39
wfdc3,98,3,72,2,68,4,55,2,177,5,301,3
wfdc5,0,0,0,0,0,0,2,0,0,0,0,0
wfdc8,0,0,0,0,0,0,0,0,1,0,0,0
wfdc9,0,0,0,0,0,0,0,0,0,0,0,0
wfikkn1,22,5,23,7,16,6,19,11,25,13,16,17
wfikkn2,13,6,4,22,11,4,6,6,12,5,6,8
wfs1,159,160,231,231,137,131,155,140,151,123,147,169
whamm,504,425,620,571,432,623,390,708,604,755,243,590
whrn,6,11,12,11,2,6,5,13,2,2,8,9
wif1,13,7,29,13,32,18,19,21,15,18,4,4
wipf1,248,138,228,259,193,140,251,134,271,116,271,153
wipf2,168,125,196,183,135,153,157,149,179,120,159,169
wipf3,71,14,70,59,100,49,92,64,146,40,60,31
wipi1,415,224,314,284,372,281,367,346,435,277,500,262
wipi2,1816,1462,1737,1674,1945,1519,1805,1718,2139,1524,1858,1722
wiz,131,82,138,117,137,90,137,81,170,95,159,98
wls,603,246,455,620,609,262,558,277,708,249,685,290
wnk1,2133,1317,2633,2596,1804,1548,2473,1526,2237,1418,2251,1789
wnk2,19,5,19,8,11,1,16,19,19,6,13,12
wnk3,8,7,11,10,7,10,9,6,18,7,7,9
wnk4,66,12,60,25,18,10,26,27,25,13,32,22
wnt1,0,0,0,0,0,0,0,0,0,0,0,0
wnt10a,8,0,22,3,12,0,15,0,4,1,8,0
wnt10b,0,0,0,2,0,0,0,0,3,0,5,0
wnt11,11,1,8,10,4,1,5,2,9,1,2,2
wnt16,7,0,4,0,3,0,29,2,9,1,9,1
wnt2,109,96,51,128,112,109,134,76,91,113,14,98
wnt2b,16,10,20,73,5,19,19,20,31,12,7,14
wnt3,0,0,0,0,0,0,0,0,0,0,0,1
wnt3a,0,0,0,0,0,0,1,0,0,0,0,0
wnt4,107,51,454,108,75,42,90,47,107,71,83,64
wnt5a,82,58,108,180,78,44,67,41,115,41,78,42
wnt5b,113,97,55,149,86,94,57,116,138,111,86,76
wnt6,1,0,4,3,1,1,3,0,4,0,0,4
wnt7a,8,0,2,1,3,0,4,0,19,1,27,0
wnt7b,9,0,16,2,7,0,6,5,14,4,3,3
wnt8a,0,0,0,0,0,0,0,0,2,0,0,0
wnt8b,1,0,0,2,1,3,2,0,2,0,4,0
wnt9a,15,15,12,47,9,11,10,12,16,13,10,20
wnt9b,45,24,34,48,48,53,56,21,58,17,9,28
wrap53,130,104,145,134,158,104,128,117,179,106,141,120
wrap73,212,217,218,222,261,178,178,150,245,205,243,203
wrn,560,445,456,460,510,477,491,490,782,402,667,484
wrnip1,729,1049,846,921,713,828,687,669,744,708,687,768
wsb1,723,947,1453,494,600,394,1180,576,702,495,954,774
wsb2,1418,709,1745,899,1031,758,1047,832,1176,694,1636,834
wscd1,44,7,54,14,16,7,15,7,11,8,33,7
wscd2,2,0,7,4,2,0,5,3,5,2,4,3
wt1,55,21,30,224,44,21,50,28,82,47,17,43
wtap,1079,959,1199,1049,1106,997,1167,944,1408,955,1555,901
wtip,82,29,83,61,50,26,83,21,69,32,69,43
wwc1,668,656,729,869,589,510,573,594,865,620,526,695
wwox,201,126,149,127,145,134,161,140,193,123,195,156
wwp1,2274,2469,2116,2706,1981,2535,1997,2587,2976,2386,2895,2698
wwp2,777,424,693,496,695,544,645,492,673,440,700,491
wwtr1,965,427,995,592,796,506,846,441,858,354,837,450
xab2,512,327,403,397,475,413,364,359,518,359,407,368
xaf1,266,169,305,134,314,127,229,184,371,197,225,144
xbp1,5496,7425,5826,5568,3341,3767,3558,5813,5115,5633,3393,6776
xcl1,17,10,4,3,9,5,5,1,10,1,10,4
xcr1,22,16,19,17,32,24,21,16,45,18,32,18
xdh,4091,2815,3750,3485,4116,2920,4286,3378,5182,3244,3458,3513
xiap,3172,3704,3598,4067,2998,3625,2562,2941,3654,3568,2568,3413
xirp1,27,149,25,100,17,76,38,104,32,58,5,82
xirp2,55,217,109,173,0,15,258,43,9,0,0,0
xk,90,128,90,134,100,105,75,113,127,134,51,148
xkr4,5,2,10,4,7,0,9,3,13,2,7,2
xkr6,42,52,103,50,49,43,45,47,62,40,43,40
xkr7,0,0,0,0,0,0,0,0,0,0,0,0
xkr8,181,137,407,132,149,106,140,108,211,129,208,133
xkr9,340,495,887,503,486,537,491,570,687,472,911,644
xkrx,13,2,9,12,4,2,6,8,10,8,2,6
xpa,278,254,238,204,254,233,273,249,334,210,291,210
xpc,699,487,537,506,508,478,525,505,794,477,534,435
xpnpep1,732,528,990,566,775,532,902,598,886,628,906,630
xpnpep2,13,11,20,24,18,13,13,26,22,16,18,21
xpnpep3,452,447,507,478,494,381,461,486,630,456,555,504
xpo1,1343,1399,1671,2020,1460,1372,1414,1113,2327,1425,1694,1482
xpo4,285,242,402,325,282,290,300,380,493,321,270,303
xpo5,621,368,739,512,528,424,623,518,687,400,747,447
xpo6,755,457,1784,549,556,518,762,580,888,477,617,608
xpo7,1005,1065,1203,1351,1030,1170,1153,1147,1334,1049,1045,1277
xpot,2049,1381,2596,1582,2029,1400,2286,1590,2125,1310,2150,1538
xpr1,841,684,1160,801,789,727,875,776,1001,617,1270,795
xrcc1,205,156,200,195,206,172,148,172,224,172,181,174
xrcc2,41,38,58,47,54,54,46,49,59,46,45,47
xrcc3,56,47,101,54,51,56,46,56,89,49,36,61
xrcc4,218,226,311,196,224,205,234,233,329,238,302,283
xrcc5,728,654,1011,530,846,746,850,569,1236,669,1676,621
xrcc6,515,473,496,373,610,430,449,387,763,482,554,453
xrn1,522,673,804,735,536,721,677,771,856,574,689,667
xrn2,1755,1143,2375,1148,1431,1261,1554,1308,2212,1148,1866,1211
xrra1,2,1,5,5,13,3,16,5,17,5,14,2
xxylt1,88,47,79,82,65,49,87,50,81,56,65,46
xylb,1207,1124,1178,1313,1031,1218,963,1279,1499,1004,753,1296
xylt1,36,10,78,31,38,6,44,30,47,32,54,29
xylt2,351,272,398,320,349,328,322,308,392,309,290,315
yaf2,477,283,499,314,399,232,396,258,463,214,428,224
yap1,1157,999,1678,1283,854,1218,967,1168,1237,1161,902,1200
yars2,376,333,344,343,370,308,327,275,470,348,284,352
ybey,98,105,126,108,95,111,107,138,148,114,115,81
ybx1,3076,2698,3671,2956,2857,2837,2921,2389,2693,2398,2878,2720
ybx2,1,1,3,3,1,0,1,0,0,0,1,0
ybx3,446,230,484,378,342,222,418,238,321,254,256,248
ydjc,16,9,48,8,17,9,20,12,41,9,30,16
yeats2,268,194,288,243,227,209,239,237,373,237,206,288
yeats4,350,338,348,295,358,401,394,408,447,366,345,316
yes1,984,998,1021,981,1089,939,952,940,1489,830,2063,985
yif1a,999,854,899,859,882,931,783,831,970,898,731,860
yif1b,460,373,417,530,417,454,396,391,376,462,564,456
yipf1,863,743,730,764,855,707,837,714,1105,828,1012,748
yipf2,407,454,491,506,335,389,437,433,529,391,300,468
yipf3,571,423,716,462,616,499,549,467,642,485,738,464
yipf4,880,674,913,613,809,726,852,574,993,608,1142,710
yipf5,899,775,933,1007,739,788,834,646,895,755,824,821
yipf6,961,962,1157,985,879,886,892,923,1269,938,779,1018
yipf7,1,5,2,2,0,0,7,4,2,0,0,0
yjefn3,5,3,6,4,6,4,5,1,2,2,16,2
ykt6,1518,1149,1546,1279,1609,1064,1602,1164,1626,1097,1581,1226
ylpm1,307,249,353,418,300,286,304,356,380,258,292,339
yme1l1,4094,4816,4958,4527,3953,4380,3827,3978,5792,4637,5621,4360
yod1,424,513,1404,695,551,675,949,508,1016,414,992,700
ypel1,32,18,37,19,29,28,27,21,67,32,20,18
ypel2,504,704,645,635,662,599,782,268,507,550,1108,645
ypel3,419,343,418,301,419,329,374,366,416,284,323,297
ypel4,79,6,207,9,68,4,49,5,158,9,129,3
ypel5,1185,813,1034,719,1172,738,1159,951,1548,879,1615,748
yrdc,261,209,325,271,247,271,282,240,289,202,323,285
ythdc1,790,739,1229,911,783,788,960,681,1235,726,1189,1018
ythdc2,379,357,558,410,465,374,503,426,567,398,650,356
ythdf1,542,476,825,579,483,557,504,503,633,429,512,522
ythdf2,726,670,862,698,743,774,793,656,962,640,899,795
ythdf3,1857,1983,1980,2549,1904,2224,1793,1835,2279,1842,1597,2167
ywhab,1799,1296,2134,1629,1575,1388,1710,1122,1956,1205,2048,1324
ywhae,2126,1557,2017,1818,2039,1794,2166,1505,2033,1491,1735,1669
ywhag,2222,1024,2911,1501,1879,1138,1937,997,1939,1057,2291,1134
ywhah,1669,533,1590,743,1468,584,1425,488,1711,506,2153,640
ywhaq,2643,2034,2988,2148,2417,1923,2068,1949,3171,1999,2436,1970
ywhaz,4161,2154,4800,2919,3663,2262,3628,2135,4822,2046,4859,2362
yy1,854,635,910,768,657,728,610,671,688,536,578,610
yy2,26,27,30,30,12,23,31,16,21,19,26,22
zan,41,51,166,47,37,31,39,38,73,60,40,35
zap70,285,342,400,316,261,323,424,191,188,245,33,262
zar1,2,2,1,2,0,1,0,1,2,0,0,3
zar1l,0,0,0,0,0,0,0,0,0,0,0,0
zbbx,0,0,0,0,0,0,0,0,0,0,0,0
zbed3,41,26,54,39,39,27,36,21,44,30,35,29
zbed4,231,124,419,199,283,160,282,193,425,121,350,236
zbed5,132,35,103,58,77,47,84,82,165,80,148,46
zbed6,433,330,919,289,292,315,519,499,556,355,511,375
zbp1,232,134,506,109,310,95,292,206,448,132,449,102
zbtb1,373,292,589,369,337,298,414,365,596,292,354,316
zbtb10,172,148,186,202,162,163,167,144,200,134,130,171
zbtb11,388,400,553,435,399,528,466,468,629,311,311,509
zbtb12,71,33,75,51,49,24,39,32,81,28,68,33
zbtb14,318,195,238,259,257,185,235,252,397,192,277,213
zbtb16,233,256,514,184,272,289,842,122,359,222,816,899
zbtb17,249,163,255,183,228,205,199,188,222,178,226,181
zbtb18,469,400,1313,490,545,333,553,437,778,349,1109,434
zbtb2,150,113,179,144,136,113,162,121,193,106,143,118
zbtb20,2250,2962,2858,6013,2197,4118,2984,4816,4710,4521,2686,3636
zbtb21,216,246,276,255,224,193,229,139,297,193,259,341
zbtb22,332,303,323,262,285,203,281,295,330,305,400,219
zbtb24,191,219,247,215,252,202,225,184,279,216,219,301
zbtb25,45,39,54,45,39,36,42,25,63,35,58,39
zbtb26,205,129,402,187,167,149,175,199,363,150,267,178
zbtb3,26,8,24,13,13,8,9,5,17,13,27,7
zbtb32,24,40,42,31,31,27,24,26,45,19,27,24
zbtb33,255,364,234,557,343,376,266,370,357,318,306,316
zbtb34,82,52,156,77,71,57,102,62,106,58,76,57
zbtb37,356,235,616,356,324,254,377,301,625,301,509,309
zbtb38,594,665,1015,809,508,684,659,653,788,658,692,741
zbtb39,212,155,229,144,152,141,187,197,221,161,210,178
zbtb4,641,389,690,620,482,349,651,422,666,365,596,366
zbtb40,159,139,306,201,164,128,173,141,231,188,188,227
zbtb41,892,789,1263,837,1054,828,1014,840,1442,679,1513,914
zbtb42,88,51,125,86,96,49,84,130,108,72,101,60
zbtb43,506,532,745,479,427,505,461,569,686,518,548,621
zbtb44,943,1182,882,1221,867,1202,958,1389,1483,1053,909,1214
zbtb45,95,47,123,62,62,78,73,85,129,98,79,77
zbtb46,248,129,259,182,224,164,202,195,326,156,233,159
zbtb48,231,163,230,173,193,221,135,209,205,216,188,141
zbtb49,62,74,111,90,69,74,76,79,118,63,121,101
zbtb5,240,260,254,328,215,259,225,307,268,324,221,322
zbtb6,360,419,624,448,338,382,366,329,574,333,517,452
zbtb7a,445,280,632,384,393,290,473,381,447,273,358,303
zbtb7b,1073,1094,1596,1120,987,918,985,923,1016,1182,512,999
zbtb7c,84,26,50,198,64,82,42,54,77,105,52,46
zbtb8a,52,65,59,97,55,67,52,51,87,53,81,54
zbtb8b,16,10,42,9,12,10,40,10,25,11,43,18
zbtb8os,576,680,702,732,559,625,498,671,727,753,846,700
zbtb9,154,147,166,138,160,141,117,107,158,89,116,145
zc2hc1a,106,28,112,83,100,37,114,38,179,58,86,48
zc2hc1b,1,0,0,0,0,0,0,0,0,0,0,0
zc2hc1c,73,82,52,79,73,59,51,64,93,51,27,142
zc3h10,178,134,205,137,175,162,197,140,223,95,158,181
zc3h11a,1139,969,2056,924,954,872,1294,1056,1650,1015,1439,1198
zc3h12a,95,42,119,100,93,48,90,41,106,44,94,55
zc3h12b,25,18,23,42,14,11,18,20,28,16,11,19
zc3h12c,296,243,347,309,249,297,312,319,465,279,328,282
zc3h12d,242,110,233,124,177,100,185,77,179,110,129,93
zc3h13,375,246,563,328,279,264,380,332,494,250,333,354
zc3h14,1259,1391,1375,1321,1340,1229,1467,1496,1861,1444,1478,1314
zc3h15,1467,1118,2026,1327,1211,1144,1424,1103,1657,1183,1438,1372
zc3h18,1018,665,1010,814,807,719,748,777,1031,690,871,729
zc3h3,81,36,105,69,79,50,86,50,110,38,74,61
zc3h4,491,312,608,403,392,320,447,355,524,331,387,337
zc3h6,89,88,80,79,84,59,59,78,96,79,104,42
zc3h7a,1040,864,1760,1033,863,680,1137,871,1587,779,1009,951
zc3h7b,898,387,755,552,706,472,686,509,788,401,754,437
zc3h8,74,33,92,42,43,26,69,45,80,35,72,46
zc3hav1,1700,1366,1692,1483,1677,1442,1709,1494,2066,1451,1339,1560
zc3hav1l,31,11,53,39,21,18,41,18,46,23,25,18
zc3hc1,254,242,258,240,230,226,267,222,324,266,203,262
zc4h2,60,43,31,29,56,25,33,36,80,32,35,31
zcchc10,35,25,46,49,40,30,37,28,40,22,45,32
zcchc12,0,0,2,0,0,0,1,2,1,0,1,1
zcchc13,1,0,0,0,0,0,0,0,0,0,0,0
zcchc14,581,292,692,501,410,443,441,473,566,383,452,434
zcchc17,316,328,307,352,323,304,306,325,387,330,255,348
zcchc18,2,7,9,6,3,8,8,3,9,2,9,4
zcchc2,659,507,868,474,593,461,602,528,837,398,799,768
zcchc24,1493,1359,1434,1690,1211,1414,1188,1666,1572,1476,906,1552
zcchc3,13,5,13,48,13,15,18,16,22,12,10,11
zcchc4,138,128,229,163,139,134,145,147,264,127,214,136
zcchc7,326,356,500,436,282,337,402,359,596,345,435,443
zcchc8,345,258,390,295,371,266,303,278,426,267,451,294
zcchc9,218,197,361,208,226,188,263,166,309,191,212,190
zcrb1,400,251,433,303,373,267,346,322,413,281,380,314
zcwpw1,114,76,76,63,129,55,92,83,137,89,96,81
zcwpw2,3,5,1,14,4,5,1,4,3,4,1,4
zdbf2,2,1,2,28,2,3,9,1,3,5,1,2
zdhhc1,63,24,59,53,46,22,58,30,63,26,46,24
zdhhc11,0,1,0,0,0,0,0,0,0,0,1,0
zdhhc12,241,163,315,160,200,167,208,156,244,176,218,153
zdhhc13,220,169,290,166,189,121,191,160,266,145,272,155
zdhhc14,75,56,68,74,71,58,86,68,75,56,75,74
zdhhc15,17,5,17,14,15,2,9,6,18,9,16,12
zdhhc16,316,222,326,236,302,211,292,228,346,220,335,222
zdhhc17,297,309,345,309,347,313,365,343,503,312,413,324
zdhhc18,434,277,450,377,377,256,409,301,446,213,314,298
zdhhc19,0,6,4,2,1,0,2,3,1,1,3,2
zdhhc2,33,33,58,25,39,9,37,29,78,24,82,16
zdhhc20,527,364,728,437,496,333,576,454,723,337,628,399
zdhhc21,391,355,609,473,412,382,461,447,618,399,555,515
zdhhc22,0,0,1,0,0,0,0,0,0,0,0,0
zdhhc23,6,8,8,3,3,4,8,2,13,4,6,2
zdhhc24,83,48,72,65,71,44,79,76,93,51,86,56
zdhhc3,831,611,1154,783,710,652,787,707,917,537,739,701
zdhhc4,240,207,287,193,263,213,229,175,275,174,291,183
zdhhc5,1550,1062,2195,1413,1319,1151,1331,1332,1791,1165,1383,1374
zdhhc6,1383,1439,1113,1372,1353,1428,1328,1510,1704,1479,1664,1479
zdhhc7,352,261,283,270,273,227,278,278,320,234,204,275
zdhhc8,150,53,124,91,103,49,105,55,166,76,105,70
zdhhc9,650,432,589,570,550,516,454,580,624,478,268,553
zeb1,569,483,714,573,523,513,544,466,745,461,687,543
zeb2,1322,878,1221,1390,1081,701,1122,772,1509,867,921,938
zer1,409,266,376,290,333,275,311,279,377,235,321,265
zfand1,476,506,390,484,567,512,456,446,645,476,463,446
zfand2a,466,208,707,242,483,245,385,244,551,205,597,262
zfand2b,408,451,417,438,539,416,420,370,506,400,506,373
zfand3,1601,779,1431,929,1172,958,1317,917,1278,881,1314,893
zfand4,340,695,410,464,576,802,557,431,511,592,309,824
zfand5,1633,1187,1659,1347,1425,1046,1455,919,1337,1055,1822,951
zfand6,1470,1749,1676,1616,1397,1518,1440,1392,1654,1455,1291,1487
zfat,67,46,108,67,61,55,70,65,91,49,85,63
zfc3h1,702,865,1245,1002,763,732,804,1104,1057,984,676,882
zfhx2,55,62,82,113,50,57,73,59,105,61,62,94
zfhx3,248,195,378,364,234,207,262,271,259,189,250,293
zfhx4,134,293,170,478,232,336,266,298,241,314,237,364
zfp1,138,116,110,102,105,85,94,113,150,109,141,123
zfp14,66,32,51,42,78,32,63,22,80,34,57,38
zfp2,99,141,106,145,151,117,113,135,169,139,142,120
zfp28,82,33,55,36,48,23,59,24,80,36,40,25
zfp3,42,29,41,29,32,28,29,38,47,33,33,29
zfp30,72,77,69,70,67,58,67,67,101,58,60,75
zfp36,627,893,1125,1119,538,657,719,1127,742,1650,383,975
zfp36l1,1148,1274,1265,1509,984,751,820,672,720,904,937,1571
zfp36l2,863,767,700,843,655,444,825,473,802,580,966,722
zfp37,157,41,334,70,176,33,196,48,216,42,313,40
zfp41,115,59,78,52,104,35,64,45,132,67,97,40
zfp42,0,1,3,1,0,1,3,2,5,2,1,1
zfp57,80,7,175,18,17,7,63,8,37,6,8,11
zfp62,499,683,732,682,641,684,631,600,966,593,786,721
zfp64,204,130,361,137,153,138,139,142,219,148,145,124
zfp69,33,19,48,20,22,18,17,19,35,17,39,18
zfp82,16,18,53,21,21,15,23,15,30,20,30,15
zfp90,142,52,105,87,105,43,116,54,157,56,160,39
zfp91,2250,2312,2203,2633,2163,2058,2226,2459,2670,2162,2714,2125
zfp92,4,9,13,12,5,0,3,8,23,10,6,14
zfpl1,233,168,190,194,227,148,185,167,242,155,169,183
zfpm1,408,323,272,428,320,311,241,301,287,232,169,295
zfpm2,43,32,42,117,36,26,53,24,55,37,58,30
zfr,1553,1545,2167,1776,1415,1165,1440,940,1803,1484,2530,1557
zfr2,49,11,63,33,47,19,43,28,75,22,44,19
zfx,964,801,1050,931,904,961,870,826,1311,785,884,802
zfyve1,1302,1395,1459,1311,1222,1076,915,1184,1448,1443,1053,1627
zfyve16,476,360,413,433,449,270,486,299,690,290,448,346
zfyve19,357,294,367,281,348,245,311,243,499,265,356,249
zfyve21,681,552,452,590,544,566,401,549,642,502,342,575
zfyve26,924,521,1162,540,775,664,726,775,1031,642,747,732
zfyve27,345,265,425,235,385,239,357,292,483,257,388,328
zfyve28,10,5,21,4,11,5,10,6,21,8,15,12
zfyve9,691,766,637,937,713,771,644,795,880,796,620,790
zg16,1491,173,777,83,1195,45,280,11584,194,3282,26,4030
zglp1,0,0,6,4,0,0,2,1,2,2,1,1
zgpat,521,334,692,359,399,306,435,360,716,445,541,413
zgrf1,30,44,66,25,35,34,49,36,70,40,54,37
zhx1,1606,1512,1599,1373,1569,1371,1388,1514,2225,1418,2334,1405
zhx2,378,281,353,347,286,298,262,306,377,341,261,315
zhx3,1929,1808,2340,1829,1562,2046,1876,2150,2546,1869,1945,1904
zic1,5,2,11,12,8,8,12,8,13,3,4,10
zic2,0,0,0,0,2,0,0,0,0,0,0,0
zic3,0,0,0,0,0,0,0,0,0,0,0,1
zic4,0,1,0,1,0,0,0,0,2,0,0,3
zic5,1,4,16,1,2,1,3,0,2,1,6,2
zik1,54,35,84,41,54,37,37,32,75,39,64,22
zkscan1,1391,1550,1308,1727,1620,1606,1390,1347,1978,1995,2661,1322
zkscan2,23,31,55,49,17,28,26,34,43,30,30,37
zkscan3,928,1227,1678,1211,1140,1157,1005,1338,1507,1449,1009,1331
zkscan4,29,26,19,25,15,13,16,19,19,19,15,9
zkscan5,284,427,223,294,326,253,260,296,334,246,307,322
zkscan7,162,231,197,197,201,241,145,273,283,213,228,275
zkscan8,336,335,463,374,296,293,231,348,442,378,296,319
zmat1,109,118,114,163,92,121,102,116,161,109,118,129
zmat2,888,796,814,794,902,742,896,780,1158,859,1119,786
zmat3,215,94,415,165,185,90,244,120,232,93,166,125
zmat4,0,0,1,3,0,0,0,0,2,0,2,1
zmat5,121,86,111,102,140,103,137,83,142,81,130,79
zmiz1,369,221,432,541,326,264,407,238,402,282,361,304
zmiz2,187,105,148,194,143,93,170,119,182,103,102,136
zmpste24,1604,1710,1751,1571,1527,1616,1568,1581,2314,1618,2444,1653
zmym1,126,142,175,166,142,131,143,101,208,115,131,176
zmym2,858,993,1078,1167,843,1143,997,1180,1563,1057,976,1183
zmym3,295,262,347,261,302,271,245,280,453,225,283,236
zmym4,447,377,548,395,399,352,414,381,576,357,577,343
zmym5,548,540,578,609,546,618,551,698,711,554,416,645
zmym6,192,217,356,215,210,157,198,216,375,283,280,206
zmynd10,7,1,2,4,6,5,4,6,6,3,1,5
zmynd11,1012,848,1293,1012,871,933,909,853,1142,798,690,1038
zmynd12,8,0,9,5,5,0,5,0,7,2,10,3
zmynd15,117,49,107,55,128,45,109,26,147,30,169,39
zmynd19,216,173,314,191,193,147,252,192,273,173,175,198
zmynd8,590,470,915,539,445,497,506,478,771,534,671,569
znfx1,1714,1020,2073,1301,1476,968,1252,1161,1675,1165,1113,1067
znhit1,519,419,464,450,573,451,491,394,537,427,509,357
znhit2,207,182,271,158,215,172,170,193,180,151,180,163
znhit3,175,202,142,170,205,169,148,142,181,157,188,123
znhit6,128,109,117,103,99,103,89,90,139,80,102,98
znrf1,418,359,423,322,373,377,397,383,567,347,344,343
znrf2,1804,1562,1509,1795,1793,1839,1447,1629,1948,1747,1926,1808
znrf3,171,137,379,190,178,198,164,243,277,186,195,235
znrf4,0,0,1,0,0,0,0,0,2,0,0,0
zp1,0,0,0,0,0,0,0,0,0,0,0,0
zp2,0,0,0,0,0,0,0,0,1,0,0,0
zp3,1,0,0,0,0,0,1,0,0,0,0,0
zpbp,1,3,2,4,1,2,2,3,4,0,3,0
zpbp2,2,3,0,5,3,2,3,2,3,6,6,3
zpld1,1,0,0,1,0,0,0,0,0,0,0,0
zpr1,838,602,1380,609,738,752,1120,703,1183,585,663,708
zranb1,1221,1400,1374,1327,1161,1481,1281,1468,1650,1353,1427,1330
zranb2,1059,1335,1228,1279,1144,1020,1030,987,1442,1251,959,1059
zranb3,166,107,122,84,160,87,160,118,222,96,279,106
zrsr2,192,159,220,160,155,170,173,169,239,153,131,171
zscan10,0,0,0,2,0,0,0,0,0,0,1,0
zscan12,114,157,188,123,117,136,145,185,175,174,105,141
zscan18,11,5,15,12,4,3,8,6,13,4,7,4
zscan2,75,36,67,49,62,34,54,35,45,61,75,43
zscan20,65,54,104,62,79,53,74,61,87,57,82,71
zscan21,366,293,401,328,378,300,408,281,495,315,573,312
zscan22,62,53,83,67,41,55,61,64,92,37,43,54
zscan25,98,83,115,79,93,66,119,74,123,63,120,81
zscan29,405,252,618,372,333,310,380,320,528,280,388,363
zscan30,2,4,1,5,6,3,4,5,6,0,6,1
zscan5b,0,1,1,2,0,0,1,0,2,0,0,1
zswim1,67,35,102,51,54,53,60,56,77,29,82,66
zswim2,0,0,0,0,0,0,0,0,0,0,0,0
zswim3,32,22,57,45,42,21,30,21,45,13,35,20
zswim4,268,144,401,158,217,124,232,122,223,189,275,169
zswim5,40,60,57,54,56,70,42,72,68,63,49,54
zswim6,161,83,189,145,139,99,168,113,178,86,135,123
zswim7,145,138,99,129,203,128,191,116,194,126,214,119
zswim8,568,366,703,439,438,396,519,428,687,367,424,411
zw10,277,254,333,275,253,252,293,250,381,269,293,277
zwilch,35,10,75,15,41,18,44,14,62,20,46,29
zwint,1506,1239,2432,1172,1657,1024,2118,1085,1859,1110,1778,1138
zxda,31,0,39,0,49,5,26,22,6,21,0,28
zxdb,215,168,175,211,125,139,166,137,224,107,146,155
zxdc,315,207,323,242,352,253,385,283,342,232,294,287
zyg11a,76,127,90,71,75,76,89,160,121,124,124,188
zyg11b,2451,1775,2423,1894,2133,1843,2060,2123,2706,1719,2784,1926
zyx,614,274,662,496,473,285,633,297,607,294,445,313
zzef1,1111,1074,1251,1359,1188,1088,1200,1312,1599,1267,1070,1472
zzz3,875,898,1203,935,953,830,1098,1035,1372,795,1023,924
mt-atp6,68257,97189,48732,94991,103272,71466,75281,66966,99036,84039,119968,92708
mt-atp8,11495,15444,8110,13605,15969,10423,11454,10123,15622,12389,17535,13376
mt-co1,346527,498721,274675,350102,498330,363577,452725,402375,622705,487866,593830,530295
mt-co2,40233,50963,40677,46536,67455,37941,47880,58719,58596,48506,67352,82715
mt-co3,268497,351436,182991,290230,390289,264340,307188,240277,410393,332660,490476,345422
mt-nd1,47726,57038,39262,45516,52572,41406,54485,38382,67645,50117,77274,58699
mt-nd2,17105,20783,11755,22757,22037,16213,20044,16881,27086,19496,30970,20663
mt-nd3,7111,12690,4815,9508,8027,7035,5229,5353,9453,7992,10781,8872
mt-nd4,21825,29177,15866,33967,30438,21479,22424,24751,31878,26107,35913,29747
mt-nd4l,2540,3058,1980,3266,3483,2091,2435,2816,3794,3160,3963,3257
mt-nd5,12329,19694,9914,23960,16329,15967,12734,15414,17576,16747,23150,15632
mt-nd6,3445,4999,2805,5927,3848,3869,2795,3455,4341,4114,4148,3838
