,I00003,I00004,I00009,I00010,I00015,I00016,I00021,I00022,I00027,I00028,I00033,I00034
a1bg,2,5,2,1,0,3,0,2,0,1,3,2
a1cf,1498,1891,1940,1896,2236,2158,2242,1802,2392,2000,1866,3028
a2m,11,6,6,5,11,4,7,8,4,2,8,6
a3galt2,1,0,0,0,0,4,2,2,1,0,2,0
a4galt,22,15,20,20,29,18,21,10,28,18,25,24
a4gnt,0,0,1,0,2,0,0,6,0,4,14,1
aaas,133,147,161,134,184,167,125,119,105,110,112,115
aacs,775,3440,1711,1728,3317,2660,3296,2448,1307,1476,829,1367
aadac,12770,16655,19013,13691,16451,15401,14092,16149,15104,17962,15104,15327
aadacl2,1,0,0,0,0,0,0,0,0,0,0,0
aadacl3,0,0,0,0,0,0,0,0,0,0,0,0
aadat,1809,2839,3456,2270,2019,2140,1743,1954,1725,1891,1669,2129
aagab,677,789,913,670,977,839,731,764,710,816,682,760
aak1,365,391,421,349,471,490,447,357,487,305,395,462
aamdc,359,500,507,383,457,424,433,387,449,388,513,326
aamp,2750,2777,3086,2661,3430,2967,2855,2601,2638,2384,2585,2254
aanat,2,1,2,2,1,4,2,3,2,2,2,1
aar2,425,481,468,402,524,497,416,408,394,369,287,433
aard,26,28,31,17,29,16,21,19,17,27,25,25
aars2,335,330,362,284,412,349,339,278,345,282,273,316
aarsd1,326,476,433,421,499,501,408,430,325,354,322,382
aasdh,183,180,223,154,219,204,161,154,158,156,165,174
aasdhppt,898,903,1043,812,962,1013,757,850,840,1053,752,846
aass,9479,11107,10894,8704,10863,10716,9387,7657,8989,8103,8879,7382
aatf,343,375,460,363,477,474,320,367,393,387,343,344
aatk,53,118,37,94,72,126,59,178,58,162,59,178
abat,7947,8871,10019,6799,9618,7810,6711,6819,6852,7389,6732,7622
abca1,7619,7473,9568,7122,10901,9246,9121,7380,8743,6062,7054,8429
abca12,13,24,15,14,10,12,25,16,19,13,23,18
abca13,31,5,7,3,8,1,9,5,7,6,5,7
abca2,889,810,1053,636,889,793,712,795,814,501,589,1126
abca3,1278,1049,1356,897,1603,1239,1353,1206,1518,1050,1168,1437
abca4,29,17,37,12,23,27,28,16,28,19,24,22
abca5,244,175,268,188,240,279,187,207,183,275,189,275
abca6,7875,9412,11087,9345,10537,10272,9001,8107,10321,9286,9112,9474
abca7,202,157,208,148,260,200,200,148,226,126,204,182
abca9,413,338,403,270,485,264,395,259,355,249,349,303
abcb10,656,1070,869,698,911,895,853,926,749,779,726,856
abcb11,22933,21282,26964,15776,18279,23067,15108,21918,16149,22518,13133,21533
abcb4,5219,4056,6382,4334,4981,5040,3702,3808,4227,4913,4173,4516
abcb5,0,0,0,0,0,2,0,2,0,0,0,0
abcb6,1015,1683,1526,1378,1739,1521,1415,1319,1612,1251,1335,1294
abcb7,1789,2002,2409,1778,2297,2190,1802,1683,1792,1932,1917,1765
abcb8,596,647,730,537,784,605,567,502,567,456,604,547
abcb9,44,46,51,43,45,64,31,35,49,35,41,39
abcc1,208,142,212,138,261,185,238,151,287,89,195,178
abcc10,84,101,108,92,114,93,132,117,135,74,93,119
abcc12,4,6,9,7,6,9,11,2,2,3,6,7
abcc2,7282,9626,9883,9925,12794,9170,10779,10265,12893,10067,11107,12402
abcc3,2415,3817,2889,3778,4389,4441,2735,3729,3467,4401,3054,3540
abcc4,120,74,119,95,173,82,101,86,119,65,128,83
abcc5,263,137,260,150,324,138,221,143,286,118,245,214
abcc6,2169,3003,3088,2411,3172,2742,2800,2793,3046,2140,2420,2980
abcc8,0,0,0,1,0,3,0,0,3,0,2,0
abcc9,1230,950,918,945,1144,848,890,881,805,1044,885,1061
abcd1,412,405,447,311,633,343,397,332,386,287,385,394
abcd2,406,165,468,229,1072,218,776,484,914,705,687,351
abcd3,10496,12248,14664,10794,15091,13246,10985,14587,11551,16516,11378,13938
abcd4,124,198,145,176,135,140,100,98,127,102,125,132
abce1,2723,3548,3449,2772,3084,3632,2943,2888,2512,3029,2328,2516
abcf1,1007,1333,1221,1188,1629,1409,1346,965,1151,870,1171,839
abcf2,819,990,1048,884,1115,1208,924,848,870,797,755,819
abcf3,1132,1191,1167,1193,1259,1509,1032,1055,1016,958,885,947
abcg1,432,318,439,278,678,309,438,277,414,261,359,309
abcg2,1945,2373,2585,2091,2176,2542,2004,2538,2059,2780,1964,2725
abcg4,1,1,2,0,1,1,3,0,1,1,1,1
abcg5,1046,1362,1374,1328,1790,1378,1448,1476,2049,1497,1889,1391
abcg8,881,1425,1255,1325,1398,1298,1059,1486,1486,1313,1428,1509
abhd10,133,143,187,122,159,162,135,110,158,120,142,144
abhd11,443,471,592,385,631,512,477,449,480,419,493,453
abhd12,658,598,730,534,845,646,644,531,592,555,663,602
abhd12b,3,10,6,4,5,9,18,4,12,6,9,3
abhd13,711,881,962,875,1029,987,898,798,917,753,816,714
abhd14a,141,199,161,116,184,148,158,142,156,138,133,158
abhd14b,2943,3409,3556,2706,4529,2838,3442,2824,3387,2709,3029,2564
abhd15,758,1000,872,877,1152,948,842,742,924,723,720,725
abhd16a,657,641,730,510,827,669,630,574,704,552,607,693
abhd16b,4,2,4,2,2,1,1,1,3,0,1,3
abhd17a,703,763,785,713,1057,683,734,641,845,605,723,722
abhd17b,341,510,567,536,501,558,644,419,469,419,473,386
abhd17c,1044,898,1136,715,1035,899,761,773,868,720,908,993
abhd18,637,889,960,693,905,897,699,647,714,713,795,648
abhd2,2378,1659,2155,1499,3095,1944,1999,1308,1971,1086,2802,1321
abhd3,1156,1192,1422,968,1236,1288,1148,1018,1073,1234,1125,1019
abhd4,785,614,866,570,951,788,573,522,708,500,650,593
abhd5,657,927,966,557,809,731,631,645,580,609,528,645
abhd6,213,445,290,357,375,397,370,333,429,412,464,354
abhd8,94,98,109,58,141,77,90,67,124,41,89,64
abi1,1162,983,1306,959,1448,1088,1138,978,1135,933,1220,996
abi2,216,198,242,192,357,234,306,145,326,150,326,217
abi3,187,115,185,98,314,106,142,115,163,86,144,126
abi3bp,114,131,135,141,248,135,180,154,178,127,213,155
abl1,540,593,591,559,791,628,695,487,810,336,656,528
abl2,313,310,391,341,413,312,365,298,377,288,302,369
ablim1,633,645,721,396,675,480,627,641,613,526,614,663
ablim2,45,48,51,41,53,49,48,44,52,32,47,65
ablim3,350,441,418,260,377,404,392,353,268,266,310,332
abo,0,0,0,0,0,0,0,0,0,0,1,0
abr,259,151,243,159,313,186,265,159,257,118,397,215
abra,0,1,3,1,4,0,2,0,4,0,2,12
abracl,268,176,287,201,328,233,215,189,237,208,245,196
abt1,207,240,273,231,216,288,204,225,226,221,194,180
abtb1,514,479,658,507,621,504,523,458,536,396,530,564
abtb2,416,237,230,139,217,286,184,200,180,147,195,311
acaa2,16462,20896,22031,18718,24209,20613,19722,18588,19546,20973,18615,17847
acaca,4585,5333,5602,3351,7435,5329,4366,4607,5090,3857,4007,4078
acacb,1543,2455,1452,1228,2228,2044,1249,2106,1389,1334,1066,2455
acad10,526,591,651,476,719,581,510,530,568,478,561,574
acad11,7791,9448,10266,8868,10292,10078,9025,8661,8969,10699,8838,8407
acad8,1539,1469,1861,1300,1753,1713,1311,1470,1427,1436,1399,1391
acad9,1687,1610,1854,1199,1901,1549,1518,1541,1704,1643,1633,1636
acadl,2043,2196,2428,2319,3318,2636,2348,2076,2521,2461,2590,2313
acadm,5095,5524,6175,5567,6532,6541,5031,5404,5304,7262,5136,5312
acads,2602,2623,2732,2362,3636,2751,2527,2355,2586,2102,2515,2447
acadsb,4446,5478,6192,4420,5564,5251,4961,4709,4900,5069,4567,4679
acadvl,7600,8547,9499,8131,9750,9484,8132,7821,8569,8339,7528,7563
acan,0,0,0,0,0,0,0,0,0,0,0,0
acap1,53,40,62,30,52,43,63,71,51,45,43,62
acap2,819,793,949,655,1104,853,885,677,883,656,913,754
acap3,78,78,87,85,133,103,102,76,124,65,81,78
acat1,7024,7798,8557,6937,8641,8198,6505,8487,7170,10115,7440,8395
acat2,2357,2602,2216,1381,2796,2254,1605,2719,2050,2677,1548,2672
acbd3,513,487,541,459,598,595,475,433,442,395,446,378
acbd4,770,918,844,635,844,813,760,731,668,632,662,760
acbd5,6535,6389,8891,6532,7566,7531,6999,7684,7769,9113,7559,8285
acbd6,351,431,401,316,393,378,330,338,351,305,329,328
acbd7,0,1,0,1,1,0,0,0,1,0,0,1
accs,96,88,116,79,100,83,111,90,100,81,91,109
accsl,0,0,0,0,0,0,1,0,0,0,0,0
acd,145,139,184,136,198,137,154,134,171,85,146,139
ace,102,31,102,50,162,32,79,48,80,32,446,69
ace2,31,11,23,59,23,10,13,14,16,8,1645,13
acer1,6,8,4,6,8,18,16,13,14,5,31,8
acer2,768,422,463,461,587,418,409,367,418,294,466,294
acer3,741,738,854,632,909,771,762,753,801,719,726,734
ache,5,9,8,11,11,7,9,3,9,3,8,11
acin1,936,958,1034,775,1107,1007,960,958,977,756,906,776
ackr1,45,18,45,16,51,12,26,10,32,3,16,5
ackr2,94,81,61,58,78,60,56,40,55,42,51,67
ackr3,43,32,48,29,53,43,60,29,46,31,60,76
ackr4,72,95,101,77,92,105,76,94,92,93,115,100
acly,7898,10506,7844,4328,11732,7731,5801,13968,6271,9156,5656,10237
acmsd,704,1891,684,667,650,739,518,477,559,338,640,538
aco1,5172,6830,6889,5128,7299,6290,5733,5481,5622,5655,5562,5468
aco2,3107,4808,4714,4088,5617,4264,3821,3748,4128,3526,4491,3439
acod1,63,10,58,17,105,46,56,23,45,17,16,13
acot1,80,233,95,310,239,295,142,135,127,255,204,177
acot11,268,194,323,108,327,203,188,250,235,193,239,232
acot12,2161,2328,2874,2610,2821,2305,2466,2305,2584,2701,2744,2417
acot13,920,878,1059,661,1213,844,923,945,982,1164,976,931
acot2,68,59,91,50,129,78,70,53,85,121,114,77
acot4,189,229,172,297,499,267,324,253,391,425,462,282
acot6,21,18,18,20,24,34,14,13,15,21,24,20
acot7,199,333,293,242,376,284,291,256,309,236,302,287
acot8,225,235,264,234,284,254,221,182,225,217,222,213
acot9,262,130,257,119,261,224,177,140,222,168,297,163
acox1,34619,43525,38087,37312,46328,49809,35722,37432,32609,43818,34066,37851
acox2,4422,6222,5515,4211,3845,4586,3145,4201,2927,4341,2785,4082
acox3,724,779,1239,697,1018,744,812,608,830,530,783,613
acoxl,0,0,0,0,0,0,0,1,0,1,0,0
acp1,1553,1996,1998,1592,2061,2033,1684,1786,1666,2041,1632,1651
acp2,1393,1389,1509,1100,1573,1365,1188,1237,1086,1057,887,1184
acp5,1859,1817,2255,1637,2484,1760,1769,1641,1953,1348,1763,1747
acp6,541,579,714,450,645,586,616,547,647,501,542,537
acp7,0,0,0,0,0,0,0,0,0,0,0,0
acr,1,1,0,0,1,0,0,1,0,0,2,1
acrbp,39,35,32,9,20,19,29,35,41,24,35,29
acrv1,7,8,12,4,13,8,13,5,11,10,16,6
acsbg1,5,4,7,3,10,8,11,9,10,6,15,5
acsbg2,6,3,1,2,1,3,2,0,5,2,2,0
acsf2,1039,1309,1293,1098,1490,1383,1137,1090,1175,960,1020,1539
acsf3,360,415,432,368,462,389,308,358,356,320,370,389
acsl1,11638,21454,17249,16883,18889,13595,18251,15853,13909,18185,12866,15453
acsl3,1025,914,775,530,1139,1232,840,928,1000,876,893,704
acsl4,1762,2280,2100,1927,2669,2308,2621,1582,2252,1591,1892,2011
acsl5,9417,10408,11319,8069,10520,11536,7127,12160,8066,12726,9372,11669
acsl6,4,15,0,9,3,11,4,15,8,20,14,26
acsm1,7966,9823,8670,8697,9246,10588,8199,8766,7831,8858,8182,7824
acsm3,2651,3490,3836,3479,4184,3440,3475,2743,3689,3721,3397,2980
acsm4,1,1,3,0,0,0,3,0,1,0,1,2
acsm5,2327,3069,3752,2979,4414,3341,3658,3360,3775,3593,3157,3415
acss1,49,14,26,26,45,32,36,19,52,14,146,40
acss2,6785,6694,6454,4603,6515,7583,3272,10384,4350,7861,3576,9741
acss3,742,460,750,320,723,550,449,513,518,790,527,563
acta1,18,12,185,0,3,47,0,3,0,1,5,1742
acta2,232,233,152,129,151,152,126,233,242,133,385,327
actb,23031,18374,23522,15713,28316,19010,17894,18203,17194,14853,18341,19495
actbl2,0,0,0,0,0,0,0,0,0,0,0,0
actc1,2,0,4,0,1,1,0,4,1,0,0,8
actg2,31,22,14,13,16,11,9,42,23,12,83,43
actl10,1,0,0,1,1,0,0,1,1,0,0,0
actl6a,414,510,536,489,525,603,489,472,415,473,347,440
actl6b,2,0,5,2,4,0,5,3,2,4,0,4
actl7a,0,2,3,0,2,1,3,0,0,2,0,2
actl7b,0,0,0,0,0,0,0,0,0,0,0,0
actl9,2,1,0,0,2,0,3,2,1,3,0,0
actn1,599,572,670,461,818,544,637,467,812,402,631,563
actn2,16,17,22,5,7,17,23,9,20,14,13,101
actn3,12,3,16,2,3,7,5,4,5,0,9,46
actn4,1444,1494,1419,1334,1679,1467,1439,1298,1548,1080,1455,2135
actr10,975,1060,1248,869,1176,1083,1035,921,1004,994,989,950
actr1a,1296,1468,1520,1291,1702,1548,1253,1221,1299,1016,1122,1087
actr1b,1217,1290,1472,1215,1663,1288,1234,1088,1272,980,1177,1019
actr2,3631,3447,4499,3118,4300,3980,3656,3324,3761,3479,3608,3389
actr3,2520,1986,2710,1868,3166,2107,2321,1887,2375,1841,2451,1852
actr3b,10,7,9,8,7,8,8,7,10,11,14,10
actr5,168,135,172,159,191,161,182,158,140,147,139,129
actr6,267,371,329,352,380,341,341,328,414,321,392,300
actr8,543,649,694,558,659,665,575,541,541,570,530,512
actrt1,0,0,0,0,0,0,0,0,0,0,0,0
actrt2,0,0,0,0,0,0,0,0,0,0,0,0
actrt3,0,3,0,1,0,0,0,0,3,0,0,1
acvr1,208,181,267,177,286,240,264,164,220,145,193,253
acvr1b,250,277,359,339,375,346,310,230,338,208,275,302
acvr1c,3,9,5,10,13,13,8,16,26,23,13,19
acvr2a,774,781,972,792,1010,906,852,796,824,804,870,814
acvr2b,51,76,71,79,68,84,66,69,65,53,44,96
acvrl1,141,99,145,86,182,137,147,114,133,111,121,131
acy1,611,890,813,675,1065,819,863,647,954,609,826,567
acy3,819,1132,1184,796,1203,946,939,940,921,854,911,906
acyp1,145,243,213,146,200,173,158,124,169,148,150,138
acyp2,34,40,51,25,60,44,26,37,38,39,27,52
ada,36,54,61,66,58,68,44,48,44,48,1836,52
adad1,0,0,0,0,0,0,0,0,0,0,0,0
adad2,0,0,0,0,0,0,0,0,0,0,0,0
adam10,957,759,1114,799,1382,868,1031,736,1020,721,1033,885
adam11,142,44,117,40,109,58,87,49,120,62,71,115
adam12,182,196,179,106,207,177,195,234,251,211,200,243
adam15,131,82,156,91,188,93,175,89,149,79,139,142
adam17,955,647,1064,600,1187,850,862,722,883,641,783,665
adam18,0,0,0,0,0,0,0,0,0,0,0,0
adam19,66,41,65,46,92,57,66,57,65,46,79,73
adam2,1,3,0,2,0,0,0,0,1,1,0,3
adam20,0,0,0,0,0,0,0,0,0,0,0,0
adam21,4,3,4,3,1,2,1,1,4,2,3,0
adam22,26,20,29,26,36,20,32,22,30,23,44,27
adam23,1185,828,746,752,1005,646,784,447,792,396,797,479
adam28,1,6,7,6,8,8,14,10,10,10,7,5
adam29,0,0,0,0,0,0,0,0,0,0,0,0
adam30,1,0,0,0,1,0,0,0,0,0,0,1
adam32,9,1,7,2,6,2,9,2,9,0,10,0
adam33,17,21,10,7,21,18,23,16,21,17,15,21
adam5,0,0,2,0,1,0,0,0,0,0,1,2
adam7,0,0,2,2,0,1,0,0,1,1,1,2
adam8,107,24,206,71,205,65,265,46,220,79,150,152
adam9,1851,1984,2286,1671,2168,2072,1957,1717,1787,1627,1701,1717
adamdec1,153,112,123,188,142,119,84,147,93,136,159,102
adamts1,302,301,274,315,452,306,257,331,312,350,303,382
adamts10,160,111,174,115,170,134,176,116,199,94,151,137
adamts12,63,13,63,12,67,26,65,14,51,14,39,22
adamts13,145,173,151,157,213,143,149,146,158,125,162,161
adamts14,24,25,31,32,39,28,40,17,37,22,24,21
adamts15,81,38,71,58,116,66,91,46,61,39,62,84
adamts16,1,2,1,3,2,3,2,1,4,1,3,1
adamts17,5,7,7,9,7,5,6,3,8,3,5,2
adamts18,0,0,0,1,0,0,0,0,0,0,0,0
adamts19,2,3,0,6,1,1,3,1,3,2,6,2
adamts2,350,196,350,193,409,225,399,148,348,172,366,280
adamts20,4,0,0,2,0,0,3,0,1,0,0,0
adamts3,14,11,5,7,17,6,13,5,16,8,9,2
adamts4,32,5,20,3,16,6,9,4,9,9,6,13
adamts5,169,71,171,86,281,58,179,78,194,79,168,157
adamts6,32,37,47,27,26,37,41,40,44,29,42,42
adamts7,152,115,192,85,255,124,181,149,320,125,198,189
adamts8,4,6,1,2,6,4,4,2,3,4,6,2
adamts9,118,81,144,104,177,98,170,89,167,82,119,146
adamtsl1,70,36,74,48,107,38,88,55,108,39,101,86
adamtsl2,174,156,128,141,131,111,134,108,148,85,142,118
adamtsl3,18,11,16,14,19,15,14,12,18,24,28,26
adamtsl4,52,61,46,43,79,42,60,26,46,30,68,50
adamtsl5,21,25,26,25,29,26,47,18,29,26,55,33
adap1,71,26,68,38,90,41,60,42,72,30,108,41
adap2,799,881,926,879,924,961,788,623,691,618,664,618
adar,570,594,643,461,690,668,555,515,503,432,485,482
adarb1,320,491,439,378,596,442,535,375,567,268,484,365
adarb2,27,16,11,15,17,18,26,17,29,25,26,15
adat1,88,116,127,108,117,134,90,82,120,95,52,90
adat2,49,56,65,35,65,61,51,35,49,35,45,56
adat3,22,27,33,33,28,31,29,21,43,21,27,18
adck1,272,341,377,252,363,307,269,274,264,282,259,340
adck2,147,155,157,138,172,128,151,139,146,111,142,127
adck5,534,377,572,342,330,342,393,342,305,321,250,445
adcy1,12,6,7,18,10,16,3,3,7,5,10,5
adcy10,12,15,17,11,8,16,18,13,19,12,10,12
adcy2,19,4,16,5,11,1,12,4,8,3,16,13
adcy3,76,44,76,41,89,38,80,38,73,46,71,70
adcy4,107,124,98,87,128,101,110,86,110,78,115,87
adcy5,41,57,54,44,56,49,37,41,40,34,48,59
adcy6,322,463,376,583,480,498,437,412,628,430,572,459
adcy7,277,172,323,171,426,180,374,187,365,159,260,249
adcy8,0,0,0,2,0,1,0,0,0,0,2,0
adcy9,600,648,776,649,723,626,605,623,720,526,672,735
adcyap1,0,0,0,0,0,0,0,0,0,0,0,0
adcyap1r1,51,36,38,36,56,33,67,38,74,35,57,56
add1,999,867,1077,755,1321,949,988,803,910,681,898,943
add2,10,1,1,1,2,0,0,1,0,1,5,0
add3,564,510,704,479,975,468,714,436,682,562,767,553
adgb,119,64,105,94,120,75,86,64,126,66,91,74
adgra1,1,0,1,4,3,1,0,1,2,0,2,1
adgra2,165,115,140,98,227,120,212,77,146,52,165,131
adgra3,665,742,760,601,945,791,732,825,709,781,643,740
adgrb1,1,0,1,0,0,0,1,0,0,0,1,0
adgrb2,3,1,3,6,7,4,11,1,11,1,3,4
adgrb3,20,37,25,19,15,32,22,26,46,17,28,21
adgrd1,111,63,154,150,201,101,293,79,201,99,147,223
adgre1,2349,982,2230,1391,2777,1009,1791,1135,1945,930,1244,1240
adgre5,916,646,901,622,1177,696,784,529,796,505,718,608
adgrf1,47,742,325,580,255,514,233,422,148,278,152,349
adgrf3,1,0,0,1,1,1,4,2,1,0,3,2
adgrf4,5,1,2,1,1,1,6,3,4,2,2,4
adgrf5,1380,1417,1594,1302,1985,1459,1494,1189,1568,1108,1555,1142
adgrg1,72,59,63,63,73,55,49,32,80,49,73,76
adgrg2,1,14,10,13,6,14,16,23,17,24,6,18
adgrg3,147,68,132,60,116,86,82,67,110,50,76,82
adgrg4,4,6,7,4,4,8,5,6,9,4,14,4
adgrg5,9,8,2,1,7,2,3,6,1,5,8,5
adgrg6,149,74,126,108,174,72,109,47,133,68,125,95
adgrg7,23,0,0,11,1,5,3,1,31,0,190,0
adgrl1,111,110,129,103,182,83,154,77,160,70,147,132
adgrl2,832,779,838,862,1201,996,897,705,831,688,811,879
adgrl3,28,28,28,23,38,28,37,20,35,14,68,22
adgrl4,846,769,966,528,1250,687,797,647,769,662,852,605
adgrv1,71,124,118,127,95,117,92,83,112,60,86,163
adh4,6582,3616,5438,3280,5118,4279,4544,4775,4425,5979,4053,5236
adh5,10829,11978,12416,10241,13425,11683,11027,11497,11824,12299,10962,10618
adh7,279,452,444,346,361,405,512,335,402,345,437,413
adhfe1,2829,2829,3443,2252,3198,2756,2573,2425,2653,2650,2527,2479
adi1,1923,2012,2322,1812,2806,2057,2191,1872,2294,1879,2180,2091
adig,0,2,1,0,8,4,2,0,1,11,0,10
adipoq,1,18,6,10,59,10,13,39,11,91,3,31
adipor1,2457,2475,2782,2225,3136,2481,2358,1964,2456,1776,2249,1923
adipor2,13206,12959,17293,9765,13779,14810,10658,14401,9481,15735,8848,14517
adk,14873,18352,19653,14728,17598,18937,15487,15472,16089,17987,13615,15050
adm,29,39,28,32,50,36,20,31,41,25,31,33
adm2,0,3,1,2,0,1,5,0,8,0,1,2
adnp,74,31,50,65,37,41,40,26,58,24,59,52
adnp2,219,203,288,210,259,264,225,176,229,217,222,233
ado,465,422,494,358,516,463,395,321,445,348,354,397
adora1,312,356,456,466,389,439,330,243,486,289,254,396
adora2a,48,25,29,16,37,12,30,27,33,24,22,15
adora2b,3,6,9,11,18,3,30,7,15,6,16,5
adora3,21,8,17,15,21,11,15,12,21,15,12,12
adpgk,313,336,354,286,416,383,354,314,328,235,249,258
adprh,120,130,107,80,150,81,115,100,107,73,98,124
adprhl1,0,1,0,0,1,1,2,0,0,0,0,10
adprm,339,389,484,331,413,411,354,399,420,447,401,397
adra1a,53,105,95,99,71,117,72,97,60,121,62,107
adra1b,698,636,697,430,705,439,574,713,624,593,533,749
adra1d,0,0,2,1,1,1,1,0,0,0,1,0
adra2a,1,0,1,0,0,2,1,0,0,0,6,1
adra2b,167,120,141,79,206,142,143,81,102,82,112,157
adra2c,0,1,1,1,1,4,1,2,0,1,3,1
adrb1,31,16,22,16,23,15,15,16,26,11,17,8
adrb2,50,30,43,33,67,36,40,31,72,24,47,26
adrb3,34,79,64,39,44,39,32,38,53,51,32,96
adrm1,875,1063,880,981,966,1256,751,1002,802,884,636,956
adsl,377,564,515,344,506,468,407,344,331,323,355,360
adtrp,1834,2721,2658,2168,2179,2521,2106,2791,1814,3370,1821,2706
aebp1,185,91,194,160,331,105,308,103,299,109,238,243
aebp2,478,434,552,482,642,521,495,432,537,429,533,450
aen,372,326,377,288,442,378,288,290,295,352,256,255
afap1,81,40,64,40,78,58,74,56,81,42,81,73
afap1l1,133,116,131,87,210,119,134,96,135,68,142,104
afap1l2,51,17,34,35,55,36,62,38,39,41,38,49
aff1,607,618,732,595,807,696,756,615,769,509,674,767
aff2,10,5,9,6,7,2,9,2,10,4,13,1
aff3,30,19,34,11,33,9,30,18,33,11,21,22
aff4,2708,3354,3412,3288,3496,3687,3286,2968,3587,2915,3120,3094
afg3l2,1035,1356,1444,1221,1514,1318,1282,1058,1309,1038,1246,1143
afm,3838,5697,5033,4671,5615,6279,4568,6280,4634,6696,4385,5000
afmid,1700,2623,2484,1672,3119,1890,2430,2332,2616,2161,2284,2148
afp,57,40,78,36,71,58,62,36,60,42,97,55
aftph,1238,1285,1562,1223,1380,1495,1198,1184,1266,1334,1184,1201
aga,320,407,474,338,437,384,367,326,404,354,357,347
agap1,240,372,343,283,402,315,369,209,383,178,361,288
agap2,56,48,54,52,52,73,67,45,42,18,41,40
agap3,361,404,431,422,551,482,442,393,502,291,418,376
agbl1,2,3,2,4,0,3,2,1,4,1,1,4
agbl2,22,21,22,14,8,15,10,10,19,14,18,15
agbl3,108,131,131,91,115,116,120,113,120,114,106,118
agbl4,5,5,5,4,3,4,2,3,5,5,4,3
agbl5,77,89,136,107,133,145,125,100,141,68,111,105
ager,4,5,7,2,6,0,5,2,9,2,11,7
agfg1,823,769,998,732,1019,905,880,745,864,759,919,772
agfg2,534,752,712,617,718,808,697,724,785,645,537,636
aggf1,630,754,779,676,850,837,654,652,693,664,611,589
agk,155,197,210,123,192,183,158,201,154,194,152,190
agl,1248,1534,1700,1476,1998,1823,1829,1817,1737,1973,1613,1934
agmat,2058,2595,2621,2189,3002,2247,2375,2251,2436,2472,2158,2287
agmo,1725,2196,2403,1915,2620,2108,2239,2202,2366,2788,2349,2128
ago1,479,508,565,453,669,530,546,457,611,424,508,544
ago2,365,412,474,431,657,505,558,382,648,356,533,524
ago3,470,550,572,523,710,526,640,450,663,446,577,520
ago4,124,122,169,101,126,105,111,107,120,107,140,147
agpat1,142,156,151,130,217,176,197,118,210,88,203,97
agpat2,3470,3468,3917,2082,2941,3427,2385,2805,2172,2733,1961,3279
agpat3,2924,2925,3127,3117,3284,3236,2601,2465,2619,2390,2521,2820
agpat4,44,35,57,37,78,36,49,34,60,40,45,33
agpat5,371,358,372,279,367,301,310,260,297,245,257,250
agps,701,554,752,576,950,694,678,553,669,547,587,569
agr2,0,1,0,20,0,9,2,0,5,0,232,0
agr3,0,0,0,0,0,0,0,0,0,0,3,0
agrn,578,515,697,442,783,603,674,421,699,363,693,614
agrp,1,2,7,3,2,6,4,3,6,6,3,2
agt,9471,9323,9081,7658,9808,9009,8743,7004,8789,7035,7625,6929
agtpbp1,309,427,335,380,324,437,318,302,434,259,341,293
agtr2,0,0,0,0,0,0,0,0,0,0,0,0
agtrap,211,184,265,174,302,169,255,128,266,122,208,165
agxt,6074,5821,7599,4638,7023,5635,5069,5505,5305,5300,5209,5757
agxt2,3560,4470,4824,3366,4166,4067,2915,3626,3319,3983,3190,3911
ahctf1,1879,2136,1872,1735,2240,2067,1963,1938,2079,1943,1765,1951
ahcy,40519,61617,52037,46172,68256,46510,53695,38152,56469,38250,50585,39017
ahcyl1,1650,1950,1929,1773,2034,1898,1764,1578,1851,1572,2135,1870
ahcyl2,592,626,729,558,649,660,527,480,484,392,962,520
ahdc1,168,186,128,126,182,187,181,142,231,110,173,202
ahi1,30,47,38,28,44,48,40,38,39,49,44,50
ahnak,4818,3744,6080,3918,7987,4143,7663,3093,6513,3605,6847,5634
ahnak2,131,98,178,133,264,107,303,79,299,103,251,256
ahr,814,1155,804,1337,1383,1149,650,1030,1012,1029,839,1023
ahrr,33,31,31,10,27,21,36,20,19,27,29,18
ahsa1,1603,2868,1908,1486,1844,2035,1514,1501,1405,1377,1284,1197
ahsg,136970,151782,152459,146123,169707,172458,138011,129306,139508,109345,132203,110140
aicda,5,1,3,1,2,7,4,18,3,3,3,2
aida,311,263,380,273,421,280,330,240,359,254,334,264
aif1,339,140,352,174,385,134,175,212,215,136,155,144
aif1l,6,3,2,8,5,7,5,5,6,6,6,6
aifm1,2233,2306,2767,1853,2756,2425,2079,2100,2232,2126,2203,1806
aifm2,367,514,458,572,664,476,533,328,606,338,498,285
aifm3,75,94,66,91,102,115,87,113,80,100,93,106
aig1,268,202,309,197,298,262,259,181,273,210,246,205
aim2,119,52,100,50,86,60,90,62,95,62,90,74
aimp1,658,662,758,613,712,694,607,537,677,589,638,530
aimp2,105,181,166,147,191,188,141,125,141,96,126,116
aip,296,341,351,296,419,336,274,255,316,269,289,276
aipl1,2,4,3,4,4,6,1,8,2,3,4,10
aire,680,835,759,579,595,750,634,697,559,606,476,652
ajap1,3,1,2,3,3,2,2,0,5,4,0,5
ajuba,132,106,165,131,165,239,137,105,102,63,95,98
ak1,26,9,40,20,41,19,56,15,51,14,29,82
ak2,2873,5175,5340,4414,7774,4684,5840,4335,6528,4131,5676,3524
ak3,7377,8660,8915,7097,10741,8557,8139,7109,8551,7507,8315,6858
ak4,1293,2105,1697,1521,2526,1803,2350,1443,2684,1487,2032,1245
ak5,10,7,11,10,10,10,15,6,20,7,18,17
ak7,12,13,6,9,4,10,5,4,5,8,8,7
ak8,2,2,2,0,5,2,5,4,4,3,6,2
ak9,3,6,4,3,7,12,10,9,11,6,8,5
akain1,0,0,0,0,0,0,0,0,0,0,0,0
akap1,1551,1937,1960,1942,2081,2206,1621,1759,1646,1636,1466,1832
akap10,357,357,419,329,419,329,379,257,352,289,332,307
akap11,1328,1655,1762,1677,1722,2054,1583,1451,1772,1593,1546,1569
akap12,167,190,186,169,405,184,217,161,230,146,241,188
akap13,1811,2293,2188,2157,2807,2112,2269,2072,2515,1745,2487,2142
akap14,2,0,0,2,0,0,1,1,0,0,1,0
akap3,0,1,0,0,0,1,0,1,0,1,0,1
akap4,0,0,0,0,0,0,0,0,0,0,0,0
akap5,25,59,54,26,38,52,69,42,79,26,69,45
akap6,17,10,23,7,31,8,11,11,20,4,20,28
akap7,180,180,199,184,251,160,215,167,183,203,236,220
akap8,574,835,825,782,921,896,840,791,1024,775,899,646
akap8l,335,375,434,341,436,436,362,288,474,340,375,293
akap9,1860,2265,2385,2169,2300,2578,2161,1934,2278,1935,2261,2019
akip1,209,293,281,260,274,263,184,227,233,263,215,237
akirin1,738,783,849,758,915,953,716,735,772,789,645,739
akirin2,309,297,347,291,375,314,314,266,318,257,296,296
akna,149,73,145,67,199,83,114,96,157,55,131,116
aknad1,1,4,3,2,2,4,5,1,2,3,3,2
akr1a1,6590,8437,8082,7278,8541,8346,6753,6827,7019,7675,6449,6998
akr1b10,92,44,77,30,93,80,77,50,86,49,84,65
akr1d1,4006,4584,4455,3076,6631,3952,3657,4278,4266,4993,3980,4026
akt1,886,923,994,912,1406,1164,1088,727,1142,542,801,688
akt1s1,536,577,609,479,634,612,486,463,520,430,464,463
akt2,1934,2148,2017,1806,2535,2282,1933,1728,1942,1477,1742,1625
akt3,192,152,225,135,308,142,245,157,250,152,227,136
aktip,256,292,327,231,345,284,302,274,311,297,332,254
alad,1344,2327,1574,1925,2327,2171,1610,2080,1712,1986,1504,1923
alas1,2758,5911,4740,15335,13087,7593,16174,8567,6738,4746,9002,3065
alas2,5254,3232,4035,2982,3686,3470,3222,3401,3112,3186,2541,3265
alb,1308651,1661726,1388044,1379401,1660708,1893564,1314632,1531757,1332834,1564529,1188160,1328405
alcam,1732,1328,2076,1466,2321,1518,1897,1329,2014,1278,1779,1449
aldh16a1,1430,1462,1621,1536,1740,1535,1496,1394,1517,1177,1352,1431
aldh18a1,83,84,76,87,113,94,119,59,181,34,123,50
aldh1a1,21819,24269,23972,19830,33561,27336,20388,27413,19827,42444,19003,25001
aldh1a2,29,17,46,51,78,31,102,35,75,39,56,67
aldh1a3,27,53,21,40,44,46,25,37,28,31,79,42
aldh1b1,3784,1622,4032,980,4935,1451,2864,1347,3169,1286,3004,1334
aldh1l1,33904,38265,38168,28260,44990,34737,30287,29739,30641,26252,26490,29541
aldh1l2,33,101,35,103,51,94,83,72,259,32,53,35
aldh2,24028,26725,27322,23211,35908,26100,25035,23403,26235,23123,24683,24160
aldh3a1,0,0,0,0,0,0,1,1,1,0,1,2
aldh3a2,3468,5266,3483,4426,6005,5259,3955,5772,4958,9035,4836,5852
aldh3b1,147,74,143,66,170,82,156,75,130,62,124,71
aldh3b2,1,1,0,1,3,4,0,3,0,3,0,5
aldh4a1,6842,7960,7563,6171,11059,7312,6801,7146,7577,6632,6860,8117
aldh5a1,1016,1174,1314,1029,1561,1136,1106,1107,1275,1097,1073,1124
aldh6a1,11230,11979,14100,10266,13904,12791,11246,10174,12176,12397,11118,10531
aldh7a1,9743,10556,11182,8817,12335,10750,9327,8966,9590,9090,8958,9551
aldh8a1,6997,8187,8434,7156,8457,8407,7192,8006,7363,8289,6509,7576
aldh9a1,3062,3808,3570,3454,4678,3856,2988,3346,2848,3453,3356,3922
aldoa,2021,1947,2659,2210,3050,2314,2499,1865,2912,1699,2250,2231
aldob,87313,107342,109829,94175,108644,114687,81645,88715,89886,97786,88167,79212
aldoc,428,415,400,289,530,395,314,257,404,256,374,318
alg1,329,376,420,341,380,374,335,311,345,206,299,297
alg11,727,991,1107,892,1153,1173,969,880,1033,925,914,851
alg12,206,148,184,151,225,221,130,151,141,114,134,133
alg13,159,166,216,150,211,193,175,149,177,164,178,171
alg14,342,327,383,267,325,410,255,327,287,334,253,308
alg2,221,188,231,369,384,445,208,224,254,242,176,248
alg3,114,163,147,115,114,122,108,93,125,83,105,97
alg5,707,744,821,591,771,792,655,677,728,766,658,670
alg6,275,354,398,290,371,353,291,277,310,284,343,278
alg8,118,132,124,85,119,160,120,99,114,87,102,88
alg9,305,386,360,294,398,396,282,318,282,252,287,347
alk,0,0,1,0,0,0,0,0,0,0,0,0
alkbh1,147,149,184,163,162,186,166,138,185,121,140,111
alkbh2,57,71,84,73,75,110,71,66,69,56,60,61
alkbh3,318,351,458,295,439,329,356,314,367,289,338,308
alkbh4,50,57,69,51,76,50,56,55,66,43,45,68
alkbh5,1840,2037,2067,2028,2480,2438,2003,1707,2193,1596,1837,1837
alkbh6,187,212,234,169,215,214,187,130,176,127,163,122
alkbh7,186,185,222,111,205,149,146,160,151,147,150,174
alkbh8,174,186,241,195,195,250,170,150,188,190,191,180
allc,0,0,0,0,0,0,0,0,0,0,0,0
alms1,170,174,220,139,194,174,210,122,212,106,205,177
alox12,51,32,29,25,35,34,25,27,35,24,22,28
alox12b,0,0,0,0,0,0,0,0,0,0,0,0
alox15,32,27,41,18,114,7,69,10,53,17,23,37
alox5,32,12,22,18,39,20,46,10,49,20,20,19
alox5ap,163,88,156,67,185,101,196,55,181,51,109,127
aloxe3,5,3,6,5,4,4,7,2,9,4,6,3
alpi,0,0,0,113,0,0,0,0,0,0,3802,0
alpk1,198,157,161,102,257,330,194,130,197,110,158,133
alpk2,10,11,12,13,10,23,13,9,10,10,12,13
alpk3,4,2,4,3,3,6,1,1,1,0,3,16
alpl,97,279,72,196,158,215,118,130,119,86,131,114
als2,1603,1959,1937,1736,1675,2355,1484,2309,1288,2008,1228,1910
als2cl,442,437,538,382,341,509,385,473,396,416,297,448
alx1,0,0,0,0,0,0,0,0,0,0,0,0
alx3,0,0,0,0,0,0,0,0,0,0,0,0
alx4,6,10,13,8,5,16,7,10,7,7,15,14
alyref,435,374,437,353,457,473,392,336,311,320,293,332
amacr,2616,3085,3097,2705,3324,3063,2681,2412,2594,2388,2851,2594
ambn,0,0,0,0,0,0,0,0,0,0,0,0
ambp,55236,42526,50244,36892,49069,45093,41944,36231,39331,33380,36383,34510
ambra1,473,504,480,442,601,623,475,464,508,381,441,508
amd1,1093,1816,1767,2217,2100,2087,1728,1948,1947,1858,1446,1311
amdhd1,4701,3365,5376,2668,4833,3268,3330,3655,3420,3529,3562,3692
amdhd2,321,331,410,310,542,296,405,264,428,249,435,263
amelx,3,1,6,0,2,2,2,4,2,3,6,1
amer1,207,242,341,203,324,238,304,198,341,163,248,205
amer2,4,8,5,8,4,4,10,5,8,8,2,3
amer3,0,0,0,0,0,0,0,0,0,0,1,0
amfr,5209,6831,6369,6785,7334,7412,6312,5741,6015,5170,5293,5665
amh,2,3,0,1,0,3,2,3,1,0,4,2
amhr2,1,5,7,5,4,7,5,7,2,7,2,5
amigo1,117,133,113,154,125,172,123,141,160,107,119,145
amigo2,122,147,103,159,119,187,112,112,124,100,115,99
amigo3,27,36,43,64,40,66,38,41,53,34,32,47
ammecr1,75,52,95,51,98,72,89,54,85,46,70,73
ammecr1l,958,1157,1032,985,1380,1136,987,948,1158,888,1115,1100
amn,0,4,2,6,0,3,2,1,1,0,14,3
amn1,591,695,988,467,505,615,644,552,485,516,760,529
amot,280,231,306,269,389,244,314,184,375,185,348,212
amotl1,472,445,533,392,795,443,517,325,564,297,543,441
amotl2,349,691,553,466,783,619,643,548,836,463,600,559
ampd1,52,47,19,28,28,28,4,15,24,20,24,47
ampd2,347,338,437,356,481,584,362,362,376,307,315,383
ampd3,65,60,83,39,91,40,90,33,90,38,66,51
amph,1,4,0,2,2,2,3,0,2,2,1,2
amt,1331,1266,1448,960,1119,1158,796,1349,851,1452,814,1320
amtn,0,0,0,0,0,0,0,0,0,0,0,0
amy2b,16,917,29,1281,50,1031,485,521,3397,0,83,86
amz1,63,31,48,24,48,14,38,32,50,19,43,26
amz2,379,360,501,302,454,426,367,313,369,345,360,355
anapc1,1474,1583,1734,1265,1821,1623,1562,1255,1461,1226,1414,1369
anapc10,181,157,197,153,168,155,154,165,178,165,153,145
anapc11,265,276,285,197,336,216,216,217,217,181,262,206
anapc13,426,528,539,377,501,458,388,445,399,447,396,452
anapc15,218,225,212,200,250,209,199,190,203,187,194,197
anapc16,563,570,632,526,590,602,516,492,527,529,453,467
anapc2,479,462,554,393,619,491,473,411,457,367,453,518
anapc4,583,483,671,441,656,620,528,533,465,514,527,586
anapc5,1285,1392,1660,1289,1834,1518,1450,1351,1450,1268,1407,1299
anapc7,411,409,492,412,486,453,403,357,379,348,408,376
ang,5475,6601,5298,4807,4788,7430,4340,3805,3870,4722,3217,3825
angel1,54,40,53,39,72,47,73,41,45,38,32,49
angel2,442,557,540,426,697,505,537,402,568,367,566,425
angpt1,48,46,43,34,63,47,38,26,51,31,56,48
angpt2,68,36,92,46,90,51,79,51,79,40,77,62
angpt4,5,3,1,1,3,2,4,1,4,0,1,9
angptl1,11,14,9,7,9,22,14,10,21,9,26,24
angptl2,395,411,491,368,721,335,597,343,565,316,642,420
angptl3,13487,14574,15006,11626,15199,13697,11781,14559,13203,17818,10429,14415
angptl4,1254,2184,961,2032,1763,1672,1141,1373,1320,1847,2022,1355
angptl6,135,271,147,220,249,198,162,160,203,181,187,212
angptl7,31,37,76,45,78,32,67,45,134,34,114,39
angptl8,637,1476,1255,650,1945,1843,714,1001,2716,1807,351,755
ank1,34,5,9,2,8,13,7,4,18,8,14,41
ank2,111,111,158,86,115,140,135,154,121,117,159,141
ank3,590,859,761,799,840,634,724,715,898,589,843,882
ankar,0,0,0,0,0,0,0,0,0,0,0,0
ankdd1a,0,0,1,0,1,0,5,1,8,2,0,4
ankdd1b,6,16,21,9,19,12,8,4,12,13,15,8
ankef1,8,9,10,8,11,15,10,14,15,16,9,11
ankfy1,1368,1455,1665,1186,1860,1497,1423,1190,1385,1142,1320,1286
ankhd1,1240,1435,1541,1277,1641,1462,1403,1135,1454,1135,1327,1283
ankib1,917,859,1100,860,1215,1050,853,806,939,880,900,883
ankk1,0,0,0,0,0,0,0,0,0,0,0,0
ankle1,4,4,4,11,14,7,10,5,20,8,14,8
ankle2,917,1001,1221,936,1271,1140,937,877,1020,891,931,840
ankmy1,0,1,1,1,1,1,1,0,2,4,1,6
ankmy2,235,268,289,169,293,255,236,228,262,223,235,207
ankra2,238,254,307,212,306,278,272,202,248,214,247,238
ankrd1,2,7,2,4,5,8,1,8,7,6,3,13
ankrd10,217,233,259,223,327,242,274,234,322,146,314,185
ankrd11,883,1009,949,876,1139,937,911,917,1040,772,1027,950
ankrd12,283,375,405,359,560,368,520,300,554,329,539,293
ankrd13a,502,351,519,339,614,407,453,415,468,348,453,384
ankrd13b,14,12,16,8,15,18,18,4,30,7,21,19
ankrd13c,634,770,735,648,817,766,567,634,658,621,768,686
ankrd13d,8,5,7,4,12,3,15,9,14,3,17,12
ankrd16,198,196,272,187,191,219,210,185,295,168,259,200
ankrd17,1599,1916,2157,1809,2362,1977,1975,1756,2295,1610,1912,1758
ankrd2,7,6,5,3,4,7,1,2,8,9,4,23
ankrd22,4,0,1,1,0,1,1,3,2,3,1,1
ankrd23,21,18,45,17,23,36,29,44,39,17,25,215
ankrd24,82,97,97,100,108,111,102,77,135,73,112,88
ankrd26,136,208,215,163,251,235,197,205,210,205,165,173
ankrd27,514,572,654,562,752,619,619,543,740,410,633,519
ankrd28,753,871,948,848,1087,889,930,798,1145,824,933,983
ankrd29,13,8,9,13,17,10,15,8,13,9,11,13
ankrd31,2,0,3,0,0,0,0,0,1,0,0,1
ankrd33,0,0,0,0,0,0,0,0,0,0,0,0
ankrd33b,792,1054,899,815,1068,864,634,903,818,628,861,998
ankrd34a,0,0,1,0,2,2,2,0,1,0,1,0
ankrd34b,1,0,0,0,1,1,0,2,0,0,1,0
ankrd34c,1,2,4,4,6,6,9,4,8,4,6,2
ankrd35,6,3,4,6,10,2,2,2,7,2,3,2
ankrd36,1,0,1,1,0,0,0,0,0,0,0,0
ankrd37,26,10,49,26,38,23,54,25,58,19,38,31
ankrd39,75,58,79,62,80,64,58,66,62,56,56,76
ankrd40,542,666,726,542,815,643,579,639,617,571,548,658
ankrd42,25,23,31,22,39,27,20,16,35,23,32,24
ankrd44,257,183,271,171,333,196,230,204,235,170,275,262
ankrd45,0,0,0,0,1,0,0,0,1,0,0,0
ankrd46,871,1084,1070,818,1102,1033,913,743,784,788,741,770
ankrd49,225,225,337,256,288,318,217,211,226,231,249,192
ankrd50,307,245,367,271,389,343,292,244,309,240,286,344
ankrd52,261,298,325,311,395,354,332,256,416,220,259,415
ankrd53,1,4,1,3,2,4,1,0,0,0,2,3
ankrd54,178,171,153,132,174,220,133,144,148,132,134,119
ankrd55,14,13,13,10,18,6,14,2,14,7,20,4
ankrd6,19,19,18,12,13,22,28,19,26,15,26,19
ankrd60,0,0,0,1,0,0,0,0,0,0,0,0
ankrd61,13,19,11,8,8,11,11,9,8,7,15,12
ankrd63,0,0,0,0,0,0,0,0,1,0,0,0
ankrd65,0,0,0,0,0,0,0,0,0,0,0,0
ankrd66,3,1,1,1,1,0,2,1,0,1,0,0
ankrd7,0,0,0,0,0,0,0,0,0,0,1,0
ankrd9,22,58,37,39,66,80,78,45,78,26,63,29
anks1b,1,1,2,0,2,0,1,1,3,2,1,2
anks3,177,210,235,202,245,238,223,203,225,174,194,193
anks4b,1774,2807,2677,2008,3018,3139,2005,3082,2206,3166,1819,2134
anks6,11,12,13,5,20,8,11,7,12,16,10,12
ankub1,14,21,17,12,19,11,21,26,15,14,13,25
ankzf1,435,474,506,375,457,519,445,390,412,352,413,368
anln,41,49,83,66,87,36,58,31,71,34,64,40
ano1,130,103,134,120,175,103,170,90,232,79,191,152
ano10,363,233,332,215,372,220,272,208,289,161,278,243
ano2,4,1,6,4,6,5,3,1,1,2,14,3
ano3,0,0,0,1,0,0,0,0,1,0,0,1
ano4,36,50,34,19,36,46,33,35,39,28,32,32
ano5,8,1,6,3,13,2,7,3,7,4,5,27
ano6,504,273,557,319,657,356,484,276,472,255,607,365
ano7,2,1,4,2,0,4,0,2,5,0,17,4
ano8,104,101,125,58,139,78,124,63,106,50,90,63
ano9,7,7,1,6,8,10,9,1,5,8,83,7
anp32a,2580,2582,3020,1654,2080,2208,1789,2111,1560,2478,1596,1882
anp32b,475,544,555,418,578,493,425,364,359,317,406,227
anp32e,428,532,472,313,485,520,379,406,296,373,320,295
anpep,1233,1290,1394,1175,1888,1483,1454,1164,1706,932,2123,1396
antxr1,104,54,110,68,130,74,133,39,113,57,145,84
antxr2,1226,1196,1215,801,1244,1019,1084,836,1029,773,903,840
antxrl,0,0,1,0,1,0,1,0,0,1,0,0
anxa1,575,208,565,328,693,324,660,263,581,340,501,469
anxa10,2,1,0,0,0,0,0,0,2,0,5,0
anxa11,382,427,408,354,566,417,436,377,452,292,452,398
anxa13,21,18,19,19,17,27,21,18,35,20,325,15
anxa2,1003,458,1097,496,1325,661,1183,444,963,625,1393,816
anxa3,330,177,388,171,443,216,416,168,352,163,285,230
anxa4,1100,1217,1358,940,1532,1191,1244,1056,1237,1181,1438,1081
anxa5,2730,1618,2850,1349,2716,1957,1836,1493,2018,1457,1797,1576
anxa6,2748,2966,2963,2180,3678,2554,2699,2568,2747,2333,2430,2469
anxa7,1920,2091,2176,2064,2755,2497,2125,1920,2367,2066,2145,1817
anxa8,42,41,49,45,64,79,81,22,65,46,44,60
anxa9,28,19,26,17,29,35,24,21,33,12,31,20
aoah,198,63,173,115,229,59,104,108,130,62,73,91
aoc1,12,1,1,11,4,3,7,1,9,3,184,2
aoc2,9,12,10,8,16,14,13,17,21,7,16,9
aoc3,3,6,4,5,10,5,16,17,12,18,13,11
aox1,1707,2602,2066,2397,1996,2636,2164,2818,1998,3385,1845,2590
ap1ar,434,489,533,431,607,604,454,430,512,430,490,404
ap1b1,1358,1379,1348,1045,1558,1403,1189,996,1106,856,1044,1174
ap1g1,2006,2107,2275,1957,2293,2302,1783,1960,1805,1948,1692,2001
ap1g2,117,109,138,116,129,129,122,104,132,99,137,100
ap1m1,410,368,420,324,453,449,346,335,370,297,343,397
ap1m2,1,10,3,12,3,11,8,3,27,4,51,5
ap1s1,380,341,400,294,527,321,366,300,366,257,359,280
ap1s2,245,114,199,119,293,110,169,114,179,108,147,125
ap1s3,60,77,77,72,76,90,68,67,92,64,144,77
ap2a1,406,464,485,436,588,487,486,370,484,295,400,525
ap2a2,2602,2093,2741,1819,2716,2300,1959,2031,1955,1790,1874,2234
ap2b1,1592,1454,1769,1392,2022,1690,1477,1395,1430,1292,1380,1451
ap2m1,3309,3907,3897,3176,4172,3816,3544,3037,3325,2825,2967,3024
ap2s1,894,879,966,794,1151,907,834,753,841,668,745,741
ap3b1,1102,1378,1316,1282,1289,1457,1058,1117,1159,971,1144,1035
ap3b2,12,14,10,7,1,12,9,12,13,6,13,5
ap3d1,1435,1444,1525,1310,1680,1574,1286,1104,1303,1003,1197,1203
ap3m1,2916,4604,3829,3652,4051,4890,2839,3963,3832,3664,3091,2763
ap3m2,75,55,76,38,95,53,74,53,77,42,57,52
ap3s1,688,504,724,584,691,686,589,574,655,673,627,600
ap3s2,428,453,488,465,518,518,443,365,392,351,383,402
ap4b1,465,547,585,481,560,514,496,431,455,438,471,430
ap4e1,233,259,288,237,314,281,294,243,288,243,275,233
ap4m1,346,322,487,314,363,353,354,276,433,321,393,311
ap4s1,208,256,291,195,287,231,221,187,191,232,264,222
ap5b1,96,58,101,73,102,81,80,65,83,45,87,62
ap5m1,390,395,567,459,491,537,451,451,536,447,399,441
ap5s1,248,233,273,189,264,230,220,193,211,170,182,180
ap5z1,187,197,208,185,255,268,214,180,202,103,231,176
apaf1,239,146,255,173,363,181,244,133,235,156,313,160
apba1,24,19,23,18,55,15,27,20,35,15,34,47
apba2,8,17,10,5,7,7,10,20,6,10,6,19
apba3,522,646,549,576,662,629,556,512,532,405,463,476
apbb1,24,36,22,33,47,48,49,23,63,24,39,36
apbb1ip,123,39,90,42,126,59,103,41,105,40,111,69
apbb2,313,398,432,342,420,394,408,299,391,264,404,400
apc,1108,1168,1386,1254,1567,1291,1389,1044,1490,1000,1401,1246
apc2,22,16,22,15,25,21,33,18,23,11,21,19
apcdd1,5,2,8,5,6,8,3,2,7,2,7,4
apcs,6248,2097,2249,2676,1660,4010,1914,2094,1489,2288,1520,2196
apeh,1224,1238,1425,1142,1474,1255,1374,1189,1388,1056,1297,1113
apex1,590,707,694,475,672,682,553,765,490,683,445,509
apex2,158,175,175,184,213,232,178,155,183,141,187,149
aph1a,1139,1189,1211,1036,1626,1128,1297,965,1285,858,1138,904
aph1b,115,112,122,80,115,118,100,60,138,37,105,90
api5,1838,1944,2125,1735,2366,2277,1809,1836,1680,1773,1555,1642
apip,285,407,374,283,403,325,291,289,299,298,300,312
aplf,92,77,87,74,80,84,72,73,111,92,83,95
apln,0,1,5,3,9,9,13,13,7,10,5,10
aplnr,1,0,1,1,7,1,6,2,1,2,4,6
aplp1,11,18,13,16,21,12,24,13,46,8,27,10
aplp2,4882,5177,5990,4719,7510,5656,5461,5619,5834,5242,5359,4907
apmap,807,794,1016,759,1016,966,852,861,907,877,824,736
apoa1,100355,171791,141889,149832,127396,165612,101900,140242,113717,113167,108537,137233
apoa2,85034,117619,110354,96856,121237,119559,87680,105102,93962,122587,76653,104662
apoa4,19937,1712,9733,1945,7586,3158,7972,2551,8301,2256,10879,2871
apoa5,20501,22103,29241,25595,25787,28039,28304,28328,23569,26464,21422,22423
apob,305934,317404,418708,304762,358523,361725,335061,295858,329499,324552,280280,358982
apobec1,616,438,693,333,567,435,587,426,424,374,493,431
apobec2,3,3,4,3,6,11,0,4,7,1,3,28
apobec4,0,0,0,1,0,1,0,0,0,0,0,0
apobr,108,54,94,47,127,50,95,45,78,41,74,70
apoc1,78074,76262,94835,59664,92299,76607,74808,67939,77992,82131,66084,62908
apoc2,4344,2851,4852,2527,4796,3315,3328,2487,3561,2556,3681,2647
apoc3,27905,26713,33242,20357,31167,23473,26819,24680,25533,21564,23450,20425
apoc4,12354,13440,13153,11300,14178,12494,11236,12605,11908,11968,10060,11558
apod,5,7,4,9,2,6,17,3,6,1,5,10
apoe,291519,293894,345323,245902,368627,289738,297737,265182,306225,265548,257882,257626
apof,13557,13579,15931,10919,14342,14026,11749,12064,11237,11521,9856,11003
apoh,37256,43568,48528,37700,43136,44691,37678,40563,37795,46775,33183,38272
apol6,1,5,4,8,10,6,5,11,7,15,5,10
apold1,52,35,54,37,52,57,56,41,46,41,39,49
apom,3990,4504,4752,3892,4712,4675,4179,3390,4256,2768,3786,3399
apoo,380,488,563,414,626,475,482,397,459,509,465,419
apool,673,681,861,569,817,639,626,639,675,646,741,574
app,1987,1417,2119,1499,3288,1559,2283,1170,2426,1147,2270,1435
appbp2,675,916,934,691,934,880,758,763,824,751,773,759
appl1,604,493,649,463,602,637,498,428,496,414,454,568
appl2,461,442,578,401,540,455,519,344,652,351,537,480
aprt,664,712,871,659,1030,688,735,427,738,418,778,500
aptx,157,217,229,233,243,213,198,214,206,267,221,237
aqp1,3325,3412,4195,2805,5368,3138,3456,2682,3680,2433,3720,2671
aqp11,442,690,800,715,993,719,799,440,797,335,705,403
aqp2,0,0,0,0,0,0,1,0,0,0,0,0
aqp3,23,25,18,12,12,24,17,17,18,18,36,9
aqp4,155,87,221,70,277,117,139,136,155,111,161,158
aqp5,10,1,4,3,2,5,10,4,2,2,9,5
aqp6,0,0,0,0,0,0,0,0,0,0,0,0
aqp7,9,14,16,11,18,11,8,22,18,9,28,14
aqp8,2515,1430,3181,877,1556,1619,718,3360,1072,3398,1030,4612
aqp9,6064,8733,7292,8634,8529,9896,6403,7962,6677,8590,6513,8349
aqr,669,658,831,605,799,789,624,620,653,623,634,635
ar,197,239,234,270,323,272,399,356,260,381,170,465
araf,1012,1103,1195,1002,1300,1061,1006,935,1124,805,933,986
arap1,1487,1114,1499,943,1337,1326,1133,1052,1091,878,943,1185
arap2,1231,871,1320,872,1505,1032,1120,1073,1266,1033,1196,1003
arap3,291,260,268,202,370,232,261,177,290,164,283,227
arc,1,1,3,1,1,1,4,2,3,1,1,3
arcn1,4236,4687,4875,3997,4469,5703,3922,3932,3743,4000,3643,3551
areg,0,1,0,1,0,0,1,0,2,0,20,2
arel1,1175,1186,1280,1240,1346,1499,1030,1082,1074,1131,922,1101
arf1,3942,4240,4217,3523,4639,4695,3654,3536,3549,3389,3439,3179
arf3,865,907,962,982,1020,1023,829,849,883,696,810,782
arf4,1749,1785,1688,1514,1985,2154,1434,1464,1331,1410,1470,1523
arf5,1141,1138,1163,916,1483,1048,1124,1074,1171,973,1006,1036
arf6,1795,1665,1953,1667,2126,1940,1769,1527,1917,1441,1677,1334
arfgap1,515,552,553,561,582,850,482,459,536,429,391,480
arfgap2,2192,2923,2536,2707,2785,3236,2343,2273,2335,2044,1966,2331
arfgap3,311,181,235,377,316,510,252,187,312,170,292,187
arfgef1,1845,2035,2163,1992,2446,2125,2087,1739,2243,1838,2168,2292
arfgef2,1250,1483,1469,1448,1804,1573,1457,1223,1621,1269,1266,1420
arfgef3,2,43,7,49,6,33,15,16,149,2,17,4
arfip1,681,591,721,570,748,734,640,577,548,625,651,517
arfip2,238,210,237,309,297,372,258,249,285,225,256,216
arfrp1,248,245,309,197,345,259,253,230,246,206,233,219
arg1,27618,41133,31023,30424,39122,35052,30818,32374,30518,28628,30145,24425
arg2,30,14,13,58,21,11,12,9,8,10,836,15
arglu1,634,718,829,615,828,709,648,575,683,542,699,561
arhgap1,316,325,338,305,445,343,344,295,352,242,293,277
arhgap10,194,69,266,63,264,102,214,84,217,84,196,158
arhgap11a,68,38,95,48,122,59,82,52,105,35,103,52
arhgap12,1039,1099,1379,944,1246,1061,1052,1082,1162,1190,1120,995
arhgap15,190,72,185,90,193,54,142,124,181,97,128,123
arhgap17,236,152,214,154,277,190,229,149,218,158,262,228
arhgap18,451,450,600,374,543,377,417,424,531,574,547,523
arhgap19,310,164,250,189,390,173,273,180,265,126,272,169
arhgap20,6,8,8,9,1,4,4,1,6,0,6,11
arhgap21,520,732,646,747,834,807,774,509,808,434,743,590
arhgap22,35,8,33,12,23,8,23,8,21,11,26,16
arhgap23,224,202,213,209,324,210,279,147,283,126,219,269
arhgap24,213,182,287,120,221,182,204,187,197,187,134,252
arhgap25,184,65,139,66,206,83,154,102,138,82,129,119
arhgap26,591,596,753,330,541,503,409,583,545,521,436,657
arhgap27,74,48,65,42,89,43,54,37,68,28,90,44
arhgap28,40,24,37,46,44,35,55,21,43,17,50,32
arhgap29,1891,2185,3266,2043,1863,2468,2695,2121,2153,2426,1990,2473
arhgap30,370,177,322,183,448,191,278,220,293,149,265,210
arhgap31,424,322,440,297,593,340,390,273,419,267,436,354
arhgap32,237,387,271,362,343,456,345,185,300,198,391,282
arhgap33,2,4,3,2,4,1,5,4,3,1,7,4
arhgap35,2416,2462,2770,2115,2942,2492,2649,2382,2694,2266,2131,2666
arhgap36,1,4,2,1,5,4,5,4,1,1,4,2
arhgap39,69,60,106,78,86,75,76,77,87,53,88,73
arhgap4,201,101,160,86,205,91,151,89,173,80,170,91
arhgap40,0,0,0,0,1,0,0,0,0,0,1,0
arhgap42,1206,1762,1624,1268,1651,1582,1404,1298,1544,1244,1425,1656
arhgap44,46,34,24,27,27,19,38,15,44,14,28,27
arhgap5,4970,4626,5861,4425,5489,4789,5931,4441,5691,4778,6050,4236
arhgap6,244,231,418,140,256,168,281,148,419,184,325,198
arhgap8,2,4,4,2,5,2,2,5,6,1,7,3
arhgap9,132,68,114,54,154,48,102,60,115,35,85,57
arhgdia,1019,1062,1014,904,1371,1028,948,843,1022,667,885,941
arhgdib,472,272,476,254,648,256,456,295,419,303,384,306
arhgdig,0,32,5,59,5,37,10,12,143,1,4,1
arhgef1,335,286,395,333,433,358,407,318,442,262,389,419
arhgef10,103,75,101,66,112,69,97,65,98,51,94,99
arhgef10l,581,566,630,491,493,724,497,436,505,380,402,597
arhgef11,729,858,872,738,913,787,790,673,861,635,751,831
arhgef12,4463,4696,5027,4665,5626,5448,4873,3712,5243,3634,4369,4266
arhgef15,137,149,137,139,198,143,168,115,193,97,192,155
arhgef16,112,103,196,78,254,78,206,63,240,41,223,70
arhgef17,120,130,120,97,208,136,147,86,162,62,140,100
arhgef18,559,549,508,462,610,515,474,441,575,429,538,465
arhgef19,428,354,377,335,318,470,326,380,354,315,264,559
arhgef2,237,133,248,124,311,141,264,143,328,126,278,172
arhgef25,56,49,46,24,63,43,66,29,61,36,69,43
arhgef26,535,1005,725,1007,636,785,977,817,712,556,704,594
arhgef28,9,12,10,29,7,17,25,15,70,5,35,10
arhgef3,731,683,700,572,953,707,572,715,646,767,674,693
arhgef33,0,1,1,0,0,0,0,1,0,0,0,0
arhgef37,250,286,202,141,193,154,203,188,177,132,189,177
arhgef38,0,2,0,4,1,1,4,0,12,2,37,0
arhgef39,6,11,24,4,16,5,16,4,15,6,12,8
arhgef4,23,19,25,19,24,15,24,31,22,13,15,23
arhgef40,207,245,246,175,308,205,245,132,263,124,227,183
arhgef5,710,675,872,648,809,789,697,606,748,549,750,639
arhgef6,211,137,205,126,247,132,197,164,197,152,190,178
arhgef7,468,406,513,375,543,492,473,371,518,318,503,440
arhgef9,57,62,42,50,79,54,47,87,40,135,36,147
arid1a,393,380,411,345,427,447,442,344,566,288,417,697
arid1b,498,523,529,478,610,518,533,437,594,360,471,598
arid2,648,605,770,607,897,713,707,584,772,620,667,751
arid3a,81,24,51,27,93,57,61,38,52,22,49,38
arid3b,50,58,48,33,38,57,33,41,50,27,51,47
arid3c,0,0,0,0,0,0,1,0,0,0,0,0
arid4a,518,535,592,470,708,564,574,533,584,515,565,523
arid4b,749,741,807,818,929,858,789,765,814,812,803,700
arid5a,97,72,101,80,97,91,106,78,120,67,75,88
arid5b,670,721,1382,931,934,606,1579,824,752,735,749,1086
arih1,1318,1305,1590,1319,1729,1376,1306,1213,1416,1267,1409,1239
arih2,815,926,1214,1080,1138,1110,1025,892,1107,970,942,914
arl1,2723,3076,3427,2712,3358,3474,2856,2427,2605,2511,2640,2279
arl10,75,55,64,43,55,75,60,39,65,42,48,52
arl11,38,5,30,12,47,13,34,13,40,15,29,30
arl13a,1,1,2,0,1,4,2,0,2,1,4,1
arl13b,339,238,318,168,303,289,314,201,299,165,294,239
arl14,2,1,3,1,2,1,0,0,0,0,41,0
arl14ep,324,354,388,281,407,367,397,313,340,321,314,331
arl14epl,2,1,4,2,1,2,5,1,2,2,4,2
arl15,309,256,322,215,265,311,294,186,267,189,275,231
arl16,87,115,119,98,109,132,110,80,92,72,92,92
arl2,69,66,83,79,92,70,82,44,79,51,66,44
arl2bp,137,152,173,146,148,200,137,97,144,69,162,96
arl3,195,209,230,153,178,181,196,141,199,168,146,129
arl4a,749,590,616,558,644,605,490,518,556,694,591,627
arl4c,131,75,154,70,192,97,144,106,154,83,124,115
arl4d,921,834,438,393,762,563,316,356,546,378,730,218
arl5a,3585,3958,4457,3449,5446,4051,4517,3621,4140,3647,4036,3702
arl5b,864,1280,1148,1162,1375,1168,1146,1188,1422,1252,1300,1087
arl5c,100,83,125,58,109,75,68,83,67,68,41,54
arl6,60,49,63,67,60,59,76,88,69,57,57,62
arl6ip1,3912,4558,5291,3878,4783,4705,4103,3517,4206,4086,3702,3687
arl6ip4,427,476,462,443,557,500,479,406,486,428,394,413
arl6ip5,599,572,645,447,660,597,511,472,553,453,482,473
arl6ip6,147,188,204,156,198,173,221,170,213,157,192,160
arl8a,184,160,162,136,175,156,148,138,192,106,170,159
arl8b,1179,1213,1354,1228,1430,1529,1110,984,1198,1092,1115,1093
arl9,1,2,0,0,0,1,1,2,0,2,1,1
armc1,913,1145,1203,1045,1301,1223,1088,999,1040,967,982,1002
armc10,171,150,257,151,228,190,208,156,217,136,232,171
armc12,0,0,0,0,0,0,0,1,0,0,0,0
armc2,127,120,184,125,163,126,147,117,131,105,115,93
armc3,2,2,4,1,4,3,1,0,3,2,2,1
armc5,115,125,124,109,164,104,117,109,136,83,106,123
armc6,84,108,106,84,99,99,87,97,82,82,80,94
armc7,47,50,69,38,56,52,48,54,49,36,39,33
armc8,478,557,563,408,604,534,527,413,402,425,474,481
armc9,126,104,120,78,100,131,114,101,96,106,95,132
armcx1,90,71,83,50,115,66,62,50,82,48,84,54
armcx2,125,78,97,59,167,67,103,63,111,80,93,74
armcx3,563,439,549,372,528,584,427,305,429,306,390,287
armcx4,397,83,154,70,253,76,110,55,121,44,116,44
armcx5,69,80,115,79,88,74,76,75,70,85,83,64
armcx6,32,14,28,20,41,20,27,13,28,17,20,11
arnt,607,739,763,565,818,787,835,468,801,458,714,584
arnt2,4,1,3,5,2,1,9,5,1,8,4,8
arpc1a,814,847,878,762,1234,909,846,764,820,688,818,737
arpc1b,1307,810,1352,930,1850,998,1367,938,1338,727,1052,889
arpc2,1970,1905,2279,1754,2608,2102,2022,1786,2051,1841,2046,1773
arpc3,1618,1505,1854,1329,1906,1512,1553,1369,1463,1382,1415,1257
arpc4,972,880,1032,764,1300,923,900,769,835,675,856,795
arpc5,1693,1433,1972,1467,2258,1515,1645,1344,1614,1251,1593,1359
arpc5l,643,793,752,674,832,812,634,629,690,625,630,564
arpin,209,203,233,164,236,216,165,123,152,130,215,147
arpp19,909,955,1059,800,1137,1026,807,880,803,938,735,817
arpp21,7,11,16,5,8,7,7,9,12,4,10,10
arr3,0,3,0,0,0,0,1,1,0,0,2,0
arrb1,696,505,696,460,840,529,599,411,640,369,642,483
arrb2,432,297,445,245,613,314,410,305,376,191,380,232
arrdc1,61,52,75,32,82,59,72,55,99,38,90,54
arrdc2,296,256,168,354,356,362,230,371,251,195,197,200
arrdc3,4932,5532,6631,4573,6518,6282,3492,5385,3258,10020,1943,12694
arrdc4,291,301,247,172,387,269,192,252,385,211,407,228
arrdc5,0,0,0,0,0,0,0,0,0,0,0,1
arsa,587,688,682,481,952,693,759,713,925,646,667,749
arsb,336,368,370,308,410,358,329,324,344,299,284,440
arsg,577,375,620,411,300,424,270,399,325,365,329,534
arsi,5,3,2,4,5,5,9,2,7,3,4,8
arsj,3,0,1,2,1,2,2,0,2,1,0,5
arsk,277,269,418,212,359,262,274,222,291,300,266,281
art1,0,0,3,0,0,1,0,0,0,0,0,23
art3,58,77,84,44,101,54,69,63,67,43,61,91
art4,126,84,153,73,178,77,123,74,147,74,121,59
art5,1,0,3,1,0,0,0,0,1,0,0,6
artn,0,0,0,0,0,1,2,2,3,1,1,0
arv1,24,27,33,19,22,29,37,24,24,19,26,20
arvcf,275,314,303,258,386,254,301,218,337,214,321,260
arx,0,0,0,0,0,0,0,0,0,0,0,0
as3mt,1173,1308,1210,854,1333,1134,940,854,926,868,964,755
asah1,1836,1282,1929,1292,2163,1443,1619,1405,1805,1411,1588,1517
asah2,573,489,767,512,853,591,632,501,674,530,1142,578
asap1,341,235,319,235,419,268,356,260,339,229,334,349
asap2,182,111,157,76,105,96,65,90,88,99,116,158
asap3,171,164,200,176,276,270,299,180,317,130,216,182
asb1,182,237,312,212,277,276,276,164,315,174,236,195
asb10,1,0,2,0,4,2,3,0,1,1,1,10
asb11,1,3,3,5,0,4,4,2,3,0,9,14
asb12,0,0,1,0,0,0,1,0,0,0,0,4
asb13,622,690,748,557,498,746,521,665,520,667,447,710
asb14,1,2,2,5,2,2,3,1,2,1,2,12
asb15,1,0,0,1,0,1,0,1,1,0,0,5
asb16,0,1,6,2,10,7,5,2,6,1,7,5
asb17,0,0,0,0,0,0,0,0,0,0,0,0
asb18,46,45,50,40,58,41,44,32,52,44,55,46
asb2,64,39,67,73,78,34,46,46,62,27,44,69
asb3,324,299,343,261,318,337,293,339,297,335,276,313
asb4,16,6,27,11,13,6,23,6,24,14,17,9
asb5,4,1,3,5,2,3,1,3,8,2,3,24
asb6,144,161,180,162,204,212,169,163,205,119,153,135
asb7,256,269,325,239,302,308,295,191,293,198,263,270
asb8,337,396,436,442,475,510,362,358,445,312,334,338
asb9,0,0,0,0,0,0,0,0,0,1,0,0
ascc1,251,252,268,195,271,196,197,183,201,192,218,202
ascc2,349,468,473,391,501,498,387,382,473,323,375,369
ascc3,1510,1767,2119,1611,1943,1975,1663,1639,1840,1787,1664,1604
ascl1,0,0,0,0,0,0,0,0,0,0,0,0
ascl2,1,0,0,0,0,0,1,1,1,1,1,0
ascl3,0,0,0,0,0,1,0,2,0,0,0,0
ascl4,1,4,3,1,3,2,3,2,0,5,4,4
ascl5,0,0,0,0,0,0,0,0,0,0,0,0
asf1a,235,265,342,227,282,305,242,209,244,238,259,254
asf1b,14,15,20,14,39,15,9,17,14,8,23,19
asgr1,9032,9922,10149,9008,10619,10258,8624,8851,8637,9821,7840,8531
asgr2,3324,3619,4092,2944,3947,3453,2900,2858,3233,3166,2977,2853
ash1l,1146,1205,1331,1187,1437,1334,1303,1195,1491,1156,1277,1383
ash2l,444,463,516,407,502,513,444,365,425,403,449,388
asic1,42,30,42,32,39,49,42,33,28,13,41,40
asic2,0,0,1,1,0,0,0,0,0,0,0,2
asic3,3,9,5,4,4,6,4,9,9,1,8,3
asic4,1,0,0,0,0,0,0,1,1,0,2,0
asic5,104,135,146,107,154,122,115,83,158,107,142,112
asl,8290,14629,10025,11666,15165,11276,11412,8528,12378,7472,12271,6816
asmt,0,0,0,1,0,0,0,0,0,0,0,0
asns,110,356,102,321,96,400,145,238,436,107,112,173
asnsd1,1177,1173,1537,1054,1410,1224,1223,1067,1220,1242,1114,1094
aspa,259,493,374,308,562,279,449,320,562,400,547,375
aspdh,1041,1403,1325,1073,1297,1157,1116,1228,1110,1122,922,1192
aspg,3361,2765,4832,2477,4103,3187,3676,3216,3866,2711,3502,3092
asph,1700,1616,1964,1311,1792,1747,1594,1421,1554,1403,1467,1320
asphd1,3,4,11,8,3,10,6,11,12,2,10,2
asphd2,0,0,1,1,0,1,1,0,1,1,3,2
aspm,31,33,72,62,76,61,47,37,66,38,58,42
aspn,15,16,22,4,12,19,11,17,12,7,28,40
asprv1,15,3,7,3,10,3,9,1,2,1,5,2
aspscr1,955,1365,1140,1113,1239,1162,1042,1069,1074,998,939,1081
asrgl1,381,428,568,254,529,290,394,329,407,295,439,301
ass1,63479,81514,76517,66482,92375,71786,62114,62376,70672,47708,61558,58765
aste1,67,94,117,107,144,149,128,100,111,90,111,100
astl,0,1,0,0,1,0,0,0,0,0,0,0
astn1,3,4,7,3,8,4,6,7,9,2,8,4
astn2,54,32,58,31,69,30,71,28,48,28,55,35
asxl1,473,446,566,397,529,550,500,387,568,338,482,488
asxl2,782,827,1037,937,1188,964,1013,795,1164,817,946,844
asxl3,9,5,2,2,5,1,3,7,5,5,2,1
asz1,0,0,0,0,0,0,1,0,0,0,2,0
atad1,1728,1833,2134,1725,2079,1940,1775,1762,1787,1945,1731,1725
atad2,158,206,327,245,346,234,244,192,306,165,213,162
atad2b,359,403,487,398,435,430,406,396,389,392,380,414
atad3a,648,1027,992,899,1199,986,851,765,901,723,870,725
atad5,49,81,95,91,57,102,60,58,65,65,62,68
atat1,121,114,151,74,98,122,99,107,102,107,79,129
atcay,0,0,1,0,1,0,0,0,0,1,0,2
ate1,909,945,1073,930,1120,1036,916,973,887,1014,881,1003
atf1,263,360,383,284,436,353,330,323,377,319,317,343
atf2,748,911,1050,791,937,996,825,774,894,808,794,784
atf3,70,39,103,34,176,68,145,77,158,93,115,58
atf4,1409,1584,1675,1611,1723,2117,1542,1728,1732,1741,1341,1713
atf5,3207,1759,2465,1739,1736,2393,1231,2159,1297,1942,1166,1732
atf6,1869,2246,2263,2547,2328,3298,2095,2165,2353,2055,1871,2024
atf6b,247,224,209,195,260,297,191,182,170,129,158,174
atf7,233,241,266,230,347,264,298,234,403,190,301,404
atf7ip,847,843,957,677,830,846,878,741,843,633,822,894
atf7ip2,1,0,1,1,0,0,2,0,0,0,0,2
atg10,129,151,138,98,133,132,135,116,92,128,109,113
atg101,732,682,714,520,615,694,527,662,499,732,473,737
atg12,712,627,799,686,848,793,650,585,630,735,619,630
atg13,456,404,509,567,505,707,413,426,453,444,355,533
atg14,443,548,489,392,390,483,381,349,375,352,414,364
atg16l1,779,934,1001,871,955,1061,947,865,864,882,787,838
atg16l2,466,459,440,265,445,439,336,433,405,288,374,408
atg2a,657,856,848,967,856,940,908,620,924,486,798,807
atg2b,906,1264,1105,1135,1093,1294,979,952,1168,935,946,1118
atg3,1636,2079,1870,1616,2248,1910,1784,1951,1805,2031,1717,1622
atg4a,427,440,483,350,439,450,402,412,382,481,351,344
atg4b,660,689,765,563,799,711,625,577,626,564,546,562
atg4c,225,196,223,172,234,235,174,195,210,175,159,202
atg4d,443,611,562,557,672,625,542,417,598,372,617,480
atg5,1647,1549,1859,1320,1728,1595,1451,1460,1410,1645,1310,1428
atg7,746,923,991,759,842,794,702,853,690,771,638,845
atg9a,848,1099,1013,818,1112,960,938,923,1037,659,823,909
atg9b,6,8,10,6,10,8,9,6,11,2,6,4
atic,562,765,674,506,826,708,667,553,557,461,550,501
atl1,60,45,75,54,60,55,58,41,59,33,49,56
atl2,1986,2403,2471,2151,2658,2634,2145,2256,2177,2313,2350,1917
atl3,3432,3715,3966,3170,4434,3854,3508,3981,3704,4085,3290,4052
atm,719,729,1028,776,928,903,902,716,1090,767,855,819
atmin,201,201,252,197,277,247,254,190,275,161,207,230
atn1,43,35,35,26,55,1,37,29,66,25,60,90
atoh1,0,0,0,0,0,0,0,0,0,0,4,0
atoh7,0,0,0,0,0,0,0,0,0,0,0,0
atoh8,235,92,155,158,237,201,168,215,291,168,208,193
atox1,2109,2236,2350,1858,2587,2222,1815,1865,1880,2043,1579,1848
atp10a,24,19,28,25,43,54,41,28,44,14,30,34
atp10b,13,10,15,10,15,18,10,16,13,7,152,8
atp10d,140,146,101,117,173,109,158,96,168,82,111,122
atp11a,1398,865,817,648,735,1279,692,575,712,596,534,825
atp11b,874,860,1071,964,1223,1004,1072,828,1173,860,1187,945
atp11c,9933,9507,11236,9406,10653,11366,9762,10165,10340,11587,9197,10576
atp12a,0,0,0,0,0,0,0,0,0,0,0,0
atp13a1,723,874,869,852,1024,841,857,650,869,521,776,720
atp13a2,539,417,598,413,710,348,544,348,692,255,456,416
atp13a3,3513,5013,4277,4236,4575,5153,4098,4185,4008,4498,3285,4546
atp13a4,0,1,1,1,1,1,1,3,7,1,0,1
atp13a5,0,1,0,0,0,0,0,0,0,0,0,1
atp1a1,6220,8285,7209,7855,9615,8709,7566,6147,8181,5225,10305,5948
atp1a2,46,45,77,46,108,42,63,36,67,75,78,212
atp1a3,27,16,46,14,64,31,63,20,72,24,51,56
atp1a4,0,1,2,0,3,0,2,3,1,0,0,1
atp1b1,794,893,848,790,1265,793,894,901,1286,698,1848,907
atp1b2,8,5,8,4,8,2,14,2,7,1,7,8
atp1b3,979,995,987,853,1185,886,982,924,934,792,817,803
atp1b4,2,0,1,0,0,0,2,0,0,0,2,1
atp2a1,10,3,56,5,0,29,2,4,4,1,3,665
atp2a2,3771,2508,3215,2857,3450,4047,2669,2941,2524,2448,2477,3138
atp2a3,108,31,84,46,132,53,80,93,111,61,175,101
atp2b1,1410,1363,1630,1228,1834,1574,1476,1125,1387,1083,2889,1145
atp2b2,59,44,43,22,24,37,25,34,17,31,17,25
atp2b3,0,1,1,0,1,0,0,0,1,0,1,3
atp2b4,295,241,298,199,340,228,284,193,274,207,282,278
atp2c1,1259,1193,1421,1135,1555,1343,1230,1148,1211,1187,1187,1135
atp2c2,1,11,0,9,0,4,2,3,27,0,5,2
atp4a,62,48,25,30,20,28,13,30,26,21,18,42
atp4b,0,0,0,0,0,0,0,0,0,0,0,0
atp6ap1,1432,1614,1630,1302,1747,1697,1444,1299,1417,1249,1197,1241
atp6ap1l,0,0,0,0,0,0,0,0,0,0,0,0
atp6ap2,890,933,1124,925,1210,1056,1062,838,1102,899,997,826
atp6v0a1,611,690,677,535,781,630,543,530,682,498,555,730
atp6v0a2,699,805,847,830,1089,1056,899,629,871,534,877,595
atp6v0a4,11,10,6,8,14,10,11,3,20,11,11,10
atp6v0b,1140,1269,1452,1078,1617,1222,1326,1130,1367,922,1157,928
atp6v0c,2259,2741,2657,2225,2907,2618,2345,2168,2553,1890,2099,2050
atp6v0d1,1169,1443,1296,1119,1543,1322,1194,1042,1177,901,1081,1015
atp6v0d2,101,86,186,105,235,105,185,83,221,157,169,172
atp6v0e2,28,32,30,26,48,42,23,20,38,22,48,32
atp6v1a,1797,1979,2348,1663,2270,2091,1925,1564,1957,1826,1651,1639
atp6v1b1,0,0,0,1,1,0,0,1,1,0,0,0
atp6v1b2,1260,970,1456,862,1432,1029,1036,827,1167,863,1000,993
atp6v1c1,795,1047,1072,887,1100,1139,985,867,1018,883,929,808
atp6v1c2,0,0,3,1,1,3,0,3,1,1,1,1
atp6v1d,646,821,832,739,934,822,810,684,814,750,705,635
atp6v1e1,1958,2448,2544,2271,2465,2570,2182,1845,2338,2020,1990,1907
atp6v1e2,0,0,0,0,0,0,0,0,0,0,0,0
atp6v1f,861,876,1039,777,1020,878,831,702,802,706,670,711
atp6v1g1,1493,1534,1599,1183,1831,1426,1645,1440,1514,1452,1295,1288
atp6v1g2,14,13,22,8,11,11,15,11,29,13,10,11
atp6v1g3,0,2,1,1,2,2,2,1,2,2,0,3
atp6v1h,1287,1562,1539,1364,1603,1751,1352,1382,1296,1474,1226,1387
atp7a,367,272,362,270,444,303,338,246,328,306,363,313
atp7b,519,694,703,526,848,572,638,623,644,501,666,770
atp8a1,536,288,474,271,624,279,441,333,439,274,492,394
atp8a2,3,5,4,5,3,5,4,7,9,6,13,3
atp8b1,1720,1585,1786,1336,1676,1892,1561,1590,1609,1398,1693,1592
atp8b2,144,78,127,86,166,82,152,88,132,70,141,91
atp8b3,0,0,0,0,1,0,0,0,0,0,0,0
atp8b4,126,102,164,84,122,98,137,129,140,113,111,173
atp9a,815,1116,1018,953,1167,1114,877,1046,869,924,845,1134
atp9b,836,852,1029,834,1170,965,827,802,934,732,807,886
atpaf1,284,287,349,268,348,351,267,270,248,270,291,273
atpaf2,270,364,386,297,411,378,325,285,333,286,278,305
atr,661,775,895,764,935,905,751,693,810,706,715,720
atraid,1416,1431,1749,1232,1689,1393,1437,1241,1540,1393,1424,1297
atrip,126,136,118,93,157,182,87,122,85,92,59,93
atrn,1546,1941,2010,1954,2088,2136,1897,2011,1859,1891,1892,1888
atrnl1,1090,1136,1222,1103,1446,1083,1153,976,1215,880,1233,1060
atrx,2556,2397,3339,2365,3288,2806,2841,2566,2969,2725,2864,2407
atxn1,864,630,668,441,1120,950,580,666,620,531,598,804
atxn10,1202,1190,1304,1119,1264,1269,1137,1052,1148,1099,1053,1172
atxn1l,636,634,714,614,728,629,566,501,580,467,550,557
atxn2,743,769,807,638,764,856,692,657,954,668,774,957
atxn2l,267,251,303,243,260,289,297,214,344,185,262,312
atxn3,620,654,800,545,859,731,748,627,700,635,675,591
atxn7,442,681,576,476,728,540,609,492,653,448,652,441
atxn7l1,174,146,188,92,146,159,176,135,207,104,136,201
atxn7l2,24,17,24,12,21,8,15,17,21,13,15,29
atxn7l3,390,448,497,435,496,452,499,359,539,340,440,357
atxn7l3b,2157,2132,2247,2029,2610,2668,1929,1818,2030,1816,1892,1708
auh,628,780,853,657,871,665,732,582,770,614,707,605
aunip,2,1,1,0,4,1,3,5,8,0,5,2
aup1,1779,1875,2004,1645,2254,1830,1768,1573,1836,1402,1542,1501
aurka,41,39,57,34,47,40,35,37,37,25,39,32
aurkaip1,1128,1283,1446,1119,1500,1154,1210,1159,1263,1168,1121,1153
aurkb,14,7,25,12,28,14,8,3,17,5,15,19
aurkc,0,0,0,0,1,0,0,0,1,0,1,0
auts2,50,45,46,32,46,61,47,31,55,42,62,34
aven,248,315,283,283,327,300,255,224,264,221,219,249
avil,9,3,5,2,3,5,4,5,5,2,12,5
avl9,790,862,1139,774,827,843,871,766,879,793,889,938
avp,0,0,0,0,0,0,0,0,0,0,0,0
avpi1,714,805,765,511,1077,690,752,645,774,581,652,523
avpr1a,242,330,209,332,128,470,131,459,118,315,111,521
avpr1b,0,0,0,0,0,1,0,0,0,1,0,0
avpr2,8,0,3,1,1,1,5,6,4,3,5,1
awat1,0,0,0,0,1,0,0,0,0,0,0,0
awat2,32,51,57,43,35,54,31,37,45,44,32,45
axdnd1,30,20,16,12,23,20,14,16,26,10,12,10
axin1,369,386,403,370,513,434,366,393,455,360,367,400
axin2,75,100,176,72,149,137,131,80,178,88,102,119
axl,1232,679,1207,710,1634,737,1108,813,1111,559,1054,864
azgp1,31502,30956,36638,25902,32331,30349,30504,27559,31591,29389,27488,26879
azi2,1292,1273,1485,1277,1550,1576,1353,1237,1468,1286,1360,1314
azin1,2848,4683,3783,3211,4941,4258,3866,3252,3998,3228,4447,2747
azin2,34,58,52,43,53,51,73,62,66,39,67,40
b2m,34051,33404,45647,27923,43027,31842,32517,31747,35980,32127,31783,29848
b3galnt1,61,25,50,50,65,38,47,32,41,31,50,52
b3galnt2,518,608,633,518,731,611,613,505,640,523,525,447
b3galt1,599,702,889,651,320,1095,833,320,539,294,512,533
b3galt2,40,44,52,46,64,52,70,55,75,44,42,65
b3galt4,13,7,11,8,25,20,10,5,30,2,13,8
b3galt5,2,5,6,5,8,10,7,16,7,9,13,7
b3galt6,96,112,126,86,109,120,90,80,92,91,80,66
b3gat1,0,1,0,0,1,0,0,0,0,0,1,0
b3gat2,16,15,28,36,30,25,30,25,29,25,44,30
b3gat3,498,437,457,417,427,465,289,367,369,360,333,377
b3glct,72,42,68,53,69,65,58,37,63,46,76,57
b3gnt2,373,558,571,367,459,354,441,389,465,408,502,354
b3gnt3,55,49,54,35,89,52,44,44,56,24,132,43
b3gnt4,0,0,0,2,2,0,0,1,1,1,0,5
b3gnt5,14,7,27,2,24,11,26,29,18,13,23,29
b3gnt6,0,2,0,0,0,0,1,1,0,1,1,0
b3gnt7,4,6,9,2,9,4,9,2,7,5,37,9
b3gnt8,114,127,136,95,125,110,122,110,137,117,129,107
b3gnt9,42,33,55,34,64,38,74,38,68,31,62,61
b4galnt1,812,871,803,900,971,985,846,845,926,633,778,819
b4galnt2,8,1,3,15,1,5,5,2,12,1,370,2
b4galnt3,88,91,91,45,69,67,74,52,39,51,70,69
b4galnt4,2,4,4,2,3,2,5,1,3,1,15,2
b4galt1,827,867,1107,888,1121,1090,1176,628,816,612,737,810
b4galt2,8,7,12,3,24,2,7,5,15,6,11,12
b4galt3,119,132,139,127,124,144,119,116,167,84,144,111
b4galt4,75,57,81,55,93,42,78,39,101,40,80,50
b4galt5,577,525,811,521,1417,727,1018,566,974,392,774,435
b4galt6,98,77,127,67,139,62,134,63,122,56,243,91
b4galt7,210,218,202,188,256,262,195,190,166,136,140,158
b4gat1,321,325,387,265,399,284,321,247,322,236,319,282
b9d1,15,13,12,8,24,14,17,14,23,13,17,8
b9d2,53,53,61,52,68,63,52,52,44,47,42,55
baalc,0,0,0,0,0,0,0,0,0,0,0,0
baat,7055,7380,7188,5997,6784,8027,5984,7052,5723,7690,5340,6732
babam1,851,1025,956,755,1070,910,833,806,844,755,777,780
bace1,757,797,862,711,870,915,789,651,853,667,706,826
bace2,193,188,182,117,260,183,153,122,183,142,187,147
bach1,1123,1486,2129,1392,1734,1407,1977,1256,1699,1272,1489,1186
bach2,119,125,111,75,118,131,133,81,141,90,120,144
bad,377,278,368,292,380,376,309,277,278,230,284,279
bag1,1257,1527,1532,1247,1668,1396,1329,1257,1306,1422,1260,1243
bag2,36,51,41,21,72,71,45,54,41,37,37,35
bag3,228,250,162,233,359,302,174,340,230,233,151,346
bag4,729,956,1088,956,1046,1020,934,860,1058,1054,919,1040
bag5,318,346,407,408,447,505,339,275,360,356,311,317
bag6,768,1062,830,707,936,944,833,769,862,598,795,919
bahcc1,109,144,95,83,127,158,129,118,178,115,138,182
bahd1,195,171,204,202,262,206,200,142,271,133,223,186
baiap2,526,460,333,382,538,544,359,370,472,314,369,403
baiap2l1,425,498,454,527,649,478,453,393,581,340,543,363
baiap2l2,0,0,0,1,1,0,0,0,1,0,35,1
baiap3,2,7,8,6,4,3,14,10,16,5,11,4
bak1,227,239,294,218,357,267,240,165,236,153,243,175
bambi,148,110,174,103,184,124,180,109,192,92,170,105
banf1,287,394,365,328,384,431,320,277,314,284,302,276
banf2,0,0,0,0,0,0,0,0,2,0,0,0
bank1,203,107,217,118,254,103,174,136,152,124,162,143
banp,165,241,152,189,231,192,157,226,166,143,172,118
bap1,626,693,691,622,729,673,570,543,622,474,586,534
bard1,14,6,24,16,12,12,16,6,21,10,16,11
barhl1,2,4,2,1,2,1,3,1,4,1,3,2
barhl2,2,3,3,1,0,0,1,4,2,4,2,0
barx1,1,3,1,3,3,1,1,3,5,2,1,2
barx2,0,1,1,2,0,0,0,0,0,2,12,6
basp1,89,37,100,50,116,65,115,51,97,58,74,61
batf,41,12,20,15,34,9,20,25,22,15,15,16
batf2,14,9,8,7,19,9,7,10,13,14,11,2
batf3,19,13,22,12,27,18,23,10,17,3,27,8
bax,381,307,386,256,416,305,350,304,348,282,308,231
baz1a,449,384,415,350,589,445,450,381,515,361,454,334
baz1b,1455,2161,1817,1870,2646,2236,1901,1712,2063,1432,1855,1369
baz2a,532,572,699,544,707,588,706,512,806,388,667,589
baz2b,489,546,642,450,550,593,559,445,578,367,565,459
bbc3,147,115,124,50,144,93,100,88,90,76,69,88
bbip1,361,309,343,245,340,324,321,282,359,332,335,298
bbof1,17,16,21,18,15,22,21,10,21,15,20,21
bbox1,4079,4598,5567,4355,5897,4518,4814,4985,5184,6022,5019,5073
bbs1,44,49,46,34,52,53,56,36,63,39,51,41
bbs10,154,219,250,204,189,278,184,138,151,123,124,131
bbs12,37,13,33,10,35,34,26,16,35,12,27,13
bbs2,59,61,72,56,80,67,72,56,81,41,80,50
bbs4,86,135,117,97,95,189,103,79,59,92,73,99
bbs5,87,84,112,95,89,115,82,84,82,78,81,83
bbs7,94,118,133,107,158,141,139,75,125,89,122,84
bbs9,176,185,173,145,153,237,161,141,165,137,165,146
bbx,789,786,849,695,814,790,737,606,671,537,688,635
bcam,160,164,167,174,271,155,228,124,229,90,182,204
bcan,1,1,2,2,3,1,0,3,7,1,1,2
bcap29,185,186,227,144,228,185,170,194,183,203,177,225
bcap31,2310,2676,3095,2042,2715,2598,2378,2289,2399,2492,2179,2155
bcar1,352,405,465,418,527,536,390,391,473,394,429,482
bcar3,928,993,757,627,1107,1229,698,787,819,890,885,960
bcas1,1,0,2,1,0,0,3,1,0,0,8,0
bcas2,419,447,514,395,545,437,449,397,438,383,418,347
bcas3,487,548,683,511,671,601,563,454,546,442,548,481
bcat1,1,3,3,0,4,4,4,5,1,5,2,1
bcat2,883,1184,1219,1093,1295,1168,1148,887,1433,793,1117,895
bccip,1204,1374,1401,1049,1434,1374,1122,1235,1159,1298,1083,1110
bcdin3d,50,61,55,31,53,53,37,38,49,31,46,45
bche,3190,3236,3924,2920,4712,3355,3454,3016,3952,4000,4337,3480
bckdha,4036,4468,5296,4048,5716,4171,4454,3967,4957,3578,4212,4115
bckdhb,1030,1215,1262,1007,1414,1264,1106,1052,1250,1179,1112,1053
bckdk,264,291,296,289,310,338,259,209,348,199,222,251
bcl10,322,224,372,229,363,275,289,242,329,229,275,236
bcl11a,10,8,18,6,19,15,20,17,27,9,20,16
bcl11b,19,7,18,9,17,9,16,24,17,20,32,10
bcl2,90,55,107,65,146,58,105,61,115,52,96,86
bcl2l1,680,498,563,526,785,559,506,523,703,472,563,478
bcl2l10,0,0,0,0,1,0,0,0,0,0,0,0
bcl2l11,187,121,218,133,260,171,200,119,297,136,287,171
bcl2l12,74,71,91,63,79,77,80,81,76,60,83,72
bcl2l13,645,806,806,816,860,1002,756,716,794,743,686,763
bcl2l14,11,7,14,7,11,23,13,14,10,11,77,17
bcl2l15,2,3,2,1,1,1,6,3,2,7,13,1
bcl2l2,479,523,616,521,705,597,565,485,645,467,535,450
bcl3,300,157,192,141,199,277,166,168,168,138,88,187
bcl6,329,1028,260,244,1459,750,188,151,1088,181,639,391
bcl6b,30,34,44,35,79,57,67,36,66,45,61,38
bcl7a,157,185,210,170,197,197,171,169,252,131,180,174
bcl7b,196,222,230,203,289,265,234,207,197,183,190,172
bcl7c,347,207,265,236,284,274,216,259,266,272,210,271
bcl9,58,50,70,43,63,52,59,40,67,34,64,70
bcl9l,180,184,163,197,205,205,222,183,269,122,163,309
bclaf1,1900,1704,2556,1963,2107,1943,1887,2072,2124,2259,2188,2129
bco1,160,152,179,176,177,207,157,84,152,88,147,89
bco2,571,598,697,368,663,470,469,565,490,646,643,569
bcor,268,207,233,186,384,270,217,193,338,205,243,271
bcorl1,90,102,122,91,119,96,111,80,145,96,114,160
bcr,415,474,495,431,569,506,513,386,543,343,428,558
bcs1l,223,223,247,165,302,226,220,172,194,159,201,181
bdh1,4294,4192,5786,4067,6532,4606,4714,4287,4822,4764,5390,4153
bdh2,320,534,518,312,597,434,486,449,508,492,456,446
bdkrb1,0,0,0,1,0,4,2,1,0,0,0,2
bdkrb2,2,0,0,1,0,1,1,2,2,2,3,2
bdnf,62,55,60,27,131,50,67,71,112,51,60,59
bdp1,765,835,928,782,998,875,862,794,885,838,899,735
bean1,4,0,3,1,0,1,1,1,2,3,4,3
becn1,1137,1391,1529,1174,1517,1468,1281,1135,1256,1132,1227,1081
begain,0,1,3,2,0,0,1,2,2,1,0,0
bend3,101,120,112,129,132,160,107,77,122,84,94,124
bend4,63,45,93,52,94,42,79,30,77,42,48,42
bend5,1,7,1,4,7,3,4,3,5,6,7,2
bend6,17,15,12,14,11,12,20,11,18,7,8,12
bend7,159,190,213,260,196,262,178,168,213,163,217,204
best1,11,11,16,15,15,16,28,12,12,15,22,25
best2,0,0,0,0,0,0,0,0,0,0,0,0
best3,0,0,0,0,0,0,0,0,0,0,0,0
bet1,1565,1703,1661,1298,1340,1849,1248,1712,1058,1829,1135,1425
bet1l,493,543,546,681,748,860,505,508,597,501,443,457
bex1,0,1,0,0,0,1,2,1,2,0,1,1
bex2,0,3,0,1,2,3,2,0,6,0,1,2
bex4,3,4,2,4,3,3,1,1,4,1,6,2
bfar,1103,1275,1388,1344,1408,1524,1178,1023,1318,1190,1107,1033
bfsp1,1,1,4,0,5,1,2,1,5,1,8,4
bfsp2,2,0,4,1,0,0,3,3,1,0,2,0
bglap,0,0,0,0,0,0,0,1,1,0,0,0
bgn,1401,954,1250,929,1860,910,1430,888,1454,763,1349,1334
bhlha15,16,72,12,110,14,110,42,43,321,5,16,11
bhlha9,0,0,0,0,0,0,0,0,1,0,0,0
bhlhe22,3,4,3,1,0,0,2,2,3,2,3,2
bhlhe23,0,0,0,0,0,0,0,0,0,0,0,0
bhlhe40,1478,2445,2707,1370,2124,2655,2469,2364,3173,2216,2097,1868
bhlhe41,55,72,183,89,107,142,113,131,148,105,95,140
bhmt,107505,97971,124046,83039,79968,118469,23735,78867,37495,101745,33369,131502
bhmt2,4607,5485,4907,3820,5166,4609,3497,4402,3466,4067,3292,4281
bicc1,253,141,235,150,314,178,337,139,326,131,294,242
bicd1,255,263,272,202,222,261,364,291,323,199,325,302
bicd2,374,385,414,316,504,376,397,329,375,285,350,293
bid,247,362,434,296,417,389,337,277,415,276,341,281
bik,103,83,121,62,101,127,86,51,104,43,80,51
bin1,244,225,289,219,289,236,206,226,299,165,217,225
bin2,198,103,156,92,220,96,128,99,125,76,115,76
bin3,279,256,328,249,371,284,266,235,305,247,278,240
birc2,845,803,1004,795,1000,962,854,789,913,775,859,729
birc3,537,538,611,440,763,569,571,459,643,431,515,443
birc5,58,62,67,59,59,43,62,35,71,42,51,45
birc6,4200,5055,5748,4870,5623,5750,4941,4831,4932,4761,4516,5437
birc7,0,0,2,0,0,0,0,0,3,0,0,0
bivm,348,349,530,351,487,394,460,377,423,304,392,340
blcap,357,367,434,295,355,371,291,346,298,308,269,324
blk,13,11,22,6,21,13,19,18,20,17,21,27
blm,226,313,225,279,230,260,155,115,199,124,214,183
blmh,910,1365,1252,1040,1123,1286,882,1046,872,1100,856,1027
blnk,59,66,88,39,134,58,103,67,83,55,92,85
bloc1s1,1006,1135,1163,914,1334,1013,990,919,948,991,821,991
bloc1s2,198,227,248,204,284,232,227,206,226,237,245,201
bloc1s3,132,122,169,119,109,124,102,95,103,125,112,103
bloc1s4,166,175,217,163,207,195,164,172,175,162,142,155
bloc1s5,587,517,624,453,640,532,421,489,456,529,409,559
bloc1s6,282,252,349,267,362,344,279,252,309,270,284,244
blvra,357,339,397,318,428,308,349,338,355,331,318,303
blvrb,1255,2161,1714,1726,2165,1875,1695,2227,1695,2493,1592,1855
blzf1,1114,1648,1370,1462,1567,1444,1142,1271,1232,1187,1075,1386
bmf,505,327,560,264,568,367,534,296,737,204,639,362
bmi1,847,783,892,727,833,863,732,746,747,697,780,819
bmp1,1562,1689,1584,1695,1696,1682,1399,1436,1467,1186,1409,1753
bmp10,87,158,134,150,234,152,144,127,172,138,129,109
bmp15,0,0,0,0,0,0,0,0,1,0,0,0
bmp2,383,408,383,332,510,344,388,267,371,281,525,335
bmp2k,421,332,509,371,625,381,552,345,532,344,587,445
bmp3,12,57,23,52,29,46,31,27,95,12,56,27
bmp4,48,46,54,34,53,47,59,32,60,31,42,46
bmp5,338,383,431,343,473,346,373,364,375,364,377,396
bmp6,60,96,89,101,102,55,103,105,113,72,106,111
bmp7,55,102,71,73,91,75,83,54,110,42,56,57
bmp8a,1,1,0,2,0,1,0,0,1,0,8,0
bmp8b,3,9,9,4,9,6,7,7,4,7,10,4
bmper,54,16,42,17,45,25,51,14,38,12,42,22
bmpr1a,1066,1154,1362,1086,1358,1182,1152,1114,1199,1285,1249,1171
bmpr1b,3,4,0,7,1,7,4,8,11,8,1,3
bmpr2,1595,1448,1642,1430,2064,1433,1695,1123,1617,1231,1549,1733
bms1,714,714,827,707,835,891,724,664,610,611,582,550
bmx,21,7,10,4,21,4,17,15,25,9,22,2
bnc1,45,42,55,47,59,41,75,32,77,33,44,61
bnc2,31,28,35,19,33,29,52,31,43,26,49,48
bnip1,311,345,363,284,379,342,279,317,273,254,246,248
bnip2,1090,1242,1190,1137,1485,1285,1159,1100,1178,1148,1057,1043
bnip3,3457,5646,4442,6232,6288,5730,6062,4030,5711,4696,5694,3577
bnip3l,2960,2307,2780,2334,2865,2649,2480,2201,2504,2234,2389,2225
bnipl,1,1,0,0,0,3,1,0,3,1,1,1
boc,28,28,25,15,38,21,36,29,44,13,38,52
bod1,409,469,513,435,501,421,410,385,467,455,411,430
bok,366,204,355,233,236,237,198,171,197,154,216,305
bola1,291,351,332,253,339,286,294,268,301,292,264,265
bola2,345,416,438,337,470,372,327,316,386,326,312,323
bola3,552,767,766,535,732,595,562,649,582,714,509,588
boll,0,0,2,2,2,5,0,3,5,2,6,1
bop1,480,602,570,457,545,580,504,444,449,348,356,407
bora,22,31,41,29,34,32,31,25,38,21,38,29
borcs5,117,144,144,141,183,175,117,116,120,124,92,122
borcs6,144,123,168,133,190,163,116,132,135,125,129,116
borcs7,93,102,117,95,124,104,108,89,110,100,81,100
borcs8,194,253,262,175,256,218,195,183,183,203,165,186
bpgm,1106,374,524,426,354,413,385,339,348,382,360,300
bphl,2521,2630,3120,2210,3380,2565,2234,2322,2369,2547,2447,2375
bpi,0,0,0,0,0,0,0,0,0,0,0,0
bpifa1,0,0,0,0,0,0,0,0,0,0,0,0
bpifa2,0,0,0,0,0,0,0,0,0,0,0,0
bpifa3,0,0,0,0,0,0,0,0,0,0,0,0
bpifb1,3,3,1,1,3,3,3,4,7,2,2,3
bpifb2,0,0,0,0,0,0,0,0,0,0,0,1
bpifb3,0,0,0,0,0,0,0,0,0,0,0,0
bpifb4,0,0,0,0,0,0,0,0,0,0,0,0
bpifb6,0,0,0,0,0,0,0,0,0,0,0,0
bpifc,14,17,18,8,8,17,11,13,16,11,15,12
bpnt1,1321,1809,1645,1386,1464,1723,1252,1236,1221,1335,1839,1229
bptf,1706,2158,1479,1353,1427,934,1018,1037,1122,863,980,4121
braf,539,646,662,661,711,780,587,541,653,568,563,725
brap,2504,3245,3682,3345,3240,2993,2683,2298,3452,2608,3391,2510
brat1,245,243,251,206,298,248,226,166,246,151,211,188
brca1,60,112,64,139,120,118,88,58,101,49,107,54
brca2,184,246,254,231,267,271,263,204,331,189,315,204
brcc3,672,731,883,629,842,707,728,719,728,720,698,619
brd1,461,577,554,558,748,617,558,521,713,450,624,519
brd2,1487,1612,1558,1266,1582,1534,1400,1482,1601,1461,1506,1510
brd3,431,541,494,493,576,523,478,451,533,392,472,521
brd4,299,310,287,284,360,335,296,236,372,251,311,507
brd7,533,542,614,396,634,528,507,487,532,481,507,512
brd8,473,421,590,363,546,515,483,370,492,363,445,405
brd9,237,190,311,221,260,226,227,198,254,207,253,206
brdt,32,43,55,19,36,41,30,28,40,26,35,29
brf1,258,264,328,292,281,283,273,212,313,223,284,238
brf2,109,128,132,117,138,123,99,85,109,91,95,98
bri3,346,405,523,473,578,433,412,352,559,350,518,401
bri3bp,560,645,646,547,757,606,592,623,617,567,584,591
bricd5,0,0,0,0,0,1,0,0,0,0,0,0
brinp1,0,1,0,0,0,0,0,0,1,0,0,0
brinp2,7,4,4,4,3,5,12,6,6,8,9,5
brinp3,0,0,0,0,0,0,0,2,0,0,0,0
brip1,94,137,181,152,131,137,146,103,154,107,150,141
brix1,330,355,378,346,400,508,339,335,336,406,283,328
brk1,929,915,1011,748,1068,886,920,765,837,790,816,738
brms1,274,243,287,215,263,315,270,225,249,213,238,226
brms1l,116,91,113,75,102,109,115,84,102,75,86,76
brox,1042,1043,1280,903,1303,1045,974,911,987,940,1012,938
brpf1,274,356,391,382,418,427,354,306,441,271,301,317
brpf3,160,198,181,187,193,236,178,192,268,153,191,300
brs3,0,0,0,0,0,0,0,0,0,0,0,0
brsk1,8,7,7,4,6,7,3,4,4,5,10,7
brsk2,3,9,10,11,5,16,11,13,39,8,10,12
brwd1,1463,1522,1794,1606,1961,1846,1750,1688,2158,1591,1743,1666
brwd3,517,427,693,516,604,622,591,484,543,461,572,529
bscl2,619,701,819,530,772,664,598,626,675,595,536,686
bsdc1,1226,1182,1388,1077,1252,1374,1097,967,1067,896,954,842
bsg,7828,5606,7193,4587,6900,5613,5390,4768,5245,4491,5522,4697
bsn,12,5,7,4,6,11,10,3,12,4,15,7
bsnd,0,0,0,0,1,0,0,0,0,0,0,1
bsph1,0,0,0,0,0,0,0,0,0,0,0,0
bspry,7,18,11,16,19,17,9,10,25,7,28,7
bst1,66,35,100,58,121,51,143,45,112,41,140,62
bst2,2205,2813,3281,1972,3303,2349,2465,2481,2652,2131,2379,1988
bsx,0,0,0,0,0,0,0,0,0,0,0,0
btaf1,1155,1105,1343,1101,1382,1296,1085,1060,1121,1085,999,1070
btbd1,1188,1004,1330,900,1412,1096,1068,1093,1114,1209,1021,1047
btbd10,62,80,85,71,111,108,89,75,94,83,67,82
btbd16,23,33,39,16,17,14,26,28,27,18,42,21
btbd17,0,0,1,0,1,0,0,0,0,0,1,0
btbd18,7,7,9,4,12,2,3,3,5,4,6,7
btbd19,41,29,59,28,31,33,63,48,52,19,66,49
btbd2,277,324,318,238,355,239,291,225,338,198,284,290
btbd3,171,128,166,134,176,175,155,126,195,113,140,177
btbd6,204,209,231,199,248,216,216,192,226,173,179,205
btbd7,316,374,443,360,496,355,406,332,442,320,424,352
btbd8,19,24,23,13,17,21,15,25,15,14,17,15
btbd9,366,352,320,303,455,388,334,309,357,295,367,362
btc,90,78,144,47,97,68,81,57,66,88,94,93
btd,1119,1151,1160,1040,1093,1266,983,1031,953,980,838,990
btf3,2692,2879,3415,2444,3557,3021,2751,2586,2596,2755,2699,2426
btf3l4,934,1060,1200,914,1146,1072,1050,989,959,1114,974,1035
btg1,1467,878,1200,522,1300,638,1041,938,1154,985,1036,996
btg2,973,402,487,290,746,389,455,491,501,316,615,327
btg3,175,78,73,92,85,194,126,30,154,53,77,79
btg4,0,0,0,0,0,0,0,0,0,0,0,0
btk,73,53,72,38,103,28,76,38,68,48,71,50
btla,68,33,75,25,74,30,48,59,59,54,60,60
btn1a1,1,1,2,3,0,4,0,2,1,2,3,1
btn2a2,0,0,0,0,0,0,0,0,0,0,0,0
btnl2,3,3,3,4,2,3,3,5,10,2,114,5
btnl9,235,276,269,195,313,236,215,180,207,186,272,161
btrc,286,312,297,265,308,305,270,211,230,269,265,254
bub1,8,11,32,14,23,15,17,6,20,5,21,11
bub1b,46,23,89,50,85,23,36,40,66,20,69,28
bub3,620,686,754,564,722,739,582,557,541,520,483,554
bud13,102,104,117,91,115,132,128,84,128,84,138,83
bud31,939,1022,1159,862,1050,1187,918,940,897,950,860,840
bysl,187,265,223,280,309,307,206,228,183,175,148,174
bzw1,4749,4767,5362,4018,5634,5371,4635,4521,4319,4736,4256,3965
bzw2,175,192,225,149,260,181,210,174,191,137,198,149
c1d,1314,1280,1533,1094,1523,1243,1211,1288,1264,1475,1245,1254
c1galt1,1932,1868,2185,1838,2176,2342,1966,2138,2069,2310,1704,2124
c1galt1c1,619,635,683,579,637,679,669,651,704,711,702,596
c1qa,2110,1207,1829,1243,2524,1175,1577,1337,1597,851,1223,1185
c1qb,2799,1440,2459,1338,3102,1447,1929,1611,1976,1090,1587,1423
c1qbp,713,884,909,705,1130,813,762,681,771,604,776,747
c1qc,2454,1353,2192,1387,2911,1299,1687,1499,1846,1014,1479,1231
c1ql1,0,0,0,0,0,0,1,0,0,0,0,0
c1ql2,0,0,0,0,0,0,0,0,0,0,0,0
c1ql3,39,39,29,26,26,27,28,32,24,36,26,32
c1ql4,2,1,2,0,1,4,4,3,3,0,0,4
c1qtnf1,226,167,204,160,247,177,252,116,238,91,205,176
c1qtnf2,18,13,27,16,23,21,15,15,25,12,24,26
c1qtnf3,8,10,8,7,9,7,10,4,5,10,9,12
c1qtnf4,3,5,8,3,6,3,4,5,4,5,4,14
c1qtnf6,27,9,25,10,42,24,30,8,29,8,40,17
c1qtnf7,48,28,49,43,67,35,59,49,51,48,49,46
c1qtnf9,5,7,12,5,14,11,10,4,14,9,14,13
c1rl,2482,3304,2512,2586,2622,3061,2190,2821,2280,2588,2123,2740
c2,3222,3716,5121,3278,4903,3554,3751,2907,3753,2277,3434,2858
c2cd2,2597,3166,3208,2686,3496,2991,2549,2957,2995,2816,2296,2896
c2cd2l,390,604,459,750,674,819,469,469,620,423,446,464
c2cd3,247,287,292,262,288,317,275,217,319,190,280,300
c2cd4a,0,0,0,0,0,1,0,0,0,0,0,0
c2cd4b,0,0,0,0,0,0,0,0,0,0,0,0
c2cd4c,5,4,5,7,4,6,2,9,8,5,6,6
c2cd4d,15,20,25,25,16,25,15,12,18,20,12,22
c2cd5,169,93,138,113,158,175,115,111,130,95,137,130
c3,236075,131757,172737,129617,213204,166814,182305,117533,161268,107068,141459,126331
c3ar1,401,194,510,228,643,253,565,220,529,282,432,387
c4b,47997,32919,41858,33361,39912,38478,38321,28713,33805,23706,29694,33571
c5ar1,81,36,89,25,112,35,102,29,76,27,73,74
c5ar2,305,214,247,165,305,165,187,171,189,193,282,257
c6,5343,10188,7442,7969,4515,8572,5059,5545,3642,3715,3908,6281
c7,96,63,51,75,93,67,97,73,82,68,112,145
c8a,28045,29560,29630,25224,22007,30172,25265,21699,22641,19276,22166,23375
c8b,8960,13901,14561,11042,8790,11978,10098,9008,8011,6748,8320,9459
c8g,7924,8065,9949,6425,9081,7598,7139,8911,7445,8637,6410,8582
c9,17460,17554,23925,15816,14889,16750,16980,12968,14642,11487,15897,14649
caap1,124,117,115,99,165,139,119,105,150,134,122,119
cab39,2020,2157,2546,2157,2479,2342,2188,1943,2190,2154,2178,1988
cab39l,1584,1681,1827,1483,1853,1753,1543,1560,1609,1726,1516,1360
cabin1,371,436,424,380,544,471,441,290,504,228,478,362
cables1,68,58,63,57,51,79,32,42,59,42,49,63
cables2,280,422,400,382,423,397,370,380,415,344,349,369
cabp1,5,6,10,8,8,6,6,6,10,1,8,4
cabp2,1,34,4,41,7,32,18,21,118,1,1,6
cabp4,4,8,2,2,3,4,3,6,5,8,3,3
cabp5,1,0,1,0,0,0,2,0,1,1,1,0
cabp7,1,2,1,0,1,1,1,0,0,1,1,0
cabs1,0,0,0,0,0,0,0,0,0,0,0,0
cabyr,62,123,71,80,67,95,128,73,107,52,99,81
cacfd1,316,295,289,319,356,395,284,223,280,187,207,269
cachd1,38,45,48,45,64,48,46,38,62,26,49,51
cacna1a,24,19,31,19,22,25,45,35,38,24,32,35
cacna1b,4,3,4,3,3,0,3,2,0,4,1,4
cacna1c,24,9,19,11,24,20,24,8,44,14,36,23
cacna1d,69,66,76,73,89,69,119,76,109,54,95,115
cacna1e,21,20,31,33,23,19,28,23,31,24,46,29
cacna1f,6,4,7,2,11,4,5,5,5,2,8,6
cacna1g,3,1,3,1,1,2,5,0,0,5,4,1
cacna1h,6,1,4,3,0,7,6,5,6,4,20,16
cacna1i,6,4,7,1,10,4,7,9,14,5,9,13
cacna1s,6,1,8,2,1,7,4,7,4,8,2,82
cacna2d1,89,45,82,67,107,55,90,44,87,44,131,94
cacna2d2,3,8,4,1,1,6,8,2,10,5,7,3
cacna2d3,1,1,1,0,1,0,1,0,0,0,1,2
cacna2d4,20,18,19,11,16,24,31,19,26,17,19,7
cacnb1,11,2,9,9,17,8,15,5,8,5,12,10
cacnb2,16,17,19,16,24,17,14,10,25,13,13,22
cacnb3,25,15,25,22,42,20,30,13,21,14,32,37
cacnb4,83,105,127,76,110,67,84,65,79,73,82,83
cacng1,0,0,2,1,0,0,0,0,0,0,0,6
cacng2,8,4,1,6,13,4,4,8,5,6,3,4
cacng3,0,0,0,0,0,1,1,1,0,0,0,0
cacng4,9,3,6,2,6,9,7,3,9,4,3,3
cacng5,0,0,0,0,0,0,0,0,0,0,0,0
cacng6,1,0,2,0,0,0,0,0,0,0,0,5
cacng7,12,2,3,1,5,3,4,2,7,3,5,6
cacng8,1,3,2,2,4,2,2,2,4,2,1,0
cactin,163,190,191,162,208,213,168,165,199,149,153,168
cacul1,1488,1622,1803,1609,1887,2130,1685,1561,1572,1469,1330,1466
cacybp,790,1057,848,649,878,895,723,813,725,841,686,615
cad,299,303,259,208,288,380,250,198,234,155,192,235
cadm1,845,691,887,461,990,713,785,542,846,586,771,559
cadm2,3,3,5,5,0,4,4,4,4,2,3,3
cadm3,86,120,69,103,162,77,115,77,90,71,109,111
cadm4,188,268,212,224,217,280,245,214,148,122,178,196
cadps,0,0,0,0,2,0,1,0,0,0,1,0
cadps2,511,594,565,522,559,631,495,546,507,574,522,535
cage1,19,30,18,19,24,22,14,18,21,19,27,27
calb1,4,2,4,6,10,3,10,5,5,3,3,3
calb2,0,1,0,0,0,0,0,0,0,0,2,0
calca,3,1,9,4,6,2,12,4,3,3,7,12
calcb,2,0,0,1,1,0,0,0,1,0,1,1
calcoco1,427,519,560,458,521,400,471,377,518,378,478,478
calcoco2,1,0,2,0,1,0,1,0,0,0,1,1
calcr,2,0,1,2,0,1,0,7,2,4,1,6
calcrl,1399,1070,1319,966,1866,978,1240,1051,1174,1031,1301,1001
cald1,5116,4883,5407,4059,5113,5209,4238,5151,3774,5084,4074,4675
calhm1,0,0,0,0,1,0,0,0,0,0,0,0
calhm2,115,53,88,62,137,63,67,61,80,46,74,60
calhm3,0,0,0,0,0,0,0,0,0,0,0,0
calm1,5231,5542,6111,4219,6060,5447,4716,5171,4444,5648,5783,4861
calml3,0,1,0,1,0,0,0,0,0,0,0,0
calml4,33,23,31,26,45,20,34,15,37,20,242,20
caln1,68,64,83,72,59,75,110,82,107,40,79,64
calr,19535,22517,18280,11859,17878,20010,13311,14472,11507,13070,12023,11494
calr3,31,45,58,41,49,59,23,56,40,52,33,49
calu,3365,3563,3934,2741,3554,3958,2928,3113,2890,3216,2771,2983
caly,0,3,0,1,0,0,0,1,0,0,0,2
camk1,387,297,458,246,513,327,418,305,441,308,376,319
camk1d,1947,1842,2605,1256,1857,1511,1241,2437,1839,2319,1331,2916
camk1g,1,0,3,0,1,1,0,0,0,0,2,1
camk2a,4,9,4,7,8,8,3,6,11,4,3,12
camk2b,246,351,342,315,356,382,314,284,412,204,366,256
camk2d,439,291,440,270,445,341,416,256,345,264,410,321
camk2g,177,209,299,194,219,240,236,192,233,220,188,212
camk2n1,977,1061,983,950,1084,954,919,727,1037,753,997,660
camk2n2,15,16,11,12,17,18,14,9,19,8,16,8
camk4,25,78,40,40,59,59,74,63,80,56,65,59
camkk1,24,16,21,15,22,21,18,7,30,12,14,14
camkk2,175,212,223,174,226,227,247,144,155,148,155,167
camkmt,18,20,22,11,21,21,11,22,17,13,13,18
camkv,1,1,0,0,4,1,1,0,1,1,2,0
camp,141,1,6,7,5,3,4,1,5,0,7,5
camsap1,232,245,261,258,285,277,277,246,328,210,268,237
camsap2,654,759,811,675,931,766,755,729,770,701,654,705
camsap3,152,163,167,139,149,178,154,134,203,127,166,195
camta1,58,80,81,57,89,72,61,53,65,42,65,53
camta2,158,147,141,149,162,186,174,123,195,99,166,189
cand1,1653,1830,2148,1694,2126,2202,1781,1690,1693,1654,1518,1688
cand2,25,10,26,14,25,13,25,17,34,7,23,18
cant1,444,459,464,463,650,501,450,415,481,336,499,420
canx,13501,16580,15722,11437,14811,16273,12261,13186,11517,13634,11215,11380
cap1,1884,1540,1866,1347,2333,1635,1802,1379,1747,1338,1616,1458
cap2,4,5,5,1,4,6,11,7,7,10,18,18
capg,245,88,369,139,535,145,378,154,383,160,276,234
capn1,420,390,433,367,542,490,411,394,379,341,360,437
capn10,382,496,418,537,530,666,405,402,443,346,324,383
capn11,0,28,31,23,0,16,0,17,0,3,0,12
capn12,1,3,1,4,2,3,4,5,9,1,6,1
capn13,1,0,0,1,0,0,0,1,2,0,4,1
capn15,132,122,100,100,149,163,81,98,114,78,86,138
capn2,1197,1105,1326,845,1325,1082,1077,1106,1093,1049,953,1200
capn3,19,51,23,47,16,52,20,35,29,35,19,52
capn5,95,72,73,42,89,76,92,56,99,58,81,57
capn6,162,55,175,51,192,53,165,63,171,71,159,70
capn7,1214,1041,1405,1130,1482,1228,1186,1199,1223,1246,1250,1122
capn8,51,231,41,151,20,180,25,179,8,88,14,212
capn9,1,0,2,2,1,3,1,0,1,0,17,0
capns1,1438,1443,1648,1264,1959,1362,1431,1245,1322,1101,1234,1187
capns2,1,2,0,0,3,1,1,2,3,1,4,1
caprin1,7056,5294,7121,4191,5666,6019,4555,5521,4151,5817,4348,6514
caprin2,49,39,71,40,74,52,73,43,68,40,87,64
caps2,120,130,105,100,100,106,150,101,99,93,119,154
capsl,6,1,6,1,6,4,1,1,3,1,4,0
capza1,1490,1223,1655,1057,1841,1480,1419,1211,1348,1221,1325,1155
capza2,2164,2027,2588,1857,2506,2187,1940,1736,2029,1978,1912,1769
capza3,0,0,0,0,0,0,0,0,0,0,0,0
capzb,1027,943,1057,761,1301,973,1032,797,943,686,924,959
card10,134,114,149,124,171,171,124,101,220,89,156,155
card11,22,15,28,5,39,14,30,28,40,8,30,22
card14,3,5,4,3,7,6,7,1,5,1,4,1
card19,87,126,142,101,158,128,158,87,150,80,117,111
card6,155,142,185,172,192,181,142,118,153,106,133,177
card9,37,14,60,18,41,17,65,17,36,14,27,23
carf,172,229,218,230,239,241,211,197,268,192,255,201
carhsp1,1851,1674,2199,1404,2353,1871,1664,1769,1807,1673,1599,1769
carm1,253,299,324,247,340,303,276,238,286,214,269,326
carnmt1,480,521,596,457,616,542,479,432,469,507,455,466
carns1,7,6,12,15,13,16,9,11,12,12,10,9
cars2,336,328,349,257,352,337,258,249,284,219,235,256
cartpt,0,0,0,0,0,0,0,0,0,0,0,0
casc3,232,305,279,200,350,264,263,210,274,190,232,199
casd1,882,918,1166,918,995,1000,887,975,895,1004,872,1016
cask,534,590,581,492,794,590,622,499,587,477,620,488
caskin1,2,3,4,3,5,3,4,8,4,7,6,6
caskin2,213,205,193,183,307,269,244,140,270,139,220,188
casp1,162,88,177,111,216,83,157,138,158,123,269,101
casp12,164,56,148,74,139,98,126,81,145,81,126,130
casp14,0,0,0,0,0,0,0,0,0,0,0,0
casp2,138,123,177,116,194,172,143,118,171,102,197,117
casp3,778,839,886,559,993,700,763,896,845,850,863,765
casp4,167,121,176,89,192,102,146,131,179,131,161,144
casp6,349,267,523,401,434,383,319,415,451,462,515,475
casp7,565,700,709,467,845,565,581,548,526,476,791,551
casp8,584,676,690,644,689,949,634,527,617,634,616,503
casp9,325,472,444,418,438,440,402,363,658,315,367,416
casq1,6,6,20,0,1,11,1,3,5,1,4,102
casq2,25,6,11,3,13,5,11,7,8,1,17,48
casr,0,2,0,0,0,0,0,0,2,2,3,0
cass4,14,10,20,13,19,23,19,11,15,13,11,12
cast,1136,1399,1581,1235,1554,1407,1356,1197,1381,1154,1173,1129
casz1,19,28,34,16,17,23,31,29,41,27,86,29
cat,53979,57455,71242,48364,69009,56593,51933,53560,53220,54996,51769,54201
catip,5,4,3,1,1,0,1,2,4,2,3,4
catsper1,0,0,0,0,0,0,0,0,0,0,0,0
catsper2,29,49,48,31,61,68,34,37,50,55,51,40
catsper3,1,0,0,4,1,4,0,1,0,2,2,1
catsper4,5,6,2,4,1,2,7,5,6,2,2,3
catsperb,0,0,0,1,0,2,1,0,0,0,1,0
catsperd,20,32,7,16,19,10,35,22,34,14,24,34
cav1,188,282,279,235,345,239,347,286,315,303,290,500
cav2,296,255,285,224,348,238,278,224,261,270,271,233
cav3,3,0,2,0,0,0,0,1,0,0,0,5
cbarp,20,15,21,21,19,27,21,13,17,11,26,14
cbfa2t2,256,351,381,292,385,377,389,319,413,297,365,345
cbfa2t3,26,38,18,24,46,28,27,23,70,10,30,39
cbfb,439,463,656,532,657,605,535,436,464,331,443,351
cbl,406,251,423,300,599,335,488,304,529,275,399,503
cblb,178,130,152,139,241,119,208,138,246,135,200,202
cblc,313,235,350,254,366,273,254,221,312,175,284,252
cbll1,112,118,137,106,151,112,127,99,145,106,144,144
cbln1,0,0,0,0,0,0,0,0,1,0,0,0
cbln2,0,0,0,0,0,0,0,0,0,0,0,0
cbln3,29,24,23,17,13,17,26,27,19,24,25,32
cbln4,0,0,0,0,0,0,0,0,0,0,1,0
cbr1,991,939,952,780,1563,1005,1126,771,1194,770,1337,589
cbr3,44,24,37,17,43,22,41,24,36,9,34,22
cbr4,816,806,1037,739,970,829,756,866,803,976,794,924
cbs,8853,9134,8429,6920,6791,9748,6317,8928,6063,7747,4873,8466
cbx1,638,737,749,562,750,794,611,595,588,646,588,532
cbx2,153,190,224,111,184,172,155,128,146,117,136,149
cbx3,1305,1166,1602,1159,1485,1275,1261,1248,1291,1413,1362,1161
cbx4,212,343,393,238,475,371,318,263,526,217,345,295
cbx5,1033,1504,1447,1221,1717,1508,1316,1301,1459,1253,1292,1174
cbx6,168,112,153,124,216,110,196,78,199,61,176,118
cbx7,150,152,193,155,213,169,174,126,261,135,203,168
cbx8,104,148,152,92,168,153,124,118,164,83,137,135
cby1,102,137,125,120,142,121,94,86,109,85,100,80
cby3,1,0,1,1,0,0,0,0,0,0,0,0
cc2d1a,186,169,171,159,186,176,150,149,159,110,140,144
cc2d1b,245,250,295,217,300,265,231,166,261,180,216,236
cc2d2a,150,116,184,83,199,97,171,99,156,88,175,107
cc2d2b,3,12,1,2,4,5,1,3,2,3,1,7
ccar1,932,918,1074,850,1055,1064,790,928,783,1011,864,706
ccar2,429,452,510,344,495,447,418,341,365,306,406,389
ccbe1,79,108,93,78,155,76,129,79,129,96,139,105
ccdc102a,24,21,31,17,29,19,23,20,33,17,24,18
ccdc106,15,24,18,9,12,13,12,8,13,9,10,12
ccdc107,44912,44107,46106,36224,52079,38778,38284,40299,45050,40206,37532,47934
ccdc110,1,0,0,0,0,0,0,0,0,0,0,0
ccdc112,7,4,13,3,10,5,8,7,13,7,8,5
ccdc116,6,5,11,12,13,8,9,10,15,10,16,7
ccdc117,547,637,801,614,738,721,726,705,651,658,570,563
ccdc12,401,338,490,307,410,376,357,359,363,324,287,284
ccdc120,43,7,22,8,26,17,9,11,21,4,28,8
ccdc121,0,0,0,0,0,0,0,0,0,0,0,0
ccdc122,193,146,159,102,182,133,151,155,147,179,147,172
ccdc124,345,414,364,334,410,403,298,344,300,313,287,327
ccdc125,160,136,201,144,153,198,167,104,158,102,119,107
ccdc126,61,37,66,45,60,60,34,37,47,34,41,33
ccdc127,513,633,678,599,730,771,546,540,640,569,480,534
ccdc13,1,0,0,1,0,0,0,0,0,1,0,0
ccdc134,51,32,42,49,89,108,52,57,53,44,60,45
ccdc136,4,1,6,4,5,4,5,5,5,3,3,2
ccdc137,181,178,175,163,208,227,194,164,193,154,173,144
ccdc138,50,50,64,46,71,63,47,54,46,66,51,52
ccdc14,32,29,45,41,33,41,33,32,31,23,23,39
ccdc141,400,313,324,276,319,389,359,399,457,368,371,397
ccdc142,23,23,62,30,35,34,38,29,46,24,32,39
ccdc146,8,9,11,0,9,9,8,10,9,3,13,12
ccdc148,148,64,128,111,170,63,105,96,89,97,76,85
ccdc149,89,42,60,62,85,137,61,44,73,53,49,62
ccdc15,38,64,50,48,55,41,46,50,70,50,51,59
ccdc150,0,1,1,1,0,0,1,6,1,4,4,0
ccdc152,166,158,220,184,217,202,208,156,218,161,217,196
ccdc154,1,1,1,0,0,1,1,1,1,0,2,3
ccdc157,226,383,346,294,356,440,329,323,362,283,327,264
ccdc158,28,21,30,23,23,38,21,21,27,30,22,22
ccdc159,68,74,91,50,74,84,75,72,86,76,78,74
ccdc160,8,10,16,13,15,5,17,5,9,6,10,10
ccdc166,50,39,49,58,53,72,28,45,35,34,36,39
ccdc167,156,214,209,168,186,255,169,158,150,162,157,159
ccdc169,13,17,17,15,13,14,17,14,18,9,16,13
ccdc17,62,62,104,66,64,67,60,49,79,70,57,56
ccdc170,3,1,0,0,0,1,5,0,3,2,2,0
ccdc171,180,234,246,162,203,167,214,348,272,322,215,314
ccdc172,0,0,0,0,0,0,0,0,0,0,0,0
ccdc174,211,225,291,209,234,262,227,253,232,239,223,217
ccdc175,1,0,0,0,0,0,0,0,0,1,1,0
ccdc177,0,1,2,0,0,0,1,0,0,1,1,0
ccdc178,0,0,0,0,0,0,0,0,0,0,0,0
ccdc18,27,11,41,22,30,14,18,14,38,11,37,18
ccdc180,1,3,5,0,1,1,2,1,5,1,1,0
ccdc181,114,122,132,98,116,134,93,90,113,114,112,92
ccdc182,0,0,0,0,0,0,0,0,0,0,0,0
ccdc183,2,10,4,6,4,8,7,4,9,2,4,2
ccdc184,0,0,0,0,1,0,0,1,0,0,1,0
ccdc185,0,0,0,0,0,0,0,0,0,0,0,0
ccdc186,479,467,527,412,485,615,387,370,441,454,451,404
ccdc187,3,2,1,0,1,0,5,1,3,1,0,1
ccdc188,0,0,2,0,0,0,0,0,0,0,0,0
ccdc190,0,1,0,1,1,0,0,0,0,0,0,0
ccdc191,82,117,94,88,86,115,89,82,114,79,85,57
ccdc22,269,327,337,257,323,365,299,288,279,271,217,276
ccdc24,82,140,101,45,131,85,94,129,133,130,80,144
ccdc25,1025,1256,1229,1188,1077,1549,970,933,807,1054,784,847
ccdc27,2,0,6,2,2,1,4,1,7,2,2,1
ccdc28a,258,256,332,174,222,215,216,160,247,185,206,180
ccdc28b,108,92,127,67,105,108,113,76,106,54,88,61
ccdc3,95,55,74,33,92,30,72,49,69,52,83,65
ccdc30,161,233,209,170,179,190,220,187,234,177,243,159
ccdc32,133,155,178,149,192,207,142,106,184,109,140,141
ccdc33,0,0,0,0,0,0,0,0,0,0,0,0
ccdc34,64,69,80,61,86,78,72,78,77,62,77,64
ccdc38,18,16,16,4,12,18,11,12,13,10,9,16
ccdc39,11,9,22,15,15,22,19,13,20,11,22,19
ccdc40,2,1,0,4,3,1,1,1,3,3,5,1
ccdc42,1,0,1,0,1,0,0,1,0,0,1,0
ccdc43,300,344,370,288,367,340,273,289,289,275,252,260
ccdc47,2154,2898,2731,2400,2513,3230,2230,2461,2105,2614,2100,2185
ccdc50,1845,1802,2354,1768,2597,1923,2004,1973,2219,1991,1986,1947
ccdc51,201,223,250,207,244,309,167,191,183,186,179,201
ccdc54,0,0,0,0,0,0,0,0,0,0,0,0
ccdc57,20,64,41,40,93,31,67,34,58,21,46,33
ccdc59,318,305,359,256,369,321,287,245,266,258,240,239
ccdc6,485,405,503,384,527,486,441,330,507,339,538,469
ccdc60,25,25,13,13,19,18,22,12,19,16,20,13
ccdc61,67,62,69,47,92,61,49,68,76,60,42,59
ccdc62,41,63,55,42,56,57,48,55,52,46,50,53
ccdc63,16,9,9,8,6,16,15,6,17,2,9,11
ccdc66,179,144,192,100,135,163,121,118,99,91,118,121
ccdc68,86,56,73,44,62,54,49,34,58,42,117,51
ccdc69,25,16,26,10,22,17,16,34,15,16,10,15
ccdc70,0,0,0,0,0,0,0,0,0,0,0,0
ccdc71,301,327,391,312,440,366,335,274,335,237,309,259
ccdc71l,214,138,220,120,209,192,188,166,212,171,225,149
ccdc73,34,63,61,41,56,47,51,44,50,53,49,45
ccdc74a,3,5,1,1,5,6,7,4,12,4,1,7
ccdc77,102,145,129,119,115,132,104,108,118,115,150,106
ccdc78,13,10,16,7,8,13,10,7,10,9,6,8
ccdc8,77,40,50,42,49,55,63,28,52,38,60,40
ccdc80,1254,507,1346,604,1875,536,1599,462,1231,477,1150,713
ccdc81,0,0,0,0,0,0,0,0,0,0,0,0
ccdc82,114,109,142,88,176,88,128,108,142,108,152,94
ccdc83,0,0,0,0,0,0,0,0,0,0,0,0
ccdc85a,2,0,4,4,2,2,1,3,4,2,3,6
ccdc85b,99,132,168,137,211,154,153,101,188,84,183,69
ccdc85c,60,62,76,71,96,66,85,67,83,53,73,73
ccdc86,124,138,146,176,212,205,129,109,149,106,115,119
ccdc87,0,0,2,0,2,3,1,0,0,0,0,1
ccdc88a,190,107,209,103,281,129,220,159,218,119,210,148
ccdc88b,85,51,77,44,129,57,110,57,83,38,62,54
ccdc88c,68,55,77,46,126,81,101,57,116,38,142,53
ccdc89,4,4,8,1,9,7,5,3,2,0,3,2
ccdc9,264,248,270,220,297,255,242,260,270,199,263,238
ccdc90b,284,212,320,200,280,225,258,213,226,251,326,229
ccdc91,742,755,883,638,779,751,695,633,659,768,647,614
ccdc92,6,6,4,9,7,3,4,4,9,2,5,7
ccdc93,424,500,532,370,599,519,456,394,463,372,451,411
ccdc97,105,136,123,117,162,146,129,115,138,103,106,174
ccer1,0,0,0,0,0,0,0,0,0,0,0,0
ccer2,1,0,0,0,0,0,0,0,1,0,0,0
cchcr1,47,47,68,37,55,59,54,47,44,35,52,42
ccin,0,0,0,0,0,0,0,0,0,0,0,0
cck,0,0,0,0,0,0,0,0,0,0,14,0
cckar,19,178,25,214,23,199,84,83,545,4,27,24
cckbr,0,1,0,0,0,0,0,0,1,0,0,0
ccl1,0,0,0,0,0,0,0,0,0,0,1,0
ccl11,4,8,1,8,5,6,9,8,16,8,21,11
ccl17,0,2,0,1,2,2,0,1,1,2,3,0
ccl19,39,12,33,11,38,23,27,21,27,6,24,10
ccl2,80,17,73,9,69,40,47,60,41,42,27,42
ccl20,0,0,0,1,0,0,1,0,0,0,12,1
ccl22,0,1,3,4,4,15,5,3,8,4,4,3
ccl24,47,82,50,39,80,75,91,52,67,67,53,47
ccl25,97,163,155,116,97,141,94,117,120,145,515,112
ccl26,0,0,0,0,0,0,0,0,0,0,0,0
ccl28,34,20,26,30,23,35,33,36,26,44,53,40
ccl3,21,10,15,8,19,13,18,14,25,10,13,9
ccl4,19,3,10,7,19,8,20,16,23,4,7,13
ccl5,36,16,39,10,61,18,23,53,88,27,53,29
ccl7,10,4,13,6,7,13,18,16,5,15,7,5
ccl8,17,27,16,42,91,46,189,211,41,53,15,207
ccm2,287,276,299,295,348,309,277,280,310,241,235,266
ccm2l,56,28,51,40,54,43,51,46,47,35,45,54
ccna1,0,0,0,0,0,0,0,1,0,0,1,0
ccna2,54,27,85,53,86,37,45,47,36,30,78,41
ccnb1,29,20,55,37,39,16,23,33,27,15,50,26
ccnb1ip1,0,0,0,0,0,0,0,0,0,0,1,0
ccnb2,18,13,27,29,24,10,24,14,16,9,24,16
ccnb3,0,0,0,0,1,0,1,0,0,0,1,0
ccnc,681,743,831,572,765,750,631,655,599,766,618,673
ccnd1,518,733,685,1356,1704,1265,1225,692,757,552,881,461
ccnd2,297,326,297,293,462,315,361,296,435,256,427,319
ccnd3,377,497,390,425,545,504,413,342,405,284,368,357
ccndbp1,482,338,401,283,402,400,309,290,346,319,325,308
ccne1,9,26,36,53,68,55,53,15,74,10,65,10
ccne2,58,78,89,97,104,87,107,63,133,67,137,67
ccnf,445,499,265,360,345,498,273,324,288,279,240,254
ccng1,1910,1404,1926,1283,2122,1461,1464,1426,1566,2000,1447,1624
ccng2,477,302,461,220,334,255,292,220,282,276,467,343
ccnh,379,362,461,336,491,364,411,350,401,373,428,370
ccni,2102,1908,2561,1909,2607,2025,1878,1755,1926,1888,1792,2385
ccnj,68,68,71,64,94,100,54,57,55,50,70,58
ccnjl,7,5,2,1,4,2,3,2,1,1,3,3
ccnk,106,101,135,107,145,95,135,97,135,97,125,169
ccnl1,899,994,1082,699,923,789,1037,991,981,806,966,914
ccnl2,1499,1735,1942,1362,1768,1490,1616,1637,1969,1593,1930,1443
ccno,7,10,10,9,9,14,8,8,11,6,17,6
ccnt1,769,849,907,767,957,979,841,907,910,818,810,680
ccnt2,766,910,950,673,997,806,924,742,1057,619,975,717
ccny,1677,1808,1965,1514,2079,1779,1770,1567,1743,1744,1682,1497
ccnyl1,109,151,156,116,202,174,168,128,200,128,193,174
ccp110,131,159,145,164,192,221,195,142,160,141,140,144
ccpg1,1564,1471,1714,1376,1742,1686,1477,1158,1671,1234,1352,1220
ccr1,121,20,72,36,126,45,141,41,104,62,66,52
ccr10,5,2,7,2,7,13,5,5,5,3,4,5
ccr2,451,122,351,89,398,193,363,167,310,154,262,175
ccr3,27,11,34,6,41,15,42,11,29,7,21,24
ccr4,3,5,7,4,6,11,7,5,5,9,6,2
ccr5,417,208,343,141,450,265,407,187,385,180,281,285
ccr6,4,2,8,1,6,1,4,12,4,3,6,6
ccr7,5,15,17,6,19,8,23,19,15,14,12,13
ccr8,0,0,0,0,0,1,1,2,1,2,2,0
ccr9,30,30,34,31,31,49,39,37,45,29,51,26
ccrl2,55,46,94,45,116,65,67,42,75,35,68,68
ccs,2209,2598,2810,2215,2781,2570,2159,2010,1994,2118,2053,2126
ccsap,11,8,16,11,20,13,10,8,20,2,18,3
ccser1,6,15,8,11,10,12,10,7,23,3,20,10
ccser2,1265,1450,1735,1217,1744,1705,1419,1183,1538,1138,1244,1312
cct2,2157,2863,2813,2125,2826,2719,2289,1930,2202,2112,2104,1854
cct3,2129,3309,2661,1957,2414,2916,1954,2065,1635,2003,1754,1765
cct4,2637,2909,3120,2191,3471,2780,2622,2372,2778,2749,2663,2206
cct5,3304,4667,4217,3279,4061,4127,3437,3372,3420,3439,3109,2987
cct6b,12,18,26,9,22,14,15,21,13,11,15,14
cct7,1841,2693,2275,1867,2412,2433,1959,2012,1909,1892,1771,1757
cct8,3204,4426,3928,3266,3739,4207,3433,3548,3308,3933,3245,3224
ccz1,795,795,1032,750,1063,827,815,774,856,791,895,737
cd101,17,3,13,8,7,6,15,5,7,9,12,5
cd109,9,1,16,11,13,9,19,7,17,12,8,15
cd14,206,59,222,114,337,100,268,79,203,85,121,124
cd151,1225,1066,1267,863,1358,1049,1132,1031,1115,944,1051,1083
cd160,19,14,24,13,26,9,18,14,22,11,30,14
cd163,1025,1127,1072,772,1199,1087,695,911,443,660,630,765
cd163l1,0,6,2,5,2,0,2,1,0,0,1,4
cd164,5808,5977,6770,5515,6419,6547,4891,6165,5281,6024,4680,6746
cd164l2,1,0,2,1,0,1,0,0,1,1,2,1
cd177,79,0,6,2,9,7,9,2,5,2,6,2
cd180,82,43,118,53,131,47,109,67,113,66,90,93
cd19,27,11,43,9,57,13,38,52,36,36,28,46
cd2,20,12,15,10,23,12,16,33,22,23,13,26
cd200,50,50,57,42,99,42,84,38,90,46,98,78
cd200r1,103,46,109,36,120,46,96,42,99,51,95,57
cd207,299,169,168,93,196,194,152,43,209,70,134,59
cd22,92,55,121,52,154,61,91,124,106,55,76,85
cd226,37,22,25,22,33,34,23,39,27,31,38,37
cd244,45,10,33,23,47,15,45,17,28,15,39,26
cd247,11,10,15,27,28,24,8,31,20,24,28,39
cd248,23,21,31,26,57,24,50,17,31,11,28,26
cd27,12,16,17,18,17,21,18,20,19,12,20,17
cd274,92,53,99,54,128,85,126,78,116,79,81,83
cd276,54,54,84,50,82,68,62,34,101,29,70,29
cd28,10,11,18,11,18,12,20,17,24,16,31,24
cd2ap,1499,1191,1706,1203,1723,1594,1449,1201,1476,1191,1536,1256
cd2bp2,546,583,650,615,795,740,597,464,595,445,517,469
cd300a,378,184,372,175,492,215,342,192,355,178,311,235
cd300c,4,0,1,1,1,1,1,0,0,5,4,2
cd300e,122,48,97,57,113,73,62,51,53,39,48,43
cd300lb,144,37,160,32,177,75,163,51,152,46,122,99
cd300ld,505,310,484,220,643,331,411,256,410,230,357,255
cd300lf,99,53,74,51,91,70,85,39,85,47,71,48
cd300lg,338,364,345,284,420,334,309,281,346,242,337,282
cd302,8109,7032,7452,6156,8068,7329,7002,5300,6343,6104,6379,5537
cd320,83,92,110,91,107,134,84,77,112,103,90,69
cd33,111,57,57,50,96,63,103,64,107,67,81,92
cd34,293,184,375,231,403,295,413,194,397,162,355,337
cd36,2979,1140,3397,1234,3512,1565,2823,1440,2642,3295,2489,2388
cd37,88,31,87,45,89,41,83,63,78,44,59,64
cd38,755,508,696,410,951,492,607,387,559,326,551,372
cd3d,21,20,34,15,24,15,21,31,28,23,17,20
cd3e,3,5,5,0,8,6,4,16,7,7,4,13
cd3g,12,16,13,8,29,9,14,45,28,22,28,18
cd4,28,59,33,33,39,34,24,76,32,34,21,88
cd40,67,40,62,61,69,57,56,53,58,44,56,63
cd40lg,0,0,3,0,0,1,1,2,1,5,1,0
cd44,841,324,730,433,1050,435,711,379,714,355,569,515
cd46,160,191,172,163,177,159,184,138,237,199,191,145
cd47,1335,1147,1467,1136,1745,1133,1399,1077,1525,1066,1441,1569
cd48,221,83,233,93,289,95,155,150,253,95,162,116
cd5,5,3,8,2,17,5,7,14,12,7,1,12
cd52,383,143,374,166,486,165,265,283,336,176,257,213
cd53,783,349,778,329,970,450,697,451,661,427,551,486
cd55,943,701,1142,893,1471,747,952,724,860,638,892,563
cd5l,9530,3484,8552,3962,12313,3521,4886,4624,5916,3012,4252,3565
cd6,4,3,6,6,7,7,3,11,12,11,7,9
cd63,365,97,287,125,429,163,358,126,453,153,379,190
cd68,499,245,526,271,676,299,511,314,473,268,386,415
cd69,14,16,30,13,18,19,24,26,20,21,19,24
cd7,17,12,13,8,19,9,9,19,14,11,28,10
cd70,0,0,0,0,0,0,0,0,0,0,0,0
cd72,132,65,147,44,174,63,133,102,115,63,100,73
cd74,2060,1483,1623,868,2823,1247,2018,2063,2438,1234,2187,1751
cd79a,21,15,29,11,61,18,31,37,21,31,43,42
cd79b,54,42,73,35,129,30,67,80,70,70,76,97
cd80,16,11,22,10,20,8,15,21,17,7,13,19
cd81,4311,4215,5278,3287,4842,4164,3604,3846,3791,3939,3512,3866
cd82,1035,1107,1274,917,1484,1104,998,1087,1251,863,1054,1053
cd83,88,57,104,57,102,65,95,121,87,88,121,112
cd84,772,356,866,398,929,447,841,498,785,478,638,580
cd86,223,134,176,124,266,119,131,165,168,107,122,126
cd8a,30,13,30,10,34,24,31,45,38,31,47,24
cd9,680,280,716,415,694,504,609,378,617,205,450,436
cd93,603,284,552,273,693,409,500,240,472,254,477,349
cd96,7,7,8,3,9,6,6,9,11,8,18,11
cd99l2,670,752,827,622,828,707,696,687,732,740,633,724
cda,90,39,58,45,45,79,43,33,48,51,182,52
cdadc1,558,596,672,506,633,646,594,540,634,550,639,597
cdan1,184,213,228,192,246,245,237,150,216,162,210,200
cdc123,820,1016,1019,806,1027,1015,833,811,813,883,815,797
cdc14a,87,49,89,52,93,50,67,46,68,54,91,60
cdc14b,757,880,1139,671,778,675,817,808,1076,970,865,1087
cdc16,651,630,756,592,673,664,632,531,585,542,580,594
cdc20,18,17,29,45,42,19,15,21,28,7,32,29
cdc20b,0,0,0,0,0,0,0,0,0,0,0,0
cdc23,309,279,397,285,404,374,325,247,308,270,323,283
cdc25a,92,77,101,117,132,136,111,103,145,74,150,72
cdc25b,51,32,46,18,59,34,43,26,65,19,48,26
cdc25c,2,4,10,4,8,7,9,4,8,3,3,4
cdc26,519,552,608,474,590,612,534,539,527,531,504,559
cdc27,1045,1049,1181,985,1141,1225,1028,1058,1036,1043,899,1022
cdc34,806,969,824,843,946,1023,697,788,729,738,669,727
cdc37,1002,1150,1272,957,1317,1210,1067,1027,1053,952,997,945
cdc37l1,630,871,827,865,749,1041,712,829,716,781,632,696
cdc40,525,661,676,537,662,635,574,553,664,616,562,543
cdc42,3999,3630,4801,2923,4982,3794,3658,3496,3686,3626,3491,3450
cdc42bpa,766,827,916,878,914,994,826,731,888,815,802,872
cdc42bpb,1206,1275,1278,1149,1477,1239,1373,968,1417,850,1253,1248
cdc42bpg,203,211,229,227,302,243,284,189,342,162,264,193
cdc42ep1,425,398,506,364,592,450,494,368,563,292,378,381
cdc42ep2,87,76,84,76,158,82,99,81,108,66,100,66
cdc42ep3,68,39,74,24,105,49,67,40,75,43,86,61
cdc42ep4,819,1146,786,859,1367,976,786,1030,1052,912,754,861
cdc42ep5,47,16,50,20,57,32,42,30,52,24,65,40
cdc42se1,461,350,551,393,667,463,450,361,509,306,416,302
cdc42se2,436,315,477,325,564,390,432,338,421,331,603,349
cdc45,15,23,31,27,31,32,21,29,25,26,19,21
cdc5l,687,740,825,636,870,814,638,662,730,690,680,668
cdc6,12,7,17,10,18,12,5,12,7,4,19,12
cdc7,13,5,11,11,17,15,7,16,9,9,17,10
cdc73,419,360,397,351,524,410,423,351,529,385,397,495
cdca2,18,12,41,29,37,25,22,18,26,17,24,18
cdca3,28,48,42,41,37,37,26,39,42,24,30,36
cdca4,109,75,150,96,143,84,112,95,117,75,99,93
cdca5,9,3,5,10,16,6,7,8,6,3,9,5
cdca7,33,45,47,35,50,76,37,39,42,35,64,37
cdca7l,19,5,26,11,28,12,28,18,28,9,20,7
cdca8,30,31,47,30,58,32,35,14,37,15,45,31
cdcp1,169,120,145,74,87,136,93,106,87,73,88,131
cdcp2,0,0,0,0,0,0,0,0,0,0,0,0
cdh1,943,800,1292,534,801,776,787,482,869,239,1078,736
cdh10,26,30,20,14,18,22,26,20,16,15,19,26
cdh11,68,55,135,61,145,78,172,84,153,118,122,191
cdh12,0,1,0,0,0,0,0,0,0,0,0,1
cdh13,58,92,99,80,158,84,119,57,116,67,111,89
cdh15,2,2,13,3,4,4,3,4,1,3,1,6
cdh16,0,1,0,2,0,1,1,7,0,8,0,0
cdh17,13,5,13,97,9,14,16,9,15,4,1805,9
cdh18,26,18,33,27,48,11,42,90,63,91,31,86
cdh19,12,6,9,15,26,7,21,15,12,24,15,12
cdh2,1956,2295,2409,1888,2306,2057,2000,2168,2040,2147,1821,2513
cdh20,4,4,6,1,3,6,2,4,6,1,4,2
cdh22,0,0,1,2,0,0,0,0,0,0,1,0
cdh23,13,2,10,4,8,8,10,2,12,3,11,13
cdh24,1,3,4,4,4,2,4,2,3,3,7,2
cdh26,0,2,1,0,1,0,0,0,0,0,1,0
cdh3,41,30,51,27,64,37,78,26,61,30,36,51
cdh4,19,20,29,17,27,32,17,13,16,12,19,16
cdh5,1072,739,1011,690,1431,845,783,662,814,547,756,771
cdh6,0,5,5,2,4,4,3,0,5,1,7,1
cdh7,4,1,6,3,3,3,3,7,6,4,2,1
cdh8,0,0,0,0,1,0,0,0,1,1,0,2
cdh9,0,2,0,1,0,0,0,0,0,2,4,4
cdhr1,0,0,2,0,4,0,3,1,0,1,3,3
cdhr2,10,5,11,50,14,6,13,1,19,2,1879,1
cdhr3,0,0,0,0,0,0,0,0,0,0,0,0
cdhr4,1,1,2,1,1,1,3,0,0,0,1,1
cdhr5,1059,1020,1154,894,1333,1094,1162,1008,1108,796,1372,951
cdip1,1152,2036,1186,1767,1313,1620,1143,1259,1361,988,1180,958
cdipt,708,745,797,680,851,810,739,627,742,587,620,567
cdk1,73,38,125,56,152,34,107,49,141,41,130,39
cdk10,309,319,364,292,391,355,353,324,353,239,309,280
cdk11b,487,502,504,393,498,579,383,380,353,357,472,358
cdk12,593,670,818,638,674,741,628,652,752,561,601,693
cdk13,937,843,1059,1020,1140,941,965,923,1027,897,923,998
cdk14,216,134,191,141,210,157,227,143,210,134,183,183
cdk15,14,26,26,24,14,24,20,30,27,28,14,20
cdk16,331,328,366,352,402,418,357,288,395,223,375,259
cdk17,597,679,656,507,814,511,596,563,666,595,620,685
cdk18,274,437,389,338,484,367,452,301,491,239,452,325
cdk19,245,251,356,236,360,236,283,235,354,220,313,247
cdk2,141,186,251,214,231,245,222,211,254,187,216,186
cdk20,95,72,74,69,102,95,72,61,71,75,56,75
cdk2ap1,427,539,566,421,546,557,472,394,436,345,423,402
cdk2ap2,854,652,694,584,754,927,573,573,574,469,490,469
cdk4,726,763,922,797,1041,981,937,624,945,617,746,578
cdk5,274,302,417,257,376,267,304,266,296,253,314,267
cdk5r1,5,10,14,5,13,8,16,10,24,6,6,11
cdk5r2,0,0,0,0,0,0,0,0,0,0,0,0
cdk5rap1,199,227,424,199,412,204,183,375,258,404,351,198
cdk5rap2,252,205,303,203,256,196,190,163,203,206,221,224
cdk5rap3,1227,1235,1275,911,1323,1318,1037,1121,893,987,921,1093
cdk6,622,728,746,763,1110,840,814,625,992,576,689,765
cdk7,535,570,643,520,749,765,594,436,522,508,510,494
cdk8,624,725,876,706,889,770,738,672,884,699,834,664
cdk9,355,326,403,311,463,357,338,333,442,327,325,403
cdkal1,349,404,281,334,358,350,353,313,354,328,306,318
cdkl1,4,18,10,8,15,15,6,7,10,7,8,13
cdkl2,151,187,184,136,175,152,142,129,140,147,120,124
cdkl3,17,15,30,12,19,17,15,9,12,12,21,16
cdkl4,6,5,9,11,7,5,4,3,10,5,6,9
cdkl5,221,300,315,226,334,305,295,254,259,213,243,245
cdkn1a,108,19,50,23,80,26,37,18,27,29,61,39
cdkn1b,732,573,789,482,765,662,609,495,651,497,640,523
cdkn1c,53,37,41,36,82,37,64,21,70,32,64,22
cdkn2a,10,4,18,2,11,2,4,12,8,8,7,11
cdkn2aip,378,406,400,335,438,405,317,357,367,353,367,358
cdkn2b,6,5,11,7,9,3,8,10,7,6,29,10
cdkn2c,262,65,376,121,346,117,289,43,331,49,272,58
cdkn2d,70,66,82,54,76,57,56,30,78,41,71,43
cdkn3,11,5,8,12,7,4,5,6,12,5,11,7
cdnf,23,32,23,22,25,31,32,24,26,26,21,34
cdo1,34902,20513,36702,24039,31569,25789,20799,34201,27955,37392,22305,30100
cdon,117,76,129,88,133,123,160,69,147,88,147,148
cdpf1,123,104,130,63,85,126,83,89,106,74,95,89
cdr1,0,0,0,0,0,1,0,0,1,0,1,0
cdr2,124,42,61,75,63,41,62,60,67,48,264,44
cdr2l,55,62,76,68,102,61,90,58,71,41,60,59
cdrt4,0,0,0,0,0,0,0,0,0,0,0,0
cds1,15,14,22,25,23,7,14,12,28,8,164,13
cds2,2362,2477,2765,2043,3444,2742,2563,2047,2890,1793,2480,2198
cdsn,0,0,1,0,0,0,0,0,0,2,2,2
cdt1,31,65,49,56,50,56,50,22,59,34,57,46
cdv3,3055,3423,3610,3399,4348,3820,3210,3001,3522,3101,3293,2370
cdx1,0,0,0,1,0,0,0,0,0,0,20,0
cdx2,1,0,0,0,0,0,0,0,0,0,26,0
cdx4,0,0,0,0,0,0,0,0,0,0,0,0
cdyl,158,139,146,108,186,117,149,116,173,103,157,149
cdyl2,55,83,75,76,77,81,76,82,64,60,65,78
ceacam1,1958,2058,2420,1864,2076,2098,1775,1855,2090,1880,1728,2145
ceacam16,0,0,3,0,0,0,2,2,0,1,1,0
ceacam18,6,4,5,8,9,4,6,7,7,3,125,3
ceacam19,8,4,9,5,12,4,6,7,5,6,10,12
ceacam3,6,3,10,3,1,12,1,5,2,4,5,5
ceacam5,0,0,0,0,0,0,0,0,0,0,0,0
cebpa,6279,6665,8240,6172,8423,6931,7670,6792,7311,6343,5601,7283
cebpb,1269,1511,910,1332,1321,885,949,973,1131,793,1159,673
cebpd,215,231,160,267,216,228,203,176,216,117,240,109
cebpe,112,180,120,176,121,164,124,117,146,116,131,123
cebpg,1392,1434,1594,1401,1806,1712,1592,1389,1548,1348,1389,1150
cebpz,954,1236,1324,1067,1304,1560,1110,1066,1054,1196,908,977
cecr2,408,502,536,367,363,491,385,355,574,400,427,461
cel,604,26209,919,35437,2087,27150,12644,12503,84757,1,2041,3359
cela1,826,26947,1311,38600,2238,29987,13315,13317,81407,656,2518,3697
cela2a,762,35916,1283,50136,2549,34933,17091,15664,105967,10,2877,4165
cela3a,0,7,0,8,0,5,3,1,50,0,0,0
cela3b,245,11900,419,16781,907,12887,6022,4984,34885,1,924,1369
celf1,1726,2351,2285,2044,2522,2473,2078,2028,2055,1828,1891,1921
celf2,310,305,299,336,400,303,334,344,320,336,277,400
celf3,7,7,9,3,7,6,9,5,9,3,11,10
celf4,11,11,20,14,16,12,22,12,24,16,22,13
celf5,1,3,6,3,1,5,1,2,3,1,7,3
celf6,3,8,1,2,4,10,9,3,2,3,3,2
celsr1,338,369,229,211,282,227,244,283,313,210,224,304
celsr2,8,17,6,10,9,15,19,8,56,1,8,10
celsr3,9,5,8,0,14,4,6,4,3,2,21,1
cemip,7,3,4,7,3,2,4,7,8,3,10,2
cend1,0,1,1,4,1,3,0,0,1,2,3,0
cenpa,78,72,133,92,126,72,107,77,106,61,112,82
cenpb,1423,1526,1753,1395,1997,1537,1623,1359,1444,1152,1389,1321
cenpe,38,14,91,32,66,26,47,48,37,16,71,28
cenpf,51,52,88,85,93,46,60,41,59,35,84,46
cenph,16,9,16,9,13,15,12,14,10,5,8,12
cenpi,24,24,41,24,40,35,28,31,40,17,41,27
cenpk,26,17,33,17,26,15,17,16,15,14,18,19
cenpl,118,162,179,160,125,136,156,111,185,123,167,140
cenpm,58,25,27,19,34,22,20,16,20,19,20,23
cenpn,9,16,20,9,19,13,11,13,8,5,11,12
cenpo,86,106,126,113,150,130,94,104,94,97,102,101
cenpp,10,17,21,13,24,15,14,18,26,18,23,19
cenpq,105,114,134,88,97,95,77,82,102,93,108,73
cenpt,30,27,39,29,32,21,28,22,18,19,28,21
cenpu,8,13,18,15,6,7,18,8,27,10,9,15
cenpv,208,301,274,262,314,261,265,217,263,245,275,221
cenpw,43,42,63,41,58,40,37,23,38,26,45,16
cep104,108,155,134,136,179,138,171,126,192,119,165,160
cep112,23,11,21,6,24,9,16,8,25,10,20,17
cep120,376,360,408,337,455,392,329,357,361,325,394,330
cep126,5,3,4,5,6,3,6,5,10,7,4,4
cep128,66,58,67,62,62,64,70,62,76,54,89,77
cep131,49,54,100,64,67,92,56,59,83,26,59,57
cep135,159,203,208,174,182,211,168,134,153,145,175,172
cep152,82,106,105,107,116,122,113,88,151,75,110,75
cep162,266,332,512,342,370,408,287,382,358,396,296,276
cep164,210,255,238,221,281,289,210,183,243,167,199,207
cep170,402,276,501,293,531,370,514,359,468,347,379,381
cep170b,408,395,421,438,550,552,410,365,538,310,380,560
cep19,109,127,170,107,146,143,131,121,107,119,129,127
cep192,200,131,297,185,314,189,250,182,245,160,217,187
cep250,251,226,306,212,341,249,292,242,306,183,295,258
cep290,194,244,249,170,237,259,191,155,192,158,179,142
cep295,202,204,262,200,255,251,244,180,252,174,233,245
cep350,1376,1428,1553,1406,1730,1464,1498,1296,1573,1192,1474,1445
cep41,68,62,67,32,60,43,46,51,33,45,58,71
cep44,229,238,231,167,204,234,200,198,182,205,193,216
cep55,6,3,23,9,28,6,13,7,12,4,15,8
cep57,303,354,450,341,386,375,322,326,395,330,364,339
cep57l1,141,142,180,111,152,145,132,107,156,120,138,111
cep63,242,266,304,245,293,292,256,227,232,268,234,254
cep68,293,423,443,343,511,356,450,356,506,328,403,360
cep70,90,111,127,88,136,107,114,68,134,98,104,106
cep72,21,27,21,14,29,20,31,16,29,21,21,14
cep76,134,152,194,174,202,219,165,117,149,121,139,124
cep78,64,58,67,37,80,68,54,40,62,56,58,50
cep83,252,240,320,228,294,289,262,223,277,249,234,228
cep85,2216,4143,2623,3253,3292,3586,2950,2080,2438,1393,2431,1470
cep85l,530,769,372,743,691,546,455,586,633,463,476,555
cep89,120,126,149,137,154,148,120,116,131,98,140,110
cep95,138,145,198,103,173,161,160,153,190,137,176,121
cep97,104,141,131,139,140,173,130,126,125,114,130,109
cept1,1889,1615,2236,1615,2085,1819,1875,1889,1934,2426,1639,1663
cer1,2,1,3,1,1,2,3,0,3,0,6,3
cercam,22,11,26,20,33,18,41,9,35,9,33,25
cerk,265,126,274,143,372,164,252,179,248,130,216,176
cerkl,35,31,31,50,16,42,31,23,17,40,21,30
cers2,4635,5522,6376,3826,6522,5105,4983,4920,4879,4662,4534,5058
cers3,1,0,4,1,0,2,0,0,1,0,0,2
cers4,107,119,121,109,151,134,135,108,164,82,148,103
cers5,88,73,130,89,184,88,139,87,108,73,121,84
cers6,603,350,522,477,867,459,781,333,644,362,721,374
ces4a,11,77,29,50,13,71,29,39,13,22,15,35
ces5a,5,6,0,4,3,0,0,0,0,0,0,3
cetn1,0,0,0,0,0,0,0,0,0,0,0,0
cetn2,368,373,404,278,431,401,336,358,340,422,341,337
cetn3,629,677,744,560,792,665,675,558,726,653,735,511
cfap100,6,29,19,12,11,16,24,6,14,1,18,9
cfap126,27,33,35,12,34,28,30,18,19,32,21,22
cfap157,2,1,2,2,2,2,2,1,2,2,4,3
cfap161,0,0,0,0,0,0,0,0,1,0,1,0
cfap20,349,467,573,398,552,459,451,449,531,419,470,416
cfap206,0,0,0,0,0,0,0,0,0,0,0,0
cfap221,0,0,0,0,0,0,0,0,0,0,0,0
cfap36,368,410,448,285,428,394,342,314,299,430,352,384
cfap43,48,54,39,59,84,47,51,52,83,37,68,47
cfap44,10,5,3,1,2,4,5,1,8,0,5,3
cfap45,49,45,56,38,45,50,45,48,49,37,46,37
cfap46,2,2,3,1,1,0,1,1,1,1,2,0
cfap52,1,0,2,1,1,1,3,0,1,0,1,2
cfap53,62,36,66,27,27,37,68,59,59,31,89,23
cfap57,1,2,0,0,0,0,0,0,1,0,1,0
cfap58,0,0,0,0,0,0,0,0,0,0,0,0
cfap61,16,6,7,9,9,17,17,16,20,11,9,10
cfap69,50,7,33,8,29,19,29,5,43,3,31,5
cfap70,0,2,1,1,0,0,7,0,0,1,3,0
cfap73,0,0,0,1,0,0,0,0,0,0,0,0
cfap74,38,36,27,22,32,13,8,21,28,16,38,17
cfap77,6,3,4,3,3,2,4,2,3,3,3,2
cfap97,390,485,558,439,531,555,466,415,409,471,401,474
cfb,35108,30064,41799,26334,38882,33025,32838,30442,29498,28047,24858,25126
cfc1,0,0,0,0,0,0,0,0,0,0,0,0
cfd,0,66,17,78,106,51,34,105,26,153,15,80
cfdp1,905,1031,1153,803,1018,1037,893,934,815,1061,869,813
cfh,71615,36993,52837,35762,45764,49954,48791,36277,42726,40142,46475,35955
cfhr1,3885,4942,4650,4474,4351,4620,4046,3990,4213,4437,3893,3994
cfhr2,18675,20730,22825,17123,19303,20872,18314,18055,18339,19873,19107,18569
cfhr3,175,229,212,236,230,230,152,195,185,244,146,230
cfi,18462,16502,19688,14274,17261,18299,17752,14342,15581,15629,15333,13583
cfl1,2924,2615,3151,2145,3247,2703,2444,2469,2509,2239,2319,2453
cfl2,1230,1194,1518,939,1540,1265,1176,1093,1241,1125,1168,1098
cflar,2604,3066,3076,3031,4029,3901,2862,2898,3199,2782,2748,2418
cfp,1336,779,1310,884,1736,722,900,845,995,529,655,646
cftr,0,5,1,11,7,2,3,3,2,3,349,6
cga,0,0,0,0,0,0,0,0,1,0,0,0
cggbp1,1331,1342,1507,1162,1855,1356,1344,1203,1360,1234,1293,1232
cgn,495,636,558,397,341,587,389,421,370,391,394,476
cgnl1,2081,2255,2501,2226,2553,2529,2213,1924,2337,1841,1943,1688
cgref1,27,31,36,35,25,82,29,36,42,28,275,19
cgrrf1,607,790,728,567,849,715,731,624,720,680,647,605
ch25h,0,2,7,4,2,9,10,2,4,2,4,5
chac1,145,74,144,109,50,76,125,66,67,38,63,89
chac2,569,788,663,555,694,607,616,654,688,731,641,686
chad,14,24,29,8,16,37,17,32,12,19,17,27
chadl,11,2,11,3,7,15,6,5,16,7,5,6
chaf1a,24,27,25,28,34,27,22,24,20,21,19,12
chaf1b,48,58,64,55,72,64,60,52,72,27,71,39
champ1,173,194,259,191,220,253,183,175,173,146,182,174
chat,0,2,0,2,1,1,2,2,2,0,2,0
chchd1,718,793,943,661,897,790,678,689,796,778,790,784
chchd10,4347,6793,4971,5372,6559,5870,4747,4838,4933,5177,4599,4698
chchd2,8369,10048,9773,8297,10633,9389,8594,9121,8511,9589,8465,9107
chchd3,1971,2302,2619,2009,2521,2339,2031,2024,2158,2192,2174,1879
chchd4,224,294,310,301,406,392,334,234,350,265,295,213
chchd5,216,239,299,230,299,234,253,184,234,195,216,176
chchd6,43,42,52,34,47,44,33,49,35,43,36,40
chchd7,232,348,313,268,358,264,251,202,295,193,281,208
chd1,1464,1894,1719,1688,2200,1825,1844,1679,2113,1691,2037,1460
chd1l,241,286,246,222,316,296,203,209,206,222,232,190
chd2,1204,1344,1661,1108,1504,1353,1309,1314,1610,1222,1510,1208
chd3,1571,2031,1666,1674,1919,2242,1697,1707,1932,1488,1826,1457
chd4,2646,2595,2919,2498,2719,2944,2506,1987,2615,1828,2219,2419
chd5,1,1,1,2,5,1,1,0,9,1,4,1
chd6,530,532,643,491,562,600,543,536,662,490,566,587
chd7,391,682,498,499,629,549,622,470,657,306,598,437
chd8,797,883,1036,873,1094,1076,955,783,1056,741,946,1028
chd9,5563,7421,5939,7117,7131,7667,6154,4214,6610,2804,5761,4001
chdh,3086,3385,3410,3227,3860,3714,3222,3175,3589,2945,3023,3335
chek1,8,30,16,21,21,19,13,22,21,15,14,23
chek2,71,93,99,91,98,88,69,80,87,40,80,64
cherp,130,140,124,158,165,156,160,123,172,107,159,205
chfr,442,422,579,431,572,498,506,423,489,399,466,418
chga,0,5,1,1,4,2,1,0,16,2,35,1
chgb,1,3,0,4,0,1,1,1,3,1,198,0
chic1,119,280,134,184,131,335,118,219,115,193,101,250
chic2,413,402,467,366,552,427,432,344,467,328,521,358
chid1,1012,1229,1255,835,1013,1038,763,800,792,745,821,780
chit1,0,0,0,0,0,1,0,0,0,0,0,1
chka,912,355,494,300,326,489,348,389,410,413,347,491
chkb,487,450,467,411,395,483,356,415,388,433,398,456
chl1,28,23,65,76,109,34,248,22,85,50,53,85
chm,756,741,947,695,869,825,737,725,687,805,668,756
chml,142,122,170,86,211,151,152,97,149,131,238,114
chmp1a,1215,1352,1478,1288,1632,1457,1280,1144,1237,1071,1185,1174
chmp1b,744,669,798,678,835,863,645,581,615,670,641,644
chmp2a,1577,1689,1980,1430,2046,1750,1652,1566,1593,1572,1534,1450
chmp2b,642,561,720,422,706,610,597,463,567,514,634,552
chmp3,1595,1714,1902,1462,1899,1785,1633,1654,1747,1761,1583,1452
chmp4b,1044,995,1101,937,1257,1091,975,822,906,875,890,892
chmp4c,105,96,103,89,186,137,135,102,185,86,442,77
chmp5,1597,1542,1829,1242,1727,1503,1482,1484,1347,1581,1465,1326
chmp6,314,310,341,278,383,295,313,247,292,237,275,250
chmp7,723,732,942,946,1043,1055,780,754,785,632,749,682
chn1,1,3,2,3,6,1,1,5,0,5,5,5
chn2,552,945,842,830,1006,794,771,710,835,686,919,670
chodl,1,0,1,0,0,0,1,0,0,0,11,0
chordc1,985,950,876,715,1074,1208,836,928,754,905,690,675
chp1,3965,6706,5182,6149,6260,6644,5369,4617,4701,5203,4642,4250
chp2,143,111,124,102,127,104,92,128,86,78,341,114
chpf,57,43,56,48,77,35,70,37,57,44,54,54
chpf2,500,470,545,590,507,672,513,433,532,380,340,478
chpt1,4767,4790,5465,4244,5391,4978,4624,4680,4772,6277,4642,5102
chrac1,336,281,395,325,416,285,307,271,358,311,333,314
chrd,105,95,121,96,139,141,121,84,112,68,89,85
chrdl1,16,18,18,24,18,16,18,19,30,25,18,45
chrdl2,6,4,1,3,3,4,2,1,7,0,3,2
chrm1,8,14,23,9,16,27,10,11,21,7,11,16
chrm2,1,4,2,5,4,2,0,2,1,2,12,3
chrm3,162,45,151,35,40,68,58,48,70,36,57,66
chrm4,0,0,1,0,0,0,0,1,0,0,1,0
chrm5,0,0,0,0,0,0,0,0,0,0,0,0
chrna1,9,15,7,4,6,12,5,11,8,3,15,13
chrna10,0,0,0,0,0,0,0,0,0,0,0,1
chrna2,48,81,89,86,63,82,75,52,51,52,70,66
chrna3,0,0,1,0,1,0,1,0,0,0,1,0
chrna4,109,95,60,35,85,81,23,203,59,87,56,157
chrna5,6,7,14,10,4,11,9,12,15,10,6,12
chrna6,0,0,0,0,0,0,0,0,0,0,0,0
chrna7,1,0,1,1,0,4,1,1,0,2,0,1
chrna9,0,0,0,0,0,0,0,3,0,3,0,0
chrnb1,11,13,12,11,15,11,19,14,21,9,11,15
chrnb2,33,35,53,42,61,45,50,44,78,37,71,56
chrnb3,11,9,7,15,10,24,10,5,11,5,14,10
chrnb4,5,6,6,3,5,6,1,5,3,6,5,2
chrnd,4,5,3,3,1,4,4,3,5,5,1,4
chrne,1,4,1,1,1,3,7,3,3,2,2,5
chrng,2,2,3,3,3,2,1,2,1,1,2,3
chst1,3,4,4,3,6,2,7,5,2,5,4,4
chst10,19,20,18,6,8,18,5,16,16,18,13,15
chst11,47,7,60,20,80,28,78,18,61,34,45,35
chst12,35,14,25,14,36,22,26,10,23,11,20,26
chst13,107,144,127,109,180,167,120,112,128,119,72,121
chst14,52,31,40,34,60,33,48,32,43,28,41,37
chst15,537,375,528,362,649,370,514,291,486,293,514,325
chst2,90,157,79,200,130,197,150,86,434,60,99,75
chst3,14,24,55,35,46,17,68,43,33,22,27,37
chst4,21,18,17,12,24,7,18,5,22,9,42,16
chst5,0,0,0,0,0,0,0,0,0,0,0,0
chst7,37,36,49,21,55,29,28,16,32,28,26,22
chst8,4,0,0,1,5,1,1,1,4,0,1,0
chst9,2,2,0,2,3,0,3,0,1,4,4,0
chsy1,181,158,161,124,247,142,156,110,154,103,165,130
chsy3,96,100,88,78,93,96,115,75,110,52,67,86
chtf18,3,3,5,8,13,10,7,6,7,2,7,4
chtf8,962,1010,1079,908,1189,1137,858,852,926,860,880,889
chtop,1179,1228,1459,1081,1407,1316,1145,1204,1069,1115,1096,1083
chuk,3275,3805,4302,3659,4413,4252,4007,3723,4205,4520,3843,3865
churc1,649,733,764,603,765,687,556,623,619,595,619,596
ciao1,974,1150,1234,1019,1210,1179,1057,922,1012,877,958,914
ciapin1,438,508,566,463,681,600,488,462,599,443,482,423
ciart,31,233,154,374,512,295,346,143,579,57,341,42
cib1,745,911,881,701,869,962,769,700,741,621,722,651
cib2,47,122,61,82,65,130,49,118,76,127,40,111
cib3,133,55,240,35,167,104,61,105,101,35,158,101
cib4,0,0,0,0,0,0,0,0,0,0,0,0
cic,317,271,274,235,366,282,313,230,363,170,242,315
cidea,0,1,0,3,24,0,3,1,0,32,0,6
cideb,2315,2928,3066,2277,2811,2729,2185,2550,2279,2384,2250,2643
cidec,37,78,54,80,87,79,57,80,47,143,123,40
ciita,96,44,81,40,119,53,99,101,112,37,104,87
cilp,29,14,24,24,17,29,22,11,33,10,41,49
cilp2,0,1,2,1,0,3,0,1,1,0,0,2
cinp,218,246,281,219,256,280,225,175,221,206,191,167
cipc,474,729,570,599,766,863,621,524,616,559,565,505
cirbp,310,239,391,316,278,239,302,258,313,238,307,334
cisd1,2695,2996,3926,2516,3718,2630,2906,2534,3185,2868,2887,2727
cisd2,712,857,882,678,940,889,751,573,778,562,750,539
cisd3,538,759,704,530,747,597,581,510,586,560,647,519
cish,93,54,632,143,60,116,591,384,81,110,187,431
cit,24,18,37,17,30,23,33,21,32,14,30,36
cited1,0,1,0,1,0,0,0,1,0,0,0,1
cited2,271,193,259,160,242,249,168,203,184,159,155,251
cited4,4,5,4,7,8,4,4,1,7,2,6,2
ciz1,293,257,312,241,305,263,277,211,317,202,246,240
ckap2,14,15,31,39,31,12,14,14,24,8,36,17
ckap2l,11,17,36,25,33,12,14,13,16,9,19,15
ckap4,112,69,91,53,163,61,98,54,107,49,80,74
ckap5,775,709,1016,627,886,727,719,685,711,734,743,645
ckb,253,134,223,121,331,145,142,110,172,92,424,176
cklf,32,18,24,16,30,22,32,21,29,19,19,21
ckm,17,12,96,5,0,25,3,6,11,1,12,870
ckmt2,3,2,38,1,0,5,1,0,0,0,1,345
cks1b,79,78,83,119,115,155,79,83,85,106,68,78
cks2,390,403,412,341,409,383,336,321,307,347,347,325
clasp1,472,522,624,510,626,624,556,436,554,392,530,463
clasp2,489,482,662,418,652,458,493,401,587,379,478,523
clasrp,111,120,128,120,132,145,119,108,155,84,130,115
clca1,0,0,1,107,2,0,0,0,0,0,1946,1
clca2,0,1,0,0,0,0,0,0,1,1,2,3
clcc1,1187,1317,1513,1043,1354,1313,1182,1159,1303,1226,1191,1122
clcf1,18,5,16,5,12,14,22,10,25,9,17,17
clcn1,0,0,2,0,0,1,1,0,1,0,1,9
clcn2,681,971,890,730,1238,850,1081,805,1004,686,1014,718
clcn3,1404,1527,1718,1429,1766,1811,1492,1356,1655,1489,1609,1437
clcn4,1590,1730,2026,1443,1996,1933,1712,1686,1703,1667,1606,1536
clcn5,248,256,250,226,307,266,284,180,276,158,312,215
clcn6,62,56,63,60,93,92,75,101,86,64,50,89
clcn7,796,864,1060,747,1117,929,894,761,899,644,676,740
clcnka,0,0,0,0,0,0,0,0,0,0,0,0
clcnkb,0,0,0,0,0,0,1,1,2,1,0,0
cldn1,2091,1328,2423,963,783,1471,918,1471,826,1403,731,2105
cldn10,5,9,10,30,17,17,28,11,48,14,9,15
cldn11,3,0,1,2,0,0,0,0,2,0,2,1
cldn12,1826,2408,2642,1880,2583,2456,2170,2000,2330,2121,2067,2018
cldn14,114,163,164,115,103,168,98,131,97,88,71,120
cldn15,36,45,53,52,66,52,55,36,76,39,380,75
cldn16,0,0,0,0,0,0,0,0,0,0,0,0
cldn17,0,0,0,0,0,0,0,0,0,0,0,0
cldn18,1,1,0,0,1,1,0,10,1,2,0,11
cldn19,0,1,1,0,0,0,0,0,0,0,0,1
cldn2,1015,1611,1157,1494,1035,2208,933,1597,777,1790,669,1806
cldn20,2,4,6,2,3,5,4,6,13,7,4,3
cldn22,0,0,2,1,0,2,0,2,3,3,4,3
cldn23,2,2,1,0,3,2,1,0,0,1,13,0
cldn24,0,0,0,0,0,0,1,0,0,0,0,0
cldn3,1060,1103,1138,910,1284,1211,964,1067,1003,793,852,1128
cldn4,2,0,5,2,2,4,3,1,1,0,48,2
cldn5,138,164,145,118,231,161,183,119,152,125,134,148
cldn6,1,1,2,1,0,3,1,0,2,2,3,1
cldn7,11,8,6,18,10,6,5,5,19,5,187,5
cldn8,16,8,4,6,15,12,12,6,30,5,10,9
cldn9,0,2,0,8,0,1,0,1,9,0,0,0
cldnd1,187,195,217,185,232,256,201,183,215,194,249,198
cldnd2,0,0,1,2,1,0,0,0,0,0,2,1
clec10a,28,18,41,35,53,21,65,30,31,32,32,43
clec11a,58,46,68,40,97,53,50,57,78,39,55,51
clec12a,496,217,513,217,607,204,390,289,504,205,369,297
clec12b,1,2,1,2,1,2,2,0,3,1,1,0
clec14a,1264,770,1026,598,1122,666,753,504,699,506,682,604
clec16a,377,445,422,399,430,460,387,345,407,312,301,398
clec1a,201,135,162,150,241,110,128,103,145,89,155,87
clec1b,583,363,540,392,724,332,446,367,530,318,490,381
clec2d,9534,7219,11753,6651,10775,6850,10187,10940,9136,11664,9460,9755
clec2l,0,0,0,0,0,0,0,0,1,0,0,0
clec3a,0,0,0,0,0,0,0,0,0,0,0,0
clec3b,5,4,5,13,11,4,16,2,10,4,4,21
clec4d,74,26,124,21,159,65,149,24,121,36,66,69
clec4e,106,28,169,42,340,57,234,25,198,22,106,74
clec4f,3795,3996,3039,3039,3738,3608,2831,3274,2625,2675,2710,2823
clec4g,1705,1860,1887,1444,2353,1793,1599,1394,1711,1328,1612,1321
clec5a,37,6,26,12,40,19,48,14,26,21,21,21
clec7a,906,203,898,226,1104,302,886,432,960,375,885,357
clec9a,95,51,70,49,106,57,69,56,84,46,79,66
clgn,0,0,0,2,0,0,0,0,0,0,0,0
clhc1,0,1,1,1,1,4,1,2,3,0,1,1
clic1,652,416,703,411,906,468,633,384,624,352,631,435
clic3,38,22,20,9,19,28,17,7,26,10,16,23
clic4,1839,1580,1753,1434,2312,1819,1569,1506,1639,1361,1501,1505
clic5,48,168,62,80,106,98,47,79,53,72,348,139
clic6,2,3,1,5,5,4,5,5,25,0,28,6
clint1,974,867,1038,978,1171,1141,859,861,861,942,939,1024
clip1,951,1121,1044,1031,1311,1221,1101,906,1088,802,1055,852
clip2,137,62,103,56,136,80,92,63,103,47,132,81
clip3,14,11,15,11,25,15,27,4,17,6,25,13
clip4,9,9,18,15,19,7,10,7,10,10,9,31
clk1,2098,1763,2397,1561,2098,1727,1972,2013,1841,2297,2103,2001
clk2,218,249,270,206,212,269,226,200,241,178,230,148
clk3,455,473,489,350,528,456,447,439,542,383,414,453
clk4,801,902,1116,871,951,974,1026,908,972,1034,979,883
clmn,1151,2248,1995,1996,2597,2148,2419,1409,3223,1304,2483,1872
clmp,79,12,45,26,85,35,80,33,51,32,66,47
cln3,199,181,223,158,252,196,190,153,234,148,189,168
cln5,880,813,907,683,968,908,811,642,877,726,726,698
cln6,57,45,66,58,91,75,56,43,114,37,73,34
cln8,867,839,764,858,1069,906,734,724,908,652,854,745
clnk,3,1,2,4,1,0,2,4,0,1,8,1
clns1a,575,675,726,580,746,727,545,570,590,539,538,526
clock,1958,1422,2050,1317,1163,1718,1025,1656,928,1849,989,2025
clp1,311,404,383,387,426,532,380,353,396,342,309,300
clpb,579,790,818,691,903,823,710,675,721,639,588,728
clpp,585,884,824,630,788,767,602,632,612,585,530,649
clps,110,5806,158,7498,354,5449,2531,2922,16165,0,417,676
clpsl2,0,0,0,0,0,0,0,0,0,0,0,0
clptm1,1372,1624,1638,1435,1852,1565,1445,1332,1518,1122,1397,1374
clptm1l,1679,1853,1746,1416,1999,1864,1469,1376,1521,1257,1397,1327
clpx,5285,1799,3991,1915,1713,3120,1402,1886,1347,2699,1344,3222
clrn1,16,13,17,15,17,17,15,11,17,19,14,9
clrn2,0,0,0,0,0,0,0,0,0,0,0,0
clrn3,0,0,0,9,1,0,0,2,0,0,275,0
clspn,17,10,44,17,35,18,18,19,16,16,23,12
clstn1,140,157,146,178,163,143,157,90,321,93,202,134
clstn2,10,15,26,8,29,12,10,10,6,11,12,8
clstn3,57,174,60,116,74,164,52,279,50,402,31,268
clta,1715,1642,2000,1557,2225,1725,1773,1325,1809,1268,1659,1295
cltb,661,949,740,860,791,1027,603,750,636,656,576,632
cltc,8106,7757,8578,7008,9646,8775,7502,6752,7016,6808,7165,7510
clu,26409,22446,26456,19790,24519,23392,22219,17450,21620,15755,19737,19597
cluh,3729,4300,4333,3789,4149,4213,3370,3538,3422,3320,3192,4864
clvs1,2,2,2,1,2,2,1,1,7,1,3,3
clvs2,3,2,3,1,4,4,6,3,11,2,5,5
clybl,467,519,574,448,618,542,518,456,533,527,492,509
cma1,20,15,10,29,28,17,35,28,12,25,8,62
cmas,853,1064,931,933,851,1083,795,822,737,926,829,751
cmbl,2593,3481,3000,2393,3201,2897,1973,2726,2357,3300,2675,2888
cmc1,303,312,372,275,405,302,316,281,350,372,326,305
cmc2,168,226,221,169,210,220,188,139,166,158,165,193
cmc4,107,113,95,70,79,65,91,63,89,70,78,54
cmip,329,304,283,285,472,351,395,268,499,222,436,440
cmklr1,181,123,199,112,300,132,174,128,151,70,140,122
cmpk1,2216,2321,2784,1993,2624,2452,2197,2154,2204,2586,2384,2027
cmpk2,178,132,185,103,185,136,109,130,117,166,155,131
cmss1,54,45,52,53,71,73,49,53,49,53,45,47
cmtm1,0,0,1,0,1,0,0,1,0,0,0,0
cmtm3,185,125,223,149,332,138,196,129,208,112,222,148
cmtm4,949,1038,1116,1093,1262,1284,1043,1013,1110,1065,1062,1033
cmtm5,1,0,0,0,0,0,0,0,0,0,0,0
cmtm6,2102,2669,3423,2027,2601,2505,2093,2021,1803,1840,1872,2163
cmtm7,96,67,110,51,136,52,91,76,101,64,58,79
cmtm8,681,913,1009,662,818,803,688,807,968,845,750,914
cmtr1,975,1049,1259,989,1240,1191,997,1048,976,991,897,959
cmtr2,102,99,143,90,128,141,121,80,125,102,117,86
cmya5,24,6,25,6,24,18,14,3,15,3,18,193
cnbd1,0,0,0,0,0,0,0,0,0,0,0,0
cnbd2,605,719,670,882,889,880,626,472,614,268,640,457
cnbp,5842,6664,7363,6033,7475,6486,6417,6767,6775,7460,6320,6583
cndp1,12,17,27,8,12,24,15,17,19,20,40,24
cndp2,760,704,717,631,1003,700,740,567,642,605,690,717
cnep1r1,349,303,408,261,368,341,283,279,331,288,366,353
cnfn,0,0,0,0,0,0,0,0,0,0,0,0
cnga1,0,5,4,1,6,1,0,1,3,1,0,1
cnga2,1,0,0,1,0,0,0,0,0,1,0,0
cnga3,17,18,12,10,11,26,15,14,19,12,11,19
cnga4,0,0,0,1,1,0,0,1,1,0,1,0
cngb1,18,19,36,19,25,16,22,21,15,18,19,12
cngb3,1,1,1,2,0,0,0,1,0,0,0,0
cnih1,940,1168,1067,798,1154,1064,794,877,764,858,863,861
cnih2,9,14,12,9,12,18,2,5,5,5,11,5
cnih3,0,4,1,3,3,3,6,3,2,9,2,1
cnih4,286,262,295,243,319,304,269,213,266,208,311,238
cnksr1,1,1,3,6,7,3,4,1,15,1,11,4
cnksr2,0,1,0,0,0,1,0,0,4,0,0,4
cnksr3,186,151,145,118,203,167,143,125,181,137,203,175
cnn1,33,37,13,21,18,24,16,34,49,19,93,45
cnn2,231,144,232,86,324,168,190,179,207,103,174,170
cnn3,2002,2668,2610,1974,3072,2438,2720,2204,2974,2361,2519,2095
cnnm1,0,8,2,8,2,8,2,3,9,4,15,8
cnnm2,160,183,171,137,178,186,142,139,166,119,143,136
cnnm3,246,232,284,177,232,213,218,187,234,124,212,236
cnnm4,93,101,106,58,122,81,83,83,90,55,168,92
cnot1,2771,3135,3579,2902,3380,3299,3004,2824,3127,2914,2841,3382
cnot10,446,530,549,419,597,568,486,466,530,461,443,472
cnot11,352,388,411,371,410,372,321,314,320,286,321,296
cnot2,875,908,1049,774,967,978,815,839,813,871,789,792
cnot3,163,204,225,173,209,225,198,182,246,160,216,210
cnot4,258,264,301,234,354,277,304,280,351,267,271,286
cnot6,879,736,994,709,1104,888,896,674,945,691,969,1034
cnot6l,910,880,1052,894,1198,896,1007,848,1191,787,1107,1291
cnot7,514,500,669,517,713,592,625,544,614,560,622,530
cnot8,690,919,987,615,928,880,788,729,793,758,638,806
cnp,451,324,440,235,519,386,373,481,409,397,339,484
cnppd1,926,1155,1272,882,1264,922,1096,834,1156,764,1128,844
cnpy1,8,0,3,2,0,2,5,2,1,2,27,3
cnpy2,1524,1714,1862,1328,1759,1620,1320,1440,1427,1408,1463,1527
cnpy3,641,658,708,540,778,768,589,551,534,463,472,552
cnpy4,149,137,178,102,179,145,133,121,128,141,106,102
cnr1,1,0,1,2,2,2,0,0,0,2,5,1
cnr2,185,157,207,98,244,149,175,97,176,114,179,104
cnrip1,42,30,37,25,44,21,48,19,38,25,48,28
cnst,209,256,207,180,320,244,195,223,289,186,299,228
cntd1,3,11,2,6,6,4,3,8,7,1,7,5
cntf,21,23,19,26,22,25,35,19,30,18,37,23
cntfr,20,25,15,16,22,15,17,16,20,13,14,15
cntln,112,74,115,78,160,59,99,69,111,79,98,77
cntn1,31,38,46,36,30,34,41,40,49,23,55,33
cntn2,14,16,11,11,11,13,6,11,15,8,9,15
cntn3,14,22,33,9,10,24,15,15,27,20,16,14
cntn4,1,2,1,0,1,1,3,0,4,3,1,0
cntn5,1,0,0,1,0,3,0,0,1,0,0,1
cntn6,2,1,0,0,1,0,2,1,0,3,0,0
cntnap1,34,17,40,17,28,32,17,17,29,14,32,24
cntnap2,2,2,3,3,2,4,5,2,6,4,7,5
cntnap3,15,10,11,6,15,11,6,2,15,11,11,14
cntnap4,2,4,0,3,1,1,2,2,3,0,2,1
cntrl,529,718,703,613,655,828,626,566,623,527,659,630
cntrob,92,101,113,99,95,108,107,87,103,83,86,99
coa3,618,802,641,613,889,670,614,530,560,597,545,535
coa4,103,112,131,119,145,146,99,91,111,76,93,74
coa5,1728,1801,2183,1593,2127,1937,1861,1710,1723,1764,1731,1622
coa6,556,788,592,598,823,576,630,493,589,502,613,536
coa7,375,495,523,522,484,617,476,516,452,499,369,452
coasy,2358,2604,2885,2200,3135,2557,2450,2356,2470,2346,2279,2213
cobl,388,607,445,489,552,665,462,344,653,212,694,455
cobll1,432,577,538,556,603,571,619,491,829,465,652,682
coch,5,8,8,8,6,7,5,6,18,0,1,6
cog1,345,297,433,324,418,368,343,323,333,270,313,350
cog2,462,504,613,428,585,601,451,521,493,486,465,511
cog3,520,470,596,609,737,857,573,577,592,526,533,528
cog4,1581,1822,1990,1523,1966,1734,1759,1516,1646,1600,1644,1545
cog5,441,456,605,345,487,474,426,443,425,466,394,448
cog6,610,604,759,612,635,784,606,605,594,623,549,561
cog7,444,469,560,443,532,534,465,436,385,394,464,415
cog8,609,559,641,560,661,771,480,461,513,487,437,473
coil,111,111,108,100,127,132,117,98,85,106,69,102
col10a1,9,11,10,10,13,10,9,7,13,8,11,17
col11a1,2,1,1,0,1,2,4,1,2,3,1,2
col11a2,16,22,15,14,10,19,14,15,14,7,15,7
col12a1,122,45,124,53,123,96,126,37,78,81,126,145
col13a1,117,167,130,141,154,151,124,108,150,82,154,81
col14a1,3093,2253,3119,1860,4557,2138,3114,1540,3113,1659,3176,2438
col15a1,276,172,217,81,249,161,224,127,138,122,191,227
col16a1,132,88,124,97,224,87,164,81,166,75,162,136
col17a1,4,7,8,5,11,5,9,7,4,6,8,4
col18a1,15353,13932,15465,13443,16800,14903,12631,13485,14219,10314,12053,16333
col19a1,1,1,1,1,1,0,0,0,0,0,1,1
col1a1,736,171,767,330,1134,322,1166,137,1054,302,959,697
col1a2,1623,493,1882,917,2852,720,2760,412,2272,575,2183,1319
col20a1,22,25,17,23,20,29,16,18,23,22,31,22
col22a1,18,31,39,35,27,29,30,37,25,30,26,44
col23a1,10,8,11,11,8,12,10,14,18,19,19,10
col24a1,19,13,39,37,44,24,62,15,65,28,52,30
col25a1,28,57,23,35,86,25,32,54,31,40,30,42
col26a1,18,23,29,13,25,20,30,30,32,15,21,17
col27a1,177,446,276,294,406,336,392,432,369,293,306,430
col28a1,22,2,11,2,19,4,20,2,13,0,12,3
col2a1,0,0,0,1,0,0,0,0,0,0,0,0
col3a1,4620,1843,6736,3046,9106,2940,9017,1509,6376,2280,6457,3910
col4a1,2441,1288,2097,1133,2679,1531,1779,863,1692,749,1806,1078
col4a2,1189,676,1121,547,1354,852,908,440,900,351,877,599
col4a3,17,28,32,22,40,34,25,38,49,42,23,32
col4a4,19,17,28,18,38,26,36,25,30,19,29,47
col4a5,292,76,329,111,464,99,346,70,413,70,308,114
col4a6,40,33,58,39,87,36,91,28,75,39,62,66
col5a1,413,202,486,235,520,249,486,192,416,204,445,314
col5a2,695,269,752,360,1051,398,1033,257,891,339,716,485
col5a3,567,390,611,416,421,576,434,611,520,532,375,750
col6a1,912,348,875,420,1129,408,1137,367,942,373,921,616
col6a2,469,159,373,226,542,231,536,222,469,201,545,366
col6a3,1101,351,989,374,1308,393,1137,294,979,300,1083,457
col6a5,203,184,320,651,601,273,1021,504,401,458,368,1004
col6a6,65,30,82,62,132,38,97,23,106,38,104,62
col7a1,13,40,8,56,9,37,25,16,236,2,10,11
col8a1,35,35,44,27,83,37,55,35,64,26,64,65
col8a2,15,8,12,10,24,10,19,17,26,17,25,26
col9a1,0,0,0,0,0,0,0,0,0,0,0,1
col9a2,1,2,0,1,2,1,0,2,2,0,1,0
col9a3,6,10,9,5,10,4,11,15,11,15,7,8
colec10,1547,1736,1495,1453,2138,1493,1309,1524,1398,1577,1352,1649
colec11,831,808,849,680,1122,665,801,622,776,721,778,737
colec12,1712,1607,1881,1343,1871,1547,1706,1759,1726,1728,1454,1856
colgalt1,1479,1406,1748,1151,2080,1350,1471,1144,1572,1021,1358,1260
colgalt2,36,94,53,31,45,53,43,47,29,34,38,39
colq,1,1,1,1,0,0,2,6,1,0,1,6
commd1,759,903,945,776,1021,880,714,829,858,889,818,839
commd10,161,130,175,104,191,123,132,146,136,143,135,145
commd2,364,362,367,313,420,409,357,400,312,350,320,330
commd3,1641,1519,1866,1119,1758,1314,1464,1468,1482,1820,1369,1456
commd4,349,377,408,275,415,312,320,344,351,298,334,323
commd5,277,309,361,315,362,394,305,250,285,237,244,242
commd6,508,533,606,414,609,481,446,417,427,467,469,435
commd7,369,359,450,293,375,372,313,335,306,318,272,351
commd8,562,545,674,517,711,631,531,499,588,553,566,530
commd9,272,310,288,274,321,336,270,264,275,261,244,257
comp,1,2,4,1,2,1,2,3,4,2,0,3
comt,20315,21122,26683,13168,17689,20147,16135,12156,12914,13231,12432,14522
comtd1,59,64,76,74,113,82,90,50,76,52,65,52
copa,5417,6405,6414,5235,6236,6812,4866,5212,4677,5072,4831,5021
copb1,2890,3053,3467,2942,3260,3774,2832,2840,2637,3179,2739,2798
copb2,4290,4709,4994,3969,4632,5263,3955,3990,3665,4415,3854,3759
cope,1481,1643,1548,1404,1775,1661,1255,1336,1327,1170,1195,1246
copg1,1702,2094,1747,1574,1993,2331,1522,1677,1341,1403,1425,1552
copg2,961,990,1192,741,1175,863,894,977,838,973,872,902
coprs,70,40,70,61,71,83,55,44,76,51,47,56
cops2,2201,2140,2751,2059,2576,2412,2291,2241,2390,2468,2348,2215
cops3,1218,1443,1490,1160,1467,1362,1181,1210,1190,1296,1100,1167
cops4,896,983,1098,780,1044,1013,812,809,820,894,846,828
cops5,1319,1386,1610,1203,1586,1480,1323,1331,1381,1445,1347,1335
cops6,988,938,1187,873,1227,1064,895,864,1103,944,961,953
cops7a,680,806,822,632,949,749,724,706,768,623,691,581
cops7b,129,160,169,153,163,188,129,131,152,117,127,126
cops8,491,521,596,485,620,601,478,481,447,414,422,450
copz1,2293,2984,2692,2067,2593,2780,2035,2409,2066,2309,1943,2278
copz2,259,257,243,209,314,231,235,218,282,215,207,223
coq10a,296,321,444,324,332,375,278,311,326,312,281,360
coq10b,619,1483,1132,1483,1864,1369,1580,1095,1794,942,2043,595
coq2,603,610,670,529,744,633,609,586,594,611,562,594
coq3,598,628,632,521,596,679,597,520,449,537,502,488
coq4,96,143,146,119,158,126,103,98,120,85,125,88
coq5,461,615,634,479,680,561,510,499,544,478,495,452
coq6,232,305,317,271,334,303,269,264,278,251,293,251
coq7,341,424,405,350,450,449,340,397,328,379,302,372
coq9,1941,2024,2266,1650,2731,1880,1978,1850,2024,1765,2000,2016
corin,2,3,4,4,4,7,5,5,4,6,5,2
coro1a,553,168,479,201,649,205,411,348,385,257,340,329
coro1b,1365,1193,1597,1172,1767,1217,1264,1094,1442,1129,1304,1224
coro1c,570,515,590,527,786,552,624,473,613,383,583,517
coro2a,43,51,66,48,74,38,49,35,58,33,189,46
coro2b,42,36,31,18,30,24,27,15,29,16,27,33
coro6,6,3,7,2,3,5,7,7,5,3,7,16
coro7,303,252,289,239,351,240,286,256,319,189,294,302
cort,0,0,1,0,0,0,0,0,2,0,0,0
cotl1,606,416,556,289,943,339,547,353,561,260,494,470
cox10,152,217,227,213,285,216,192,144,214,145,181,149
cox11,149,202,220,176,208,198,174,149,216,151,174,142
cox14,438,455,568,356,527,420,408,333,369,392,402,387
cox15,506,606,625,522,594,603,491,470,478,455,449,474
cox16,896,1019,1012,756,1091,855,878,891,891,1028,983,937
cox17,458,492,595,430,637,481,479,453,477,579,462,439
cox18,131,150,151,125,128,154,99,136,113,111,109,138
cox19,490,546,577,492,555,603,453,554,442,646,399,567
cox20,407,411,392,248,413,320,359,346,307,469,319,372
cox4i1,6430,7348,7959,6371,8522,7237,6429,5941,6703,6035,6511,6053
cox4i2,7,1,1,0,5,1,0,3,4,0,3,1
cox5a,2444,2999,3248,2560,3513,2843,2568,2446,2681,2415,2700,2292
cox5b,2606,3419,3727,2901,3487,3108,2562,2657,2548,2671,2658,2765
cox6a1,3239,3817,4061,3239,4423,3497,3173,3137,3360,2798,3182,3214
cox6a2,4,1,22,1,7,3,9,0,3,4,2,140
cox6b1,4490,5492,6082,4466,5923,5143,4468,4341,4597,4607,4431,4211
cox6b2,3,0,5,5,4,2,2,0,6,1,3,2
cox6c,5872,6261,7458,5446,6905,6081,5613,5975,6248,6931,6224,6168
cox7a1,19,31,34,20,37,30,22,22,22,31,65,96
cox7a2,4084,5489,5536,4426,5358,4823,4406,4763,4563,5027,4676,4760
cox7a2l,2865,2864,3565,2569,3932,2698,2996,2430,3083,2530,2814,2379
cox7b,5144,5864,6709,4851,6222,5416,4780,5254,5174,5623,5241,5283
cox7b2,0,0,0,0,0,0,0,0,0,0,0,0
cox7c,3938,4530,5108,3885,4721,4551,3785,4130,4119,4348,3976,3906
cox8a,3635,4295,5059,3675,4781,4139,3725,3521,3935,3698,3630,3531
cox8c,0,0,0,0,0,0,0,0,0,0,0,0
cp,53059,31257,45118,27851,36878,38661,33050,30984,30669,30115,27546,27667
cpa1,514,22818,678,29469,1618,21775,10389,10243,68828,0,1603,2433
cpa2,117,5335,164,8183,341,6417,2743,2914,16827,1,428,633
cpa3,15,3,13,28,21,13,44,27,12,26,9,73
cpa4,0,0,0,0,0,1,0,0,1,0,0,0
cpa5,0,0,0,0,0,0,0,0,0,0,0,0
cpa6,329,339,360,285,290,395,375,404,388,308,381,402
cpb1,603,31875,1056,42142,1969,38389,16842,16466,106200,3,2368,3333
cpb2,12161,9817,12032,7655,9240,10259,8965,8348,8318,8752,8043,8185
cpd,1335,1369,1751,1507,1880,1767,1548,1197,1575,972,1701,1458
cpe,155,100,143,94,204,101,177,97,207,72,213,156
cpeb1,41,49,60,54,106,95,83,71,130,51,88,67
cpeb2,693,817,474,477,472,477,418,576,520,477,635,881
cpeb3,166,200,177,211,245,196,178,155,260,140,213,235
cpeb4,1018,938,1415,786,999,1363,999,950,1078,1170,938,1354
cped1,1324,1761,1880,1616,1805,1579,1742,1475,1709,1518,1569,1627
cplx1,0,1,0,0,0,0,0,0,0,0,0,0
cplx2,42,28,52,42,72,32,37,31,64,23,64,40
cplx3,0,0,3,1,0,0,0,1,0,1,0,0
cplx4,0,0,0,0,0,0,0,0,0,1,0,0
cpm,74,120,95,106,108,85,75,97,100,76,79,68
cpn1,3913,3906,4230,3481,4450,4178,3627,3643,3686,3164,3172,3589
cpn2,8431,7829,7675,7119,8107,9197,7246,5920,6429,4724,5585,6098
cpne1,417,500,527,465,605,455,451,383,529,376,466,455
cpne2,165,128,196,116,208,153,206,131,170,92,142,129
cpne3,2538,2662,2927,1961,2997,2802,2564,2141,2413,2233,2336,2089
cpne4,0,0,0,0,0,1,0,0,0,1,0,0
cpne5,36,59,37,40,27,38,36,35,70,46,35,42
cpne6,1,0,0,0,0,0,0,0,0,0,0,0
cpne7,3,1,5,6,5,0,6,10,7,8,4,8
cpne8,250,240,187,165,186,325,144,108,152,124,149,148
cpne9,10,22,8,12,5,19,13,9,20,12,12,15
cpox,1398,1949,1497,2141,1649,2387,1372,1639,1135,1979,1235,1582
cpped1,936,1186,1167,840,1445,1047,1138,936,1134,929,980,901
cpq,1792,1594,2018,1377,2009,1676,1651,1505,1704,1648,1746,1420
cps1,130027,225499,194961,159445,198775,187916,160937,166130,157830,135536,139553,140231
cpsf1,754,845,908,740,976,890,860,755,777,590,752,792
cpsf2,643,744,747,728,878,894,706,709,655,642,575,627
cpsf3,731,778,860,657,860,814,698,655,691,623,718,597
cpsf4,310,363,397,328,409,350,370,307,357,265,308,347
cpsf4l,52,180,76,92,79,99,73,84,75,113,80,104
cpsf6,936,1169,1108,1170,1516,1190,1106,1153,1147,1197,1081,1072
cpsf7,324,387,415,326,420,453,411,398,450,297,374,345
cpt1a,6497,7516,8981,11797,11043,11485,8528,6001,8695,6314,9206,7059
cpt1b,21,18,31,12,23,34,25,34,23,47,41,99
cpt1c,20,7,15,7,22,7,20,10,17,6,16,16
cpt2,1899,2195,2257,1912,2461,2248,1983,1898,1712,2043,1737,1925
cptp,311,323,326,351,398,442,299,291,275,232,255,285
cpvl,0,0,0,0,0,0,0,0,0,0,1,0
cpxcr1,0,0,0,0,0,0,0,0,0,0,0,0
cpxm1,83,26,88,35,234,38,148,62,114,41,123,116
cpxm2,29,9,29,10,34,19,44,23,30,21,46,29
cpz,31,16,37,21,51,16,45,13,45,11,39,26
cr1l,1252,1307,1399,1064,1488,1344,1174,1112,1134,1137,1199,1140
cr2,34,29,48,23,66,35,52,32,47,24,48,31
crabp1,1,0,0,0,0,0,0,0,0,0,1,0
crabp2,1,1,0,0,0,3,1,0,1,2,0,1
cracr2a,3,3,4,4,9,4,4,0,10,4,10,2
cracr2b,91,67,69,65,99,59,79,66,88,40,93,51
cradd,180,193,242,177,204,165,199,175,170,207,176,181
crat,372,401,369,512,497,602,405,426,389,711,412,600
crb1,3,8,9,5,7,13,12,9,20,4,18,8
crb2,21,11,17,17,35,20,37,17,40,21,29,33
crb3,182,202,220,171,200,247,159,170,189,157,199,171
crbn,1224,1094,1396,1139,1447,1229,1253,1216,1405,1223,1254,1230
crcp,529,715,699,574,806,607,517,508,575,495,595,375
crct1,0,0,0,0,0,0,0,0,0,0,0,0
creb1,803,744,835,708,952,811,793,753,844,778,776,751
creb3,810,961,1013,950,907,1156,801,787,752,832,745,838
creb3l1,17,8,10,12,15,14,12,2,38,7,13,14
creb3l2,401,293,312,360,466,520,305,267,316,200,257,425
creb3l3,3583,5475,4034,5171,4851,5411,4320,3478,3677,3658,4060,3567
creb3l4,7,6,1,5,10,5,8,2,10,6,15,1
crebbp,747,759,809,696,869,699,782,691,914,643,766,1029
crebl2,1137,1642,1579,1379,1744,1638,1480,1297,1494,1473,1312,1263
crebrf,1633,1796,2612,1237,1730,1611,2108,1226,2271,1618,2085,1658
crebzf,725,702,886,692,742,789,796,627,710,602,666,632
creg1,6163,6788,6807,6644,7225,7593,6068,6592,6416,8100,5573,6468
creg2,11,7,11,7,6,5,15,8,12,7,7,10
creld1,514,755,500,495,575,674,408,491,433,447,413,457
creld2,1227,1398,606,529,689,1233,426,464,336,324,353,293
crem,507,541,576,456,406,601,410,577,349,591,372,531
crh,0,0,0,0,0,0,0,0,0,0,0,0
crhbp,0,0,0,0,0,0,0,0,1,0,0,0
crhr1,0,0,0,0,0,0,0,0,0,0,0,0
crhr2,2,4,5,0,1,4,0,2,2,2,4,5
crim1,531,593,545,461,785,542,574,435,621,396,591,509
crip1,446,232,550,331,701,310,638,288,603,277,1308,461
crip2,671,504,482,549,572,729,419,462,413,496,374,606
crip3,4,5,11,1,4,5,7,4,5,3,7,3
cript,752,750,888,667,908,759,716,642,744,723,730,609
crisp1,0,0,0,0,0,0,0,0,0,0,0,0
crisp2,2,0,2,0,0,0,1,2,0,2,3,0
crisp3,0,1,0,0,0,0,1,0,0,1,0,1
crispld1,1,1,0,2,1,1,2,0,3,2,0,1
crispld2,65,44,40,39,49,30,58,42,74,24,77,85
crk,2188,2087,2421,2071,2610,2487,2234,2138,2275,2379,2174,2087
crkl,561,591,546,489,763,693,480,611,640,543,570,549
crlf1,3,7,0,11,0,4,5,2,21,3,2,3
crlf2,165,83,139,84,184,112,163,120,122,95,101,125
crlf3,311,269,335,249,365,308,265,240,254,243,269,238
crls1,1086,899,889,904,1095,1085,842,1056,884,1185,904,922
crmp1,1,1,0,0,0,2,0,1,0,0,1,1
crnkl1,476,485,523,471,588,638,405,444,386,461,388,428
crnn,0,0,0,0,0,0,0,0,0,0,0,0
crocc,42,24,33,29,41,33,29,27,38,18,38,31
crocc2,0,0,2,0,1,0,2,0,0,0,0,1
crot,27760,11919,23711,15941,16903,19718,12281,14591,11334,21344,12876,16632
crp,7565,7853,6598,6021,6196,9582,5299,5849,6169,5705,4979,5958
crtac1,0,0,0,0,0,1,0,1,0,0,0,1
crtam,1,1,3,0,6,0,1,4,3,1,1,0
crtap,112,83,153,106,208,113,169,83,150,82,119,115
crtc1,67,69,82,68,80,92,64,61,93,47,64,122
crtc2,201,186,182,152,173,180,170,160,213,156,188,205
crtc3,218,159,303,137,188,228,219,166,210,160,153,230
crx,20,25,18,16,23,14,20,15,18,8,25,11
cry1,131,105,107,110,208,95,112,104,167,102,164,101
cry2,529,620,627,621,726,704,643,505,791,440,695,508
cryaa,0,0,1,1,0,1,0,1,1,0,2,0
cryab,56,62,76,42,72,54,79,57,73,42,62,123
cryba1,8,7,5,10,5,10,13,9,6,6,13,11
cryba2,0,2,1,1,0,2,0,0,1,1,1,1
cryba4,3,3,5,7,3,5,2,8,4,3,6,3
crybb1,0,0,0,0,0,0,0,0,0,0,0,0
crybb2,0,0,0,0,0,0,0,0,0,0,0,0
crybb3,28,13,8,6,11,14,2,10,5,6,7,17
crybg3,292,337,354,365,406,452,371,296,309,271,282,281
cryga,0,0,0,0,0,0,0,0,0,0,0,0
crygb,0,0,0,0,0,0,0,0,0,0,0,0
crygc,0,0,0,0,0,0,0,0,0,0,0,0
crygd,0,0,0,0,0,0,0,0,0,0,0,0
crygn,36,29,55,21,68,25,38,30,51,32,28,26
crygs,1,0,1,2,0,0,1,1,0,1,0,2
cryl1,438,337,664,321,668,299,555,394,590,370,678,328
crym,44,52,53,51,84,64,67,47,84,30,61,38
cryz,1581,1831,2059,1425,2215,1768,1540,1588,1664,1868,1558,1676
cryzl1,312,328,387,270,339,311,300,289,264,339,360,285
cs,2245,2518,2923,2148,2849,2745,1891,2624,2104,2427,2287,2790
csad,2379,3924,3232,3080,4300,4528,4916,6283,3930,6113,2270,3580
csdc2,27,12,34,17,12,19,29,9,28,22,25,20
csde1,8923,9469,11030,8614,11019,10392,9545,9153,9636,9861,8999,8417
cse1l,1091,1202,1332,1003,1226,1264,1017,1157,1066,1319,1035,1252
csf1,243,215,255,167,420,296,257,193,271,182,221,186
csf1r,4059,2108,3373,2377,4355,1924,2696,2010,2834,1441,2269,2111
csf2,0,0,0,0,0,0,0,1,0,1,0,0
csf2ra,132,71,128,63,154,83,158,44,145,41,105,75
csf2rb,369,156,329,159,522,172,269,166,284,138,170,229
csf3,0,0,0,0,0,0,2,0,0,0,0,0
csf3r,245,59,141,63,158,72,134,63,133,82,90,91
csgalnact1,34,17,28,30,35,23,31,22,42,20,40,23
csgalnact2,388,392,500,358,482,538,399,376,380,392,405,373
csk,757,823,883,727,1018,848,854,605,835,516,783,807
csmd1,6,2,7,5,2,6,4,5,8,5,3,5
csmd2,7,9,7,7,10,8,11,5,18,6,14,6
csmd3,8,13,7,9,9,10,18,8,9,9,9,4
csn1s1,0,2,0,3,0,2,0,0,2,1,4,0
csn2,0,1,0,0,2,1,1,0,1,0,2,3
csn3,2,3,3,1,2,3,4,8,4,7,4,3
csnk1a1,2790,2946,3074,2569,3465,2948,2720,2461,2747,2414,2816,2601
csnk1d,1086,1102,1206,992,1320,1085,1035,938,1156,817,1054,945
csnk1e,167,142,157,125,191,125,161,90,159,98,181,116
csnk1g1,214,180,238,171,233,240,223,191,263,158,262,238
csnk1g2,870,880,949,811,1165,892,915,809,981,685,855,814
csnk1g3,562,690,641,651,994,635,701,629,793,683,825,572
csnk2a1,3270,4077,4246,3508,4060,4167,3355,3481,3376,3824,3368,3111
csnk2a2,213,233,252,211,268,215,195,202,252,196,228,207
csnk2b,975,1155,1177,1031,1274,1116,959,892,1030,846,938,842
cspg4,11,13,3,4,19,6,20,11,10,6,12,21
cspg5,28,29,24,24,10,24,40,27,34,22,32,21
cspp1,469,553,536,413,520,578,520,497,485,457,524,385
csrnp1,156,228,327,164,195,238,283,288,310,148,256,178
csrnp2,64,69,99,58,94,85,75,100,97,63,86,75
csrnp3,2,5,1,4,6,6,4,2,3,2,6,3
csrp1,641,366,629,306,726,323,472,292,580,257,573,313
csrp2,628,523,795,543,905,495,712,537,879,506,854,506
csrp3,426,272,417,280,215,322,131,268,111,388,163,278
cst11,0,0,0,0,0,0,0,0,0,0,0,0
cst3,2690,2474,3082,2199,3387,2374,2563,2412,2842,2291,2281,2492
cst6,5,5,8,7,7,5,2,4,9,5,32,3
cst7,7,4,3,3,5,1,6,9,7,9,6,7
cst8,0,0,0,0,0,0,0,0,0,0,0,0
cst9,1,0,2,2,1,1,0,0,0,1,3,0
cstb,697,573,835,482,928,628,692,516,671,570,593,521
cstf1,365,377,455,326,403,385,357,333,309,304,277,337
cstf2,406,472,457,363,501,455,380,394,356,375,338,349
cstf2t,791,980,1070,847,1024,1138,823,919,808,912,716,850
cstf3,239,249,225,166,291,240,167,202,209,233,214,219
cstl1,0,0,0,0,0,0,0,0,0,0,0,0
ctag2,0,0,0,0,0,0,0,0,0,0,0,0
ctbp1,684,624,825,627,941,761,743,675,760,625,651,742
ctbp2,114,92,121,71,180,91,147,67,136,71,132,85
ctbs,447,489,517,471,513,566,425,362,452,416,440,432
ctc1,161,148,184,113,165,122,151,116,136,103,156,140
ctcf,708,725,873,617,887,730,649,619,694,633,716,660
ctcfl,55,61,45,37,31,86,26,68,46,38,72,28
ctdnep1,200,152,192,190,213,191,197,172,231,135,156,258
ctdp1,220,219,235,241,298,262,229,221,248,204,200,202
ctdsp1,1389,1478,1690,1306,1690,1497,1302,1400,1652,1268,1324,1675
ctdsp2,932,865,1097,769,1235,853,980,670,1256,626,1053,1012
ctdspl,172,128,200,122,228,136,164,118,217,114,189,147
ctdspl2,368,394,554,367,499,449,449,424,488,481,465,376
ctf1,64,57,75,48,69,60,53,44,50,49,53,40
cth,15575,13900,12703,10138,12680,12291,9658,12646,10890,14118,11060,12825
cthrc1,1,0,5,0,6,2,3,0,5,1,5,0
ctif,306,359,331,422,380,562,398,270,402,246,323,286
ctla4,2,2,1,0,4,1,6,17,5,6,4,5
ctnna1,2545,2795,3040,2319,3240,2733,2599,2216,2451,2271,2764,2332
ctnna2,1,2,1,1,2,3,4,0,5,5,4,2
ctnna3,2,2,2,2,2,1,3,5,3,3,3,6
ctnnal1,206,189,227,149,242,181,203,130,191,127,227,160
ctnnb1,6823,7212,7958,5852,8057,7576,6675,6484,6353,6032,6370,6428
ctnnbip1,251,201,292,168,339,187,306,171,303,129,316,191
ctnnbl1,268,298,302,287,362,330,267,319,261,341,227,282
ctnnd1,2135,2146,2499,2055,2474,2380,1989,1858,2056,1891,2020,2428
ctnnd2,5,1,2,2,4,0,2,0,1,0,4,2
ctns,305,392,396,303,351,407,318,323,388,273,277,285
ctps2,349,249,412,243,418,309,354,255,359,280,326,264
ctr9,738,742,787,712,784,921,695,676,643,620,603,640
ctrb1,643,29718,1174,43480,2507,30663,16545,10567,103279,1,2509,3344
ctrc,27,149,27,232,44,176,80,69,594,21,46,38
ctrl,227,11171,383,15473,742,10805,5310,4298,31008,8,968,1171
ctsa,2812,2622,3473,2436,3987,2793,2933,2401,3057,2187,2590,2486
ctsb,16938,12840,18710,10803,21318,13243,15752,12137,16258,11942,13499,12969
ctsc,5301,1989,3694,1557,4593,2241,2982,2079,2763,1827,2491,1842
ctsd,11366,9208,14552,8768,16741,9997,13057,10191,13533,9813,10787,11356
ctse,28,4,5,12,13,9,14,9,13,8,102,14
ctsf,467,507,565,412,732,489,527,408,614,405,489,400
ctsg,16,0,1,1,0,0,2,0,1,0,2,5
ctsh,5363,5099,6019,4841,6259,5292,5471,5498,5969,5599,4977,5411
ctsk,69,28,98,34,161,35,113,30,113,74,87,70
ctsl,16573,14468,18520,13925,13953,18005,12437,12107,13983,12596,11828,13385
ctso,1452,1303,1636,1124,1714,1458,1319,1411,1476,1569,1411,1472
ctss,3319,1585,3559,1448,4189,1787,3208,2085,3351,1877,2634,2243
ctsw,17,14,22,13,14,12,13,26,33,17,22,22
ctsz,3721,4002,4846,3724,4758,4450,3726,3399,3804,2930,3301,3438
cttn,924,976,1050,880,1233,1142,869,933,874,831,936,908
cttnbp2,6,7,9,8,15,8,9,8,14,2,28,10
cttnbp2nl,235,131,188,146,293,122,204,145,203,102,222,190
ctu1,59,82,106,80,122,98,80,77,81,78,74,59
ctu2,202,194,211,198,253,249,158,179,178,137,168,192
ctxn1,3,4,2,5,2,5,6,3,6,3,2,5
ctxn2,0,0,0,0,0,0,0,0,0,0,1,0
ctxn3,0,1,0,0,1,0,0,0,0,0,1,0
cubn,7,5,6,6,2,4,5,17,6,21,65,8
cuedc1,44,34,29,32,57,35,39,37,63,17,49,35
cuedc2,252,202,255,199,307,186,226,212,244,170,241,227
cul1,2103,1639,2133,1616,2052,2112,1667,1749,1737,1932,1716,1814
cul2,947,962,1091,932,1042,1114,805,966,891,907,735,943
cul3,1503,1527,1787,1475,1993,1745,1580,1338,1681,1377,1615,1539
cul4a,2454,2838,3027,2613,3499,2987,2747,2445,2808,2450,2703,2333
cul4b,873,898,1134,827,1053,1048,938,900,1008,1090,945,874
cul5,928,997,1222,982,1105,1211,902,982,891,1020,874,991
cul7,163,136,183,143,238,153,163,119,193,126,177,163
cul9,200,124,208,140,185,138,186,141,181,106,177,166
cuta,338,458,412,334,536,424,418,373,394,314,329,326
cutc,307,329,394,319,415,322,351,278,375,385,323,322
cux1,634,728,743,660,773,674,708,502,721,504,655,714
cux2,89,62,68,62,61,60,48,58,71,49,70,69
cuzd1,17,890,32,1048,43,1186,447,571,2900,0,61,119
cwc15,863,978,1078,813,1062,1051,855,844,819,895,830,894
cwc22,340,332,454,291,378,387,338,292,352,311,346,270
cwc25,191,228,247,201,218,266,191,176,234,171,152,176
cwc27,185,193,192,165,163,206,128,164,158,195,141,131
cwf19l1,222,319,338,264,370,293,283,405,289,395,246,377
cwf19l2,603,608,825,581,715,781,630,626,629,710,651,644
cwh43,0,0,0,0,0,0,0,0,0,0,1,0
cx3cl1,30,14,23,13,27,11,19,6,23,13,56,26
cx3cr1,177,33,138,37,185,56,112,52,110,43,86,69
cxadr,3839,3501,3843,2144,3360,3876,2923,3586,2683,3374,2499,3518
cxcl1,1218,686,574,330,706,833,482,426,554,290,488,413
cxcl10,38,69,90,44,126,67,40,82,82,62,75,53
cxcl11,39,40,31,20,34,50,21,38,33,48,27,35
cxcl12,4114,4334,3885,4851,5964,5492,4879,3840,5713,3641,5003,4091
cxcl13,685,80,336,303,293,112,121,231,86,156,52,113
cxcl14,129,31,39,17,56,47,42,20,60,24,53,52
cxcl16,616,259,536,261,702,267,411,360,444,231,395,289
cxcl17,0,0,1,0,1,0,0,3,1,2,0,1
cxcl2,10,10,19,8,46,17,50,4,31,16,21,23
cxcl3,4,6,14,5,9,7,11,6,7,5,4,9
cxcl5,13,6,26,10,35,24,40,12,19,24,33,18
cxcl9,167,250,255,128,312,186,208,431,432,258,277,245
cxcr1,1,0,0,0,0,2,1,0,0,2,1,0
cxcr2,165,88,116,72,81,100,131,87,121,79,119,95
cxcr3,14,18,9,9,22,12,12,19,4,16,13,22
cxcr4,110,26,90,31,111,46,105,91,100,61,80,60
cxcr5,12,7,17,7,21,15,18,12,18,11,11,13
cxcr6,61,46,41,33,59,48,38,64,54,56,60,62
cxxc1,442,488,471,425,515,536,461,413,471,329,373,379
cxxc4,16,8,15,18,13,12,20,9,17,8,17,11
cxxc5,579,411,609,413,654,528,488,466,592,416,418,587
cyb561,308,197,217,185,199,371,199,101,158,104,210,166
cyb561a3,151,181,218,136,189,155,192,146,159,136,175,154
cyb561d1,131,131,158,101,160,120,95,96,122,77,108,124
cyb561d2,173,167,173,158,196,160,157,176,164,141,156,153
cyb5a,17348,24047,19300,19022,24472,21623,19090,20464,20088,25656,20482,19556
cyb5b,8485,11931,10318,7319,10404,10903,8045,12038,8531,12552,7450,11869
cyb5d1,313,404,384,330,449,468,315,268,306,303,294,256
cyb5d2,330,366,364,295,412,379,292,296,287,302,258,293
cyb5r1,137,159,196,137,193,180,205,145,234,101,172,119
cyb5r2,3,8,6,0,7,6,11,8,8,4,3,0
cyb5r3,6185,9124,8909,7146,9331,8499,6233,6959,6887,6113,7032,7329
cyb5r4,1092,1014,1265,874,1204,1158,1022,966,1088,1005,1098,927
cyb5rl,165,204,194,159,230,193,192,180,182,178,180,187
cyba,556,204,492,249,736,249,467,268,465,219,372,293
cybb,1822,685,2078,942,2858,840,1695,829,1759,693,1415,954
cybrd1,17,17,30,20,31,31,47,19,25,19,139,36
cyc1,2457,3093,3077,2576,3649,2934,2627,2376,2897,2124,2677,2609
cycs,1452,2255,2119,1680,1894,1918,1588,1727,1586,1985,1731,1714
cyfip1,1837,1841,2325,1509,2448,2362,1946,1651,1867,1581,1873,1737
cyfip2,93,63,74,79,128,80,96,86,134,58,74,87
cygb,255,153,208,169,335,156,275,163,262,154,254,196
cylc1,0,0,0,0,0,0,0,0,0,0,0,0
cylc2,0,0,0,0,0,0,0,0,0,0,0,0
cyld,818,906,1178,790,1096,963,906,761,1041,716,974,784
cyp11a1,7,5,4,9,15,1,4,7,9,6,8,9
cyp11b1,4,4,5,1,19,7,1,4,2,3,4,2
cyp11b2,2,0,0,0,2,0,0,0,0,0,0,0
cyp17a1,873,569,769,224,455,380,361,262,474,266,567,183
cyp19a1,1,5,3,3,4,9,1,5,6,5,7,6
cyp1a1,17,26,19,25,40,27,30,17,42,20,55,15
cyp1a2,5686,10818,8010,7759,11567,8478,7262,6847,9924,6032,7301,7472
cyp1b1,105,59,154,147,203,84,268,106,201,94,162,261
cyp20a1,407,423,403,315,475,446,391,365,403,325,381,311
cyp24a1,0,0,0,0,0,0,0,1,0,0,0,0
cyp26a1,2249,170,1491,82,1686,415,1457,418,1928,418,1459,309
cyp26b1,240,234,151,103,130,254,112,111,172,129,191,84
cyp26c1,28,3,17,4,20,8,26,15,23,13,20,11
cyp27a1,7842,11075,9563,9050,8780,10832,7065,9824,7542,9303,6494,9519
cyp27b1,0,0,0,0,1,0,0,0,1,0,0,0
cyp2e1,55873,137271,86303,138700,110516,139985,82190,104632,94068,130157,85311,108470
cyp2r1,495,534,585,405,524,595,478,618,512,664,435,553
cyp2s1,21,29,25,24,25,24,42,19,46,9,80,30
cyp2u1,291,1437,947,1116,644,1266,658,1818,519,1334,532,2588
cyp2w1,0,0,1,0,0,0,0,0,0,0,0,0
cyp39a1,746,528,919,621,717,700,923,334,1054,354,858,176
cyp46a1,6,19,13,11,26,16,35,49,26,30,17,26
cyp4b1,507,602,674,473,826,490,573,486,532,413,665,487
cyp4x1,40,38,36,29,30,46,37,31,51,33,32,29
cyp7a1,2871,11398,4610,16261,14281,12729,7303,5459,8968,4128,7932,3772
cyp7b1,2715,16610,8526,12598,2578,11135,4478,8642,3057,6408,3357,9353
cyp8b1,2347,5195,2998,6602,1158,5178,1348,3758,1507,4311,1295,6617
cys1,28,47,38,31,53,33,55,29,58,23,62,45
cysltr1,143,54,90,54,127,67,103,68,99,67,86,67
cysltr2,12,9,19,7,13,8,11,11,16,15,18,14
cysrt1,0,0,0,0,0,0,0,0,0,0,0,0
cystm1,209,125,126,104,129,167,129,104,168,104,287,110
cyth1,871,911,916,877,1162,894,802,1054,1047,862,997,837
cyth2,326,355,395,294,401,390,321,272,379,225,341,277
cyth3,253,186,231,178,323,190,243,173,275,166,209,217
cyth4,376,161,394,140,498,196,314,171,319,156,264,266
cytip,191,64,134,81,187,73,99,98,133,99,131,122
cytl1,3,0,0,0,3,2,0,4,6,1,1,3
cyyr1,232,175,276,137,269,164,212,135,210,173,221,240
d2hgdh,572,649,690,505,778,550,552,617,583,580,545,616
dhrsx,309,286,341,286,328,267,306,251,327,216,283,225
daam1,1141,1979,1733,1429,2084,1451,1868,1234,1695,1115,1722,1216
daam2,87,102,85,60,102,75,104,54,110,50,103,65
dab1,5,8,7,1,6,2,5,5,3,6,5,2
dab2,427,282,375,263,516,315,442,244,438,235,440,415
dab2ip,271,251,288,229,352,272,303,163,331,161,287,254
dach1,18,7,8,10,22,11,19,6,15,5,24,18
dach2,3,0,2,5,0,2,2,4,6,1,0,7
dact1,64,98,113,200,132,131,125,83,190,62,141,93
dact2,240,236,348,155,262,268,243,148,282,172,192,203
dact3,18,6,12,5,14,12,17,11,18,8,26,8
dad1,966,1092,1046,853,1005,1060,872,867,904,788,795,782
dag1,1342,1230,1348,1196,1643,1339,1250,1277,1415,1043,1207,1703
dagla,11,34,13,32,30,36,32,18,87,15,22,28
daglb,721,782,981,665,941,771,714,695,691,562,675,914
dalrd3,446,618,552,419,579,507,486,394,488,438,497,428
dand5,25,43,40,37,49,57,38,27,33,24,43,40
dao,0,0,1,0,0,1,0,1,0,1,13,0
dap,2004,1941,1715,1651,2066,2160,1604,1485,1800,1351,1477,1871
dap3,587,701,709,586,818,730,541,614,602,686,626,646
dapk1,1827,1023,1356,1124,1534,1182,1187,980,1422,979,1293,1162
dapk2,173,146,217,133,224,178,148,206,142,214,124,192
dapk3,338,358,293,277,365,332,258,260,258,221,203,271
dapl1,1,0,2,0,3,0,0,0,4,1,3,0
dapp1,90,44,73,51,133,58,102,51,101,25,109,74
dars2,496,544,635,432,637,599,461,506,481,548,446,483
daw1,0,0,0,0,0,0,0,0,0,0,0,0
daxx,243,255,302,250,293,300,241,190,279,173,197,201
dazap1,425,586,614,573,674,521,591,552,547,476,587,488
dazap2,2057,1784,2458,1722,2397,1974,1865,1880,2011,1938,1901,1872
dazl,2,1,6,1,4,3,2,1,3,1,5,3
dbf4,98,88,171,107,131,96,112,96,161,98,148,77
dbh,0,1,0,0,0,0,0,0,0,0,0,0
dbi,15526,15489,17155,12583,16136,16318,11665,14810,11473,17367,12045,14162
dbn1,54,28,55,29,65,27,51,27,56,17,53,36
dbndd1,10,7,13,5,11,14,13,7,13,8,11,8
dbndd2,246,143,211,95,211,126,145,92,194,88,163,109
dbnl,577,518,592,430,686,567,536,482,471,382,455,440
dbp,736,1816,1979,1840,2922,1906,2136,1453,2891,1355,2463,1218
dbr1,166,229,242,236,238,248,183,171,193,207,161,199
dbt,2156,3122,3125,2202,3186,2622,2716,2315,2803,2419,2504,1948
dbx1,0,0,0,0,0,0,0,0,0,0,0,0
dbx2,0,0,0,0,0,0,0,0,0,0,0,0
dcaf10,711,683,858,780,890,914,775,615,833,603,736,709
dcaf11,5207,7328,7145,5226,6712,6913,5805,6516,5798,6063,5183,6165
dcaf12,728,661,693,658,847,723,643,567,721,543,646,556
dcaf12l1,144,70,131,70,166,107,134,83,122,70,123,99
dcaf12l2,0,2,3,5,5,3,4,1,4,2,3,1
dcaf13,646,633,791,604,710,717,606,656,605,634,558,541
dcaf15,98,85,115,59,97,90,80,77,97,72,96,100
dcaf17,343,366,440,320,422,407,406,326,392,293,392,369
dcaf4,57,48,67,50,76,49,46,54,51,60,61,96
dcaf5,574,681,722,776,858,800,750,575,692,585,562,571
dcaf6,751,552,746,762,896,783,732,712,896,789,873,658
dcaf7,922,927,1168,989,1238,1111,957,807,1029,786,900,1029
dcaf8,2975,3466,3834,3107,3789,3849,3260,3269,3302,3073,3036,3223
dcakd,192,243,208,167,278,215,200,131,224,133,183,179
dcbld1,101,69,91,66,142,69,91,67,106,60,128,63
dcbld2,182,216,233,169,221,191,245,138,239,160,206,177
dcc,0,0,0,2,0,0,0,2,0,0,0,0
dcdc2b,11,15,21,16,11,18,18,17,20,5,19,14
dcdc2c,51,50,37,37,40,53,32,37,49,38,43,48
dchs1,174,142,163,113,236,123,202,109,168,99,163,116
dchs2,3,3,3,9,0,4,7,6,6,8,6,7
dck,163,180,192,109,194,157,144,140,123,115,115,105
dclk1,28,17,51,33,54,21,62,18,48,15,67,50
dclk2,17,17,15,19,18,15,19,16,25,11,17,15
dclk3,195,379,307,209,515,320,372,210,460,215,403,222
dclre1a,367,562,627,431,1132,459,727,481,1132,514,1058,372
dclre1b,103,98,103,133,124,144,98,104,112,87,115,100
dclre1c,137,193,222,198,217,230,219,172,198,168,216,165
dcn,8489,5676,8084,5540,10392,5883,8899,5761,8440,6102,7820,7511
dcp1a,185,184,241,162,243,241,234,196,229,168,163,187
dcp1b,59,54,83,41,58,41,75,47,73,46,72,64
dcp2,586,659,711,608,764,754,638,566,654,575,590,589
dcps,418,407,478,350,399,482,394,338,378,344,314,342
dcst1,12,8,21,9,7,9,12,6,12,3,13,17
dcst2,1,2,4,2,1,1,1,5,2,0,4,1
dcstamp,1,7,3,5,3,4,3,4,8,2,4,2
dct,156,225,123,124,110,208,71,171,60,97,47,223
dctd,2,4,6,3,1,2,1,2,9,3,9,2
dctn1,451,553,587,470,677,530,483,380,468,328,442,446
dctn2,1935,1863,2166,1820,2516,2090,1865,1781,1939,1676,1780,1829
dctn3,429,500,548,389,549,482,425,423,421,410,438,429
dctn4,798,798,1007,676,915,800,733,737,778,750,807,790
dctn5,470,493,539,355,544,500,428,379,370,392,378,397
dctn6,243,247,341,225,297,262,257,244,257,177,243,224
dctpp1,488,551,646,489,689,523,593,400,674,445,617,417
dcun1d1,1789,1736,2099,1756,2117,1976,2025,1855,1928,2124,1853,1692
dcun1d2,283,376,391,338,430,420,359,343,343,321,279,301
dcun1d3,206,260,255,303,318,292,242,278,302,263,234,249
dcun1d4,540,586,738,729,739,810,539,680,657,753,552,748
dcun1d5,695,643,857,617,705,667,694,622,676,638,662,604
dcx,29,21,36,10,22,20,20,19,22,12,28,18
dcxr,1505,2151,1917,1537,2333,1696,1569,1570,1728,1620,1440,1548
dda1,198,269,263,181,293,261,241,174,242,139,206,176
ddah1,1892,2046,2987,1765,2971,1795,1665,1752,2133,2481,2095,2081
ddah2,64,65,73,58,121,60,90,39,79,36,81,51
ddb1,5562,6549,6793,5899,7383,7042,5930,4903,5832,4575,5437,4984
ddb2,80,106,112,84,105,92,104,95,122,89,104,88
ddc,1733,1236,1941,602,1100,1224,884,1216,500,1188,901,1612
ddhd1,482,367,462,367,503,468,406,446,417,378,378,435
ddhd2,449,643,635,649,658,772,592,501,595,609,616,443
ddi1,2,0,0,1,0,1,0,0,1,2,3,1
ddias,47,22,60,20,32,19,23,23,22,60,32,31
ddit3,142,127,125,106,194,142,113,148,154,157,128,108
ddit4,289,248,115,212,310,241,153,134,144,80,175,64
ddit4l,14,13,7,12,25,19,16,13,21,11,10,47
ddn,0,0,0,0,0,0,0,0,0,0,0,0
ddo,275,516,423,291,513,439,352,310,317,254,345,257
ddost,1907,2246,2003,1649,2304,2042,1565,1584,1544,1362,1587,1482
ddr1,64,33,66,36,83,53,99,29,107,31,99,54
ddr2,339,242,305,211,439,242,378,186,388,166,345,285
ddrgk1,1359,1673,1649,1397,1779,1699,1360,1424,1430,1436,1298,1321
ddt,3445,5611,4318,3981,5478,4493,3757,4442,3879,4403,3495,4186
ddx1,1915,2083,2262,1637,1953,2231,1677,1629,1471,1764,1557,1532
ddx10,437,359,447,322,471,493,413,394,393,426,378,370
ddx11,88,120,123,88,118,136,125,109,122,74,98,105
ddx17,2438,3161,2701,2280,2865,3318,2683,2318,2536,2075,2135,2317
ddx18,314,346,427,338,461,450,359,340,301,324,322,332
ddx19a,398,430,468,395,421,458,381,398,452,335,357,346
ddx19b,478,673,731,701,830,961,714,577,631,601,512,537
ddx20,247,318,394,355,384,416,330,279,392,314,297,286
ddx21,912,937,1091,1079,1298,1411,1010,922,1008,838,843,820
ddx23,1010,1079,1197,1000,1140,1097,1026,1004,921,854,923,890
ddx24,836,897,1053,831,1213,1119,838,775,771,754,800,761
ddx25,4,5,7,4,9,2,1,5,5,5,5,8
ddx27,402,401,467,483,566,549,423,431,432,363,354,400
ddx28,343,276,348,318,353,386,292,217,235,219,201,266
ddx31,118,164,153,179,168,234,181,146,140,153,139,161
ddx39b,759,922,803,670,851,890,711,715,647,626,633,613
ddx3x,6681,7428,8234,7568,8952,9382,7622,8046,8461,9004,7340,7250
ddx3y,2738,2895,3083,2947,2945,3616,2824,2851,2812,2974,2682,2598
ddx4,0,4,0,1,1,0,1,2,0,1,0,1
ddx41,531,612,728,551,618,610,525,495,521,403,533,494
ddx42,880,954,1146,951,1235,1230,975,886,946,903,891,865
ddx43,1,0,0,0,1,1,0,1,2,0,2,0
ddx46,1033,1163,1445,1073,1242,1230,1168,978,1144,952,1098,858
ddx47,585,627,686,533,720,680,570,488,565,512,586,523
ddx49,318,457,416,398,412,438,369,367,381,322,357,311
ddx5,9854,10901,12442,9891,14017,12384,12368,9658,12571,9991,12420,8778
ddx50,1514,1449,1636,1410,1731,1887,1490,1456,1485,1700,1398,1450
ddx51,115,150,166,133,188,173,149,134,157,105,135,153
ddx52,647,535,839,599,701,707,554,557,636,686,648,669
ddx54,634,744,734,671,896,724,675,594,714,462,563,626
ddx55,105,135,125,103,171,132,122,122,149,91,102,108
ddx56,414,539,543,507,632,593,486,490,465,464,386,488
ddx59,101,118,140,110,152,100,105,107,117,113,116,125
ddx6,2209,2090,2564,2128,2981,2469,2458,2123,2603,2148,2366,3064
ddx60,394,343,582,325,515,379,424,433,391,523,532,465
deaf1,133,144,166,106,190,136,179,139,170,120,173,161
decr1,3564,4019,4848,3865,5244,4592,3862,4002,3917,4982,4549,3961
decr2,2884,3399,3548,3207,4231,3568,2781,3124,3012,3541,3268,3189
dedd,360,333,354,269,316,392,272,288,306,267,274,259
dedd2,476,441,720,406,576,543,466,448,598,355,532,450
def6,14,9,15,10,30,5,19,16,26,5,22,16
def8,664,766,816,578,770,738,611,585,565,516,523,646
defa5,0,0,0,0,0,0,0,0,0,0,5,0
defb1,85,13,62,26,48,21,25,23,33,16,25,26
degs1,2084,2068,2495,1637,2484,2144,1956,1715,2080,1816,1964,1860
degs2,22,7,18,17,22,11,11,16,23,8,100,8
dek,1142,1144,1392,1094,1305,1236,1150,1078,1223,1132,1157,1031
dennd1a,290,313,301,268,364,271,258,271,334,253,306,335
dennd1b,901,960,1160,886,1235,1145,975,895,1034,860,1089,969
dennd1c,65,85,74,50,88,62,73,74,80,47,80,61
dennd2a,99,91,94,74,130,130,146,74,120,73,115,105
dennd2c,33,38,47,24,46,58,47,34,53,33,60,34
dennd2d,229,219,288,171,279,302,251,213,273,216,310,193
dennd3,122,88,137,83,141,101,118,83,143,72,124,100
dennd4a,1061,1091,1335,1101,1048,1197,960,1036,1175,1254,922,1376
dennd4b,125,100,159,93,165,124,136,94,143,73,124,127
dennd4c,1256,1372,1476,1304,1493,1397,1361,1286,1349,1224,1311,1343
dennd5a,1152,938,1223,838,1473,1092,1095,869,1193,745,1003,956
dennd5b,2703,3413,3404,3458,3945,3671,2955,3037,3675,3189,3608,2863
dennd6a,747,851,955,716,1108,868,775,715,836,678,825,711
dennd6b,63,109,106,68,101,101,82,82,91,65,77,73
denr,507,669,686,559,649,704,538,533,515,603,456,485
depdc1b,6,0,3,6,4,1,4,2,5,6,7,1
depdc5,315,377,347,271,419,347,308,349,358,288,315,319
depdc7,706,919,1160,633,808,1055,922,787,824,857,849,835
deptor,2563,3351,3805,3228,3935,3666,3897,2976,4109,3054,3170,3872
dera,1203,1433,1634,1095,1607,1354,1181,1212,1223,1433,1293,1269
derl1,2710,3055,3242,2685,3175,3734,2535,2767,2642,2696,2350,2690
derl2,1973,2314,2428,1739,2350,2326,1807,2599,1900,2318,1737,2073
derl3,109,333,40,57,41,63,67,51,109,20,32,34
des,145,144,134,90,175,122,146,146,167,75,218,363
desi1,437,482,507,447,564,522,422,382,507,332,450,435
desi2,619,475,506,347,546,527,452,366,497,368,470,365
det1,124,93,129,79,141,123,115,82,79,83,79,110
dexi,262,257,298,191,296,284,208,232,261,182,220,269
dffa,203,267,299,285,281,326,273,265,273,244,203,237
dffb,26,47,62,62,61,50,70,42,74,43,60,28
dgat1,393,392,514,414,493,437,398,402,445,369,865,399
dgat2,6559,11670,9711,9691,13824,10148,9498,9319,11412,8275,9837,8379
dgat2l6,4,8,5,1,3,7,3,8,5,4,3,4
dgcr2,1321,1593,1532,1317,1988,1495,1483,1278,1606,995,1334,1393
dgcr6,471,673,635,499,669,606,449,596,592,551,457,664
dgcr8,306,303,369,285,346,344,319,293,324,274,295,299
dgka,135,204,211,168,218,175,185,144,218,147,270,137
dgkb,4,3,3,5,1,3,1,2,3,3,3,5
dgkd,527,672,640,612,866,678,666,564,825,457,827,606
dgke,103,105,123,81,128,138,111,84,133,108,117,121
dgkg,14,0,9,4,13,7,7,5,17,4,7,5
dgkh,38,35,36,79,77,59,44,32,81,30,54,38
dgki,2,0,3,0,1,0,1,2,0,1,4,2
dgkk,0,0,0,0,0,0,0,0,0,0,0,0
dgkq,451,558,654,432,549,675,619,486,644,416,523,507
dgkz,640,544,757,665,960,699,741,521,789,410,719,547
dguok,220,200,248,198,236,233,202,175,219,182,190,201
dhcr24,12215,11827,10794,9005,17086,12254,10731,8676,12174,7628,9500,10040
dhcr7,962,1236,863,623,1101,993,625,1089,853,853,575,1395
dhdds,474,551,478,362,540,536,399,339,335,325,365,373
dhdh,3573,4812,5069,3776,5169,4164,4193,3790,4378,4033,4186,3610
dhfr,1127,1087,1375,1089,1496,1122,1271,992,1359,1107,1368,1061
dhh,6,4,1,5,9,8,5,4,3,5,5,5
dhodh,137,214,199,156,225,171,176,151,173,116,161,148
dhps,164,213,217,167,284,205,206,180,233,172,190,158
dhrs1,1828,2767,2436,2053,2817,2588,2274,2408,1958,2361,2159,2067
dhrs11,381,418,365,286,455,348,340,307,357,268,392,296
dhrs13,80,68,66,72,96,85,66,60,67,66,63,64
dhrs2,0,2,1,0,0,1,0,0,0,0,0,0
dhrs3,2357,1881,2547,1462,2247,1730,1698,1707,1738,1855,1603,2110
dhrs4,1677,1911,2044,1733,2230,1928,1894,1770,1851,2104,1814,1701
dhrs7,444,582,593,361,802,510,559,522,592,621,624,524
dhrs7b,399,514,492,358,446,467,362,428,364,476,334,481
dhrs7c,0,0,1,0,0,1,0,0,0,0,0,15
dhrs9,394,84,345,41,157,89,145,83,111,103,60,141
dhtkd1,1162,1231,1609,1085,1668,1254,1294,1077,1288,1043,1332,1324
dhx15,1778,1955,2210,1751,2382,2250,1979,1820,1804,1839,1764,1634
dhx16,744,830,842,725,909,898,771,717,821,603,759,631
dhx29,391,405,372,302,349,415,305,281,266,304,253,289
dhx30,548,653,682,518,798,697,580,596,613,455,537,560
dhx32,594,643,745,526,576,684,493,643,507,654,512,691
dhx33,448,442,586,501,683,712,491,624,536,502,425,521
dhx34,190,179,171,141,186,190,151,114,228,101,122,166
dhx35,138,129,200,119,179,117,155,103,134,112,140,137
dhx36,1341,1371,1559,1368,1516,1573,1403,1229,1281,1307,1297,1363
dhx37,161,235,189,181,234,244,183,152,160,148,178,206
dhx38,523,548,552,441,631,605,504,416,464,379,460,377
dhx40,1247,1039,1382,1046,1178,1436,1062,829,1051,983,1091,997
dhx57,320,276,351,283,339,358,269,263,280,226,265,318
dhx58,267,273,286,163,315,241,228,246,205,217,248,247
dhx8,479,526,543,458,593,534,448,417,521,363,481,400
dhx9,1208,1155,1418,1298,1286,1382,1384,1245,1486,1163,1385,1756
diablo,601,647,665,530,621,633,550,550,485,535,527,514
diaph1,957,807,827,824,931,906,806,767,833,762,831,1015
diaph2,508,411,687,446,704,498,489,436,657,401,535,543
diaph3,33,11,38,33,42,14,27,20,22,14,28,17
dicer1,972,1047,1306,1149,1357,1370,1089,935,1145,843,967,1146
dido1,1113,1255,1257,1148,1552,1417,1236,1118,1467,1044,1290,1094
dimt1,103,119,145,99,136,114,111,95,91,99,100,76
dio1,1682,2071,2710,1304,1401,1729,1791,1938,1440,1741,1637,1694
dio2,1,0,0,1,1,0,0,0,0,7,0,1
dio3,2,1,0,0,1,2,0,2,0,2,0,0
dip2a,149,103,144,85,192,104,148,89,145,67,168,129
dip2b,420,391,457,367,528,378,457,369,461,341,375,369
dip2c,652,708,785,692,878,693,714,658,726,599,701,694
diras1,0,1,0,0,0,0,0,0,0,0,0,0
diras2,3,2,2,1,1,3,2,1,5,1,5,9
dis3,174,272,260,247,236,311,183,220,184,225,184,189
dis3l,429,487,513,343,506,507,419,370,404,398,441,438
dis3l2,331,430,491,453,442,407,382,470,401,400,396,394
disc1,13,9,16,9,26,17,17,15,19,8,11,5
disp1,57,44,55,44,71,43,70,45,44,38,54,52
disp2,16,114,39,93,52,50,52,88,33,78,49,77
dixdc1,481,480,630,357,569,498,482,508,724,526,575,565
dkc1,375,474,627,413,579,521,481,466,538,480,445,361
dkk1,4,5,1,1,4,6,4,5,11,1,5,2
dkk2,16,11,14,22,9,9,3,10,12,6,10,9
dkk3,207,69,166,86,218,68,183,87,220,84,216,120
dkk4,3,6,7,3,0,3,5,8,6,4,3,16
dkkl1,0,1,1,3,1,1,1,3,2,2,3,0
dlat,787,968,992,901,1204,973,790,1180,900,1178,863,1122
dlc1,1060,1074,1073,779,1362,1088,1017,868,1145,879,1145,1307
dld,3203,3552,4096,3027,3983,3693,3113,3196,3299,3731,3535,3114
dlec1,10,40,19,24,35,46,32,18,59,36,43,39
dleu7,2,0,1,1,1,0,1,0,1,0,1,1
dlg1,1190,1386,1497,1326,1459,1401,1167,1232,1479,1177,1246,1295
dlg2,13,3,6,5,16,4,18,7,27,3,16,11
dlg3,423,440,520,391,453,453,431,376,487,396,443,439
dlg4,14,11,15,15,29,14,26,9,18,6,19,15
dlg5,95,55,103,61,86,69,101,63,107,62,108,116
dlgap1,56,87,68,80,73,92,95,108,96,72,117,91
dlgap2,0,0,0,0,0,0,0,0,0,0,0,0
dlgap3,0,0,0,1,3,2,2,1,2,0,3,0
dlgap4,151,136,142,121,190,140,138,141,199,115,150,172
dlgap5,21,15,27,25,22,9,21,23,18,11,24,10
dlk1,3,1,0,0,0,1,1,0,0,0,1,0
dlk2,1,2,0,0,0,0,1,0,0,0,1,0
dll1,46,60,106,54,126,76,82,72,161,80,89,72
dll3,9,9,2,3,2,1,3,6,3,1,5,3
dll4,107,92,100,82,133,77,126,75,100,53,87,88
dlst,2772,3670,3927,3150,3993,3584,3156,2921,2972,3081,2996,2906
dlx1,4,7,7,5,1,11,6,10,5,5,14,3
dlx2,0,0,0,0,0,0,1,0,0,0,0,0
dlx3,0,0,0,0,0,0,0,0,0,1,0,0
dlx4,0,6,2,1,1,3,3,4,1,4,3,9
dlx5,0,0,0,0,0,0,0,0,0,0,0,0
dlx6,218,271,130,151,79,30,64,48,80,48,42,423
dmap1,216,258,270,187,231,240,192,185,194,197,195,192
dmbt1,1542,10271,558,13871,948,11433,7878,4875,37186,143,5634,1308
dmbx1,0,3,0,3,1,2,1,1,3,0,4,0
dmc1,0,0,0,0,0,0,0,2,1,0,0,0
dmd,757,1047,993,848,1121,1016,806,703,822,683,893,673
dmgdh,9032,9573,10313,8291,10333,11452,6698,9324,7249,9494,6745,11014
dmkn,21,20,47,41,55,18,88,11,49,30,39,39
dmp1,2,1,6,5,2,1,1,2,5,1,2,1
dmpk,415,227,328,210,466,213,274,237,321,121,275,216
dmrt1,0,0,0,0,0,0,0,0,0,0,0,0
dmrt2,0,10,3,6,3,9,0,10,3,4,0,7
dmrt3,0,0,0,0,0,1,2,0,0,0,0,1
dmrta1,12,12,17,13,16,29,15,76,21,58,23,54
dmrta2,1,0,1,0,0,0,0,1,0,0,1,1
dmrtb1,0,0,0,0,0,0,0,0,0,0,0,0
dmrtc2,0,0,0,0,0,0,0,0,0,0,0,0
dmtf1,589,655,749,527,721,731,621,579,675,596,583,595
dmtn,16,7,7,7,13,11,10,15,9,9,9,7
dmwd,236,230,268,227,305,271,264,187,290,138,261,204
dmxl1,1908,2058,2244,1951,2441,2096,2083,1913,2100,1926,2064,1937
dmxl2,1233,1559,1420,1336,1260,1618,1104,1304,1351,1191,1172,1476
dna2,207,302,320,243,234,346,247,239,288,239,268,258
dnaaf1,2,0,2,1,3,3,1,1,2,0,12,1
dnaaf2,109,122,144,105,137,128,114,120,124,108,99,101
dnaaf3,18,7,15,12,20,12,11,10,16,6,11,8
dnaaf5,100,139,152,141,167,154,134,99,126,81,99,107
dnah1,26,9,9,3,11,9,10,5,7,6,7,14
dnah10,1,0,1,1,3,0,1,2,0,1,3,3
dnah11,5,6,3,2,4,3,3,3,1,8,4,2
dnah12,15,2,19,4,15,2,13,1,17,3,6,7
dnah14,24,28,25,28,20,19,10,23,28,23,30,32
dnah17,23,30,18,13,19,34,26,24,33,17,24,32
dnah2,19,8,15,14,6,10,12,10,17,8,28,6
dnah3,1,1,0,1,1,0,2,0,2,2,0,0
dnah5,9,7,7,7,5,8,0,5,5,8,6,7
dnah6,0,0,1,2,0,1,1,3,0,5,2,1
dnah8,20,6,36,18,26,9,15,23,18,17,48,27
dnah9,3,3,3,3,0,3,3,1,3,1,5,3
dnaja1,5088,6283,5962,5690,7237,7321,5354,6898,5031,6997,4838,4985
dnaja2,2112,2576,2591,2507,3244,2832,2540,2299,2603,2463,2581,2027
dnaja3,1766,2370,2167,2107,2173,2425,1730,1656,1657,1663,1616,1544
dnaja4,115,126,97,86,118,139,76,156,93,116,105,137
dnajb1,363,435,404,377,508,440,387,519,452,396,377,315
dnajb11,2000,2873,1876,1585,1886,2583,1460,1489,1431,1360,1401,1320
dnajb12,800,926,1044,866,1063,917,785,726,842,678,786,824
dnajb13,25,14,22,17,19,16,22,9,24,18,26,16
dnajb14,648,709,640,558,639,719,581,564,532,550,533,585
dnajb2,789,1007,694,603,827,914,610,777,591,757,536,647
dnajb4,788,876,796,790,905,938,675,983,791,949,743,718
dnajb5,62,55,58,79,107,91,81,68,104,32,59,74
dnajb6,1420,2156,1855,1780,2276,2031,2155,1717,2076,1730,2073,1457
dnajb7,6,9,7,7,4,3,3,9,7,3,9,4
dnajb8,2,0,0,0,0,0,0,1,1,0,0,1
dnajb9,1178,726,835,1523,1725,2114,814,1188,947,1297,820,908
dnajc1,789,1060,908,812,881,981,850,821,837,741,730,738
dnajc10,1190,1126,1485,1099,1430,1420,1272,983,1254,1012,1178,1021
dnajc11,847,1224,1081,1155,1348,1483,990,947,970,903,831,832
dnajc12,368,229,269,204,227,802,228,183,252,208,196,231
dnajc13,1294,1207,1546,1209,1587,1304,1349,1063,1473,1087,1303,1305
dnajc14,869,883,996,783,1098,985,852,888,972,753,807,823
dnajc15,511,635,642,542,676,535,500,525,485,579,514,507
dnajc16,294,328,332,343,378,391,312,261,342,212,301,319
dnajc17,50,63,50,40,73,68,43,53,42,51,35,34
dnajc18,242,297,288,226,272,382,264,220,241,201,217,197
dnajc19,1169,1249,1428,1053,1488,1154,1181,1207,1295,1374,1298,1213
dnajc2,466,429,569,434,529,590,425,407,441,439,410,346
dnajc21,396,450,461,406,427,494,380,404,381,364,404,344
dnajc22,2161,2706,2621,2149,2556,2783,2233,2526,2305,2421,1866,2230
dnajc24,117,114,141,96,125,129,101,101,95,115,122,103
dnajc25,349,540,438,452,473,555,424,399,414,414,410,361
dnajc27,24,31,39,25,32,36,35,25,40,20,36,25
dnajc28,299,337,442,308,358,443,282,240,281,283,283,289
dnajc3,8188,11214,8365,6573,7234,9670,6902,7036,6359,6771,5572,5669
dnajc30,212,256,267,200,277,263,220,181,200,143,177,177
dnajc4,133,153,192,142,177,148,149,162,149,119,154,166
dnajc5,1236,1265,1503,1458,1713,1759,1331,1281,1431,1191,1278,1156
dnajc5b,0,0,0,0,0,0,0,0,0,0,0,0
dnajc5g,0,0,0,0,0,0,0,0,0,0,0,0
dnajc6,8,15,6,7,15,14,10,12,17,13,9,12
dnajc7,857,960,1075,761,990,998,841,820,792,810,910,831
dnajc8,540,599,732,523,681,592,574,538,511,543,499,487
dnajc9,134,164,180,142,194,169,147,115,145,112,124,104
dnal1,48,60,47,40,46,53,48,46,76,45,62,48
dnal4,103,103,111,93,137,108,103,67,88,67,71,79
dnali1,2,2,3,2,4,1,1,4,6,4,3,4
dnase1,17,29,23,24,14,33,18,22,23,31,43,27
dnase1l1,142,97,181,94,179,103,170,104,181,138,150,150
dnase1l2,15,14,19,6,15,19,16,16,21,13,22,17
dnase1l3,822,910,919,660,1164,767,766,672,790,598,841,847
dnase2b,702,695,689,516,602,692,610,590,695,703,530,650
dnd1,5,8,12,3,7,15,13,11,7,6,3,12
dner,0,1,1,0,1,2,1,0,1,0,0,0
dnhd1,31,32,22,24,39,38,24,36,30,19,17,33
dnlz,358,387,383,287,468,373,331,313,334,283,303,282
dnm1,13,6,20,16,15,6,21,10,25,3,54,7
dnm1l,1009,1346,1275,910,1210,1159,1029,1121,948,1041,1023,1080
dnm2,1017,1093,1066,930,1210,1096,962,829,978,666,969,872
dnm3,20,14,16,16,20,21,18,21,28,16,27,29
dnmbp,356,400,335,356,436,374,312,317,373,294,411,367
dnmt1,366,317,457,324,464,371,371,378,343,275,324,386
dnmt3a,574,535,710,484,767,621,654,507,753,401,674,569
dnmt3b,47,30,40,21,29,35,35,24,29,20,19,39
dnmt3l,0,0,0,0,1,2,1,0,0,1,0,0
dnpep,1226,1241,1382,820,1360,1182,1064,888,1014,810,993,832
dnph1,140,167,176,127,218,150,134,131,106,124,123,112
dntt,52,42,42,22,46,59,27,65,20,56,21,68
dnttip1,217,171,259,189,238,212,194,143,163,154,208,179
dnttip2,590,805,758,662,840,819,645,650,668,708,594,548
doc2a,0,0,1,1,0,0,0,0,1,0,0,0
doc2b,2,4,8,3,5,3,3,3,9,4,3,4
dock1,753,826,887,792,970,825,917,648,906,496,866,714
dock10,715,368,762,464,951,411,656,483,752,437,673,460
dock11,257,119,269,157,342,132,255,140,241,125,298,183
dock2,482,221,565,213,715,245,597,338,541,274,428,455
dock3,20,17,34,31,32,40,30,34,34,30,41,39
dock4,630,686,608,656,766,735,644,570,707,566,718,899
dock5,543,745,719,655,925,798,700,613,760,494,771,669
dock6,274,352,235,168,363,248,325,334,322,223,254,398
dock7,481,363,559,366,616,426,496,458,565,509,500,503
dock8,1072,875,1170,642,1327,705,972,889,1181,716,1104,1135
dock9,373,530,504,444,637,474,551,438,592,461,564,474
dohh,388,523,519,475,555,490,460,428,514,398,413,407
dok1,69,51,83,49,102,42,89,46,85,33,66,45
dok2,129,58,99,55,156,60,117,63,103,53,74,70
dok3,54,36,66,35,61,33,61,37,53,36,37,25
dok4,29,25,23,38,55,35,35,26,38,33,80,26
dok5,54,52,52,40,58,60,51,40,46,52,53,38
dok6,24,43,20,28,26,50,22,21,42,30,35,25
dok7,0,2,2,1,2,2,2,1,2,2,1,2
dolk,249,340,369,357,395,319,285,254,292,300,259,289
dolpp1,214,256,258,223,271,290,239,216,242,203,182,224
donson,67,84,87,72,90,82,89,72,75,71,96,88
dot1l,112,129,141,118,168,145,165,147,221,115,152,210
dpagt1,515,497,556,457,556,543,456,407,441,341,404,356
dpep1,106,27,73,41,90,28,79,26,84,32,247,29
dpep2,30,10,96,30,133,21,110,10,110,26,44,62
dpep3,1,0,1,2,1,1,0,0,2,0,0,0
dpf1,5,2,4,3,0,5,6,0,5,2,4,6
dpf2,343,397,373,344,423,414,343,315,404,264,319,303
dpf3,11,13,22,14,31,10,21,17,13,10,19,13
dph1,335,355,360,380,404,425,266,273,302,282,284,331
dph2,48,73,64,50,95,96,71,66,63,55,51,48
dph3,407,448,463,385,504,511,401,414,426,419,429,366
dph5,185,262,266,276,294,363,273,261,230,238,203,226
dph6,114,81,84,68,86,99,76,83,74,86,72,106
dph7,102,113,137,97,123,122,108,67,101,82,93,95
dpm1,749,1111,1113,862,1041,1038,872,725,865,834,855,630
dpm2,260,239,265,190,265,279,185,219,245,183,185,157
dpm3,389,478,487,329,512,398,418,361,364,357,363,392
dpp10,100,102,124,91,94,138,111,113,118,92,108,114
dpp4,4027,4470,5676,3670,5294,4456,4365,4299,4699,5064,4689,4406
dpp6,38,34,23,55,52,56,25,41,48,31,38,38
dpp7,604,509,780,451,645,509,646,520,611,426,511,468
dpp8,1669,1684,2082,1494,2187,1766,1768,1435,1773,1561,1759,1510
dpp9,603,739,653,555,617,879,510,501,533,458,435,620
dppa2,1,0,0,0,0,1,0,2,3,1,0,0
dppa3,5,1,3,1,5,3,3,2,9,2,1,5
dppa4,0,0,0,0,0,0,0,0,0,0,0,0
dpt,396,185,462,196,654,192,527,176,554,157,779,262
dpy19l1,1401,1886,1630,1714,1586,2020,1391,1518,1349,1421,1173,1518
dpy19l2,1,0,0,1,1,0,1,0,0,0,0,0
dpy19l3,143,432,236,336,226,351,314,586,222,446,171,758
dpy19l4,639,590,754,545,833,618,621,514,673,481,629,556
dpy30,357,361,436,281,428,317,331,345,320,355,337,347
dpyd,12825,12567,15075,11449,15399,14123,13459,12402,13856,14144,12693,14221
dpys,4142,4612,4957,4206,5699,4114,4570,4061,4500,4933,4555,3676
dpysl2,477,375,491,318,733,339,521,326,503,322,552,514
dpysl3,138,82,144,86,206,83,165,65,150,59,152,98
dpysl4,2,2,2,1,3,7,3,4,7,2,5,7
dpysl5,2,11,1,2,3,1,10,2,10,5,3,8
dqx1,195,191,208,137,250,152,217,152,227,136,264,159
dr1,493,490,532,417,705,596,515,415,561,445,541,446
dram1,117,48,113,78,163,52,132,66,125,59,76,72
dram2,1822,1388,2096,1410,2003,1575,1591,1587,1561,1969,1622,1577
drap1,677,761,732,592,963,736,611,659,623,664,605,572
draxin,1,4,6,7,5,2,3,3,3,5,4,2
drc1,25,26,27,16,33,22,28,17,30,24,26,33
drc7,0,0,0,1,1,0,0,0,0,0,1,0
drd1,0,3,5,3,1,5,2,3,1,4,5,6
drd2,0,0,0,0,0,0,0,0,0,0,0,0
drd3,0,0,0,0,0,0,0,0,0,0,0,0
drd4,0,0,0,0,0,0,0,0,1,0,0,0
drd5,0,0,0,0,0,0,0,0,0,0,0,0
drg1,1045,1165,1193,918,1176,1035,980,874,950,919,978,832
drg2,652,782,758,599,819,687,613,617,636,517,549,619
drosha,149,128,172,136,201,156,171,132,149,122,176,172
drp2,6,8,11,6,2,7,8,14,7,5,10,6
dsc1,0,0,1,0,2,0,0,0,0,0,0,0
dsc2,1054,995,1316,798,1468,944,1201,1058,1941,1058,1600,1432
dsc3,0,0,1,0,0,1,0,1,0,0,0,1
dscam,2,2,3,1,2,1,0,3,1,0,3,1
dscaml1,1,0,0,0,5,1,0,5,1,0,0,2
dscc1,17,27,22,27,34,23,20,29,34,24,35,37
dse,675,437,661,456,964,456,599,415,585,431,560,465
dsel,96,91,97,75,117,76,95,75,104,75,90,93
dsg2,1454,1744,1982,1488,2382,1757,2091,1873,2266,1697,2151,2524
dsg3,1,0,4,0,2,4,2,0,0,0,1,2
dsg4,0,0,0,0,0,0,0,1,0,0,0,0
dsn1,16,15,39,29,32,14,22,21,40,19,44,23
dsp,1209,1631,1550,1524,1903,1781,1674,1228,2037,1232,1797,1536
dspp,0,0,0,0,0,0,0,0,0,0,0,0
dst,3017,3520,3628,3317,4289,3796,3875,2252,3931,1778,3548,2547
dstn,4648,5220,5582,4286,5506,5240,4346,4238,4286,4681,5433,4083
dstyk,367,394,468,354,442,422,420,401,438,364,410,442
dtd1,171,208,219,185,234,202,147,217,170,199,173,195
dtd2,216,265,242,185,261,252,205,197,212,205,206,231
dthd1,3,1,1,0,0,0,0,0,1,0,0,0
dtl,28,38,62,45,31,48,45,31,37,19,39,40
dtna,13,12,17,13,28,16,19,14,23,13,20,24
dtnb,541,604,615,567,638,628,605,527,655,466,568,540
dtnbp1,499,494,639,511,734,542,513,458,619,564,465,563
dtwd1,131,179,168,193,160,238,126,151,141,185,118,134
dtwd2,71,79,93,76,101,83,71,80,77,85,77,90
dtx1,17,17,12,14,16,14,16,24,21,11,19,22
dtx2,81,91,90,73,89,98,80,68,99,75,87,65
dtx3,71,44,75,30,72,47,63,44,119,26,83,48
dtx3l,1485,1658,1787,1571,1738,2056,1323,1324,1278,1436,1260,1524
dtx4,384,162,417,199,281,290,208,229,254,216,208,352
dtymk,255,306,258,234,311,296,254,262,213,266,241,266
duox1,2,2,6,1,2,3,4,3,2,0,1,5
duox2,10,2,1,9,0,3,4,1,31,0,23,0
duoxa1,0,0,0,0,0,0,0,0,0,0,0,0
duoxa2,3,2,0,1,0,2,0,0,5,0,8,0
dus1l,1349,1346,1535,1265,1464,1530,1319,1132,1314,1211,1122,1107
dus2,155,208,135,104,170,167,128,131,116,151,106,122
dus3l,221,183,219,211,269,230,218,174,210,153,178,208
dus4l,68,86,93,58,90,80,81,66,69,62,78,69
dusp1,499,1291,1093,409,996,692,1047,971,1570,896,865,526
dusp10,108,74,87,58,99,80,60,79,79,78,68,100
dusp11,1021,1145,1298,1084,1479,1306,1269,1116,1441,1037,1232,1011
dusp12,381,393,463,327,527,382,332,357,339,371,310,405
dusp14,44,18,24,9,28,27,22,9,24,6,13,17
dusp15,0,0,2,0,0,0,0,0,0,0,0,0
dusp16,778,772,688,585,917,685,616,751,822,780,788,902
dusp18,5,7,5,0,6,4,7,2,8,3,7,5
dusp19,153,172,225,108,170,139,138,145,139,140,146,136
dusp2,6,8,16,4,9,10,7,25,19,10,21,11
dusp21,0,0,0,0,0,0,0,0,0,0,0,0
dusp22,211,158,251,166,263,216,232,151,221,163,188,174
dusp23,115,103,120,94,126,127,82,110,74,112,68,100
dusp26,2,14,2,28,4,17,14,7,72,0,4,9
dusp28,148,179,216,161,191,174,186,155,156,157,180,163
dusp3,1080,1172,1303,993,1540,1258,1203,975,1158,933,1106,935
dusp4,41,46,65,45,48,45,55,40,60,44,43,54
dusp5,36,24,37,21,47,21,38,27,38,23,41,26
dusp6,581,1063,562,483,1489,830,660,819,944,831,830,698
dusp7,111,104,154,85,161,116,139,92,158,69,115,77
dusp8,29,14,13,11,9,5,10,7,19,10,14,21
dusp9,4,1,3,1,2,3,4,1,4,1,4,3
dut,206,183,213,139,197,142,207,189,163,183,186,196
dvl1,1052,1313,1199,1108,1418,1388,1174,1077,1371,864,1090,1085
dvl2,78,98,143,85,149,105,149,88,130,83,111,111
dvl3,72,83,80,87,77,89,82,73,131,53,68,116
dxo,308,325,311,331,302,369,303,231,276,202,273,214
dydc1,0,0,0,0,0,0,0,0,0,0,0,0
dydc2,0,1,0,0,0,0,0,0,0,0,0,0
dym,329,550,430,514,495,523,391,416,379,360,391,472
dynap,0,0,0,0,0,0,0,0,0,0,0,0
dync1h1,3950,4377,5081,4654,5942,5000,4846,4210,5740,3467,4993,4871
dync1i1,0,1,2,0,0,0,4,0,2,1,1,1
dync1i2,1233,1201,1444,1038,1377,1304,1112,1115,1117,1230,1102,1085
dync1li1,449,508,588,449,683,543,471,388,533,421,544,451
dync1li2,674,711,849,622,864,744,751,694,773,708,699,593
dync2h1,176,296,266,255,341,308,432,232,497,218,356,217
dync2li1,36,18,40,17,44,14,36,15,49,19,34,30
dynll1,633,357,441,233,554,443,441,316,363,250,347,245
dynll2,1102,1425,1247,1079,1430,1289,1090,1258,1254,1175,1201,1265
dynlrb1,694,824,854,637,821,763,652,695,601,748,619,692
dynlrb2,0,2,0,2,0,0,0,2,0,0,0,0
dynlt3,2275,2083,2410,1771,2548,2040,2087,2260,2181,2539,2019,2052
dyrk1a,563,509,630,521,620,565,559,459,592,444,542,533
dyrk1b,150,144,182,144,121,128,137,97,169,97,136,180
dyrk2,394,428,516,381,400,411,399,387,458,369,448,565
dyrk3,23,31,24,33,39,34,15,32,30,22,18,22
dyrk4,0,0,0,0,0,1,1,1,0,0,2,0
dysf,132,158,138,105,172,148,142,114,128,85,137,123
dytn,1,2,3,0,5,2,4,4,4,1,2,3
dzank1,55,39,43,27,45,45,52,36,36,33,46,40
dzip1,26,23,45,20,37,19,49,17,41,29,34,31
dzip1l,46,45,43,25,54,35,35,45,43,35,42,35
dzip3,127,135,128,95,152,128,134,106,139,104,149,111
e2f1,66,68,92,47,82,75,78,46,72,66,73,51
e2f2,128,39,52,30,69,46,49,39,59,43,38,40
e2f3,132,109,140,133,170,148,110,92,116,92,126,93
e2f4,195,178,225,188,259,243,178,198,200,134,186,174
e2f5,146,168,192,165,217,182,178,152,213,141,178,156
e2f6,260,303,310,251,297,351,242,254,252,219,235,249
e2f7,51,60,50,33,46,46,62,48,56,30,52,47
e2f8,219,157,395,162,136,213,220,170,83,139,106,210
e4f1,145,165,157,130,168,163,169,132,147,109,146,136
eaf1,617,806,760,779,946,964,694,709,732,651,607,697
eaf2,63,78,56,33,58,60,77,99,67,59,55,59
eapp,744,777,839,643,795,847,676,701,633,724,655,643
ears2,255,266,278,193,275,267,218,217,231,163,189,183
ebag9,361,355,409,341,442,395,337,366,384,417,364,357
ebf1,18,20,24,20,27,22,32,25,41,23,37,29
ebf2,0,2,0,2,2,4,1,0,3,5,3,4
ebf3,2,5,5,3,6,13,6,5,10,6,5,3
ebf4,2,3,5,5,4,0,2,4,7,1,1,3
ebi3,13,11,29,3,35,8,24,14,21,9,10,10
ebna1bp2,428,591,546,430,546,629,475,471,463,484,416,405
ebp,4128,5853,4897,4043,4888,4989,3675,4295,3815,4041,3461,4171
ebpl,1338,1424,1361,1098,1381,1483,1077,1590,1054,1607,1049,1500
ecd,586,669,683,578,738,712,561,569,582,489,481,498
ece1,3224,4164,3771,3837,4165,4034,3569,3532,3609,2913,3243,3860
ece2,137,213,213,123,236,179,176,101,158,128,157,139
ecel1,2,0,2,1,1,2,1,1,2,0,1,1
ech1,4550,5176,5333,5359,6087,5677,4555,5035,4791,6798,4695,5199
echdc1,2209,2816,2810,1803,2556,2636,1993,2503,1936,2716,1885,2285
echdc2,3044,3739,4091,3214,3554,3539,3371,3248,3433,2584,3167,3187
echdc3,1320,1414,1583,1128,1820,1281,1103,1232,1194,1331,1024,1360
echs1,5405,5648,6493,4311,7123,5131,4952,4882,5321,5252,5409,4838
eci1,1311,1610,1781,1546,1800,1737,1323,1330,1408,1743,1366,1347
eci2,2172,3231,2668,4668,3214,4214,2910,2703,3075,3831,3099,2674
ecm1,624,1110,537,960,970,894,759,622,764,616,787,1051
ecm2,73,44,77,44,103,29,58,41,61,48,94,53
ecscr,114,53,101,53,138,66,90,70,87,45,75,61
ecsit,633,838,779,573,946,688,715,597,723,598,630,641
ect2,33,45,50,66,78,32,56,32,40,34,60,36
ect2l,4,0,2,1,0,1,2,1,1,1,1,0
eda,28,49,26,40,58,31,24,25,55,32,45,37
eda2r,110,36,108,33,127,25,103,61,123,153,103,59
edar,7,0,5,1,4,2,3,1,4,1,2,2
edaradd,10,15,10,26,7,18,22,22,56,9,17,15
edc3,241,298,342,252,310,305,316,263,348,225,250,333
edc4,332,436,420,381,456,426,400,337,436,300,365,325
eddm3b,0,0,0,0,0,0,0,0,0,0,0,0
edem1,4610,4317,4037,3441,4976,5201,3568,3530,3863,3139,3267,3522
edem2,993,1081,1057,1009,1261,1170,936,806,1132,615,827,830
edem3,1401,1302,1632,1630,1772,2120,1331,1341,1518,1248,1176,1244
edf1,2050,2562,2267,2090,2544,2479,1991,1892,1851,1836,1819,1760
edil3,4,7,10,4,10,7,3,6,2,2,8,7
edn1,35,7,16,16,29,14,20,15,25,10,31,10
edn2,0,0,0,0,0,0,0,0,0,0,3,0
edn3,0,0,0,0,0,0,0,0,1,0,26,0
ednra,121,94,107,70,138,72,143,73,96,74,90,110
ednrb,605,528,896,419,1104,474,735,320,788,350,870,400
edrf1,579,803,642,610,854,832,630,601,775,633,691,537
eea1,1296,1616,1896,1449,1852,1602,1557,1569,1702,1748,1489,1590
eed,446,491,546,502,584,542,499,452,498,517,473,392
eef1a1,115435,129543,148363,102896,154115,124329,118987,110884,120865,110719,113562,103759
eef1a2,2,0,6,0,4,2,0,2,0,3,6,80
eef1akmt1,160,167,199,114,166,174,148,111,125,128,119,117
eef1b2,3631,3899,4448,3270,4197,3805,3378,3209,3585,3038,3551,3215
eef1d,1547,1878,1957,1489,2225,1876,1604,1427,1731,1419,1596,1397
eef1e1,160,217,227,221,222,242,222,191,204,199,181,169
eef1g,3201,3957,3700,3029,4324,3773,3199,2926,3182,2451,3006,2774
eef2,27460,27907,31439,24818,37349,28421,29197,22360,28853,19396,25604,23493
eef2k,216,332,359,307,526,361,431,250,529,197,398,245
eef2kmt,193,203,247,187,246,268,207,157,214,127,191,147
eefsec,463,588,585,470,620,556,515,512,479,448,496,515
eepd1,491,442,587,379,576,461,364,539,470,582,375,624
efcab11,3,1,5,6,9,4,3,3,4,3,3,3
efcab12,29,15,6,12,10,24,10,6,15,16,14,21
efcab14,475,490,550,419,584,524,433,428,492,394,517,523
efcab3,0,0,0,0,0,0,0,0,1,1,0,1
efcab5,5,0,2,1,1,0,2,0,1,4,5,2
efcab6,0,0,0,0,0,0,0,0,0,0,0,2
efcab7,36,30,33,23,32,30,33,11,36,27,32,21
efcab8,0,0,0,0,0,0,0,0,1,1,0,0
efcab9,0,0,0,1,0,0,2,0,1,0,3,0
efcc1,19,14,30,14,27,26,23,11,25,8,16,18
efemp1,408,304,341,332,449,301,409,361,412,413,378,517
efemp2,106,56,109,61,153,70,135,59,108,63,111,85
efhb,2,0,2,1,1,1,3,0,3,2,4,0
efhc1,11,4,7,1,9,3,9,3,6,8,12,4
efhc2,0,0,0,2,2,1,0,1,1,1,1,1
efhd1,6,5,2,2,1,3,2,8,4,4,1,6
efhd2,549,812,604,1028,1109,936,901,672,975,494,795,522
efl1,296,342,347,283,410,363,288,294,283,299,352,270
efna1,1152,755,781,338,804,784,578,550,628,622,552,665
efna2,1,3,0,2,6,0,2,1,3,0,6,4
efna3,81,36,69,17,43,46,47,90,92,60,82,80
efna4,2,1,3,4,3,3,6,1,6,1,7,3
efna5,72,53,58,67,63,54,74,46,55,77,49,106
efnb1,282,208,272,157,276,224,207,169,249,131,218,212
efnb2,106,86,88,88,123,68,112,61,96,39,114,80
efnb3,1,1,2,2,3,1,0,2,3,1,2,0
efr3a,1364,1482,1810,1352,1716,1746,1458,1412,1444,1411,1332,1444
efr3b,16,36,30,35,35,58,25,22,32,23,54,32
efs,16,1,7,4,12,2,10,4,14,0,6,12
eftud2,500,472,511,450,549,504,491,411,423,348,462,439
egf,32,66,38,79,40,72,41,30,151,28,36,37
egfl6,16,5,14,8,9,10,14,12,14,9,14,16
egfl7,621,555,736,477,837,583,673,525,779,519,649,473
egfl8,9,12,15,6,11,7,11,7,12,8,8,7
egflam,22,8,11,5,13,11,10,13,15,8,29,12
egfr,22100,31319,24351,28869,29459,43238,23732,18359,20298,13581,20769,14704
egln1,383,415,423,340,499,395,388,318,372,309,347,374
egln2,909,1016,1113,986,1348,1048,1008,939,1148,810,936,897
egln3,205,175,223,206,256,232,250,263,291,247,240,287
egr1,662,190,74,88,146,141,69,264,114,180,349,479
egr2,13,4,21,8,34,13,33,8,27,12,21,25
egr3,0,1,2,1,0,0,1,1,2,1,3,1
egr4,0,0,0,1,0,0,0,0,0,0,0,0
ehbp1,300,310,378,282,340,311,314,302,337,295,316,316
ehbp1l1,338,185,364,171,407,210,279,255,275,207,283,243
ehd1,791,647,741,590,1043,727,701,574,640,470,599,689
ehd2,119,83,94,82,136,102,132,79,141,69,113,108
ehd3,1629,2116,1667,1487,2604,1605,1630,1290,1509,1176,1649,1410
ehd4,305,189,275,149,386,224,297,166,277,128,272,263
ehf,32,28,25,36,35,62,41,24,65,28,150,21
ehhadh,4587,5290,6990,4484,8379,6124,4702,5947,5731,8003,5594,5048
ehmt1,467,651,573,632,699,668,540,593,604,513,576,541
ehmt2,1065,1013,1287,1027,1498,1079,1123,920,1249,817,1063,955
ei24,3301,2991,3819,2816,3455,3129,2702,2731,2715,3055,2643,2727
eid1,308,210,285,215,306,241,235,204,270,186,290,231
eid2,17,14,14,9,12,10,14,8,10,7,15,12
eid2b,68,41,67,42,66,72,36,45,30,48,52,43
eid3,10,18,20,15,24,16,22,22,23,11,27,26
eif1,1802,1864,1588,1742,2122,1870,1554,1728,2547,1828,1927,2707
eif1ad,381,437,423,423,491,506,340,324,333,332,331,326
eif1ax,1076,1198,1419,954,1337,1232,1182,1106,1133,1163,1143,1015
eif1b,239,299,275,237,348,290,241,231,216,238,255,244
eif2a,1186,1225,1358,1104,1432,1309,1179,1043,1291,1146,1232,941
eif2ak1,732,895,1008,828,1018,834,823,741,891,696,875,768
eif2ak2,711,877,882,706,949,940,690,800,720,746,752,728
eif2ak3,406,362,382,477,590,675,354,385,555,335,304,332
eif2ak4,291,248,276,226,309,298,254,209,277,229,235,265
eif2b1,440,504,582,509,608,667,528,460,505,401,454,406
eif2b2,305,297,305,313,319,338,262,205,266,199,243,282
eif2b3,193,235,248,217,244,318,247,198,183,202,157,206
eif2b4,476,576,553,553,520,857,445,454,462,432,317,430
eif2b5,833,1083,1062,820,1112,1025,850,803,866,810,752,758
eif2d,699,612,817,605,823,640,648,551,667,566,607,523
eif2s1,1221,1520,1483,1219,1499,1610,1297,1216,1197,1312,1108,1013
eif2s2,2180,2419,2701,2071,2286,2543,2116,2237,2188,2525,1965,1997
eif3a,4263,4242,5317,4369,4972,5361,3961,3800,4458,4085,4047,3416
eif3b,1208,1573,1449,1276,1464,1574,1237,1142,1169,988,1121,1374
eif3c,3305,3904,4124,3156,3881,4050,3329,3368,3281,3320,3027,3158
eif3d,1390,1561,1569,1435,1787,1817,1322,1285,1293,1275,1129,1255
eif3e,2809,2657,3353,2140,3300,2736,2809,2680,2887,2881,2687,2414
eif3f,1150,1198,1122,1016,1705,1084,1075,918,1262,825,1124,1062
eif3g,882,1086,1083,982,1177,1268,907,854,826,784,746,727
eif3h,1681,1758,1890,1486,2194,1737,1582,1415,1698,1471,1696,1408
eif3i,1925,2249,2426,1804,2472,2343,2031,1891,2019,1915,1882,1753
eif3k,963,1040,1210,913,1264,977,1006,954,1030,792,941,892
eif3l,1863,2127,2295,1668,2366,2082,1908,1697,1955,1774,1684,1619
eif3m,2314,2399,2806,1995,2567,2289,2104,2197,2327,2404,2204,1872
eif4a1,11392,13474,14229,11836,14274,12825,10790,13858,10437,14066,10847,14602
eif4a2,10128,10065,12990,8675,12088,10106,9383,9204,9891,10749,10931,10708
eif4a3,643,682,789,704,884,830,601,587,584,553,636,627
eif4b,5250,5057,6823,5339,7488,5840,6067,4998,6305,4964,5695,5078
eif4e,1093,1385,1360,991,1247,1397,995,1092,905,1141,934,1028
eif4e1b,10,8,9,11,6,9,6,5,11,3,10,9
eif4e2,799,967,1015,798,1202,962,857,760,850,763,802,751
eif4e3,134,131,154,82,207,108,114,115,114,71,129,105
eif4ebp1,650,709,843,644,851,689,707,549,797,478,625,576
eif4ebp2,451,565,461,505,590,550,503,477,610,434,435,785
eif4ebp3,599,1671,532,1879,358,975,817,258,416,130,492,176
eif4enif1,425,489,490,393,527,477,410,389,487,336,431,369
eif4g1,6963,9204,8345,7918,10012,9940,7974,7723,8193,6795,6932,7368
eif4g2,9971,10439,11564,9397,12363,12150,10346,9793,11046,11177,9835,12064
eif4g3,685,651,579,575,724,690,583,558,631,464,515,749
eif4h,2747,3008,3037,2556,3401,3073,2637,2515,2523,2269,2465,2403
eif5,4072,4908,5157,5489,5277,5618,4666,4314,5037,4904,4941,4817
eif5a,3286,4422,3966,3255,4743,3927,3403,3377,3508,2941,3306,3217
eif5a2,27,25,34,22,50,30,43,43,50,26,38,31
eif5b,896,974,992,807,1049,1056,879,770,883,728,784,801
eif6,1030,1113,1090,961,1277,1364,949,816,1006,790,954,727
elac1,186,214,256,192,248,224,181,163,184,175,177,173
elac2,399,489,557,432,578,495,404,403,412,343,392,409
elane,24,0,0,5,0,7,2,2,0,0,0,1
elavl1,693,802,783,764,840,915,696,706,726,663,651,714
elavl2,0,1,0,0,0,0,0,0,1,2,1,0
elavl3,7,7,2,7,3,11,4,2,2,4,12,2
elavl4,0,0,0,1,0,0,0,0,0,0,1,0
elf1,703,561,637,436,749,497,552,553,598,528,662,613
elf2,742,723,904,793,927,827,849,737,951,661,845,648
elf3,12,6,11,20,4,23,7,2,20,5,105,5
elf4,123,51,107,69,171,82,122,58,139,47,131,103
elf5,18,23,16,12,17,32,22,12,63,23,64,19
elfn1,4,2,0,1,2,1,3,0,6,2,6,0
elfn2,0,0,0,0,1,1,0,0,0,0,0,0
elk1,123,114,112,95,98,90,108,66,113,73,102,83
elk3,266,237,276,144,331,206,265,160,236,156,217,190
elk4,965,1130,1295,1188,1272,1288,1062,1050,1173,921,1045,1290
ell,297,393,405,307,394,467,357,229,361,259,305,326
ell2,1742,1970,1514,1629,1697,1531,1331,1656,1600,1470,1675,1497
ell3,40,94,86,52,158,44,99,45,127,50,105,41
elmo1,161,83,123,66,161,77,136,76,124,54,128,113
elmo2,287,199,335,224,336,244,258,194,274,194,213,217
elmo3,519,438,525,436,599,485,507,478,557,452,456,504
elmod1,0,1,0,0,0,0,0,0,0,0,0,0
elmod2,737,692,886,650,785,924,674,652,651,642,694,607
elmod3,169,214,165,178,222,229,179,162,186,180,184,158
eln,164,50,164,63,164,115,151,74,147,75,134,138
elof1,667,728,764,617,820,745,658,581,698,502,563,447
elovl1,596,625,685,437,756,698,632,490,560,425,534,516
elovl2,7516,9155,10867,8054,10255,10658,7685,10206,9018,7792,8786,9071
elovl3,555,1835,1113,2855,137,3506,130,3971,198,4062,129,5094
elovl4,1,0,0,1,0,0,0,0,1,0,1,1
elovl5,7915,5632,9750,5642,7996,9956,3531,10704,5031,11182,4757,10803
elovl6,2544,4172,3064,1968,6914,3044,2755,3213,3006,2459,3227,2326
elovl7,40,33,34,17,25,40,46,30,34,20,62,19
elp2,919,992,1019,776,973,1111,879,847,801,839,733,825
elp3,646,660,785,639,730,844,637,574,570,505,536,570
elp4,323,273,327,200,248,263,226,252,224,280,204,289
elp5,406,486,511,362,487,448,368,366,431,384,345,386
elp6,84,107,101,85,92,104,81,89,71,79,81,92
emb,99,34,78,24,84,33,77,42,66,44,66,53
emc1,812,1168,1023,1012,1159,1122,924,938,922,837,841,1017
emc10,672,696,725,635,834,701,630,583,685,536,650,634
emc2,838,943,1129,733,1030,864,789,901,811,1015,908,827
emc3,1037,1183,1297,997,1291,1264,1075,1029,1065,1023,995,1056
emc4,662,767,841,660,815,788,649,641,669,612,631,639
emc6,949,1302,1261,1215,1339,1346,1110,1083,1191,1056,956,937
emc7,1369,1650,1767,1323,1688,1710,1387,1331,1461,1461,1317,1367
emc8,343,438,464,393,490,490,336,317,389,299,338,395
emc9,286,394,420,267,429,360,354,372,317,360,312,355
emcn,113,89,101,74,161,104,105,74,104,74,94,81
emd,234,225,243,207,290,299,221,203,234,217,236,202
eme1,6,4,6,4,8,7,3,8,8,3,7,6
eme2,329,352,367,345,364,446,427,334,310,279,252,324
emg1,1018,1192,1287,911,1155,1153,1016,975,1005,979,924,860
emid1,6,1,2,4,6,2,1,3,5,7,15,8
emilin1,687,504,638,483,1088,521,681,346,725,311,666,432
emilin2,274,142,258,243,449,200,341,129,274,115,187,174
emilin3,2,0,0,0,0,0,0,1,2,0,3,2
eml1,130,115,180,131,210,126,195,92,171,95,218,131
eml2,159,146,188,119,207,135,207,100,167,90,193,163
eml3,370,294,382,346,362,421,324,332,336,277,289,363
eml4,566,513,642,437,701,645,507,439,500,475,532,511
eml5,155,182,172,164,166,236,198,195,218,192,155,202
eml6,93,58,83,41,63,63,65,56,73,53,58,62
emp1,242,55,243,114,267,128,261,80,234,104,436,184
emp2,194,214,251,194,256,176,236,211,285,197,246,274
emp3,153,77,198,102,233,92,260,68,195,83,121,156
emsy,352,407,405,364,426,412,382,356,430,319,430,335
emx1,0,0,0,0,0,0,0,0,0,1,0,0
emx2,0,0,0,0,0,0,0,0,0,0,0,0
en1,1,3,0,0,2,0,1,0,0,0,0,3
en2,2,5,1,5,0,4,2,5,4,1,1,4
enah,127,167,160,130,136,163,123,86,170,122,135,166
enam,0,0,0,0,0,0,1,0,0,0,1,0
enc1,129,65,132,61,131,107,128,82,116,107,116,116
endod1,77,97,88,85,138,94,88,80,94,89,109,97
endog,570,714,776,574,884,594,660,531,654,543,603,503
endou,27,9,20,8,21,13,9,12,18,11,13,17
endov,128,121,157,107,140,142,119,104,121,93,110,127
eng,1021,1063,977,773,1438,844,992,706,1127,578,1085,909
engase,126,129,154,100,193,144,172,93,152,78,159,102
enho,147,773,170,592,137,539,171,469,126,230,152,428
enkd1,4,8,4,11,12,4,11,9,6,4,5,5
enkur,2,0,3,2,0,2,2,1,1,2,1,0
eno1,7965,8782,9779,6836,9764,9382,7767,7831,8274,7221,7652,8063
eno2,5,5,23,10,16,11,17,6,22,5,14,9
eno3,82,80,109,47,101,78,60,41,82,48,75,212
eno4,3,4,4,3,4,1,5,4,4,1,2,6
enoph1,91,104,82,68,131,99,119,63,103,72,87,62
enox1,3,0,1,1,3,1,2,2,1,0,2,4
enox2,392,381,493,313,448,354,348,348,380,390,390,338
enpep,2733,2859,3137,2155,3890,3123,3258,3073,3077,3225,3247,2809
enpp1,589,652,714,671,880,782,735,854,853,975,663,858
enpp2,1281,2000,1647,2653,1964,2170,1552,1726,1699,1602,1654,2194
enpp3,1295,1086,1859,1009,1067,1213,1060,1495,1361,1734,1953,1968
enpp4,314,446,414,378,426,486,331,343,335,301,319,355
enpp5,672,932,1028,769,835,773,645,712,738,669,713,773
enpp6,168,86,139,88,149,70,140,98,184,103,120,126
enpp7,0,0,0,0,0,0,0,0,0,0,2,0
ensa,1100,1025,1330,927,1261,1218,1022,1079,1067,930,1036,935
enthd1,0,0,1,0,0,0,0,0,0,0,0,0
entpd1,312,271,315,169,362,227,280,241,397,193,319,224
entpd2,60,28,78,46,88,33,43,33,65,29,56,50
entpd3,3,1,0,1,2,3,5,0,3,0,4,0
entpd4,363,445,437,390,489,501,360,412,395,365,300,431
entpd5,4444,5060,5401,4675,5958,5695,4548,5551,5206,6632,4624,5409
entpd6,133,136,157,112,145,137,123,137,120,101,129,126
entpd7,98,71,77,118,80,160,83,75,163,43,230,78
entpd8,1441,1732,1845,1496,1602,1810,1383,1634,1415,1474,1393,1597
eny2,969,1047,1335,978,1292,1111,1041,1125,1154,1177,1031,1040
eogt,151,149,170,129,196,187,161,114,134,120,145,130
eomes,2,5,6,9,11,1,5,7,9,7,5,4
ep300,550,576,637,592,752,519,714,508,814,476,714,768
ep400,937,938,958,891,1158,1002,985,934,1097,818,939,1299
epas1,1581,2284,1579,2116,2558,2418,2075,1572,2196,1459,2026,1966
epb41,3023,2262,2597,2348,2782,2785,2556,1843,2442,1729,2186,1870
epb41l1,68,59,71,69,111,61,108,50,106,63,91,85
epb41l2,593,498,653,390,892,449,643,422,600,345,636,447
epb41l3,196,100,165,100,225,80,107,102,112,64,313,85
epb41l4a,12,11,19,21,13,14,33,27,26,13,15,19
epb41l4b,1236,1793,1563,1676,1907,1927,1612,1579,1493,1413,1672,1527
epb41l5,1426,1550,1667,1238,1821,1526,1555,1404,1625,1378,1475,1366
epb42,46,20,18,9,14,16,22,18,16,17,18,5
epc1,362,361,395,306,367,343,320,331,391,333,406,376
epc2,424,436,504,308,433,401,379,352,432,398,416,422
epcam,42,19,21,58,35,44,28,20,38,13,832,12
epdr1,39,4,34,11,39,13,17,4,20,7,24,20
epg5,838,1267,1194,1007,1208,1229,965,1101,1058,1051,858,1165
epgn,0,0,0,0,0,0,0,0,0,0,2,1
epha1,496,713,787,682,999,848,785,657,946,563,894,654
epha10,2,4,0,0,2,1,1,0,2,2,1,1
epha2,256,456,247,333,385,659,296,230,274,173,245,261
epha3,142,51,105,24,149,32,116,30,104,30,123,26
epha4,26,22,31,26,53,23,35,22,32,30,41,19
epha5,46,58,49,38,33,50,49,40,73,30,53,31
epha6,0,0,0,0,1,0,0,0,0,0,0,0
epha7,118,78,113,68,141,83,99,66,104,84,88,101
epha8,0,0,0,0,0,0,0,0,1,0,0,0
ephb1,17,13,10,8,18,12,17,11,24,8,13,10
ephb2,60,40,55,36,58,47,67,71,84,67,76,63
ephb3,22,14,31,12,28,14,21,11,27,8,32,7
ephb4,696,615,806,514,1062,712,789,454,920,386,781,494
ephb6,45,19,36,21,37,29,53,16,54,26,28,32
ephx1,6066,5029,6387,4998,7736,5608,6906,5408,6587,6846,5947,4452
ephx2,10640,16457,16010,14559,16882,16153,12929,15024,12783,16657,13332,15178
ephx3,8,9,21,7,11,11,15,8,11,3,17,7
ephx4,1,0,2,1,1,0,1,0,4,1,1,1
epm2a,175,207,285,181,233,173,183,170,177,198,193,214
epm2aip1,625,703,711,662,812,974,652,724,591,621,488,706
epn1,1555,1879,1553,1468,2210,1600,1563,1477,1766,1207,1578,1512
epn2,228,228,244,201,293,245,237,174,273,182,257,240
epn3,9,3,2,5,8,9,5,4,10,2,12,3
epo,0,0,0,0,0,1,0,0,0,0,0,0
epor,11,23,24,22,22,18,19,16,19,14,16,18
eppin,0,0,0,0,0,0,0,0,0,0,0,0
eps15,1323,1336,1584,1374,1614,1603,1499,1120,1407,1113,1431,1186
eps15l1,265,281,316,237,342,305,302,265,308,235,289,229
eps8,160,122,169,134,217,145,240,114,219,148,429,158
eps8l1,51,25,25,13,36,11,23,24,22,32,45,8
eps8l2,819,775,1023,907,460,1129,402,862,499,809,545,1281
eps8l3,24,22,18,18,8,29,18,21,19,16,383,19
epsti1,149,99,189,85,221,88,115,123,149,92,149,89
epx,10,0,0,6,0,0,1,0,1,0,0,0
epyc,0,0,1,0,0,0,1,0,0,0,0,0
eqtn,0,1,1,2,3,1,2,0,0,0,0,2
eral1,260,320,350,230,387,319,277,242,281,217,241,246
erap1,2706,3195,3805,2778,3729,3525,3026,2922,3251,3199,3020,2758
eras,0,0,0,0,0,0,0,0,0,0,0,0
erbb2,40,22,39,33,60,29,49,37,53,25,92,36
erbb3,3904,3583,4220,2716,2879,3500,2818,2496,3236,2660,3624,3660
erbb4,111,73,253,115,273,103,138,252,213,275,174,344
erc1,779,1113,840,877,987,1218,906,767,857,656,730,874
erc2,176,208,185,127,167,171,146,155,197,182,175,198
ercc1,75,91,84,49,118,93,60,74,65,65,83,52
ercc2,223,269,309,236,333,313,272,217,236,175,216,208
ercc3,340,460,364,384,455,430,340,327,351,264,315,387
ercc4,156,202,206,159,195,206,179,185,202,155,171,183
ercc5,415,392,591,375,461,461,445,401,462,365,423,404
ercc6,304,460,405,342,407,475,378,413,399,347,350,325
ercc6l,14,22,40,21,22,28,20,24,27,8,29,21
ercc6l2,368,422,472,395,521,426,429,421,450,400,384,410
ercc8,89,100,114,76,99,126,99,84,108,102,77,91
ereg,23,7,22,12,24,15,17,28,26,29,20,19
erf,392,445,460,368,484,359,384,332,556,324,448,344
erg,140,152,186,127,257,144,181,105,166,102,160,104
ergic1,1180,1300,1434,965,1357,1174,1067,1078,1023,908,930,1271
ergic2,1468,1791,2061,1847,1988,1922,1840,1473,1917,1632,1730,1421
ergic3,1128,1211,1305,963,1539,1110,1137,1007,1222,877,1186,970
erh,435,396,478,374,530,417,341,318,331,396,367,281
eri1,431,447,520,389,497,506,407,441,441,406,395,407
eri2,225,218,268,231,244,246,237,225,220,204,218,219
eri3,372,385,413,332,506,407,386,361,360,313,333,349
erich1,50,78,84,42,75,71,52,58,66,46,58,63
erich2,0,1,0,1,0,1,1,0,0,0,5,0
erich3,1,6,2,3,5,3,0,7,2,11,0,5
erich4,0,1,0,2,1,2,0,1,0,1,29,0
erich5,10,17,7,13,9,10,11,10,52,5,22,5
erich6,0,0,1,0,1,0,1,0,1,0,1,0
erich6b,0,0,0,0,0,0,0,0,0,0,0,0
erlec1,360,334,455,327,466,347,453,279,451,299,425,450
erlin1,941,1113,1469,1014,1596,1271,1356,1192,1336,1161,1325,1265
erlin2,783,747,962,681,1040,820,852,700,838,682,878,677
ermap,23,28,26,22,14,31,46,32,34,27,25,23
ermard,573,640,762,504,803,581,652,587,664,575,581,566
ermn,10,9,13,5,17,16,9,11,13,7,11,12
ermp1,933,1034,949,877,1023,1175,838,959,909,1003,897,1041
ern1,1000,1294,1334,1294,1295,1534,1172,1148,1096,953,977,1169
ern2,0,0,0,3,0,0,0,0,0,1,16,0
erp27,6,146,8,215,15,174,86,85,444,0,13,22
erp29,1200,1254,1261,867,1212,1111,970,890,1011,824,886,841
erp44,1447,1512,1551,1193,1754,1644,1326,1163,1351,1128,1277,1122
errfi1,24160,26309,24216,22606,27582,23115,24152,25487,25303,19621,24695,17698
esam,251,272,253,225,401,238,286,187,252,201,285,183
esco1,652,579,759,536,783,712,639,718,696,735,748,670
esco2,34,36,43,62,33,50,31,38,53,34,40,33
esd,4811,5686,5815,4496,6180,5706,4830,4945,4978,6189,4686,4810
esf1,423,448,552,439,528,609,466,449,501,468,400,299
esm1,142,26,79,23,103,22,78,35,94,22,67,46
espl1,27,7,25,9,34,7,21,12,23,9,10,13
espn,23,14,14,20,22,10,21,7,41,3,46,10
espnl,2,9,6,6,6,7,2,11,7,4,5,1
esr1,1083,603,699,371,1249,544,1026,632,551,568,742,617
esr2,5,15,11,4,16,12,11,13,17,16,13,6
esrp1,4,19,2,19,5,16,9,9,50,1,60,1
esrp2,1254,1503,1419,1301,1352,1670,1325,1270,1259,1168,950,1252
esrra,365,577,603,584,808,508,696,387,768,304,679,370
esrrb,15,18,22,13,23,17,9,12,10,22,6,19
esrrg,7,34,8,11,7,13,5,37,11,62,22,59
esx1,0,0,0,0,0,1,0,0,0,0,0,0
esyt1,537,435,563,332,757,447,543,356,526,294,410,452
esyt2,1094,1150,1269,943,1477,1134,1177,1026,1215,1097,1183,1099
esyt3,5,15,24,8,19,16,25,6,20,11,17,21
etaa1,190,207,252,152,221,205,188,184,199,164,199,215
etf1,2374,2620,2917,2713,3034,3273,2692,2520,2908,2642,2520,2292
etfa,4058,4562,4981,4153,5238,5117,4181,4520,4595,5084,4825,5036
etfb,3661,4430,4475,4017,4764,4439,3694,3605,3673,3681,3702,3686
etfdh,6056,5386,7554,5426,6156,6745,4742,5606,5088,7115,5000,5990
ethe1,1124,866,1538,703,935,881,566,979,688,1014,571,1083
etnk1,2197,2448,2128,1980,2541,3038,2088,1888,2247,1898,2076,2048
etnk2,5675,7636,5706,6899,9828,6755,6609,6431,7666,4804,7674,5111
etnppl,3279,5729,2897,4942,3377,3338,3000,3525,6212,3216,5272,2918
ets1,1060,858,1020,738,1515,903,968,751,1006,699,958,796
ets2,609,488,552,476,868,617,538,500,605,508,547,485
etv1,29,22,28,36,59,28,37,22,25,24,45,48
etv2,0,0,0,0,0,1,0,0,0,0,0,0
etv3,372,397,449,383,448,510,374,369,455,332,411,420
etv3l,0,1,0,0,0,0,0,0,0,0,0,0
etv4,0,3,2,2,1,3,3,2,4,1,6,0
etv5,130,104,138,82,198,124,116,99,122,55,92,113
etv6,325,382,358,290,486,339,313,269,395,190,309,348
eva1a,2027,1814,2356,1741,1748,1974,1597,2096,2126,2339,1665,2271
eva1b,104,79,123,100,177,104,137,70,150,59,123,83
eva1c,8,11,11,21,16,15,8,9,16,10,16,10
evc,155,69,179,70,208,94,152,63,151,37,131,75
evc2,70,22,58,30,97,37,70,20,66,18,70,45
evi2a,133,52,139,79,180,78,131,80,149,80,107,118
evi2b,119,46,113,46,115,51,73,49,91,47,79,74
evi5,5448,4192,6165,3436,4680,4127,4246,4809,4735,5420,4158,5435
evi5l,94,102,127,83,119,114,105,72,135,63,74,88
evl,206,81,170,83,293,83,159,92,161,69,123,97
evpl,6,9,17,18,17,18,21,10,18,8,30,14
evx1,0,0,0,0,0,0,0,0,0,0,0,0
evx2,0,0,0,0,0,0,0,0,0,0,0,0
ewsr1,1653,1909,1979,1604,2080,1885,2019,1625,1795,1546,1508,1473
exd1,60,96,84,74,56,87,87,89,85,103,76,70
exd2,211,281,289,187,306,255,212,224,212,220,239,243
exo1,6,12,22,14,10,20,15,11,10,8,17,12
exo5,63,41,94,42,69,69,63,48,56,39,40,62
exoc1,337,369,430,273,417,350,323,316,375,352,312,334
exoc2,406,402,501,359,519,435,407,374,427,343,408,404
exoc3,853,938,1072,690,1032,944,793,813,730,742,768,807
exoc3l2,165,182,170,135,232,190,171,132,162,133,184,161
exoc3l4,37,12,37,16,44,18,34,19,22,15,202,18
exoc4,883,707,1051,651,1181,686,730,686,792,864,798,736
exoc5,839,832,996,802,1007,1041,923,821,960,848,822,826
exoc6,691,689,901,661,756,731,599,714,684,769,706,721
exoc6b,284,215,288,224,325,255,303,209,316,210,321,303
exoc7,558,575,652,491,768,510,568,560,568,528,529,497
exoc8,397,407,466,397,599,524,409,332,406,298,393,365
exog,24,37,36,39,31,43,30,26,32,19,25,24
exosc1,143,174,231,161,185,237,155,149,152,136,133,137
exosc10,481,506,564,399,566,509,495,386,448,357,407,403
exosc2,230,337,289,241,311,347,277,279,208,274,220,212
exosc3,215,242,225,186,264,277,232,264,178,209,191,175
exosc4,260,352,308,279,425,315,298,281,259,220,245,290
exosc5,315,419,406,336,489,406,364,308,362,271,359,315
exosc6,0,0,0,0,0,0,0,0,0,0,0,0
exosc7,384,499,519,341,497,433,407,393,367,452,344,432
exosc8,201,207,226,190,207,238,189,214,194,246,176,223
exosc9,434,419,555,314,415,477,386,366,295,390,351,359
exph5,493,806,644,593,665,843,617,700,642,636,517,749
ext1,797,839,879,683,942,854,713,625,726,591,709,605
ext2,564,494,625,432,686,433,416,457,492,390,514,588
extl1,118,253,131,137,111,198,117,139,148,139,105,160
extl2,215,285,308,206,281,287,252,216,223,238,209,232
extl3,550,547,583,659,764,779,582,534,784,398,500,655
eya1,1,5,0,3,2,0,3,2,1,3,7,1
eya2,2,4,3,1,6,3,6,7,3,4,9,4
eya3,417,451,474,363,467,463,437,368,449,328,412,374
eya4,21,9,12,12,22,12,20,15,22,12,12,18
ezh1,517,467,633,336,525,526,439,370,503,324,437,412
ezh2,168,133,233,137,182,135,156,129,173,117,189,137
ezr,309,236,373,259,492,290,478,249,441,282,895,304
f10,9253,10008,10339,8514,9579,10253,8052,8277,8126,7668,7317,7917
f11,1548,2016,1915,1820,1508,1807,1222,1423,1407,1037,1559,1491
f11r,1019,1244,1245,978,1350,1336,1076,991,1104,883,1118,848
f12,7748,7403,8706,6478,9707,7392,7523,6606,7464,5483,6274,6926
f13a1,181,98,209,344,213,158,566,109,165,114,158,279
f13b,5867,6238,7702,5491,7192,6226,6151,6030,6643,6696,6360,5958
f2,30869,33584,35232,29145,36643,34114,29947,28755,29221,26725,25504,27882
f2r,1161,1050,1400,851,1273,1140,942,1032,1037,706,964,1055
f2rl1,6,10,11,8,10,12,9,17,16,10,44,12
f2rl2,21,26,19,33,24,20,30,38,28,31,32,21
f2rl3,4,0,1,1,4,2,1,0,1,1,0,3
f3,30,108,164,67,84,129,122,58,102,79,70,78
f5,10328,11760,13709,11818,13729,13250,11846,11290,12945,10914,10888,12697
f7,1840,2106,2209,1570,2299,2076,2005,1704,1931,1602,1819,1441
f8,2232,2158,2602,1905,3149,1880,2123,1758,2266,2026,2255,1829
f9,6211,5579,6992,4919,5599,5740,5497,4515,5254,5326,5357,4711
fa2h,0,1,1,0,0,0,4,1,1,0,3,0
faah,1822,2552,2428,2194,2436,2341,2016,2179,2216,1906,2020,2211
faap100,106,114,124,101,145,107,114,99,121,81,137,120
faap20,178,166,157,116,178,161,128,144,159,89,109,113
faap24,35,46,37,29,46,34,37,37,41,28,33,33
fabp1,50761,94241,102070,98830,98502,101432,75378,106618,75609,130425,97647,106778
fabp12,10,3,6,2,3,3,5,5,1,1,4,7
fabp2,1013,1428,1364,1344,1340,1406,874,1682,903,1959,5873,1807
fabp3,5,4,33,5,11,8,7,5,3,14,4,277
fabp4,516,229,402,263,552,248,306,247,322,631,299,277
fabp5,1462,2902,2536,1877,1060,1454,817,1800,714,768,601,1362
fabp6,0,0,0,0,0,0,0,0,0,0,0,0
fabp7,148,84,131,51,153,114,122,100,115,95,99,88
fabp9,0,0,0,0,0,0,0,0,0,0,0,0
fadd,146,177,158,157,204,209,156,126,140,105,136,152
fads1,4955,8052,5802,5271,9179,7164,5575,6688,6107,5529,6053,6802
fads2,3668,6645,6258,5063,9425,6693,5865,5622,6072,4621,5554,4521
fads3,374,371,460,226,471,457,345,310,420,315,413,386
fads6,2262,3851,3340,3072,4101,3579,3020,2929,3232,2502,2772,2757
faf1,1008,1209,1351,1017,1235,1102,1023,929,1121,949,999,956
faf2,989,1013,1141,915,1152,1195,927,1050,988,971,845,974
fah,10818,12925,13371,10518,14369,12150,11044,10054,11015,9686,9914,9946
fahd1,756,1043,1175,897,1088,1049,929,911,875,956,814,946
fahd2a,303,375,374,284,435,309,349,300,332,324,337,296
faim,138,101,167,139,147,129,117,104,100,105,116,108
faim2,1,0,2,1,3,2,0,0,1,2,2,4
fam107a,22,25,9,67,14,20,23,11,20,13,23,10
fam107b,1132,1465,1247,1020,1290,1295,1070,1280,1144,1587,1080,1428
fam110a,33,26,35,18,41,26,31,20,22,21,29,24
fam110b,14,8,18,16,10,14,14,11,12,11,21,10
fam110c,39,21,46,33,60,41,65,23,67,43,86,25
fam111a,245,161,272,121,322,171,248,169,238,179,195,199
fam114a1,771,782,836,583,706,835,643,676,512,605,592,676
fam114a2,927,1019,1112,865,1055,1085,899,909,977,910,888,817
fam117a,94,48,49,49,54,62,71,36,90,25,58,47
fam117b,282,318,283,259,360,318,260,217,282,214,263,246
fam120a,2773,3468,3237,3072,4033,3301,3249,2866,3351,2555,3243,3040
fam120b,618,864,740,687,890,775,707,533,768,604,709,628
fam120c,143,157,165,109,159,143,118,115,125,120,127,162
fam124a,236,209,239,196,251,186,198,142,208,128,220,149
fam124b,6,6,6,3,2,9,4,5,10,5,6,6
fam131a,10,8,13,10,16,14,23,9,18,6,16,11
fam131b,0,1,0,0,0,0,0,0,1,0,3,0
fam131c,32,22,20,18,10,35,13,23,16,22,5,26
fam133b,249,224,264,217,262,283,217,240,242,266,239,230
fam135a,807,969,986,1002,980,1088,924,804,984,868,1037,936
fam135b,0,0,0,0,0,0,0,0,0,0,1,0
fam13a,704,609,662,375,748,414,531,671,811,702,850,842
fam13b,401,335,408,328,406,476,401,359,444,370,452,441
fam13c,15,4,20,2,25,8,19,4,22,7,9,8
fam149a,627,538,762,401,750,506,609,585,614,587,469,653
fam151a,0,0,0,0,3,0,1,4,4,1,5,0
fam151b,83,86,105,83,114,102,97,98,100,93,111,107
fam161a,58,36,60,37,52,47,44,44,51,45,38,35
fam161b,15,23,17,17,11,19,10,24,27,16,17,17
fam162a,739,785,908,674,843,860,729,733,766,882,724,777
fam162b,0,1,0,0,0,0,0,0,0,1,0,1
fam163a,0,0,0,0,1,0,0,0,0,0,1,0
fam163b,1,0,2,0,3,0,1,1,0,0,1,0
fam167a,29,46,34,42,38,51,35,24,31,40,37,31
fam167b,109,116,120,100,209,121,123,111,117,109,106,74
fam168a,524,498,535,479,601,535,538,403,572,411,466,617
fam168b,1278,1191,1512,1316,1706,1405,1278,1172,1322,1065,1249,1161
fam169a,15,12,9,9,22,11,13,14,22,7,13,19
fam170a,0,0,0,0,0,0,0,0,0,0,0,0
fam170b,0,0,0,0,2,0,1,0,1,0,0,0
fam171a1,131,110,145,108,166,116,133,88,120,85,128,102
fam171a2,25,25,25,26,45,16,30,16,41,11,24,21
fam171b,78,55,90,59,112,56,76,59,83,86,66,78
fam174a,337,261,360,289,453,288,315,273,346,264,309,283
fam174b,104,183,105,164,168,205,131,108,249,85,130,99
fam178b,0,1,0,2,3,0,0,0,0,1,0,0
fam180a,90,40,81,37,127,28,92,66,120,37,104,57
fam181a,0,1,0,1,0,1,0,1,0,0,0,0
fam181b,1,3,2,1,0,4,2,1,2,1,1,2
fam184a,12,19,26,13,19,47,24,32,19,19,20,28
fam184b,18,13,20,17,5,15,26,13,23,19,21,24
fam185a,127,217,178,150,172,211,118,151,172,169,147,140
fam186a,9,5,10,3,2,3,5,7,4,2,3,14
fam186b,4,1,1,1,2,0,0,1,2,0,0,1
fam187b,126,113,94,63,77,147,79,67,53,79,58,51
fam193a,314,333,362,319,403,336,370,295,383,270,325,349
fam193b,420,424,467,335,434,447,370,382,486,319,436,429
fam199x,543,493,628,497,649,687,586,517,521,585,539,548
fam204a,141,147,196,157,155,162,159,144,161,138,164,163
fam20a,376,283,396,285,294,364,260,329,304,283,283,393
fam20b,395,554,620,553,745,678,646,511,713,443,592,447
fam20c,667,969,913,889,1438,959,1098,887,1093,696,778,893
fam216a,48,47,78,76,84,91,62,61,64,56,56,50
fam216b,0,0,0,0,0,0,0,0,0,0,1,0
fam217a,3,6,6,3,5,2,6,0,9,1,8,1
fam217b,34,24,40,26,73,22,38,21,44,28,42,25
fam219a,96,65,95,65,116,80,79,56,92,55,78,87
fam219b,226,237,259,221,289,277,215,182,204,157,224,202
fam220a,421,251,279,213,256,288,227,195,219,192,186,196
fam221a,3,9,11,6,8,4,8,3,11,3,12,5
fam221b,3,9,5,5,12,9,7,13,9,3,5,7
fam222a,16,16,13,13,10,13,13,7,19,3,18,28
fam222b,134,183,137,139,192,162,147,120,157,105,135,153
fam227a,50,33,45,38,43,45,49,26,37,25,38,34
fam227b,0,1,0,0,2,0,3,1,1,2,0,0
fam228a,2,11,9,3,3,7,4,7,11,6,3,9
fam228b,15,38,22,18,27,37,18,23,22,26,25,28
fam229a,1,0,0,1,1,1,0,0,1,0,1,0
fam229b,68,89,96,52,73,93,86,94,108,62,94,73
fam234a,824,841,907,712,1145,784,830,653,907,568,1040,740
fam234b,636,815,763,734,898,776,788,512,810,398,734,435
fam24a,2,1,0,0,3,0,1,0,0,0,0,2
fam32a,1104,1163,1419,1008,1373,971,1090,998,1114,1082,1083,864
fam3a,224,225,239,217,285,272,224,210,223,194,185,186
fam3b,1,0,0,0,1,0,2,1,1,0,63,0
fam3c,698,1000,1330,793,1102,959,859,581,669,563,872,622
fam43a,162,93,140,71,171,111,129,75,139,84,118,84
fam43b,0,0,0,0,0,0,0,0,0,0,0,0
fam47c,0,0,0,0,0,0,0,0,0,0,0,0
fam47e,487,1139,464,582,900,888,629,693,548,586,615,375
fam50a,316,340,313,245,370,358,300,286,330,284,283,237
fam50b,3,1,3,0,4,0,0,2,2,0,1,1
fam53a,298,416,390,377,473,480,374,321,389,252,322,352
fam53b,266,422,335,315,365,326,310,208,317,187,311,242
fam53c,211,181,194,186,212,263,207,188,229,172,194,251
fam72a,21,27,17,27,33,27,22,20,39,28,22,16
fam76a,288,474,523,476,609,492,478,372,597,383,573,344
fam76b,246,220,343,229,274,316,296,210,312,252,295,220
fam78a,53,39,47,25,68,23,42,30,49,27,52,46
fam78b,15,3,13,7,36,7,18,10,18,10,12,25
fam81a,100,73,95,49,101,69,108,51,93,44,69,31
fam81b,2,1,0,1,1,0,2,0,2,1,1,0
fam89a,46,28,33,45,32,62,17,76,25,78,20,74
fam89b,161,135,202,138,251,159,155,116,166,93,147,123
fam8a1,1534,1827,1816,1522,1992,1670,1633,1530,1747,1664,1774,1620
fam91a1,2338,2793,3068,2718,3067,3140,2516,2467,2855,2703,2720,2708
fam98a,520,545,613,521,602,738,476,509,455,482,409,386
fam98b,81,62,82,63,69,71,61,52,93,47,54,126
fam98c,123,117,144,145,154,126,152,124,168,96,132,98
fan1,150,170,166,148,177,211,147,112,134,131,135,162
fanca,37,46,63,47,63,51,52,38,69,35,48,43
fancb,34,44,30,25,31,31,27,32,23,31,25,31
fancc,118,118,129,110,141,125,124,116,164,108,147,115
fancd2,22,7,21,22,8,9,19,15,15,15,17,19
fancd2os,1,0,2,0,1,1,0,0,0,0,0,0
fance,147,155,206,141,208,164,184,164,205,126,174,153
fancf,64,78,80,71,79,78,65,54,66,61,58,66
fancg,46,46,55,51,55,42,37,55,54,33,61,59
fanci,65,75,89,78,86,88,76,72,77,39,72,73
fancl,192,290,217,210,248,259,217,317,191,312,188,320
fancm,129,152,195,171,176,186,141,149,187,139,159,161
fank1,0,1,0,0,1,1,0,0,0,0,1,1
fap,5,6,9,6,9,11,10,8,13,5,20,12
far1,360,182,339,176,421,193,328,222,285,232,273,243
far2,35,37,59,39,30,29,45,45,48,31,119,39
farp1,256,291,261,289,368,376,279,260,270,148,285,361
farp2,255,395,343,430,385,459,354,318,345,329,310,504
fars2,541,670,804,615,856,708,633,641,659,607,636,618
farsa,328,337,372,395,395,442,328,335,339,322,293,265
farsb,870,1175,1150,784,1049,1142,823,919,768,1078,793,802
fas,592,336,504,298,401,403,350,276,310,389,374,317
fasn,12607,19187,12944,4923,23085,13106,10449,22568,11971,13754,7360,18465
fastk,437,543,538,499,639,510,557,405,605,354,534,395
fastkd1,426,609,601,564,813,597,562,423,618,388,571,394
fastkd2,547,684,798,552,741,649,621,559,587,621,573,531
fastkd3,125,167,193,121,176,148,163,114,155,109,144,84
fastkd5,253,274,309,268,359,379,228,293,270,269,254,231
fat1,1412,1285,1499,1274,1527,1616,1339,1219,1310,940,1373,1655
fat2,0,1,0,1,0,2,0,3,5,0,0,0
fat3,16,47,12,42,9,31,26,25,85,16,10,22
fat4,205,201,252,178,294,128,240,129,226,109,233,190
fate1,0,0,0,0,1,0,0,0,0,0,0,0
fau,3158,3478,3501,2780,3988,3418,2978,2981,2851,2641,2904,2554
faxc,19,17,23,12,27,12,24,19,18,16,20,21
fbf1,129,151,148,71,186,125,145,81,130,77,161,116
fbl,438,604,511,535,668,638,526,424,475,383,447,333
fblim1,103,75,131,75,139,70,119,67,124,74,160,62
fbln1,73,66,88,82,128,66,132,63,118,38,225,151
fbln2,151,119,232,146,304,145,344,119,347,124,238,258
fbln5,196,95,169,102,234,91,182,75,194,82,211,136
fbln7,17,18,17,18,37,13,20,17,26,18,24,20
fbn1,530,249,610,302,758,334,665,222,645,236,600,553
fbn2,26,5,20,1,24,5,13,4,19,4,18,4
fbp1,19121,20450,21702,18557,25637,19374,19198,15588,19526,15834,20195,15200
fbp2,5,3,2,7,1,1,1,4,11,3,223,1
fbrs,177,123,161,125,147,146,149,132,198,112,138,208
fbrsl1,143,156,145,126,149,159,177,111,207,89,160,183
fbxl12,49,62,77,69,88,73,59,45,85,37,42,60
fbxl13,3,1,2,1,3,3,4,3,7,0,3,5
fbxl14,185,193,225,204,279,218,200,166,267,149,182,197
fbxl15,87,117,83,73,90,111,82,54,77,63,67,73
fbxl16,7,12,10,7,13,4,9,9,14,1,10,11
fbxl17,508,433,494,585,517,509,457,398,493,443,501,545
fbxl18,238,265,266,242,264,290,258,248,269,160,234,220
fbxl19,92,70,82,76,91,85,91,76,83,55,103,53
fbxl2,10,15,20,13,19,10,15,7,26,10,12,18
fbxl20,803,921,1112,852,1046,826,820,839,1127,838,1050,994
fbxl22,10,17,8,13,21,22,11,15,25,9,30,14
fbxl3,1338,1317,1527,1086,1360,1228,1246,1234,1333,1349,1349,1399
fbxl4,454,512,711,453,667,541,579,567,624,529,519,568
fbxl5,1108,1050,1263,869,1410,1106,1152,956,1229,1130,1177,1096
fbxl6,199,198,222,208,315,233,226,189,236,154,207,188
fbxl7,5,9,6,7,7,7,12,1,9,2,14,7
fbxl8,67,60,102,71,90,84,73,57,90,52,78,61
fbxo10,34,31,30,25,42,36,44,26,36,26,44,34
fbxo11,441,384,487,417,564,394,419,388,505,391,466,560
fbxo15,2,2,0,0,0,1,0,0,0,0,1,0
fbxo16,0,0,1,2,0,0,1,1,5,1,1,1
fbxo17,19,14,12,8,17,25,18,19,22,28,21,13
fbxo2,6,4,4,6,6,4,5,6,7,1,2,6
fbxo21,1588,1799,2915,2757,2004,2413,1838,1793,2476,2118,2270,2684
fbxo22,1103,1185,1335,1133,1256,1340,1050,994,950,1012,899,1008
fbxo24,2,2,1,3,1,6,3,1,4,1,2,0
fbxo25,176,172,179,132,201,175,170,153,169,153,223,173
fbxo27,3,1,0,2,0,2,2,2,2,3,0,2
fbxo28,280,279,350,244,342,297,264,257,334,262,304,246
fbxo3,2641,3426,3387,2512,3702,2800,3204,3269,3246,3590,3034,3091
fbxo30,510,485,542,434,514,564,491,525,522,589,464,542
fbxo31,527,852,492,957,644,867,657,375,805,345,609,436
fbxo32,187,139,240,105,192,169,165,77,187,81,214,171
fbxo33,404,481,398,419,518,450,409,421,448,374,458,419
fbxo34,465,475,410,434,508,500,402,501,540,388,484,468
fbxo36,89,96,115,59,93,88,82,65,89,89,79,83
fbxo38,822,842,1018,856,1035,995,839,868,928,906,915,895
fbxo39,0,0,0,0,0,1,0,0,2,0,0,1
fbxo4,243,206,296,201,248,286,246,242,221,223,218,180
fbxo40,18,18,49,13,45,16,47,35,43,33,29,64
fbxo41,0,1,0,1,1,1,0,4,2,1,2,0
fbxo42,202,235,185,262,281,231,196,217,256,161,207,215
fbxo43,4,5,2,2,5,7,6,5,2,4,3,6
fbxo44,72,80,64,37,58,52,65,42,62,37,39,40
fbxo45,266,258,285,233,291,294,273,233,283,193,247,200
fbxo46,105,141,122,99,146,154,130,126,161,95,125,113
fbxo47,22,24,22,28,19,16,26,20,20,28,29,25
fbxo48,2,2,8,5,3,2,6,2,3,0,3,3
fbxo5,25,23,41,14,41,20,16,21,27,19,31,22
fbxo6,840,655,822,552,582,672,451,635,478,638,471,737
fbxo7,416,482,472,357,527,455,379,416,419,359,426,373
fbxo8,1350,1291,1767,1203,1350,1359,1235,1251,1310,1449,1209,1335
fbxo9,992,1274,1383,1079,1378,1260,1169,1106,1289,1119,1150,1183
fbxw10,1,0,4,2,2,0,4,2,2,4,1,3
fbxw11,873,850,942,710,1028,830,821,743,779,654,740,744
fbxw2,899,996,1129,854,1172,1039,922,888,997,918,923,770
fbxw4,187,177,170,150,201,154,143,162,175,137,150,159
fbxw5,488,582,591,455,567,482,484,480,460,366,406,449
fbxw7,242,241,284,249,291,267,309,252,280,245,254,242
fbxw8,1079,1218,1167,965,1206,1299,994,945,926,884,845,982
fbxw9,432,415,421,277,552,389,386,473,388,410,350,446
fcamr,1,4,5,8,4,3,4,2,0,2,2,1
fcer1a,7,2,1,3,5,1,8,3,5,3,1,13
fcer1g,415,165,384,170,447,233,305,189,300,151,234,196
fcf1,474,535,667,457,547,535,448,541,485,603,487,529
fcgbp,29,3,7,159,9,14,6,6,36,7,3653,9
fcgr2b,1526,1306,1805,1200,2103,1235,1952,1198,1735,1319,1614,1487
fcgrt,2675,3045,3701,2901,3835,3155,3259,2945,3419,3076,3022,3019
fcho1,6,4,16,11,14,10,16,10,19,9,20,12
fcho2,867,736,792,697,990,727,781,613,820,590,918,862
fchsd1,27,14,30,21,17,30,21,31,29,18,23,36
fchsd2,593,753,744,620,844,658,755,538,898,483,837,639
fcmr,14,12,30,8,37,6,17,15,14,10,9,13
fcrl1,34,15,23,17,35,17,17,27,19,18,33,15
fcrl5,9,3,4,3,7,8,5,7,11,16,6,11
fcrl6,4,2,3,0,4,4,3,2,1,4,2,0
fcrla,9,6,14,10,18,3,12,17,10,25,18,19
fcrlb,1,1,0,2,4,2,7,0,4,1,2,1
fdft1,2680,4381,2368,1531,3118,3255,1904,3003,2251,3081,1615,3182
fdps,7494,13087,7521,5066,9670,9164,6270,9915,5702,7762,3816,8719
fdx1,1600,2172,2287,1849,2634,1742,2312,1686,2073,1685,2327,1750
fdxacb1,155,167,254,148,170,263,170,198,191,214,159,163
fdxr,245,317,346,257,411,285,294,289,304,254,340,274
fech,3204,3378,3652,3089,4121,3670,3518,3287,3772,3220,3287,3233
fem1a,622,752,825,888,1045,1004,744,715,833,574,568,674
fem1b,786,874,987,669,1029,784,783,711,818,691,783,681
fem1c,378,323,413,300,505,431,403,298,467,303,402,411
fen1,76,110,122,147,144,171,68,93,80,102,81,111
fer,333,341,381,289,387,318,314,288,325,289,356,327
fer1l6,8,14,14,11,8,7,9,12,9,2,73,9
ferd3l,0,0,0,0,0,0,0,0,0,0,0,0
fermt1,15,8,11,9,7,14,6,9,15,7,36,7
fermt2,2456,3579,3049,2303,2132,3097,1929,3901,2026,3968,2083,4836
fermt3,339,174,277,180,435,181,270,185,271,104,181,205
fes,243,188,286,141,286,169,213,140,260,95,175,140
fetub,7428,7521,6399,7292,7287,9088,6041,6005,6121,5431,5630,5608
fev,0,0,0,0,0,0,1,0,0,0,1,0
fez1,0,0,2,1,6,4,1,1,9,2,4,2
fez2,471,601,556,493,662,599,512,511,491,531,484,504
fezf1,0,0,0,0,0,0,0,0,0,0,0,0
fezf2,0,0,0,0,0,0,0,0,0,0,0,1
ffar1,12,7,11,3,7,7,7,9,11,3,9,12
ffar2,5,2,2,0,2,0,2,8,2,2,0,4
ffar3,0,0,0,0,0,0,0,0,0,0,0,0
ffar4,3,2,2,3,6,9,10,4,7,4,1,5
fga,178158,128703,135722,134221,91687,223059,103368,93507,87270,98617,76979,93897
fgb,189820,129796,147204,136333,105205,209394,114288,106165,99494,104707,90907,107570
fgd1,41,7,47,7,40,8,36,5,46,5,34,8
fgd2,148,80,115,81,186,79,111,107,128,57,95,77
fgd3,98,40,102,50,116,49,80,49,85,37,73,51
fgd4,1533,1728,1787,1303,1566,1638,1530,1527,1594,1533,1638,1804
fgd5,227,201,196,160,322,171,236,162,199,131,193,166
fgd6,704,834,812,803,821,848,740,770,833,715,794,879
fgf1,868,2187,1039,1673,1526,1686,1409,1324,1093,1346,1246,1156
fgf10,1,5,1,1,2,2,3,3,0,4,2,3
fgf11,14,10,13,10,16,12,18,6,13,7,14,12
fgf12,10,5,8,6,9,10,8,5,6,10,7,13
fgf13,0,2,5,2,1,0,0,2,1,1,3,1
fgf14,4,0,4,0,2,2,2,0,6,1,7,3
fgf17,0,0,0,0,0,0,0,0,0,0,0,0
fgf18,0,0,3,3,0,0,2,1,2,2,4,2
fgf2,85,68,71,61,127,63,98,71,92,75,102,81
fgf20,0,0,0,0,0,0,0,0,0,0,0,0
fgf21,4,20,7,14,1,23,10,29,19,32,1,18
fgf22,0,0,0,0,1,0,0,0,0,0,0,0
fgf23,1,1,3,1,1,2,5,0,1,1,4,4
fgf3,0,0,0,0,0,0,0,0,0,0,0,0
fgf4,0,0,0,0,0,0,0,0,0,0,0,0
fgf5,1,1,2,0,1,3,3,1,1,1,0,1
fgf6,2,3,4,1,0,5,3,1,1,1,1,2
fgf7,5,0,1,0,1,2,3,3,2,3,0,3
fgf8,0,0,0,1,1,1,3,0,1,0,0,3
fgf9,11,11,13,5,17,15,20,11,13,20,27,20
fgfbp1,1,0,0,1,1,1,0,0,1,2,5,1
fgfbp3,9,7,10,5,8,4,10,2,11,6,6,8
fgfr1,319,235,386,261,451,271,379,223,423,117,384,309
fgfr1op2,1085,1125,1260,1042,1433,1241,1131,1097,1163,1104,1112,1031
fgfr2,1029,871,1176,813,1174,814,915,904,1056,761,954,960
fgfr3,544,710,1072,582,779,838,901,675,771,598,593,630
fgfr4,430,393,471,399,464,478,429,424,482,314,415,557
fgfrl1,304,468,541,496,588,449,382,442,622,429,421,551
fgg,152335,100044,120542,102050,79980,167323,87726,79047,78301,89110,72768,84042
fggy,2442,2895,3444,2166,3147,2775,2578,2694,2680,2826,2364,2613
fgl1,23059,7897,7747,8899,5085,15145,8698,3491,4775,5804,6263,5103
fgl2,474,304,375,312,546,281,355,383,494,282,574,344
fgr,326,73,226,95,381,90,171,100,171,54,119,91
fhad1,44,107,54,105,74,92,56,42,52,40,60,46
fhdc1,14,5,18,5,16,11,19,9,9,7,17,15
fhit,92,79,97,71,101,78,79,52,78,57,71,58
fhl1,208,211,201,128,255,153,186,165,193,135,218,306
fhl2,47,12,28,13,59,6,28,15,39,15,56,18
fhl3,20,15,23,11,27,16,34,12,29,17,13,29
fhl5,0,2,1,0,1,2,2,1,4,1,2,1
fhod1,114,78,87,80,122,83,121,60,101,59,93,82
fhod3,20,37,24,31,41,42,29,26,37,22,41,28
fibcd1,0,0,0,0,0,0,1,0,0,0,0,0
fibin,10,19,21,13,14,13,12,17,23,30,16,32
fibp,447,374,424,320,452,405,390,343,410,375,397,327
ficd,124,113,113,198,225,230,128,144,168,101,114,141
fig4,442,444,564,377,528,422,431,381,409,371,436,413
figla,0,0,0,0,0,0,0,0,0,0,0,0
fign,87,106,99,100,170,102,92,117,124,126,100,219
fignl1,24,20,37,18,23,13,31,22,21,13,21,18
filip1,26,18,41,31,58,26,26,23,42,35,41,38
filip1l,445,221,346,175,471,184,288,198,363,190,316,215
fip1l1,675,802,774,649,840,847,670,640,643,670,645,641
fis1,1045,1246,1234,1063,1378,1250,1127,1136,1152,1082,991,1026
fitm1,8,319,9,281,21,301,10,652,23,879,7,829
fitm2,604,1071,963,1258,1189,1439,1022,811,865,868,762,855
fiz1,246,238,302,245,311,241,262,216,290,194,229,233
fjx1,3,2,1,4,0,3,5,0,5,1,4,1
fkbp10,52,27,63,48,88,37,87,33,69,32,60,54
fkbp11,221,382,282,377,281,411,231,214,296,141,172,191
fkbp14,138,127,143,111,145,163,132,140,136,148,121,147
fkbp15,867,834,1161,858,1133,992,932,719,875,670,859,876
fkbp1a,324,236,282,214,382,267,296,221,323,203,336,344
fkbp1b,4,7,10,5,12,3,8,4,11,3,6,8
fkbp2,699,840,826,691,824,759,761,688,698,660,655,615
fkbp3,552,472,650,445,622,491,458,509,557,544,554,551
fkbp4,2675,4296,2945,1982,3444,2932,2880,2977,2595,2682,2278,2384
fkbp5,746,882,391,2037,1117,1116,1068,440,964,249,908,208
fkbp6,1,2,2,0,2,7,3,0,0,2,0,1
fkbp7,94,91,130,82,129,93,102,79,114,88,104,116
fkbp8,4524,5058,4883,4242,5954,4932,4765,5500,4885,4980,4296,4972
fkbp9,873,797,980,706,1224,975,949,767,992,774,892,818
fkbpl,79,82,106,75,110,113,82,57,89,71,76,73
fkrp,221,230,245,194,260,209,205,218,248,158,195,218
fktn,252,416,366,232,352,283,300,236,279,316,307,319
flad1,723,893,823,753,877,917,716,703,767,674,617,689
flcn,784,763,1005,541,663,656,698,713,848,620,689,771
flg,0,1,1,2,3,1,2,0,2,1,2,1
flg2,0,0,0,0,0,0,0,0,0,0,0,0
fli1,241,151,267,153,352,145,236,134,200,144,219,192
flii,1222,1114,1306,1093,1575,1272,1174,1033,1215,965,1132,1136
flna,2993,1628,3087,1678,4086,1984,3147,1747,3005,1526,2701,2396
flnb,2254,3278,3153,3111,4435,3432,3217,2293,3025,1969,3026,2383
flnc,47,16,48,47,74,32,129,22,75,21,67,142
flot1,397,303,386,283,464,389,370,263,373,285,308,301
flot2,501,481,491,425,646,487,490,431,538,387,418,454
flrt1,29,27,19,31,13,43,39,46,44,24,30,32
flrt2,177,123,254,225,370,151,493,131,359,162,323,283
flrt3,18,8,15,6,24,18,12,11,31,8,62,9
flt1,415,400,327,275,485,343,319,272,347,249,332,304
flt3,23,12,20,13,35,15,32,19,33,17,27,30
flt4,622,544,672,527,905,657,702,408,699,349,681,549
flywch1,186,194,210,126,221,209,184,186,180,135,145,178
flywch2,25,13,29,10,22,16,23,10,13,8,29,14
fmn1,350,518,358,209,328,357,277,420,361,373,370,581
fmn2,41,31,32,33,11,39,7,16,5,8,14,35
fmnl1,94,27,73,29,117,30,93,45,81,43,74,75
fmnl2,443,248,358,219,438,273,357,217,359,273,365,280
fmnl3,128,116,128,79,207,93,137,93,155,69,126,99
fmo1,3150,3317,3944,2666,4785,2937,4167,2844,3749,3529,3741,2577
fmo2,345,457,402,427,824,374,639,290,755,278,907,330
fmo3,6,3,1,4,4,1,15,1,6,0,9,3
fmo4,232,174,238,130,264,146,185,152,246,162,286,161
fmo5,9153,9522,8203,8661,15588,8819,12180,7565,13681,6084,11192,7856
fmod,40,55,41,30,97,32,43,38,93,42,65,79
fmr1,712,684,797,632,908,655,722,606,651,682,751,627
fmr1nb,7,2,3,3,0,5,0,14,0,11,33,1
fn1,22780,18746,22523,21952,31509,25574,28566,16295,27519,15305,20632,35292
fn3k,237,356,367,254,325,262,329,264,334,254,295,253
fn3krp,370,441,444,308,442,405,338,356,310,320,260,336
fnbp1,329,264,366,254,429,307,348,253,317,247,333,324
fnbp1l,507,396,557,422,452,576,401,360,550,338,546,574
fnbp4,340,367,458,347,414,443,415,418,470,379,434,349
fndc1,46,44,104,151,178,48,223,24,135,52,138,203
fndc3a,2439,2177,2572,2360,2917,3310,2286,2446,2359,2340,2100,2166
fndc3b,1278,699,907,1000,958,1510,846,487,769,435,736,677
fndc4,583,598,668,463,678,587,484,550,549,495,427,527
fndc5,32,8,37,7,46,15,46,7,43,10,43,27
fndc7,7,5,3,5,6,2,9,6,9,1,9,4
fndc8,4,5,1,2,5,3,5,3,3,3,3,1
fndc9,2,0,2,3,0,1,2,4,9,0,3,0
fnip1,1720,2245,2663,2052,2224,2048,2299,1819,3045,2271,2539,1964
fnip2,829,1556,1319,1079,1508,1137,1220,1157,1811,1111,1341,1051
fnta,768,748,930,662,934,828,760,689,719,788,758,691
fntb,42,59,50,38,53,60,37,53,37,34,37,48
focad,389,462,443,294,433,410,425,411,378,360,355,428
folh1,9,2,5,3,7,5,9,10,4,6,4,17
folr1,15,6,7,5,12,6,12,7,10,3,14,6
folr2,439,382,391,361,558,344,356,339,355,271,296,321
fos,188,114,78,67,78,54,133,391,106,133,271,110
fosb,10,13,4,6,2,1,25,54,10,17,11,11
fosl1,11,4,6,1,7,5,2,3,6,3,4,6
fosl2,295,209,203,131,252,211,255,163,341,136,342,208
foxa1,81,134,163,135,137,144,160,176,118,147,96,202
foxa2,302,317,591,274,304,296,398,399,269,353,259,490
foxa3,1153,1594,1202,1842,1761,1833,1686,1497,1410,1206,1077,837
foxb1,1,0,0,2,0,0,0,1,0,0,1,0
foxb2,1,0,0,1,0,0,0,1,1,1,0,1
foxc1,5,8,6,4,1,4,6,2,3,6,7,4
foxc2,3,1,0,1,3,2,0,0,1,0,0,1
foxd1,0,0,0,0,0,0,0,0,0,0,0,0
foxd2,1,0,0,0,0,0,0,3,0,1,1,0
foxd3,0,0,0,0,0,0,0,0,0,0,0,1
foxd4,2,0,0,0,0,0,0,1,0,0,0,0
foxe1,0,0,2,0,1,0,0,0,0,0,0,0
foxe3,0,0,0,0,0,0,0,0,0,0,0,0
foxf1,51,57,51,41,58,36,45,45,50,44,53,66
foxf2,2,0,4,0,5,0,2,1,0,1,5,1
foxg1,1,2,2,0,2,3,1,0,2,2,3,2
foxh1,0,1,2,0,0,0,0,0,0,0,0,0
foxi1,1,0,0,0,0,0,0,0,0,0,0,0
foxi2,0,0,0,0,0,0,0,0,0,0,0,0
foxj1,7,4,0,2,3,1,2,2,1,4,7,1
foxj2,131,147,171,123,191,135,155,125,186,96,147,160
foxj3,271,290,369,295,402,326,388,323,319,272,372,293
foxk1,250,330,371,253,351,292,309,200,402,210,274,354
foxk2,335,449,381,443,540,453,409,456,439,346,365,413
foxl1,4,0,2,0,1,2,1,0,0,0,1,0
foxl2,0,0,0,0,0,0,0,0,0,0,0,0
foxm1,16,3,18,18,17,7,10,12,17,9,12,18
foxn1,4,10,7,6,5,4,8,6,9,8,13,5
foxn2,524,532,565,502,739,601,538,502,585,504,518,503
foxn3,664,738,920,719,776,730,683,777,861,676,685,1016
foxn4,0,0,0,0,0,0,0,0,0,0,0,0
foxo1,499,686,441,577,685,493,565,450,771,366,637,492
foxo3,1359,1598,1432,1252,2398,1319,1484,1414,1848,1127,1762,1573
foxo4,375,379,465,312,439,373,384,316,378,291,366,363
foxo6,2,1,0,4,2,1,2,0,6,1,4,3
foxp1,555,582,723,445,579,587,539,482,606,427,512,529
foxp2,170,187,160,220,202,244,172,193,224,204,219,198
foxp3,11,5,8,4,8,7,7,7,8,5,5,6
foxp4,140,141,153,140,170,157,144,109,164,89,126,149
foxq1,307,170,850,157,109,117,817,872,164,262,316,736
foxr1,5,8,5,3,5,9,4,12,10,6,12,1
foxr2,0,0,0,0,0,0,0,0,0,0,0,0
foxred1,696,812,966,723,916,983,690,754,704,708,709,626
foxred2,9,10,14,19,24,20,21,13,54,10,13,16
foxs1,19,6,11,4,14,2,10,6,6,4,4,8
fpgs,2544,2138,2465,1509,1502,1989,1311,2009,1217,2114,1190,2530
fpgt,658,607,711,542,748,713,565,617,665,714,620,612
fpr1,264,113,212,123,305,109,132,100,164,83,84,78
fpr2,130,28,102,46,135,45,51,46,69,18,43,27
fpr3,0,0,0,0,0,0,0,0,0,0,0,0
fra10ac1,217,313,270,241,282,352,264,231,214,253,235,207
fras1,168,238,261,179,303,222,227,278,256,223,183,341
frat1,178,97,111,124,183,160,83,118,144,134,111,139
frat2,47,49,58,34,72,54,45,43,62,34,59,36
frem1,45,29,57,36,81,27,79,22,65,26,81,27
frem2,10,4,7,10,11,11,9,4,16,3,17,8
frem3,1,3,4,0,0,4,2,4,1,1,2,1
frg1,314,289,327,248,310,302,226,251,295,234,282,232
frk,300,191,277,155,291,237,245,160,283,130,498,155
frmd3,1,4,4,4,5,5,5,4,6,3,7,4
frmd4a,240,188,245,129,314,189,269,152,207,156,241,196
frmd4b,1881,1850,1145,1031,2021,1853,1189,1590,1372,1177,1583,1141
frmd5,2,3,7,4,1,4,3,3,6,3,4,3
frmd6,129,122,170,121,167,126,155,116,158,123,152,184
frmd7,0,0,1,2,0,0,0,0,2,0,2,1
frmd8,450,399,479,277,435,457,349,341,315,255,334,330
frmpd1,1,0,2,1,0,0,0,0,2,0,0,0
frmpd3,0,0,1,2,3,0,3,2,1,0,1,2
frmpd4,3,0,0,0,0,0,1,0,0,0,5,0
frrs1,630,605,736,530,845,666,720,498,795,430,614,512
frrs1l,7,8,10,7,9,7,14,10,7,9,6,2
frs2,250,280,310,312,338,290,294,242,366,248,300,329
frs3,24,44,40,24,38,34,36,26,50,12,37,44
fry,155,163,171,139,154,169,170,124,232,93,155,167
fryl,558,587,635,579,710,648,640,493,639,394,633,695
frzb,91,36,68,19,90,50,56,21,59,16,63,29
fsbp,28,38,28,20,20,24,17,15,27,15,20,16
fscb,0,0,0,0,0,0,0,0,0,0,0,0
fscn1,68,46,67,49,159,42,94,48,89,40,82,80
fscn2,2,2,1,0,0,0,1,0,1,1,1,0
fscn3,0,0,0,1,1,0,0,0,0,0,0,2
fsd1,6,4,3,7,4,5,3,1,4,2,7,6
fsd1l,27,43,48,24,38,32,40,33,26,31,60,28
fsd2,10,5,12,4,9,8,11,8,9,4,10,27
fshb,0,0,0,0,0,0,0,0,0,0,0,0
fshr,0,0,0,0,0,0,0,0,0,0,0,0
fsip1,0,2,0,2,2,0,3,1,0,1,0,0
fsip2,0,0,0,0,0,0,0,0,0,0,0,0
fst,97,35,84,22,60,48,64,34,95,37,94,73
fstl1,443,269,569,338,710,363,627,288,590,283,597,428
fstl3,6,5,4,9,6,9,10,3,9,3,10,14
fstl4,1,0,0,2,1,0,0,1,3,0,3,0
fstl5,0,1,0,0,0,1,0,2,2,1,2,1
ftcd,8306,8539,10597,6193,10047,7311,8634,7942,9000,7052,8649,8083
fth1,10935,12996,12218,11437,15449,12744,11074,10176,11956,10830,14205,11538
ftmt,0,0,0,0,0,0,0,0,0,0,0,0
fto,520,625,660,499,699,681,634,584,598,487,472,622
ftsj1,359,561,422,339,402,469,390,401,376,367,314,341
ftsj3,980,1150,1155,1184,1308,1759,1121,1172,1021,1056,810,828
fubp1,941,1157,1203,894,989,1361,1029,899,923,906,957,806
fubp3,425,459,522,425,536,528,431,431,470,402,447,429
fuca1,1346,1320,1467,1134,1664,1292,1158,1244,1400,1146,1266,1336
fuca2,274,222,300,212,277,271,202,195,296,215,379,218
fundc1,359,203,274,184,312,272,225,229,293,216,234,263
fundc2,279,233,353,227,330,257,303,184,364,188,298,250
fuom,535,548,650,361,680,430,571,481,631,462,555,473
furin,2053,2905,2191,2535,2619,2703,2118,2178,2536,1556,2039,2686
fus,371,341,471,370,417,402,433,340,542,330,499,752
fut1,21,28,21,13,16,22,23,27,40,13,19,19
fut2,3,6,5,6,2,3,3,4,13,4,10,1
fut4,17,13,27,12,30,25,19,12,17,6,81,14
fut7,6,2,8,0,4,0,8,1,11,0,10,3
fut8,167,137,134,152,188,129,139,123,194,130,266,138
fut9,1,0,1,1,0,0,0,4,3,3,0,0
fuz,150,165,197,122,228,151,160,143,151,108,155,137
fxn,187,208,238,163,252,227,176,248,185,190,169,226
fxr1,1532,1661,2077,1587,1943,1720,1617,1745,1716,1912,1697,1589
fxr2,597,705,756,657,737,698,631,629,698,599,618,501
fxyd1,2321,2711,2999,2096,2900,2532,2271,2226,2401,2242,2055,2166
fxyd2,2,2,1,3,5,1,1,4,1,5,2,3
fxyd3,11,10,13,11,16,12,6,5,22,11,23,10
fxyd4,1,2,3,3,0,1,3,2,4,1,4,3
fxyd5,198,108,266,100,311,128,253,133,220,121,173,170
fxyd6,36,41,38,39,63,33,43,23,67,21,57,89
fxyd7,2,2,0,1,1,1,2,1,2,0,2,1
fyco1,1155,1226,1497,1048,1330,1213,1306,1132,1329,1076,1120,1422
fyn,318,235,291,192,421,208,277,190,259,181,270,188
fyttd1,993,1030,1111,1023,1162,1165,1020,1031,1012,1149,918,993
fzd1,178,131,212,160,281,156,244,143,315,129,230,208
fzd10,0,0,1,0,0,0,0,0,1,0,0,0
fzd2,9,1,7,7,5,5,13,6,10,4,11,13
fzd3,11,11,10,14,7,22,7,4,19,5,11,11
fzd4,532,800,989,726,1195,779,1213,551,1447,521,1114,669
fzd5,163,194,201,168,210,270,168,160,244,158,248,249
fzd6,138,113,166,99,133,156,118,79,135,97,127,158
fzd7,228,268,400,213,424,389,355,317,374,273,266,397
fzd8,168,315,490,266,329,332,324,259,263,210,249,361
fzd9,0,1,1,1,1,0,2,1,1,0,0,2
fzr1,152,175,211,142,258,190,195,141,205,112,173,168
g0s2,531,1534,866,611,1561,1220,989,808,1782,1719,956,1117
g2e3,235,234,360,260,310,295,290,229,271,243,245,211
g3bp1,1395,1589,1555,1318,1870,1847,1424,1411,1302,1233,1245,1233
g3bp2,1859,1757,2131,1633,2126,2198,1613,1778,1563,1765,1567,1844
g6pc2,2,10,3,1,2,8,3,4,5,1,3,5
g6pc3,63,61,75,70,94,76,64,51,70,64,93,67
gaa,1148,1194,1143,1114,1408,1307,1127,1176,1166,944,952,1417
gab1,284,392,345,339,428,324,425,236,432,235,441,281
gab2,204,116,198,136,259,110,211,109,204,82,181,155
gab3,25,16,28,16,28,13,24,9,34,13,16,23
gabarap,4337,4231,4533,3328,4675,4181,3937,3783,3879,3906,3640,3510
gabarapl1,6294,6509,8760,7019,7436,6938,5345,6264,6810,6488,5546,7104
gabarapl2,1479,1679,1605,1508,1577,1645,1358,1259,1368,1300,1351,1206
gabbr1,27,36,36,17,42,32,43,23,39,24,46,24
gabbr2,169,455,261,349,375,463,347,427,301,378,332,415
gabpa,1326,1555,1703,1418,2028,1642,1642,1415,1582,1464,1547,1387
gabpb1,160,182,182,146,177,188,175,153,180,153,171,186
gabpb2,942,1021,1223,907,1123,1180,1045,1021,1208,943,1053,1019
gabra1,1,2,0,0,0,1,0,0,0,0,0,0
gabra2,12,20,11,14,16,29,16,18,23,16,22,11
gabra3,114,60,122,61,115,81,118,93,129,88,124,111
gabra4,1,17,1,17,3,23,3,10,47,0,3,2
gabra5,0,0,0,0,0,0,0,0,1,0,1,0
gabra6,0,0,0,0,0,0,0,0,0,0,2,0
gabrb1,2,2,4,8,4,5,11,2,3,6,6,7
gabrb2,2,1,6,4,1,0,4,1,3,1,3,0
gabrb3,12,69,7,23,10,65,8,30,11,39,16,40
gabrd,4,4,5,10,5,1,6,3,2,1,4,2
gabre,8,6,5,6,9,6,12,4,7,7,9,6
gabrg1,0,2,3,2,1,0,2,2,1,3,2,0
gabrg2,0,0,0,0,0,0,0,0,0,0,1,1
gabrg3,4,6,4,3,5,2,7,3,8,5,8,1
gabrp,22,1,1,1,0,8,6,0,13,2,18,2
gabrq,20,114,25,81,18,97,26,61,13,41,17,108
gabrr1,0,1,0,0,0,0,0,0,1,0,0,0
gabrr2,0,1,0,0,0,2,3,2,2,0,4,2
gabrr3,0,0,0,0,0,0,0,0,0,0,0,0
gad1,1,0,3,2,3,0,3,1,3,2,0,5
gad2,2,10,4,4,2,9,2,2,8,2,4,1
gadd45a,83,88,111,44,175,114,106,117,106,97,90,111
gadd45b,27,21,14,24,28,46,23,30,42,36,33,20
gadd45g,67,80,529,116,42,109,979,717,54,34,238,106
gadd45gip1,738,813,848,684,977,835,704,718,723,666,674,621
gadl1,4,8,7,6,6,3,5,2,5,5,6,4
gak,1224,1389,1463,1240,1560,1450,1310,1171,1419,1064,1210,1145
gal,1,19,3,31,1,18,11,9,90,1,6,1
gal3st1,31,13,21,21,30,11,38,12,44,22,42,29
gal3st2,14,0,5,19,4,4,4,1,10,0,290,3
gal3st3,2,4,1,5,3,4,1,3,7,1,4,2
gal3st4,20,16,21,11,14,18,7,18,16,8,7,12
galc,134,110,150,106,186,112,146,114,146,95,115,160
gale,439,343,248,95,251,316,147,293,118,236,155,247
galk1,792,756,720,706,1013,815,763,723,877,722,731,680
galk2,420,389,538,386,546,389,423,366,455,385,438,326
galm,1718,2623,2406,2051,2557,2291,2065,2114,2245,2283,2110,2077
galns,239,166,233,140,322,171,222,152,242,119,197,166
galnt1,1553,1450,1753,1258,1838,1601,1617,1498,1572,1518,1530,1439
galnt10,232,189,181,107,245,149,164,125,143,86,197,144
galnt11,332,369,375,300,458,417,345,342,389,301,373,328
galnt12,9,4,9,1,19,8,7,11,7,9,32,12
galnt13,4,2,3,3,2,5,3,2,3,4,2,4
galnt14,4,7,8,7,4,3,6,7,7,8,10,15
galnt15,248,108,169,116,195,100,163,118,151,92,187,190
galnt16,3,2,5,3,7,2,3,3,8,3,7,6
galnt18,60,33,58,26,64,43,36,31,36,27,38,41
galnt2,534,517,496,386,667,616,647,394,456,354,550,534
galnt3,19,19,14,9,23,17,22,22,39,5,44,13
galnt4,343,456,413,394,450,525,333,439,310,383,384,433
galnt5,2,0,4,0,0,3,3,0,0,0,12,1
galnt6,93,52,101,83,111,60,132,48,174,61,220,58
galnt7,146,108,165,143,183,154,193,95,174,64,242,113
galnt9,2,1,3,3,5,1,7,1,6,1,3,1
galntl5,0,0,0,0,0,0,0,0,0,0,0,0
galntl6,6,2,7,3,1,3,4,3,10,3,7,2
galp,0,0,0,0,0,0,0,0,0,0,0,0
galr1,0,1,0,1,0,1,1,1,2,0,1,0
galr2,1,4,1,0,2,5,3,1,1,1,4,3
galt,733,689,728,583,738,680,558,780,602,724,511,839
gamt,1637,2801,2501,2498,3511,2354,2084,2281,2633,2159,2145,2123
gan,213,199,249,173,212,271,224,165,275,144,206,274
ganab,3390,4609,4274,3598,4026,4815,3560,3812,3481,3115,3106,3313
ganc,540,551,671,406,586,504,532,465,477,432,520,452
gap43,0,0,0,0,1,0,0,0,0,0,1,0
gapdh,21777,23456,23796,18017,24128,22356,18127,18040,19616,15946,17280,17087
gapdhs,60,66,59,43,50,63,54,76,54,47,44,50
gapt,9,4,12,2,6,7,14,4,14,4,8,11
gapvd1,1218,1252,1414,1197,1660,1502,1338,1198,1413,1051,1244,1198
gar1,31,56,53,44,64,48,51,40,58,28,44,31
garnl3,44,23,40,39,33,37,47,33,50,29,39,40
gart,728,921,886,734,943,921,750,692,646,604,656,619
gas1,342,275,400,221,434,265,379,296,478,417,400,393
gas2,1611,1166,2034,958,2094,1277,1479,1521,1898,1696,1518,1497
gas2l1,244,206,212,194,241,254,228,190,234,157,172,212
gas2l2,0,1,0,0,0,0,0,0,0,1,1,0
gas2l3,82,145,151,132,215,151,205,131,228,106,140,106
gas6,1160,823,880,726,1326,1048,1116,800,1111,805,1083,1079
gas7,356,243,430,272,392,244,355,318,296,370,242,637
gast,0,0,0,0,0,0,0,0,0,0,0,0
gata1,3,0,3,1,0,1,7,4,3,1,1,0
gata2,13,17,14,9,10,13,16,15,19,4,18,15
gata3,13,15,10,6,7,14,13,5,15,8,16,9
gata4,226,230,328,170,308,305,288,231,256,219,293,239
gata5,14,16,12,23,22,17,21,9,16,15,52,21
gata6,125,87,100,88,148,93,141,87,159,83,141,103
gatad1,1009,1142,1174,977,1350,1167,1091,1015,1044,1026,993,855
gatad2a,662,674,802,686,919,813,734,705,724,544,657,735
gatad2b,291,278,352,284,396,333,359,291,455,258,325,462
gatb,656,883,891,675,841,831,641,677,677,800,618,712
gatc,220,301,269,240,287,314,247,200,257,230,228,225
gatm,304,361,391,374,508,370,373,281,705,198,316,250
gba2,186,328,289,338,294,346,245,352,327,259,244,293
gbe1,2882,3235,3737,2544,4144,3581,2910,2995,3197,3562,2938,3214
gbf1,1203,1307,1145,1100,1112,1447,972,1003,916,798,879,1232
gbgt1,35,23,43,20,48,22,31,17,41,12,37,19
gbp2,337,239,449,238,574,312,471,460,488,297,369,325
gbp3,287,223,388,219,443,229,275,372,338,268,319,247
gbp4,116,112,189,93,167,125,138,182,172,145,146,160
gbp5,114,108,125,80,134,118,107,129,139,103,107,115
gbp6,311,370,524,247,425,298,311,527,378,525,403,476
gbp7,576,620,743,497,903,573,647,625,615,602,684,467
gbx1,2,1,3,1,0,1,0,1,1,1,0,0
gbx2,0,0,0,0,0,0,0,0,1,1,1,2
gc,155936,146134,194135,121449,164482,153539,149448,133787,146254,148348,137574,119436
gca,128,108,126,69,138,123,122,113,120,73,97,132
gcat,1751,2475,2370,2010,2520,2270,1798,2177,2154,1895,1669,1965
gcc1,362,381,389,435,605,487,363,449,527,377,345,356
gcc2,1145,1260,1457,1139,1380,1508,1225,1069,1137,1198,1203,1158
gcdh,10762,14094,13619,11308,14757,13316,11593,11119,11977,12836,10738,11079
gcfc2,99,125,165,121,125,135,124,88,137,83,103,99
gcg,0,9,0,0,0,0,1,0,13,0,6,0
gcgr,3694,4059,4226,3418,4230,3975,3868,3433,3513,3096,3303,3351
gch1,2882,3250,3995,3020,4537,3500,2915,3166,3549,3273,3353,3128
gchfr,1399,1650,1633,1426,2195,1476,1445,1375,1450,1308,1336,1277
gck,2383,5191,2068,2411,3487,4302,3530,5133,2243,2959,812,2619
gckr,3336,3349,4162,2526,4013,3464,2966,3190,3120,3198,3085,3029
gclc,4399,3641,5172,3036,3892,4253,3549,4925,4645,5992,3356,5446
gclm,3816,3488,4054,3547,4294,4332,3780,3474,3901,3487,3461,3879
gcm1,25,30,17,14,17,24,25,20,17,17,34,15
gcm2,0,3,0,0,1,0,1,2,2,2,1,0
gcnt1,133,66,90,66,137,83,92,76,138,70,93,88
gcnt2,465,729,514,408,939,660,461,566,690,542,621,516
gcnt3,10,1,2,18,4,5,7,2,8,3,122,5
gcnt4,174,179,301,242,229,234,252,212,230,115,233,152
gcnt7,16,22,17,15,10,14,19,13,19,17,17,17
gcom1,0,9,5,0,0,7,0,3,10,0,0,0
gcsam,12,7,5,0,5,6,9,22,5,5,11,5
gcsh,2026,2340,2401,2024,2633,2409,1966,1921,1827,2256,1888,1962
gda,1595,1219,1410,999,1999,1235,2123,1001,1544,1168,3501,1076
gdap1,1,4,2,5,1,3,2,4,3,4,5,3
gdap1l1,0,1,1,0,0,0,0,0,0,0,1,0
gdap2,608,624,661,591,729,691,442,560,520,535,477,523
gde1,643,1061,844,1185,1031,1310,1006,755,1025,805,927,700
gdf1,0,3,3,1,0,0,1,4,2,0,0,3
gdf10,225,108,164,81,228,115,159,71,152,67,146,65
gdf11,13,6,13,3,7,5,15,11,20,8,12,8
gdf15,333,162,84,39,279,125,58,86,118,432,63,197
gdf2,499,417,526,341,789,407,501,359,478,315,509,329
gdf3,7,3,9,3,6,2,5,2,8,5,5,5
gdf5,0,0,0,0,0,0,0,0,0,0,0,0
gdf6,9,11,21,11,27,9,22,18,20,10,25,23
gdf7,14,19,2,4,6,5,1,2,2,1,5,7
gdf9,1,9,3,3,3,3,2,4,1,4,4,1
gdi1,691,886,814,628,857,821,796,771,732,730,702,727
gdi2,7511,6777,8298,6061,9183,7138,7053,6338,7469,6595,7318,6015
gdnf,0,0,0,0,0,0,0,1,0,0,2,1
gdpd1,64,34,59,26,51,26,39,26,55,17,98,38
gdpd2,1,1,2,4,13,2,12,2,10,4,33,7
gdpd3,12,8,17,6,17,10,10,10,14,11,8,10
gdpd4,1,0,1,0,0,0,0,0,1,0,0,1
gdpd5,51,34,54,48,71,44,49,36,76,22,51,43
gdpgp1,72,97,123,87,115,122,99,62,96,65,79,84
gem,116,51,102,50,107,71,69,63,69,75,60,86
gemin2,211,335,327,320,295,352,289,221,308,282,305,205
gemin4,198,287,266,300,377,389,255,216,289,165,186,174
gemin5,295,351,406,362,432,506,317,263,370,234,268,313
gemin6,102,113,98,111,127,141,105,95,96,109,95,87
gemin7,228,253,326,238,330,334,236,230,281,210,237,226
gemin8,29,28,48,33,32,40,40,26,32,22,42,33
gen1,19,33,35,26,33,24,17,23,26,29,37,35
get4,283,325,374,354,449,352,315,291,313,277,327,318
gfap,11,5,9,7,10,11,5,10,7,9,8,9
gfer,587,614,738,533,604,623,466,581,540,593,421,610
gfi1,0,6,1,4,1,4,3,8,15,2,3,7
gfi1b,0,0,2,1,4,1,1,0,2,0,2,0
gfm1,1401,2068,1792,1663,1975,2054,1512,1689,1528,1660,1385,1565
gfm2,1073,1369,1333,967,1258,1275,1011,958,950,990,917,1033
gfod1,75,60,71,45,95,86,77,72,116,45,85,70
gfod2,165,123,167,84,116,178,129,131,76,113,106,125
gfpt1,770,578,674,699,810,1177,573,584,603,499,762,528
gfpt2,33,24,55,33,91,46,142,26,68,29,53,66
gfra1,3408,5101,3877,5704,3760,6681,3922,2826,3860,2610,3473,2928
gfra2,47,18,54,28,52,11,26,21,22,11,22,14
gfra3,1,3,1,3,0,2,1,0,2,0,1,0
gfra4,1,1,1,2,5,3,7,2,4,1,4,7
gfral,0,0,0,0,0,0,0,0,0,0,0,0
gfy,0,0,0,0,0,0,0,0,0,0,0,0
gga1,325,332,306,281,428,344,316,264,328,209,316,317
gga2,293,382,363,209,461,322,367,302,369,263,314,300
gga3,104,109,145,126,118,148,153,110,146,90,106,104
ggact,1338,1450,1757,1134,1480,1171,1284,1162,1187,1139,1427,1249
ggct,115,148,185,104,169,155,128,133,107,138,107,119
ggcx,1625,1935,1980,1438,1910,1939,1472,1687,1523,1392,1298,1566
ggh,396,399,420,422,449,421,450,378,728,394,404,302
ggn,1,1,5,2,5,5,5,1,4,1,6,1
ggnbp2,1894,1668,2233,1506,2000,1970,1746,1545,1786,1900,1826,1804
ggps1,219,228,269,201,265,253,205,228,253,206,246,232
ggt1,7,79,6,131,9,64,34,28,259,4,638,6
ggt5,80,96,72,54,86,51,76,55,90,37,81,58
ggt6,382,433,362,236,463,368,397,309,351,279,344,331
ggt7,6,3,9,4,9,10,13,7,10,4,10,4
ggta1,250,153,225,144,318,165,220,180,299,163,180,179
ghdc,278,313,306,217,369,308,259,269,310,239,279,234
ghitm,7562,7967,9111,6514,8347,8239,7436,7549,7424,8337,7309,6978
ghr,10926,15184,16725,11196,16936,13272,14558,15007,14408,16120,13318,14780
ghrh,0,0,0,0,1,0,1,0,0,0,0,1
ghrhr,0,1,0,1,0,0,0,0,0,0,0,0
ghrl,5,7,12,6,9,9,12,7,8,4,43,3
ghsr,0,0,0,0,0,0,0,0,0,0,0,0
gid4,516,604,690,512,695,637,589,502,640,527,529,495
gid8,654,731,675,594,810,773,604,631,610,640,594,620
gigyf1,211,228,266,234,231,247,229,214,263,193,237,243
gigyf2,960,1250,1199,1078,1279,1357,1041,1027,1109,1095,950,968
gimap1,76,61,76,48,123,55,90,71,83,57,85,49
gimap4,395,383,416,263,629,338,410,411,338,400,368,297
gimap5,43,35,64,32,68,33,38,35,39,32,46,27
gimap6,504,410,505,338,757,401,514,404,537,387,541,390
gimap7,14,15,21,5,15,6,13,39,22,18,20,25
gimap8,207,226,262,153,291,154,175,202,209,181,228,195
gin1,366,364,372,353,380,392,371,341,375,336,347,360
ginm1,753,922,945,761,797,956,693,827,738,823,709,847
gins1,55,78,81,74,72,74,59,68,59,80,71,74
gins2,58,57,76,38,102,71,87,57,95,47,51,78
gins3,18,18,17,23,26,19,20,10,28,14,17,15
gins4,287,369,409,331,427,315,335,298,354,323,307,271
gip,0,0,0,2,0,0,0,0,0,0,82,0
gipc1,202,195,180,150,252,149,178,160,194,97,167,175
gipc2,52,22,19,17,23,9,22,8,27,12,195,5
gipc3,1,3,3,2,2,0,5,2,2,0,0,1
gipr,0,0,1,1,0,1,1,0,0,0,1,0
git1,121,113,131,106,173,125,140,88,179,76,159,139
git2,380,348,412,297,447,375,411,315,473,275,365,320
gja1,234,166,205,191,276,200,247,144,223,181,280,151
gja10,5,0,6,0,0,1,0,1,2,1,1,5
gja3,0,0,0,0,0,0,0,0,0,0,0,0
gja4,74,107,72,120,136,106,95,66,90,44,96,61
gja5,32,31,25,26,30,25,31,25,25,19,16,29
gja8,5,8,9,6,21,17,18,13,18,13,8,15
gjb1,10227,10803,12177,8316,11942,9393,9101,9799,8772,8274,8197,9938
gjb2,4372,5165,4710,5068,5280,7346,4241,4864,3747,4345,3383,4237
gjb3,2,1,1,1,7,1,7,0,3,1,5,1
gjb4,0,1,2,0,1,0,1,0,2,0,1,0
gjb5,5,2,12,5,9,4,9,0,16,6,4,5
gjb6,0,0,0,1,3,1,1,1,3,2,2,1
gjc1,8,6,7,7,9,8,9,10,11,9,13,7
gjc2,17,8,10,8,19,11,16,4,22,9,15,13
gjc3,42,51,42,52,22,52,55,29,44,21,44,32
gjd2,0,0,0,0,0,0,0,0,2,0,0,0
gjd3,0,0,0,1,0,1,0,0,0,0,1,0
gjd4,5,6,2,11,6,11,7,12,7,5,1,6
gk,2304,2479,2894,2382,3057,2869,2402,2593,2194,3124,2245,2419
gk2,0,0,0,0,0,0,0,0,0,0,0,0
gk5,27,24,21,24,28,28,34,13,39,20,65,19
gkap1,236,269,273,279,287,276,280,193,282,252,278,217
gkn1,0,0,0,0,0,0,0,1,0,0,0,0
gkn2,0,0,0,0,0,0,0,0,0,0,0,0
gla,204,198,289,148,257,240,237,193,240,201,168,196
glb1,372,321,449,303,558,318,487,312,525,273,407,330
glb1l,103,72,99,91,85,87,115,71,95,65,80,89
glb1l2,7,12,13,11,8,15,14,11,23,21,12,14
glb1l3,0,0,0,0,0,0,0,0,0,0,0,0
glcci1,213,169,227,218,234,188,261,199,261,182,278,278
glce,819,813,939,707,1042,1024,811,889,942,886,867,731
gldc,4230,2446,3876,1682,2707,2313,1717,2208,1923,1942,1555,2785
gldn,60,4,41,5,58,3,30,4,27,3,25,13
gle1,663,764,751,766,788,855,608,585,685,604,597,628
glg1,1129,941,1244,1005,1509,1113,1175,892,1161,798,1100,1108
gli1,2,2,5,1,1,7,3,2,8,2,4,5
gli2,6,6,4,1,0,4,4,2,4,1,5,1
gli3,32,23,32,25,35,17,40,18,27,11,24,38
glipr1,80,13,77,20,111,43,71,58,84,56,71,53
glipr1l1,0,0,0,0,0,0,0,0,0,0,0,0
glipr1l2,0,0,1,0,1,2,2,0,1,0,1,0
glipr2,79,26,60,19,70,45,42,61,46,46,33,57
glis1,0,1,1,1,0,1,1,0,1,1,3,0
glis2,33,32,31,35,65,45,48,29,73,26,50,46
glis3,30,26,28,14,34,30,25,24,49,22,53,32
glmn,100,111,148,84,115,111,86,97,124,119,120,129
glmp,722,873,968,765,992,889,847,669,912,648,840,728
glo1,9179,9752,11786,7455,8504,10203,7859,10113,7451,11939,6830,10031
glod4,1150,1068,1306,906,1373,1136,1065,1036,1063,1196,1069,923
glod5,1,0,0,6,0,0,0,0,0,2,115,0
glp1r,4,6,2,6,1,6,7,2,30,0,11,7
glp2r,6,7,3,6,1,9,4,7,6,4,10,12
glra1,0,0,0,0,0,0,0,0,0,0,0,0
glra2,0,0,1,0,0,0,1,0,1,0,0,1
glra3,11,15,16,9,19,11,11,42,14,37,8,23
glra4,5,2,0,2,3,6,2,6,8,3,4,3
glrb,77,97,78,68,89,98,67,78,99,64,91,52
glrx,659,794,706,678,798,729,668,601,726,616,815,543
glrx2,500,502,558,434,550,555,506,441,571,449,494,518
glrx3,1744,1843,2031,1435,2369,1602,1768,1677,1908,1966,1798,1542
glrx5,852,1159,1080,1026,1285,876,900,877,975,923,921,874
gls,555,294,505,345,625,391,545,405,616,329,837,424
gls2,8288,8029,10977,5314,11312,7042,8946,7015,9874,5650,9563,6157
glt1d1,850,741,762,515,871,550,793,697,1101,770,1088,612
glt6d1,0,0,0,0,0,0,0,0,0,0,0,0
glt8d1,200,163,227,167,224,193,175,150,191,143,160,165
glt8d2,10,8,8,7,12,11,18,6,15,3,11,9
gltp,110,62,117,82,142,61,109,52,113,56,109,94
gltpd2,830,968,870,785,811,954,787,753,706,625,598,761
glud1,17800,17899,17410,16182,22896,18024,14669,16728,17341,16415,14773,17693
glul,9065,21447,13630,19571,16214,24571,11063,18340,12400,16918,11443,14969
glyat,5966,7829,7599,7198,6745,8336,6938,6316,6472,7478,6537,5825
glyatl3,0,0,0,0,0,0,0,0,1,0,0,0
glycam1,0,0,0,0,1,0,0,0,0,0,0,1
glyctk,4425,5328,4772,4787,5856,6083,4631,4527,3971,3656,3492,3939
glyr1,2002,2149,2206,1895,2512,2234,1988,1842,1847,1622,1731,1533
gm2a,2738,3132,4038,2811,4025,3425,3362,2801,3465,2427,3124,2743
gmcl1,264,232,296,218,306,284,257,227,289,250,289,231
gmds,65,62,52,55,48,46,49,36,72,55,151,34
gmeb1,128,134,167,106,153,168,115,138,125,134,120,147
gmeb2,240,232,287,181,227,222,219,226,244,186,193,197
gmfb,1138,1254,1540,1149,1765,1404,1322,1228,1399,1488,1451,1179
gmfg,237,143,299,115,310,124,206,131,232,131,193,163
gmip,142,92,168,112,221,111,162,118,147,90,140,136
gml,0,0,0,0,0,0,0,0,0,0,2,0
gmnc,0,0,0,0,0,0,0,0,0,0,1,0
gmnn,134,203,253,219,260,184,188,116,279,134,239,110
gmppa,470,396,442,400,512,609,376,340,359,340,321,355
gmppb,446,427,336,501,462,931,311,366,287,279,253,267
gmpr,42,30,47,21,52,19,29,16,32,29,28,37
gmpr2,242,315,344,215,387,312,278,260,229,235,241,234
gmps,1511,1582,1805,1682,1937,2349,1514,1525,1475,1672,1232,1474
gna11,734,904,798,761,1181,862,818,698,900,546,1059,689
gna12,1609,2558,2062,2597,2620,2342,2142,1531,2515,1439,2065,1834
gna13,1315,1178,1736,1104,1717,1269,1246,1202,1489,1127,1312,1153
gna14,41,130,51,99,76,95,74,157,72,101,36,135
gna15,18,19,25,17,44,6,32,14,24,15,27,18
gnai1,55,67,32,62,59,69,57,113,65,103,51,96
gnai2,1549,1224,1446,1059,2083,1192,1399,1119,1440,930,1295,1081
gnai3,2660,3254,3400,2488,3463,3412,2910,2789,2735,3067,2816,2453
gnal,77,112,100,71,98,123,86,68,73,70,83,88
gnao1,3,9,5,8,10,4,5,9,10,3,17,8
gnaq,448,426,480,411,587,448,469,373,449,339,456,479
gnas,4263,4801,4382,3927,5501,4482,4042,4160,4374,3688,3917,4193
gnat1,521,729,651,584,793,709,575,723,610,553,520,559
gnat2,49,55,37,32,36,50,30,34,16,17,28,25
gnat3,2,0,0,0,1,0,0,0,0,0,0,1
gnaz,43,32,39,18,18,52,39,27,47,34,24,24
gnb1,1449,1404,1528,1128,1826,1405,1399,1138,1411,1088,1540,1287
gnb1l,20,36,42,34,35,21,34,38,26,28,22,25
gnb2,1471,1441,1535,1306,1989,1420,1469,1304,1567,1131,1424,1361
gnb3,1,1,0,1,0,2,1,0,0,1,3,3
gnb4,134,129,162,127,201,134,139,113,178,150,166,144
gnb5,8,9,19,9,24,8,22,10,14,6,12,10
gne,2895,3924,3228,3941,4244,4315,3394,2568,3795,2494,3272,2482
gng10,158,136,196,106,234,158,156,140,172,115,152,153
gng11,219,148,199,136,283,162,190,147,191,151,166,154
gng12,917,902,1102,841,1342,1024,1095,863,1080,835,1114,910
gng13,3,0,1,0,1,3,1,0,0,1,0,2
gng2,127,69,116,66,152,63,96,104,131,70,105,101
gng3,4,9,1,1,0,3,3,2,1,4,3,2
gng4,0,1,0,0,2,0,2,0,1,0,4,1
gng5,2029,2105,2209,1728,2269,1887,1986,1796,1963,2017,1937,1772
gng7,10,9,4,1,12,1,6,5,17,2,13,11
gng8,5,0,1,0,1,0,1,0,1,0,2,1
gngt1,22,17,17,19,6,15,9,35,9,32,9,24
gngt2,373,166,409,165,472,177,229,209,264,153,216,187
gnl1,276,351,339,357,518,375,370,246,389,245,366,295
gnl2,603,653,762,707,740,930,604,603,558,627,504,554
gnl3,399,679,663,746,708,939,601,626,618,705,507,462
gnl3l,579,617,601,550,698,755,595,559,557,579,545,523
gnmt,29605,37932,39872,29407,42450,33388,30603,28893,35332,29878,25592,29084
gnpat,902,1013,1118,868,1045,1110,926,929,828,874,840,1028
gnpda1,438,493,618,385,598,537,432,362,588,428,539,371
gnpda2,174,123,192,116,163,120,143,137,187,145,157,162
gnpnat1,2652,2880,3079,2322,3549,2777,2906,2562,3153,2949,3279,2495
gnptab,303,258,336,261,454,279,357,267,377,196,324,291
gnptg,438,485,562,336,477,463,408,418,421,353,404,373
gnrh1,3,10,7,0,5,6,4,2,4,3,7,6
gnrhr,2,3,1,1,1,1,0,2,3,1,0,1
gns,2921,2937,3320,2888,4415,3184,3026,2663,3392,2197,3101,3004
golga1,498,480,587,543,556,677,521,447,493,472,446,483
golga2,683,674,860,713,862,919,668,599,732,594,652,645
golga3,840,891,1030,1055,1156,1444,911,894,986,772,859,810
golga4,1962,2200,2274,2169,2103,2797,1898,1794,1791,1841,1876,1719
golga5,575,569,692,605,724,806,560,543,592,583,514,611
golga7,1434,1725,1603,1401,1680,1734,1369,1359,1364,1465,1264,1354
golga7b,2,1,1,2,3,0,2,2,0,0,4,1
golgb1,2183,2331,2747,2614,2799,3295,2243,2064,2268,1893,2007,2133
golim4,1335,1716,1570,1405,1663,1777,1501,1274,1489,1290,1335,1368
golm1,307,132,346,144,366,150,380,115,345,133,466,150
golph3,1557,1910,1889,1730,1702,2076,1569,1590,1600,1716,1520,1460
golph3l,306,239,334,306,380,478,231,262,292,242,294,238
golt1a,249,301,275,273,279,280,286,180,208,208,294,207
golt1b,139,119,164,166,204,216,125,157,147,148,110,137
gon4l,454,596,552,478,665,700,506,488,566,384,501,464
gopc,595,712,707,670,825,761,623,684,579,539,563,575
gorab,86,100,140,117,104,108,104,92,116,101,87,123
gorasp1,442,601,614,615,674,751,528,479,567,422,402,491
gorasp2,1542,1538,1596,1458,1682,1941,1240,1277,1341,1213,1143,1276
gosr1,710,871,966,744,934,972,794,746,800,743,754,759
gosr2,1781,1593,1921,1661,2039,2180,1571,1513,1415,1361,1424,1376
got1,4288,5491,5960,6833,5590,5434,3924,3802,4319,3132,5601,3553
got1l1,3,0,1,1,1,0,1,0,1,3,0,0
got2,6972,8809,8022,7413,9774,8395,6818,7476,7081,6658,6662,7958
gp1ba,22,19,32,26,37,26,33,17,42,15,38,22
gp1bb,6,4,2,2,2,0,6,3,1,2,4,4
gp2,60,2675,110,4117,157,3159,1650,1310,9742,0,267,331
gp5,12,5,10,4,2,2,2,4,5,3,3,4
gp6,11,8,19,5,11,8,9,13,10,10,6,15
gp9,19,4,11,4,7,8,8,5,5,4,3,8
gpa33,0,0,0,6,0,1,0,0,1,0,226,1
gpaa1,294,330,334,321,374,333,308,294,317,257,273,285
gpalpp1,596,590,906,659,875,808,693,554,722,655,685,641
gpam,4638,5930,4206,2461,5835,3819,3906,6988,3789,5219,2705,5775
gpank1,143,152,187,148,183,157,148,138,193,125,164,137
gpat2,63,57,77,34,72,76,61,63,64,67,53,77
gpat4,3342,4754,4478,3600,5567,3864,4401,3275,4406,3332,3985,2820
gpatch1,189,201,207,170,216,221,168,157,168,170,178,144
gpatch11,267,267,238,191,197,292,223,216,175,201,167,179
gpatch2,329,439,395,351,436,436,364,349,379,304,302,301
gpatch2l,302,283,352,278,369,339,309,301,296,276,285,293
gpatch3,81,80,90,71,102,104,72,85,93,57,76,72
gpatch4,130,207,163,125,192,197,158,128,118,108,111,74
gpatch8,340,397,400,342,404,383,390,337,447,325,418,392
gpbar1,3,4,5,1,3,5,3,2,5,5,7,3
gpbp1,1619,1593,1955,1354,1718,1700,1599,1678,1642,1810,1715,1574
gpbp1l1,1389,1661,1867,1418,1756,1711,1474,1446,1701,1617,1633,1394
gpc1,227,273,340,269,437,327,348,272,263,219,260,383
gpc2,2,1,0,0,1,5,3,3,0,1,0,2
gpc3,125,72,94,79,152,67,128,79,173,90,127,103
gpc4,492,529,498,511,557,570,484,431,514,426,498,691
gpc5,0,2,0,6,2,0,1,1,0,1,0,0
gpc6,121,56,90,58,130,49,97,48,122,26,110,70
gpcpd1,3159,5463,7610,7116,6001,6910,4726,2875,4251,2995,7203,3151
gpd1,4751,4754,5092,5093,4104,5617,2873,5300,2896,5419,3300,5363
gpd1l,708,961,1037,896,1441,996,1101,700,1394,714,1207,690
gpd2,734,795,1034,611,915,873,554,1028,561,974,819,915
gper1,2,1,0,5,3,5,3,3,15,2,2,5
gpha2,0,0,1,1,0,0,1,0,0,3,1,0
gphn,1246,1625,1492,1300,1567,1276,1271,1333,1250,1323,1235,1512
gpihbp1,501,464,530,379,526,453,388,414,404,413,320,427
gpkow,386,416,421,367,423,479,385,388,372,370,319,401
gpld1,5239,7500,6691,6393,6963,6894,5418,6318,6034,5678,5123,6313
gpm6a,261,193,265,215,385,212,393,201,392,233,329,275
gpm6b,53,42,60,51,72,42,64,46,57,43,65,44
gpn1,321,376,334,301,365,407,299,286,263,323,250,289
gpn2,130,125,181,156,204,183,124,138,150,132,128,131
gpn3,200,282,257,235,312,269,241,220,265,206,263,215
gpnmb,694,126,1266,207,1138,268,1037,223,1203,631,919,658
gpr101,0,0,0,0,0,0,0,0,0,0,0,0
gpr107,524,535,594,454,682,616,555,484,551,339,525,424
gpr108,417,556,675,433,571,540,546,468,509,386,454,461
gpr119,0,1,1,1,0,0,1,1,0,0,1,0
gpr12,10,6,14,5,5,8,6,3,14,4,10,4
gpr132,19,6,16,3,31,8,30,12,25,9,16,10
gpr135,9,12,5,2,8,5,3,10,5,8,8,6
gpr137,211,230,237,175,225,197,187,210,161,148,161,185
gpr137b,199,114,246,137,294,160,222,144,268,137,207,194
gpr137c,4,9,7,6,14,5,6,5,8,3,14,7
gpr139,0,0,0,0,0,0,0,0,2,0,0,0
gpr141,48,4,34,4,49,18,23,20,31,21,24,10
gpr142,0,0,0,0,0,0,0,0,0,0,0,0
gpr143,3,4,0,3,1,2,2,1,1,0,1,2
gpr146,1414,2325,3531,2215,2786,2586,2727,1734,2634,1549,2099,1886
gpr149,0,0,0,0,1,1,1,0,0,2,4,1
gpr15,0,0,2,0,2,1,0,2,2,2,2,0
gpr150,1,0,2,1,0,1,1,1,1,0,0,1
gpr151,2,6,7,5,5,5,4,5,5,2,16,2
gpr152,3,1,1,0,0,0,0,0,0,0,1,0
gpr153,33,30,32,17,50,16,50,18,43,22,33,21
gpr155,608,1207,838,864,1167,1044,1098,783,923,750,1051,752
gpr156,5,1,2,1,1,2,1,3,1,2,4,2
gpr157,120,104,131,81,103,118,99,94,120,68,104,108
gpr158,0,0,0,0,1,0,0,0,1,0,2,0
gpr160,26,17,17,18,27,18,30,15,30,13,43,24
gpr161,12,21,19,26,33,18,23,25,26,15,33,18
gpr162,16,33,19,10,10,16,13,25,11,11,11,22
gpr17,58,65,56,73,48,89,60,71,87,54,83,69
gpr171,13,3,20,6,22,14,9,18,17,19,18,23
gpr173,1,5,4,6,5,7,7,1,5,4,4,1
gpr174,21,16,34,7,24,14,34,42,27,19,31,25
gpr176,7,3,10,5,18,5,13,12,9,4,12,15
gpr179,1,1,4,1,3,1,2,0,3,1,2,3
gpr18,16,7,26,10,21,10,12,21,17,13,19,20
gpr180,522,630,594,487,678,636,544,498,552,477,518,486
gpr183,18,24,36,19,42,25,44,18,38,27,28,37
gpr19,57,63,79,73,64,62,57,43,66,69,74,68
gpr20,2,2,1,1,2,0,0,1,2,0,1,3
gpr21,14,11,17,18,14,11,21,13,19,10,15,13
gpr22,6,8,8,9,24,12,12,13,18,8,21,15
gpr25,1,0,0,0,0,0,0,0,0,0,0,0
gpr26,6,4,8,1,3,4,8,7,10,1,6,3
gpr27,3,1,1,0,0,0,4,2,3,1,1,1
gpr3,0,0,0,0,0,0,0,0,0,0,0,2
gpr33,2,0,0,0,1,0,0,1,1,0,0,0
gpr34,13,6,5,9,26,13,19,20,25,11,18,29
gpr35,80,33,76,34,97,68,104,45,83,51,58,61
gpr37,21,21,35,18,14,29,22,22,37,22,29,17
gpr37l1,0,0,1,1,0,3,0,0,1,0,2,2
gpr39,168,125,100,82,140,98,131,111,112,117,112,119
gpr4,21,22,14,7,10,11,11,10,14,4,12,15
gpr45,0,0,1,0,1,0,0,2,1,1,2,0
gpr50,0,0,0,0,0,0,0,0,0,0,0,0
gpr55,17,9,12,7,13,7,17,27,12,12,21,8
gpr6,0,0,0,0,0,0,0,0,0,0,1,0
gpr61,1,0,3,0,2,3,5,3,3,1,6,1
gpr62,2,0,1,2,0,0,0,1,3,2,1,0
gpr63,2,1,5,3,4,2,3,3,2,4,4,7
gpr65,158,64,141,63,170,80,113,83,159,58,119,75
gpr68,14,17,35,15,23,19,27,27,29,20,31,23
gpr75,3,1,4,2,2,5,4,2,2,0,3,1
gpr82,11,4,9,6,4,8,10,5,12,4,14,7
gpr83,1,0,0,1,1,0,1,1,0,0,2,2
gpr84,12,11,15,3,19,6,7,3,12,4,5,3
gpr85,2,0,6,1,7,3,3,1,2,3,7,1
gpr87,2,2,2,0,1,2,0,0,0,0,1,0
gpr88,8,3,13,7,28,6,31,12,18,8,9,12
gprasp1,245,229,284,186,238,220,225,238,233,258,248,238
gprasp2,9,10,11,4,8,9,5,8,9,12,7,13
gprc5a,1,1,3,4,2,3,1,1,4,1,20,1
gprc5b,34,9,49,40,82,44,82,24,58,42,54,41
gprc5c,1599,1679,2052,1673,2077,1922,1463,1323,1624,1048,1396,1450
gprc5d,0,0,0,0,0,0,1,1,0,0,0,0
gprc6a,0,0,0,0,0,0,0,0,0,0,0,0
gprin1,0,0,1,0,3,0,1,0,3,0,5,1
gprin2,0,0,0,0,0,2,0,0,1,1,1,0
gprin3,1312,1836,2436,1530,1699,1685,1750,1679,1918,1690,1735,1945
gps1,1209,1435,1551,1141,1462,1411,1274,1193,1245,1211,973,1183
gps2,168,190,209,145,218,209,151,160,195,162,202,143
gpsm1,32,41,43,56,60,35,48,30,67,24,47,52
gpsm2,400,369,492,286,397,435,343,350,329,320,347,413
gpsm3,57,42,68,29,98,39,62,30,71,41,50,46
gpt,4679,6426,5659,4681,7675,5025,5621,4630,5487,4270,5077,3881
gpt2,8614,12029,10715,11799,17400,11251,10727,8987,11774,7377,11218,7844
gpx1,37775,34591,47022,28088,43390,31077,36367,25649,35247,29905,31825,26626
gpx2,0,0,3,5,3,2,7,2,7,1,68,0
gpx3,250,91,153,75,241,80,198,131,200,158,208,217
gpx4,6796,6177,7060,5274,8370,5991,5959,6002,6182,6200,6049,6273
gpx5,0,2,1,7,1,5,2,6,5,3,2,5
gpx6,8,50,19,33,24,43,10,47,9,64,18,97
gpx7,55,28,66,49,74,58,59,27,60,18,53,36
gpx8,48,35,73,36,104,41,79,51,90,52,79,72
gramd1a,254,254,302,253,339,276,296,244,430,191,282,252
gramd1b,98,63,113,99,123,76,148,64,126,81,135,120
gramd1c,663,713,802,654,630,872,535,752,575,835,506,773
gramd4,139,132,171,68,150,142,108,98,95,80,117,143
grap,131,91,122,101,188,100,110,161,122,75,93,81
grap2,26,9,20,8,19,9,21,22,27,11,16,19
grb10,294,191,389,195,388,242,371,188,369,125,284,248
grb14,1113,1018,1217,927,953,1031,803,956,831,905,915,1089
grb2,509,482,459,396,596,487,420,377,470,337,447,498
grb7,1271,1344,1418,724,1458,1306,1165,1150,1161,961,1010,1225
greb1,2,3,1,1,0,3,0,1,2,0,8,2
greb1l,40,28,57,30,58,33,53,26,58,24,49,30
grem1,2,11,5,5,4,8,9,17,7,9,30,37
grem2,330,484,530,567,233,395,451,266,401,189,373,260
grhl1,14,11,18,11,20,23,11,10,16,7,6,6
grhl2,5,5,3,12,7,16,11,3,17,2,17,2
grhl3,3,1,2,2,3,1,3,1,2,1,3,1
grhpr,3446,2916,3188,2778,3245,3197,2478,2439,2445,2500,2525,2763
gria1,2,2,0,1,2,0,0,3,2,2,4,4
gria2,9,6,6,4,2,9,9,4,8,7,7,4
gria3,58,18,74,26,69,33,47,23,63,25,55,43
gria4,9,7,3,5,7,6,10,6,11,6,13,8
grid1,14,28,27,21,24,23,23,54,27,79,26,56
grid2,3,2,6,1,4,2,4,2,1,5,2,5
grid2ip,2,3,1,0,1,1,2,0,2,0,1,0
grik1,0,1,0,0,0,0,0,0,0,0,0,0
grik2,10,8,6,3,5,4,6,5,9,5,4,7
grik3,15,15,9,9,9,13,16,12,20,11,24,16
grik4,9,13,9,7,11,5,11,12,17,9,10,13
grik5,33,40,47,28,50,31,42,53,55,38,38,63
grin1,11,3,7,9,11,13,7,16,14,9,10,9
grin2a,3,4,0,2,2,2,2,5,1,0,7,1
grin2b,9,8,6,14,9,7,13,3,13,7,6,15
grin2c,3,6,7,9,2,1,4,4,8,3,7,2
grin2d,4,5,5,5,1,4,3,1,6,2,8,1
grin3a,7,8,8,2,10,8,11,11,19,6,11,10
grin3b,5,7,4,1,6,2,4,1,11,2,3,1
grina,1889,2087,2054,2012,2304,2133,2047,1611,2097,1379,1678,1647
grip1,4,5,9,10,9,9,13,8,9,3,11,9
gripap1,339,335,345,303,333,434,320,311,305,269,293,254
grk1,130,158,168,144,154,203,160,172,184,146,180,146
grk4,175,201,236,175,198,203,211,203,215,206,211,248
grk5,149,66,117,59,110,61,80,91,69,72,83,146
grk6,442,342,410,367,570,414,435,343,432,305,343,361
grm1,1,1,2,0,0,4,0,2,2,2,0,6
grm2,1,2,3,0,1,0,1,2,2,0,0,1
grm3,0,0,0,0,0,0,0,2,0,1,0,0
grm4,0,1,0,0,0,0,1,0,1,0,0,0
grm5,19,20,15,17,22,13,17,15,18,19,7,19
grm6,0,1,0,2,1,2,1,0,1,0,2,0
grm7,0,0,0,0,2,0,0,0,0,0,1,1
grm8,99,95,205,73,108,75,128,129,97,68,120,105
grn,2961,2493,2683,2841,4168,3049,2933,2217,3220,1643,2639,2050
grp,0,0,0,0,0,0,0,0,0,0,0,0
grpel1,2702,3138,3266,2883,3405,3168,2811,2471,2976,2820,2675,2540
grpel2,718,1099,889,967,703,1133,783,890,977,1316,827,1041
grpr,0,5,2,2,0,4,1,1,6,0,3,0
grsf1,1590,2324,2284,2051,2416,2270,2004,1862,2338,1960,2132,1929
grtp1,362,457,522,416,424,462,437,373,404,342,450,396
grwd1,140,202,160,213,269,234,197,166,169,123,134,121
grxcr1,0,0,0,0,0,0,0,0,0,0,0,0
grxcr2,0,0,0,0,0,0,0,0,0,0,0,0
gsap,1275,1156,1717,756,1639,1044,1242,1213,1302,1028,1156,1252
gsc,0,0,0,0,0,0,0,0,0,0,0,1
gsc2,0,0,0,0,0,0,0,0,0,0,0,0
gsdma,5,2,1,0,0,0,2,1,1,0,1,3
gsdmc,0,0,0,0,1,0,0,0,0,0,0,0
gsdmd,792,834,970,615,854,754,718,800,687,724,794,738
gse1,128,130,128,102,154,206,185,119,283,136,165,284
gsg1,2,1,2,3,2,2,1,1,0,0,2,0
gsg1l,8,18,24,14,11,17,23,15,20,12,24,21
gsk3a,513,603,535,586,610,610,527,440,575,433,516,385
gsk3b,766,768,848,705,946,763,808,682,888,630,775,881
gskip,248,284,227,279,256,263,201,170,201,169,237,188
gsn,762,688,824,730,1282,637,1137,724,1116,656,1197,1045
gspt1,1875,2411,2360,1899,2179,2401,1925,1852,1701,1771,1672,1813
gspt2,19,6,11,10,9,6,9,2,14,5,9,14
gsr,1665,1755,1870,1547,1910,1973,1434,1590,1330,1533,1321,1484
gss,1041,1139,1213,1278,1463,1693,1354,975,1409,1106,1111,905
gsta1,85,141,89,280,268,253,128,124,107,256,2400,71
gsta3,29313,41896,35499,27989,46870,36065,37082,38441,37301,48387,31913,33841
gsta4,807,1435,1193,1122,1559,1323,1052,1191,1247,1609,1534,899
gstcd,60,77,74,52,92,74,50,70,71,50,67,81
gstk1,1808,2123,2160,1459,2026,1953,1570,1745,1572,2185,1538,1821
gstm1,13862,17456,15634,14410,25022,17759,16898,15991,16491,16985,17120,12076
gstm2,1176,1455,1173,1246,1504,1570,850,1235,959,1178,887,1103
gstm3,2216,872,1635,926,3373,1191,1819,759,1808,788,2006,406
gstm4,552,642,549,514,652,723,440,652,437,785,480,667
gstm5,242,215,267,171,255,213,172,188,190,219,200,234
gsto1,1298,1356,1700,1227,1850,1337,1449,1038,1725,1027,2098,949
gsto2,2,6,2,1,6,3,2,1,3,3,2,0
gstp1,26313,55958,39244,56759,32679,50251,46142,36333,39249,21727,29148,28841
gstt1,3172,4949,4674,3501,5259,4198,3425,4962,3549,5403,3341,4172
gstt2,821,1211,1030,1235,1760,1055,993,1116,1478,1370,1393,947
gstz1,14197,17444,16867,13357,17835,15269,14188,15773,14555,16686,13444,15748
gsx1,0,0,0,0,0,0,0,0,0,0,0,0
gsx2,0,0,0,0,0,0,0,0,0,0,0,0
gtf2a1,924,916,1001,742,1093,976,907,922,812,915,882,972
gtf2a1l,0,0,0,0,0,0,0,0,0,0,0,0
gtf2a2,557,793,617,647,724,823,668,544,672,549,659,483
gtf2b,576,539,670,645,609,812,553,652,578,661,592,537
gtf2e1,350,375,349,371,444,484,322,341,449,358,406,362
gtf2e2,209,219,249,186,260,287,233,196,214,193,201,191
gtf2f1,433,457,419,343,473,537,394,396,330,351,282,323
gtf2f2,217,231,252,243,288,301,179,245,213,258,194,182
gtf2h1,724,860,920,793,1059,987,938,728,905,835,834,670
gtf2h2,281,290,321,203,337,307,254,240,277,243,295,288
gtf2h3,352,336,368,283,357,394,314,282,271,261,239,264
gtf2h4,238,302,271,220,260,306,214,225,250,204,209,225
gtf2h5,660,688,760,499,800,641,533,596,567,686,575,631
gtf2i,1235,1296,1323,1146,1607,1262,1276,1158,1534,989,1297,1383
gtf2ird1,349,221,389,243,200,344,261,275,222,266,224,344
gtf2ird2,105,100,111,120,141,153,116,121,135,94,143,104
gtf3a,204,228,242,179,309,216,222,176,208,192,206,215
gtf3c1,1087,1137,1193,1274,1358,1427,1179,985,1085,770,1021,1144
gtf3c2,684,842,941,804,895,981,825,683,782,643,777,749
gtf3c3,690,745,1028,658,800,789,748,645,696,712,659,676
gtf3c4,723,838,838,856,970,984,778,797,757,704,680,795
gtf3c5,130,131,135,103,165,151,100,83,110,75,100,96
gtf3c6,269,307,278,235,270,293,228,250,224,269,187,193
gtpbp1,325,396,399,295,450,392,353,287,340,304,306,312
gtpbp10,485,611,706,500,636,578,553,610,589,651,571,561
gtpbp2,452,479,540,441,643,508,500,357,621,336,560,380
gtpbp3,253,227,287,188,282,272,244,173,196,143,218,193
gtpbp4,806,1088,1287,1303,1389,1566,1291,971,1036,968,978,768
gtpbp6,137,157,155,167,190,166,171,148,151,119,114,139
gtpbp8,369,416,439,336,502,437,353,297,400,324,385,318
gtse1,17,13,12,13,17,13,10,11,12,5,14,13
gtsf1,0,0,0,0,0,0,0,0,0,1,0,0
gtsf1l,0,0,0,0,0,1,0,0,0,0,0,0
guca1a,60,21,32,26,56,36,31,30,47,28,31,33
guca1b,6,10,6,4,3,4,3,6,10,8,3,4
guca2a,1,0,0,1,0,0,0,0,1,0,9,0
guca2b,0,0,0,15,0,0,0,1,0,1,226,1
gucd1,4205,3402,3735,3040,3692,3551,3074,3328,3243,2919,2832,3264
gucy1a2,115,90,118,64,194,68,125,82,136,88,119,111
gucy1b2,0,0,0,0,0,0,0,0,1,0,0,0
gucy2c,41,24,30,32,19,35,8,7,32,11,331,10
gucy2d,0,0,0,0,0,0,0,0,0,0,0,0
gucy2f,2,5,1,5,2,2,4,1,5,3,2,1
guf1,592,637,789,545,696,645,602,542,644,659,667,562
guk1,560,628,646,476,685,575,552,528,516,530,512,518
gulp1,35,38,40,23,54,26,39,36,47,25,48,57
gusb,724,560,720,506,938,587,711,437,681,391,676,519
gxylt1,285,373,426,336,471,439,391,313,378,327,377,358
gxylt2,49,28,46,23,49,39,50,22,48,33,40,36
gypa,164,18,22,19,11,12,12,12,13,13,8,8
gypc,144,168,170,95,240,111,159,93,180,102,137,110
gys1,60,47,65,67,104,53,79,35,64,36,60,75
gys2,3044,5329,5869,7055,8065,5658,6620,4229,9398,4875,8884,3733
gzf1,1275,1435,1597,1250,1696,1517,1339,1186,1387,1264,1382,1147
gzma,35,6,40,18,27,10,24,19,52,4,166,11
gzmb,23,8,19,13,20,8,12,12,21,8,33,10
gzmk,1,2,1,1,4,1,3,13,18,5,3,5
gzmm,7,5,8,10,7,6,7,4,6,1,7,6
h6pd,9655,8303,9495,9278,9098,11513,7859,6466,8376,5879,6511,7877
haao,10485,12333,13148,9230,13251,11576,10318,12094,10513,11665,9332,11517
habp2,3286,3690,3757,3069,3590,3798,3231,3149,3102,3157,3063,3187
habp4,1269,1418,1460,1173,1551,1435,1225,1200,1213,1048,1116,1229
hacd1,146,216,178,171,173,223,171,163,196,152,179,164
hacd2,622,693,730,556,766,668,522,644,587,710,532,591
hacd3,3111,4139,3953,4302,4649,4820,3874,3640,3540,3776,3441,3143
hacd4,342,200,394,186,478,185,347,170,346,176,342,256
hace1,183,143,214,161,195,147,171,159,195,144,239,152
hacl1,6780,5957,6441,5155,4076,6554,5399,6669,3422,8525,3569,5924
hadh,4566,4867,5467,4179,6961,4658,4794,4221,5254,5239,5523,4312
hadha,5722,6775,7662,7035,7993,7612,6432,6591,6486,7121,6559,6223
hadhb,4643,5333,6252,5471,6064,6069,5082,4638,5190,5679,5236,4679
hagh,4266,6969,5803,5037,6611,5856,5668,4979,5318,5004,5030,4781
haghl,89,68,100,66,115,87,94,103,100,61,74,103
hal,12518,9201,13672,5157,11250,7258,8865,7538,8554,7251,8798,8526
hamp,4434,5121,12071,10793,9296,9600,13771,14232,12070,9930,7472,8609
hand1,0,0,0,0,0,0,0,0,1,1,1,0
hand2,106,87,103,94,138,74,114,64,100,62,109,56
hao1,6331,9910,8165,7987,5753,9492,6618,6769,5713,6824,5845,6634
hao2,3,1,0,3,10,2,2,5,6,43,8,6
hap1,16,39,16,27,27,40,20,24,16,25,26,20
hapln1,17,41,7,21,11,16,9,17,10,4,12,14
hapln2,0,1,1,0,0,0,0,0,0,0,0,0
hapln3,4,2,1,0,0,3,1,2,2,1,0,2
hapln4,136,119,90,86,88,176,79,100,89,90,50,112
harbi1,442,418,522,419,446,514,359,332,354,385,342,358
hars2,470,516,572,484,567,621,444,419,435,424,429,382
has1,5,2,3,7,10,2,8,3,4,3,7,4
has2,2,3,5,1,3,2,5,2,1,2,7,2
has3,28,22,22,26,19,30,42,17,41,20,32,29
hat1,278,290,358,248,373,291,271,276,281,267,344,260
haus1,82,113,109,98,108,111,109,102,91,82,90,88
haus2,270,354,437,324,396,363,314,276,342,323,352,359
haus3,146,146,198,172,171,178,140,150,157,168,153,149
haus4,175,208,301,232,200,219,216,198,281,187,217,197
haus5,103,99,125,96,131,97,105,98,92,93,116,136
haus6,129,135,220,172,179,201,158,141,136,152,181,192
haus7,274,267,272,172,313,222,220,248,264,405,208,225
haus8,191,202,253,165,221,222,178,173,192,129,186,199
havcr1,1,2,4,0,2,3,2,8,2,3,0,3
havcr2,30,11,29,9,34,18,25,22,39,19,25,31
hax1,1112,1280,1320,1065,1258,1453,1114,1135,1030,1064,931,1003
hbegf,33,14,35,20,27,19,19,16,32,17,28,6
hbp1,3207,3238,4026,2731,3444,3269,3021,2987,3161,3385,3060,3139
hbs1l,1387,1711,1653,1674,1932,1636,1488,1351,1646,1400,1667,1420
hcar1,1,2,5,3,2,2,2,2,7,3,7,5
hcar2,13,14,19,13,14,34,18,16,21,7,9,5
hccs,306,330,359,309,440,381,329,318,281,327,353,266
hcfc1,755,757,862,713,913,892,757,713,850,619,686,818
hcfc1r1,381,444,448,328,512,393,357,401,366,397,387,359
hcfc2,318,354,427,357,450,446,406,366,433,369,396,321
hck,488,169,462,219,604,198,267,181,296,148,224,169
hcls1,370,165,330,217,527,172,250,221,282,177,203,202
hcn1,3,1,2,4,4,2,7,5,5,5,4,0
hcn2,6,9,1,5,8,7,3,4,7,5,5,5
hcn3,135,311,455,260,473,259,364,310,270,206,198,189
hcn4,0,1,0,0,0,0,0,0,2,0,0,2
hcrt,0,0,0,0,0,0,0,0,0,0,0,0
hcrtr1,0,0,0,0,0,0,0,1,0,0,0,0
hcrtr2,14,48,30,56,43,34,29,46,28,37,34,48
hcst,23,13,17,11,34,11,25,22,13,14,18,18
hdac1,357,344,389,288,446,367,359,305,369,282,327,386
hdac10,247,239,272,171,244,226,217,223,225,209,193,225
hdac11,1081,1038,1413,945,1651,1071,1253,1045,1496,1008,1282,1081
hdac2,548,507,722,500,699,644,538,583,551,605,587,541
hdac3,680,675,796,637,889,704,664,614,668,556,688,576
hdac4,207,244,264,231,343,276,304,190,345,143,276,279
hdac5,591,547,577,389,555,448,463,479,552,416,454,611
hdac6,290,375,355,306,454,379,349,380,329,358,321,381
hdac7,109,93,85,70,149,76,90,71,101,49,102,87
hdac8,114,120,152,121,117,111,107,113,110,82,128,118
hdac9,121,60,97,58,128,43,110,69,97,62,98,94
hdc,119,124,133,172,170,171,216,129,170,140,196,143
hddc2,33,25,33,15,45,31,43,26,42,27,55,35
hddc3,428,488,495,374,465,411,479,421,495,368,453,374
hdgf,1929,2815,2378,2091,2869,2561,2262,2214,2413,2103,2000,2043
hdgfl1,0,0,0,1,0,0,0,0,0,1,0,0
hdhd2,459,725,680,554,742,695,596,564,569,518,567,531
hdhd3,231,357,230,274,380,447,261,290,170,266,146,299
hdlbp,10913,12432,12770,10330,11712,14025,10020,9655,10327,9274,9102,10474
hdx,25,8,12,9,18,5,9,5,23,5,12,6
heatr1,719,685,791,683,896,1053,665,686,607,650,552,665
heatr3,513,601,637,564,714,873,516,553,524,543,445,511
heatr4,0,0,1,1,1,4,0,2,1,0,1,1
heatr5a,647,568,706,547,774,668,628,470,549,406,634,566
heatr5b,437,477,519,480,572,472,437,402,446,308,403,402
heatr6,214,291,336,245,362,291,270,271,241,215,231,249
heatr9,2,2,2,2,0,3,5,0,2,1,9,1
hebp1,5693,5678,6592,4740,6708,5251,5186,5328,5653,5703,5197,5179
hebp2,51,7,13,0,20,8,12,6,11,5,10,16
heca,742,577,995,838,926,854,772,661,845,702,776,727
hectd1,5773,6483,7446,7474,7470,8521,7091,5998,7204,6364,6437,6034
hectd2,636,1589,918,1463,774,1936,494,1734,684,2798,460,2608
hectd3,1128,1280,1501,1204,1661,1276,1303,1133,1335,1026,1372,1217
hecw1,2,1,3,0,0,0,0,1,1,0,0,2
hecw2,285,255,257,175,353,189,257,173,230,166,254,168
heg1,772,495,773,669,1190,603,1139,491,956,408,808,877
helb,326,297,376,323,359,469,316,312,364,297,329,296
hells,54,51,68,47,63,38,42,59,65,44,86,45
helq,99,100,89,79,90,116,95,71,90,67,83,78
helt,0,0,0,0,0,0,0,0,0,0,0,0
helz,316,296,312,277,342,316,369,297,355,231,340,438
helz2,1955,1928,2010,1795,1896,2152,1886,1730,1626,1466,1539,2297
hemgn,11,4,2,2,3,2,7,2,5,5,1,4
hemk1,202,257,319,223,329,244,282,241,252,204,242,259
henmt1,1,0,2,1,0,0,0,0,0,1,0,0
hepacam,0,0,0,0,0,0,0,0,0,0,0,1
hepacam2,9,14,13,11,11,12,23,11,4,16,64,20
heph,109,64,106,82,151,57,115,62,121,62,731,65
hephl1,1,0,0,0,0,0,3,0,1,2,0,0
herc1,2023,1875,2457,2165,2456,2484,2194,2310,2414,2232,2119,2330
herc2,2086,2269,2439,2061,2578,3247,2077,1974,2201,1676,2050,2063
herc3,151,178,214,162,213,212,224,191,256,188,217,215
herc4,1583,1537,1987,1458,1881,1790,1624,1460,1756,1566,1709,1580
herc6,581,473,641,433,609,474,519,473,534,522,628,456
herpud1,6811,10595,5772,10264,12904,9511,6379,9484,9766,8500,7678,5983
herpud2,333,299,336,305,421,333,296,284,359,238,334,372
hes1,207,153,319,115,222,184,158,114,191,156,125,187
hes2,3,1,1,0,2,0,1,1,1,4,15,1
hes3,0,0,0,0,0,0,0,0,0,0,0,0
hes5,0,0,0,1,1,0,0,0,0,0,1,0
hes6,1005,2579,1653,1145,2380,1695,1940,1572,1695,1065,1281,1249
hes7,10,24,9,14,8,14,17,12,17,11,16,11
hesx1,0,0,0,0,0,1,0,0,1,0,0,0
hexa,1206,905,1186,845,1644,1041,1013,673,1219,703,983,837
hexb,567,368,610,326,808,336,546,322,616,337,574,487
hexim1,611,685,585,520,754,763,575,710,670,727,525,637
hexim2,37,43,43,29,42,41,35,39,46,30,29,41
hey1,34,8,47,18,52,15,36,9,33,6,37,18
hey2,9,6,6,2,6,6,7,5,10,4,8,7
heyl,26,32,28,24,37,30,23,9,25,29,23,43
hfe,1394,1148,1389,1031,1546,1213,1094,1115,1129,1206,989,1130
hfm1,0,2,0,0,0,0,2,3,1,0,1,2
hgd,12822,17525,16566,12158,15644,14659,12573,13122,13549,13885,13647,12735
hgf,993,857,1070,759,1114,922,871,836,927,967,989,825
hgfac,2947,3654,3437,3188,4006,3484,2904,3153,3312,2903,2783,3385
hgh1,61,66,86,77,89,90,79,41,70,65,53,61
hgs,583,640,654,634,708,771,564,592,534,554,543,704
hgsnat,1056,1137,1080,1089,1366,1226,1101,1145,1046,1022,979,1140
hhat,156,151,188,142,163,150,165,138,165,160,151,145
hhatl,0,0,4,2,1,2,1,1,0,0,0,5
hhex,763,736,1208,986,703,507,1443,1268,887,1070,971,1177
hhip,55,137,87,146,100,149,87,127,50,160,105,167
hhipl1,21,14,34,9,38,16,28,15,19,13,24,12
hhipl2,6,12,4,7,12,13,5,10,2,6,4,9
hhla1,0,0,0,0,0,0,0,0,0,0,0,0
hibadh,4708,5780,5914,4883,6703,5728,4788,5345,5332,5857,5093,5295
hibch,2068,2093,2670,1653,2321,2037,1864,1804,1983,2193,1983,1754
hic1,59,73,84,38,107,69,85,47,80,36,57,60
hic2,34,73,48,47,64,64,38,51,76,22,65,47
hid1,59,58,42,66,57,74,56,28,155,32,73,36
hif1a,1308,1465,1743,1202,1951,1556,1560,1427,1637,1410,1502,1429
hif1an,540,589,690,503,689,685,575,590,619,487,551,610
hif3a,12,4,8,10,6,8,8,5,4,4,5,5
higd1a,1169,1693,1664,1250,1385,1673,1117,1290,1057,1310,1031,1290
higd1b,1,1,2,1,0,2,0,0,2,0,2,1
higd1c,0,0,0,5,1,0,1,0,0,0,0,0
higd2a,720,759,874,647,995,716,710,598,776,556,727,588
hilpda,55,45,84,47,82,59,145,55,116,82,66,92
hinfp,110,165,168,143,190,216,146,159,148,132,131,137
hint1,3240,3467,3519,2873,3597,3648,2984,3125,3264,3117,3134,3068
hint2,1155,1314,1531,1114,1641,1264,1224,1175,1322,1284,1278,1233
hint3,503,613,582,499,608,549,543,565,544,635,507,526
hip1,390,272,366,214,504,280,361,206,349,177,276,289
hip1r,540,594,416,647,550,879,411,543,477,434,491,408
hipk1,1532,1776,1703,1613,2002,1784,1678,1437,1787,1449,1584,1734
hipk2,411,497,503,469,586,527,601,397,615,414,527,780
hipk3,2642,2447,2838,2849,3389,3319,2650,2536,3021,2594,2751,3062
hipk4,6,4,5,2,3,4,4,5,5,3,3,4
hira,169,189,168,199,259,257,202,157,230,167,179,205
hirip3,53,70,50,46,71,78,53,55,53,43,54,42
hivep1,303,303,499,323,384,347,406,340,334,284,337,416
hivep2,360,318,398,357,476,274,401,317,424,225,374,330
hivep3,51,36,62,37,58,37,47,28,66,34,50,50
hjurp,2001,2718,2632,2484,3448,3262,2258,3025,2984,2976,2534,3006
hk1,166,99,165,103,226,104,163,94,170,75,179,138
hk2,151,87,153,66,236,106,163,76,163,73,117,130
hk3,226,117,187,107,271,125,213,116,198,115,168,141
hkdc1,6,6,3,15,6,6,4,3,17,0,230,2
hlcs,254,301,311,272,344,271,299,226,258,233,246,353
hlf,326,564,520,586,788,555,660,478,794,483,629,559
hltf,789,674,818,513,820,741,643,658,635,696,690,590
hlx,76,50,66,56,93,49,77,44,73,47,84,53
hmbox1,327,307,379,289,390,335,354,285,369,286,323,377
hmbs,1077,1225,1228,893,1164,1068,915,954,893,966,848,951
hmces,111,101,133,110,149,142,93,99,129,80,103,105
hmcn1,344,204,387,240,475,203,369,176,389,198,355,335
hmcn2,129,197,178,114,126,132,157,114,148,73,225,131
hmg20a,212,224,245,198,278,254,235,179,247,181,247,226
hmg20b,248,248,280,233,364,271,276,219,290,209,252,216
hmga1,221,195,297,269,388,273,254,177,285,161,267,212
hmga2,15,6,12,6,19,5,9,6,16,12,13,7
hmgb1,3430,4054,4501,3481,4586,3865,3803,3481,3628,3705,3657,2698
hmgb2,250,169,360,155,300,157,185,221,212,130,236,141
hmgb3,279,325,390,262,319,273,244,263,270,239,301,207
hmgb4,0,0,0,0,0,0,0,0,0,0,0,0
hmgcl,2815,2944,3019,2765,3916,3164,2631,2630,2875,2915,2784,2810
hmgcll1,0,7,2,2,3,6,6,1,9,3,2,6
hmgcr,2126,8043,2721,2698,7831,6673,4429,4938,4468,3329,2648,2642
hmgcs1,12166,13458,8842,4041,9670,12308,4309,12920,5310,14529,4114,16042
hmgcs2,28889,26274,34735,32354,35567,32747,25241,23783,25985,29258,27312,26174
hmgn1,1275,1517,1445,1208,1493,1408,1111,1335,1177,1323,1263,1144
hmgn2,507,534,597,395,767,457,465,385,449,397,555,429
hmgn3,27,20,20,13,22,15,26,22,33,20,33,23
hmgn5,500,651,610,462,532,568,438,497,448,501,480,277
hmgxb3,253,339,307,312,347,377,287,280,356,242,291,288
hmgxb4,201,232,291,168,219,196,190,195,179,181,177,200
hmmr,45,68,72,100,94,87,62,56,64,36,100,74
hmox1,749,399,642,407,860,458,537,416,600,350,436,490
hmox2,1359,1161,1414,1159,1302,1294,1003,1042,1091,984,1069,1038
hmx1,0,0,0,1,0,0,0,0,0,0,0,0
hmx2,1,0,0,1,1,4,0,0,1,0,1,1
hmx3,0,0,0,0,0,0,0,0,0,0,0,0
hnf1a,317,470,355,296,341,446,330,332,325,268,233,344
hnf1b,78,66,96,62,78,91,66,63,102,65,43,136
hnf4a,10054,8604,10506,9349,11693,11436,10289,10830,10533,9116,7460,9654
hnf4g,4,2,6,10,2,2,5,0,2,0,473,1
hnmt,1078,832,1330,675,1442,814,1047,808,1144,1123,1102,890
hnrnpa0,780,688,757,702,908,653,638,636,773,502,782,676
hnrnpa1,1296,1463,1758,1074,1578,1356,1228,1196,1249,1135,1377,1093
hnrnpa2b1,4627,5599,5605,4201,4799,5734,4445,4783,4115,4562,4786,3738
hnrnpa3,1985,2425,2412,1695,2290,2277,1889,2002,1804,2231,1925,2165
hnrnpab,1923,2519,2339,2274,2576,2597,1989,2010,1850,2031,1782,1857
hnrnpc,1970,2422,1951,1467,1953,2212,1578,1681,1374,1791,1446,1562
hnrnpd,305,343,395,300,376,319,347,244,402,253,392,402
hnrnpdl,1077,1135,1580,1198,1450,1417,1377,1030,1634,1112,1529,1094
hnrnpf,4702,4995,5663,4274,5997,5861,4963,4392,4659,4691,4372,3977
hnrnph1,1366,1693,1851,1405,1503,1971,1496,1616,1571,1656,1487,1481
hnrnph2,1401,1630,1578,1357,1493,1856,1310,1365,1151,1431,1188,1148
hnrnph3,196,270,243,194,234,245,186,186,205,194,193,178
hnrnpk,5681,6215,7000,5716,7064,6447,5495,5852,5462,6493,5536,5344
hnrnpl,1326,1334,1709,1331,1671,1380,1408,1221,1591,1285,1470,1383
hnrnpll,672,853,837,748,790,838,708,621,836,653,760,567
hnrnpm,1357,1523,1445,1225,1553,1612,1271,1209,1027,1100,1085,939
hnrnpr,914,915,1121,725,978,918,883,753,789,754,851,800
hnrnpu,6047,5884,7037,4729,6652,5948,5854,5104,5543,5373,5414,5156
hnrnpul1,1471,1575,1665,1390,1834,1598,1534,1342,1523,1269,1473,1441
hnrnpul2,1035,992,1047,937,1239,1155,933,917,1177,848,1016,1003
hoga1,2786,2172,3129,2324,3709,2443,2828,2741,3016,2661,2719,2825
homer1,372,392,337,315,446,383,374,324,390,300,360,337
homer2,331,759,532,786,948,772,785,657,907,536,801,538
homer3,46,33,42,29,78,35,62,28,64,35,71,53
homez,116,109,123,90,149,115,103,76,98,91,96,95
hook1,2169,2515,2328,2506,2646,3488,2354,2231,2454,2524,2205,2063
hook2,286,342,465,422,602,447,504,316,657,317,605,329
hook3,2466,2716,3215,2490,3067,3014,2674,2586,2926,2823,2531,3014
hopx,640,1297,1208,946,858,1133,790,649,554,546,677,583
hormad1,0,0,0,0,0,0,0,0,0,0,0,0
hormad2,5,3,0,0,1,2,4,1,2,1,1,3
hoxa1,5,10,8,5,6,4,8,9,4,5,5,2
hoxa10,0,0,0,0,0,0,1,0,0,2,1,0
hoxa11,0,0,0,0,0,0,0,0,0,0,0,0
hoxa13,0,0,0,0,0,0,0,0,0,0,0,0
hoxa2,22,7,19,8,16,14,14,4,11,6,5,10
hoxa3,7,4,9,4,8,5,10,7,8,3,14,17
hoxa4,4,3,6,3,6,4,6,4,9,3,5,6
hoxa5,20,13,9,15,20,12,23,12,19,8,17,17
hoxa6,2,0,1,0,2,0,1,0,1,1,0,0
hoxa7,0,0,2,2,3,2,2,3,4,5,5,5
hoxa9,1,0,2,0,1,0,0,0,1,0,1,0
hoxb1,3,4,3,4,2,6,4,3,9,2,4,9
hoxb13,0,0,0,0,0,0,0,0,0,0,0,0
hoxb2,16,19,18,7,28,9,18,11,12,12,14,10
hoxb3,32,17,16,14,21,17,29,20,19,15,33,17
hoxb4,19,22,32,16,37,13,26,9,25,5,25,8
hoxb5,7,7,13,8,6,7,14,9,6,7,5,8
hoxb6,2,1,9,3,4,3,3,1,7,1,3,4
hoxb7,6,4,4,2,7,5,4,1,1,7,4,10
hoxb8,0,0,0,0,0,1,0,1,2,0,1,1
hoxb9,2,1,3,1,0,1,0,0,0,0,1,1
hoxc10,0,0,0,0,0,0,0,0,0,0,0,0
hoxc11,0,0,0,0,0,0,0,0,0,0,0,0
hoxc12,0,0,0,0,0,0,0,0,0,0,0,0
hoxc13,0,1,0,1,0,0,0,1,0,0,0,0
hoxc4,2,4,9,3,3,5,6,0,6,5,4,7
hoxc5,2,0,0,1,0,0,1,0,1,1,4,1
hoxc6,1,0,1,0,1,1,3,2,3,1,0,2
hoxc8,4,7,5,6,2,7,4,2,6,7,5,9
hoxc9,7,11,6,8,6,7,5,5,12,7,6,10
hoxd1,0,0,0,0,0,0,0,0,0,0,0,0
hoxd10,0,0,0,0,0,1,0,1,0,0,0,0
hoxd11,1,0,0,1,0,2,0,0,0,1,0,0
hoxd12,0,0,0,0,0,0,0,0,0,0,0,0
hoxd13,0,0,0,0,0,0,0,0,0,0,0,0
hoxd3,0,0,0,0,0,0,0,0,0,0,0,0
hoxd4,1,0,2,2,3,4,2,3,2,4,3,1
hoxd8,1,1,1,3,1,0,1,4,5,2,2,5
hoxd9,0,1,2,2,3,1,1,0,2,2,3,0
hp,184119,63232,120434,65750,112722,109568,79581,57300,67702,46390,45943,50018
hp1bp3,1730,1842,2164,1750,2164,2011,1721,1713,1833,1799,1687,1761
hpca,6,0,12,0,8,1,16,3,12,1,21,4
hpcal1,223,205,253,144,365,173,239,147,253,118,231,134
hpcal4,2,1,2,0,0,0,2,1,1,1,7,1
hpd,31522,46273,39184,34740,46630,38784,33617,29866,39086,31607,36138,31855
hpdl,1,3,4,3,10,5,1,2,1,4,9,0
hpgd,1972,2586,2537,2055,3456,1803,2161,2449,2785,3011,3085,2104
hpgds,153,58,159,71,199,73,133,91,133,68,130,114
hpn,4812,5659,5045,4912,6599,5014,4906,4097,5366,3288,4811,4316
hps1,161,98,156,93,177,120,120,128,117,105,123,146
hps3,377,316,399,282,434,365,354,299,354,293,307,291
hps4,258,231,339,217,204,203,224,150,261,125,281,231
hps5,414,383,411,338,486,403,425,362,399,328,411,372
hps6,79,90,88,95,94,92,67,71,93,46,66,72
hpse,214,149,225,179,336,174,233,183,242,171,210,186
hpse2,1,1,2,0,0,2,1,0,0,1,2,0
hpx,333756,123501,197351,115845,193235,162993,157858,129190,134074,101281,116260,109654
hr,9,5,5,10,15,10,14,7,11,15,8,34
hras,475,618,647,578,737,679,576,571,547,525,511,500
hrc,3,1,12,2,6,4,0,2,0,0,2,44
hrct1,3,8,3,2,4,4,7,1,7,3,12,6
hrg,15857,13293,15665,11247,18318,13639,14119,9852,14857,9560,14198,11503
hrh1,4,2,13,5,11,4,7,3,5,2,4,0
hrh2,8,2,12,4,21,7,11,12,11,7,13,7
hrh3,0,0,0,0,0,0,0,0,0,0,0,0
hrh4,0,0,0,0,0,0,0,0,0,0,0,0
hrk,7,6,3,5,5,5,5,5,2,5,5,3
hrnr,1,0,2,0,0,0,0,0,0,0,0,0
hs1bp3,214,247,280,179,258,259,225,208,252,195,185,242
hs2st1,440,369,460,321,540,425,411,339,447,335,401,361
hs3st1,12,9,9,6,15,9,14,9,15,8,22,17
hs3st2,0,0,1,1,1,0,0,0,0,1,0,0
hs3st3a1,25,14,23,15,23,18,18,11,12,17,17,13
hs3st3b1,1388,1789,1532,1573,2117,1928,1617,1537,1880,1172,1563,1389
hs3st4,1,5,3,3,6,4,4,3,8,8,3,4
hs3st5,0,0,0,0,0,0,0,0,0,0,0,1
hs3st6,7,20,12,11,5,22,9,12,7,5,9,12
hs6st1,1236,1647,1451,1636,2010,1878,1485,1457,1771,1149,1320,1357
hs6st2,3,1,10,0,7,2,8,1,9,0,2,5
hs6st3,1,0,1,0,0,1,1,0,0,0,0,0
hsbp1,1153,1226,1351,971,1416,1150,1094,1112,1043,1102,1101,1024
hsbp1l1,29,43,43,38,36,42,18,26,25,18,32,25
hscb,94,62,114,56,91,50,63,47,72,43,70,49
hsd11b1,12660,13386,15180,10537,16056,13525,13921,14158,15607,15588,13042,13079
hsd11b2,1,1,2,4,0,3,7,1,3,3,7,2
hsd17b1,6,8,8,1,4,7,5,8,4,5,7,3
hsd17b10,1977,2914,2378,2411,2462,2667,2022,2256,2059,2619,1863,2577
hsd17b11,545,629,771,603,855,635,721,731,1861,638,802,1104
hsd17b12,2672,3983,3508,2897,2988,3800,2291,3328,2368,3670,2506,3366
hsd17b13,6037,5635,9110,4827,8301,6381,7129,5761,7095,5982,6284,4496
hsd17b14,13,15,17,20,9,39,18,20,24,20,23,25
hsd17b2,3036,3371,3747,2955,2637,3250,2363,2813,1922,2376,2253,2609
hsd17b3,0,0,0,0,1,0,0,0,0,0,0,0
hsd17b4,7535,9114,9324,8288,9026,9585,7713,7893,7314,8877,7289,7785
hsd17b6,2278,3589,2909,4343,4585,2362,3217,1887,5826,2733,4025,2094
hsd17b7,951,2219,901,1167,1177,1995,851,1867,797,1732,659,1772
hsd3b1,0,1,0,0,24,0,2,0,0,0,0,0
hsd3b2,1313,2051,2243,1454,2332,1320,2488,1608,2368,1641,2238,1801
hsd3b7,9669,10060,13639,8247,8245,9763,6390,11031,6455,11516,6298,12885
hsdl1,233,232,274,217,350,266,284,217,276,209,278,226
hsdl2,1367,1373,1578,1402,1445,1842,1367,1419,1290,2093,1329,1465
hsf1,172,174,198,176,208,183,164,131,217,110,158,144
hsf2,441,566,434,565,595,647,396,592,567,629,505,550
hsf2bp,17,21,36,4,34,7,7,35,11,11,14,23
hsf4,73,93,95,95,120,90,109,85,125,68,108,76
hsf5,2,1,5,2,2,2,4,5,6,1,5,1
hsh2d,11,0,4,0,2,0,4,8,0,2,4,3
hsp90aa1,7318,14734,5945,4383,5283,9724,5131,6031,3800,5651,3865,3860
hsp90ab1,11770,18068,12329,9704,14129,13335,10734,9906,10175,8860,10130,8807
hsp90b1,30721,46186,27026,18362,24948,31896,21779,22964,19253,22700,20603,19590
hspa12a,76,74,71,36,104,65,84,60,71,52,84,58
hspa12b,33,28,40,33,64,32,29,25,35,21,37,32
hspa13,1645,1232,1407,1356,1385,2210,1026,1364,935,1345,865,1186
hspa14,369,436,466,381,504,438,398,354,391,344,395,386
hspa1a,22,20,29,24,49,71,20,26,31,26,24,32
hspa1l,18,22,23,15,17,27,18,17,18,16,16,25
hspa2,51,68,43,64,89,68,60,70,77,47,58,52
hspa4,3052,3670,3401,3095,3664,4055,2871,3041,2631,3011,2643,2750
hspa4l,925,1291,921,565,914,874,771,619,619,614,707,586
hspa5,30072,22646,20471,16295,21133,33164,15558,18500,12252,18532,12235,13893
hspa8,28784,25676,27603,23740,37980,32292,25162,26951,23328,23740,23786,17565
hspa9,10746,14289,13895,11511,14807,13975,11834,11391,12237,12049,11966,9597
hspb1,219,949,235,248,229,392,306,236,200,211,193,270
hspb2,6,2,9,4,11,7,9,6,8,8,6,15
hspb3,0,0,1,0,0,0,0,0,0,0,0,1
hspb6,77,107,89,116,93,105,74,93,77,74,67,153
hspb7,3,8,10,8,12,9,11,4,9,2,17,33
hspb8,4118,4091,3334,3287,4154,4863,2959,3066,2952,3054,2172,2351
hspb9,2,0,2,1,5,2,3,0,3,2,1,0
hspbap1,74,56,83,46,77,78,47,59,66,51,44,85
hspbp1,186,322,249,211,295,256,253,239,239,184,176,237
hspd1,9030,15495,12382,10151,12652,13028,9992,9432,9701,10628,10118,7856
hspe1,2810,5501,3891,2839,3774,3268,3187,2745,2986,3191,2972,2222
hspg2,1023,701,821,600,1245,568,1140,453,1051,441,1025,1032
hsph1,625,736,441,508,745,778,575,639,412,463,445,353
htatip2,450,381,450,403,462,439,341,422,396,464,390,362
htatsf1,662,711,822,603,798,701,670,640,669,668,685,577
htr1a,0,0,0,0,0,0,0,0,0,0,0,0
htr1b,7,4,11,6,5,12,7,6,14,4,18,10
htr1d,3,1,4,0,0,1,0,3,1,0,0,3
htr1f,0,0,0,0,0,0,0,0,0,0,0,0
htr2a,3,2,1,2,4,6,5,1,7,3,7,5
htr2b,9,12,21,11,12,27,20,14,25,20,18,21
htr2c,0,0,0,0,0,0,0,0,0,0,0,0
htr3a,0,0,0,0,0,0,0,0,0,0,3,0
htr3b,3,5,5,6,4,6,9,4,4,5,9,5
htr4,0,0,0,0,0,1,0,0,0,0,1,0
htr5a,1,0,0,0,0,0,1,1,1,0,0,1
htr6,0,0,0,0,0,0,1,0,0,0,0,0
htr7,0,0,3,0,1,1,0,1,2,1,0,2
htra1,120,63,127,58,135,42,121,59,126,61,158,100
htra2,217,169,208,163,234,173,182,178,238,150,201,163
htra3,39,30,36,31,72,20,62,26,64,15,61,74
htra4,6,30,6,22,12,17,7,18,9,9,15,12
htt,898,919,994,776,1071,914,857,744,878,606,835,904
hunk,89,64,89,72,89,91,80,33,80,25,90,56
hus1,165,186,228,140,240,246,186,127,209,152,175,170
hus1b,1,3,2,1,2,3,1,5,4,0,1,1
huwe1,3854,4539,4680,4436,4969,5108,4636,4030,4645,3639,4023,5244
hvcn1,96,55,137,56,222,57,149,104,156,96,109,109
hyal1,773,1010,863,718,815,1103,915,769,690,666,680,585
hyal2,754,790,844,755,913,906,807,713,764,663,785,849
hyal3,11,9,9,8,13,11,6,4,8,10,11,9
hyal4,3,2,6,1,2,0,1,1,3,1,3,4
hydin,1,1,1,6,4,0,0,0,2,2,2,1
hyi,592,658,778,534,962,574,582,728,688,730,661,800
hykk,1536,2310,2473,2134,1655,2135,1677,1529,1734,1814,1764,2048
hyls1,57,69,107,65,87,81,89,73,118,99,103,64
hyou1,5865,8531,3955,3666,4340,7790,3586,4042,2689,2851,2724,3180
hypk,82,98,105,92,63,83,81,67,107,58,106,76
iah1,1644,2007,2014,1759,2168,2128,1739,1716,1976,1811,1808,1592
iapp,0,17,0,5,0,3,4,0,53,0,3,0
iars2,1576,1594,2002,1527,1940,1803,1700,1644,1635,1681,1532,1538
iba57,198,192,210,216,242,287,184,152,165,187,162,187
ibsp,0,2,0,0,0,0,0,0,0,1,0,0
ibtk,2040,1679,1957,1781,1873,2614,1707,1467,1596,1403,1435,1556
ica1,60,59,61,70,62,82,48,42,101,36,63,44
ica1l,3,11,9,7,5,4,8,6,12,3,11,4
icam1,464,226,428,256,669,376,387,284,429,193,257,250
icam2,106,89,100,67,187,70,90,68,124,67,84,79
icam4,11,12,5,10,10,9,10,7,10,6,9,10
icam5,1,1,2,2,3,4,0,2,4,0,1,0
ice1,562,495,655,523,738,651,589,476,622,455,559,544
ice2,333,368,424,285,381,360,324,327,306,332,339,335
icmt,696,751,756,776,987,987,762,779,823,709,655,678
icos,32,24,36,25,49,21,28,43,36,20,12,30
id1,83,38,118,88,182,106,138,146,340,149,163,91
id2,1945,1270,3738,989,1467,2628,2305,1742,2385,2217,1256,2821
id3,734,484,1471,433,959,730,1239,724,1142,645,636,887
id4,35,20,41,24,24,16,30,29,32,33,40,33
ide,2330,2522,2728,2066,2560,2631,2071,2213,1978,2166,1880,2123
idh1,13373,13390,14756,10260,16223,14575,12448,16480,13500,17970,12876,14330
idh2,2047,2086,2551,1907,3275,2213,2197,1516,2752,1688,2208,1621
idh3a,478,762,756,749,937,928,615,570,669,630,662,652
idh3b,2973,3646,4496,3181,4264,3663,3434,2983,3562,3055,3544,2832
idh3g,1172,1232,1526,1108,1488,1184,1194,1090,1253,1060,1224,1115
idi1,7483,10732,6683,4774,7930,10062,4659,7829,5011,8402,4632,8315
idi2,5,4,8,5,5,6,11,9,10,2,5,4
idnk,436,487,486,359,506,419,366,355,445,332,392,317
ido1,5,6,3,4,7,10,2,6,5,7,36,8
ido2,852,1282,1004,747,1099,861,1050,870,898,706,815,888
ids,263,223,294,226,345,250,282,218,290,247,272,302
idua,107,95,143,86,187,100,135,76,140,76,128,103
ier2,450,319,358,193,372,299,319,313,293,220,389,324
ier3,42,28,39,46,56,30,71,24,58,27,48,49
ier3ip1,388,451,469,386,505,471,413,423,456,490,429,413
ier5,236,101,181,89,246,123,183,102,177,126,140,127
ier5l,29,17,24,17,30,12,37,16,18,19,22,15
iffo1,132,131,185,116,158,155,154,111,193,96,177,127
iffo2,304,435,340,337,566,512,333,464,553,430,411,394
ifi27,1807,2227,3197,1786,3570,2073,2761,2731,2733,2349,2360,2482
ifi30,704,400,681,408,1022,451,554,479,548,319,447,377
ifi35,491,642,604,486,671,586,515,515,432,447,451,438
ifi44,165,139,218,80,238,102,158,145,172,90,195,89
ifi44l,0,0,0,0,0,0,0,0,0,0,0,0
ifih1,1307,1466,1773,1119,1915,1318,1274,1243,1256,1220,1544,1365
ifit1,345,399,373,239,468,367,331,327,341,391,453,305
ifit2,259,207,341,178,420,244,265,233,298,247,285,202
ifit3,453,514,647,367,758,507,522,511,547,550,635,380
ifitm1,176,132,127,118,222,135,121,146,122,96,104,131
ifitm10,39,21,27,33,24,36,44,33,31,16,46,37
ifitm2,3533,2818,3141,2322,3730,3132,2854,2132,2799,1922,2507,2113
ifitm3,5110,5954,6920,4419,6567,5383,4731,4903,4895,4126,4796,4419
ifitm5,8,5,8,2,4,12,7,6,8,2,7,7
ifna1,0,0,0,0,0,0,0,0,0,0,0,0
ifna13,0,0,0,0,0,0,0,0,0,0,0,0
ifna14,0,0,0,0,0,0,0,0,0,0,0,0
ifna16,0,1,1,1,3,0,0,1,1,1,0,1
ifna2,0,0,0,0,0,0,0,0,0,0,0,0
ifna4,0,0,0,0,0,0,0,0,0,0,0,0
ifna5,0,0,0,0,0,0,0,0,0,0,0,0
ifna6,0,0,0,0,0,0,0,0,0,0,0,0
ifna7,0,0,0,0,0,0,0,0,0,0,0,0
ifnar1,1008,865,1253,1010,1326,1148,1013,926,1089,837,926,848
ifnar2,1241,1148,1404,953,1402,1159,1135,963,1094,1017,1099,1011
ifnb1,0,0,0,0,0,0,0,0,0,0,0,0
ifne,0,0,0,0,0,0,0,0,0,0,0,0
ifng,0,1,1,0,0,0,0,2,1,0,0,1
ifngr1,873,529,880,516,1023,613,731,548,734,553,788,541
ifngr2,593,409,673,567,707,518,541,396,535,387,629,416
ifnk,8,5,4,2,7,5,4,5,6,5,7,12
ifnl2,0,0,0,0,0,0,0,0,0,0,0,0
ifnl3,0,0,0,0,0,0,0,0,0,0,0,0
ifnlr1,16,12,9,13,10,10,11,6,17,6,18,10
ifrd1,294,492,435,500,452,623,521,451,746,386,568,348
ifrd2,448,652,590,569,727,660,579,610,596,496,476,523
ift122,136,169,156,123,185,140,161,95,140,85,128,97
ift140,242,252,284,184,287,225,221,167,233,146,236,201
ift172,338,389,444,339,481,429,351,357,348,347,384,371
ift20,876,890,940,767,954,918,731,732,803,755,780,700
ift22,75,67,76,61,104,71,75,56,66,53,99,72
ift27,126,147,152,101,178,112,111,115,138,104,118,92
ift43,50,50,69,42,45,72,53,35,39,42,64,50
ift46,549,656,717,537,578,635,554,479,636,458,540,498
ift52,386,413,472,373,542,438,357,383,375,366,379,369
ift57,34,16,36,18,48,21,39,14,29,17,19,17
ift74,121,116,148,111,149,172,119,104,120,139,118,109
ift80,341,367,395,277,369,395,367,318,353,246,390,382
ift81,96,70,113,94,101,101,83,80,88,76,90,98
ift88,180,225,256,144,217,208,189,170,189,178,191,163
igbp1,1220,1190,1550,995,1385,1190,1173,1054,1268,1082,1121,1006
igdcc3,0,0,0,0,0,0,0,0,0,0,0,0
igdcc4,13,8,15,14,10,12,20,2,28,5,19,26
igf1,13630,13876,18252,12391,17101,13844,17066,14017,14085,13035,13922,12095
igf1r,124,106,105,112,140,108,160,75,196,80,134,192
igf2,42,15,15,19,29,22,25,49,17,14,32,30
igf2bp1,2,8,6,3,6,6,5,6,4,4,9,8
igf2bp2,34,22,39,17,36,21,26,7,27,18,56,18
igf2bp3,26,19,26,13,12,17,27,14,17,11,29,13
igf2r,1830,2032,2412,2040,2794,2155,2206,2014,2324,1826,1885,2269
igfals,1355,2080,2255,1849,2391,1910,2459,1657,1667,1282,1524,1594
igfbp1,2297,806,241,439,377,485,237,324,273,248,944,334
igfbp2,2887,6326,4976,8592,5505,6258,3553,4628,6443,4535,5497,5442
igfbp3,678,463,659,414,944,336,612,309,685,292,702,537
igfbp4,15844,21741,17646,18734,24857,19728,19334,15483,19870,12990,18092,14593
igfbp5,396,407,436,304,535,376,521,280,574,339,585,669
igfbp6,87,79,136,100,127,91,152,64,138,85,156,183
igfbp7,2654,1512,2626,1310,3336,1417,2181,1317,2404,1276,2364,1515
igfbpl1,0,1,2,0,0,1,3,1,1,0,2,0
igfl3,0,0,0,0,0,0,0,0,0,0,0,0
igflr1,2,0,5,0,3,0,8,3,2,1,3,0
igfn1,0,0,0,0,0,0,0,0,0,0,0,2
ighmbp2,71,88,94,70,112,116,86,94,109,65,67,79
igip,107,141,119,99,155,152,138,121,126,118,137,131
igll1,0,0,0,0,0,0,0,0,0,0,0,0
iglon5,7,7,7,16,9,16,15,11,12,7,14,4
igsf1,3,1,2,1,4,3,5,2,5,1,2,1
igsf10,156,56,125,67,151,65,121,65,128,56,120,90
igsf11,558,441,429,359,437,526,367,442,366,477,337,481
igsf21,0,0,1,0,1,2,0,4,0,1,0,3
igsf23,8,9,16,14,24,11,11,14,18,9,128,5
igsf3,58,31,52,25,37,31,53,23,56,34,84,41
igsf5,593,708,793,571,660,802,604,629,636,655,660,646
igsf6,432,125,378,181,424,178,261,141,279,128,200,128
igsf8,135,136,159,168,333,161,242,149,282,118,204,153
igsf9,9,3,6,10,8,4,8,5,17,5,66,6
igsf9b,1,5,1,0,0,2,0,2,2,1,1,2
ihh,30,27,49,44,59,50,48,57,84,28,52,45
ik,1633,1594,1847,1684,1817,2245,1429,1442,1419,1560,1319,1222
ikbip,131,94,167,89,135,125,136,90,127,86,141,116
ikbkb,876,1119,1148,901,1180,1088,1005,968,1011,915,947,937
ikbke,706,451,591,439,629,760,498,444,473,379,374,424
ikbkg,1507,1857,1869,2198,1408,2328,1423,2360,1644,2259,1418,2148
ikzf1,200,87,177,101,284,91,168,126,143,87,132,137
ikzf2,45,26,44,36,54,36,46,42,73,45,43,51
ikzf3,34,17,39,13,45,21,34,56,43,35,41,57
ikzf4,6,6,25,1,9,8,18,7,6,6,9,12
ikzf5,256,239,276,195,247,273,261,211,247,231,226,210
il10,10,0,8,7,10,1,2,5,1,2,4,2
il10ra,250,132,272,124,385,139,279,204,272,124,201,194
il10rb,445,204,461,242,551,251,379,227,425,224,411,300
il11,2,0,1,2,4,5,4,0,5,0,5,0
il12a,3,0,1,0,1,0,0,0,1,0,0,0
il12b,0,2,8,0,2,4,1,5,2,0,1,4
il12rb1,6,29,11,56,20,47,23,48,22,30,16,26
il12rb2,4,3,5,3,3,7,14,4,6,8,6,6
il13,0,0,0,0,1,0,0,0,0,0,0,0
il13ra1,2092,1418,1601,1238,1871,2058,1650,1416,1311,1373,1470,1399
il13ra2,52,28,32,30,59,34,35,14,42,24,48,12
il15,47,42,55,42,89,50,55,42,87,49,95,53
il15ra,263,483,469,477,586,600,516,410,659,453,480,420
il16,340,213,321,159,347,183,275,210,293,184,265,250
il17a,0,0,0,0,0,0,0,0,0,0,0,0
il17b,0,0,0,0,0,0,0,0,0,0,0,0
il17c,0,1,0,0,0,0,2,1,0,0,1,1
il17d,1,2,3,3,2,0,0,1,3,0,0,2
il17f,5,19,15,5,6,14,16,17,15,8,15,16
il17ra,535,379,525,392,638,566,460,305,480,260,398,353
il17rb,182,264,206,205,198,213,191,173,236,139,227,169
il17rc,335,398,411,300,465,400,387,398,416,301,395,370
il17rd,48,45,58,34,58,33,56,28,60,31,55,51
il17re,19,18,15,17,24,19,26,8,35,12,22,20
il18,316,275,275,235,312,212,218,293,267,302,311,301
il18bp,572,393,497,378,681,355,354,416,466,353,340,364
il18r1,75,49,68,48,48,48,84,56,55,62,65,89
il18rap,82,62,73,51,67,73,74,48,96,62,59,68
il19,0,0,0,0,0,0,0,0,0,0,0,0
il1a,164,127,271,97,232,156,223,164,249,174,161,115
il1b,211,141,143,38,152,104,117,150,137,128,75,77
il1f10,0,0,0,0,0,0,0,0,0,0,0,0
il1r1,1387,1009,1406,1127,1013,1701,1133,655,1023,615,725,646
il1r2,15,2,8,4,10,6,9,5,7,3,12,8
il1rap,4172,5992,6363,4664,5952,5461,4980,5670,4975,6132,4670,5194
il1rapl1,4,1,5,1,6,3,4,3,6,2,3,10
il1rapl2,2,1,7,3,3,5,5,3,9,2,3,2
il1rl1,20,12,18,18,25,20,39,22,25,27,28,43
il1rl2,14,14,25,21,34,19,38,8,37,19,31,11
il1rn,124,46,158,57,206,140,135,67,145,61,88,84
il2,2,0,1,1,0,1,0,0,0,1,1,0
il20,0,0,0,0,0,0,0,0,0,0,0,0
il20ra,4,0,1,1,1,0,0,0,0,2,0,2
il20rb,9,17,23,19,25,17,18,14,22,10,19,27
il21,0,0,0,1,0,0,3,2,1,0,0,1
il21r,37,34,58,22,64,26,48,46,43,32,30,36
il22,0,0,0,0,0,0,0,0,0,0,0,0
il22ra1,93,66,74,77,61,106,60,81,114,53,91,86
il22ra2,0,0,0,0,1,0,0,0,0,0,2,1
il23a,1,0,2,2,4,3,0,2,3,0,0,2
il23r,0,1,0,0,1,0,1,2,2,0,5,3
il24,0,0,0,0,0,0,0,0,0,0,0,0
il25,0,0,0,0,0,0,0,0,0,0,1,0
il27,3,1,4,4,3,0,5,1,4,4,3,4
il27ra,62,44,67,35,111,42,71,44,57,23,46,35
il2ra,7,7,8,19,12,16,15,5,9,15,19,14
il2rb,46,33,52,31,68,26,33,72,57,32,53,49
il2rg,114,66,142,60,184,58,93,104,112,51,78,61
il3,0,0,0,0,0,0,0,0,0,0,0,0
il31,0,0,0,0,0,0,0,0,0,0,0,0
il31ra,0,2,3,2,3,0,0,0,0,1,0,1
il33,116,77,134,94,174,154,244,84,162,118,163,126
il34,49,52,53,50,97,45,45,19,59,24,44,31
il3ra,36,21,29,20,60,26,39,34,44,24,33,27
il4,6,4,5,2,3,8,1,5,3,5,4,7
il4i1,22,10,12,7,16,16,16,23,7,6,15,20
il5,0,0,1,0,0,0,0,0,0,0,2,0
il5ra,22,26,29,16,22,27,36,31,29,24,37,33
il6,2,1,4,1,5,3,11,1,5,1,3,10
il6st,6758,6048,6608,5737,8078,7662,6327,4761,6060,4235,5868,4866
il7,9,9,13,10,16,11,13,15,10,10,12,13
il7r,37,29,53,25,61,17,51,50,68,58,60,69
il9,0,0,0,0,1,0,0,0,1,0,0,0
il9r,5,5,8,0,14,5,11,14,14,3,9,4
ildr1,3,2,5,6,4,6,7,12,16,2,11,6
ildr2,652,938,656,883,946,1183,906,739,659,1057,587,796
ilf2,351,458,479,413,447,468,338,369,325,394,367,372
ilf3,341,378,442,301,507,402,421,429,435,378,436,352
ilk,782,962,1055,844,1172,1011,950,748,896,741,857,799
ilkap,534,722,755,574,698,683,667,558,688,562,594,542
immp1l,677,601,658,545,683,624,478,598,585,693,614,646
immp2l,578,602,684,538,743,541,503,595,601,699,562,675
immt,2237,2686,3012,2180,3126,2578,2427,2345,2367,2404,2348,2305
imp3,559,709,858,752,841,840,713,610,739,683,618,634
imp4,614,760,772,589,704,708,673,528,573,565,549,521
impa1,1539,1770,2121,1237,1798,1696,1697,1758,1612,1700,1626,1619
impa2,28,21,27,44,49,43,38,35,50,28,43,29
impact,354,311,441,330,432,412,401,371,384,381,329,352
impdh1,102,75,83,77,169,79,101,58,132,42,78,75
impdh2,812,1057,955,837,1101,1092,765,776,795,700,770,769
impg1,4,0,3,0,3,8,2,1,3,2,2,3
impg2,95,125,98,99,114,107,116,199,136,223,123,176
ina,0,0,0,0,0,0,0,0,3,0,0,0
inafm1,53,68,86,49,83,53,58,50,73,55,54,31
inca1,257,207,299,174,236,212,145,284,191,249,192,345
incenp,44,22,66,47,78,40,58,40,52,22,50,37
inf2,424,333,321,299,486,410,391,314,389,253,320,506
ing1,243,271,337,275,390,294,313,239,350,180,309,204
ing2,157,161,201,154,166,144,165,150,187,171,153,133
ing3,177,215,212,181,267,258,171,184,225,165,172,151
ing4,533,464,619,461,502,552,441,362,460,392,450,410
ing5,252,280,355,226,288,313,314,251,300,218,273,240
inha,0,1,4,3,0,3,3,1,4,1,1,2
inhba,40,48,65,49,39,51,60,82,45,53,47,60
inhbb,25,28,42,50,44,50,42,43,34,50,43,38
inhbc,569,667,574,634,638,900,607,714,610,631,415,707
inhbe,262,435,650,521,709,984,428,493,673,851,277,650
inip,97,98,137,97,157,109,112,119,123,72,131,103
inmt,9248,13085,14958,6786,33885,9892,18472,13337,27653,12651,22636,11351
ino80,385,410,475,363,537,467,442,399,513,382,438,400
ino80b,200,219,202,180,197,202,201,148,188,149,153,160
ino80c,271,290,348,243,363,308,301,276,316,317,286,284
ino80d,510,470,649,507,712,529,602,551,722,457,641,632
ino80e,141,172,166,138,218,141,135,137,155,105,133,130
inpp1,294,282,390,316,398,389,329,220,341,221,300,243
inpp4a,379,409,494,383,386,357,410,333,520,286,461,485
inpp4b,122,63,120,58,163,66,96,118,96,83,117,118
inpp5a,234,223,256,206,317,234,220,187,253,187,278,229
inpp5b,674,739,752,718,856,890,705,644,683,657,662,702
inpp5d,374,156,342,180,463,196,269,189,275,133,266,221
inpp5e,132,132,190,110,146,170,165,116,164,119,149,144
inpp5f,565,676,766,640,817,745,700,729,708,708,629,696
inpp5j,3,4,6,3,9,6,7,0,12,2,8,3
inpp5k,347,324,414,344,387,329,344,265,387,291,366,314
inppl1,697,685,735,589,841,699,767,447,840,337,698,471
insc,462,393,340,189,255,453,262,419,163,317,168,334
insig1,11952,15872,9975,5659,17868,14139,11290,15076,11143,12529,7713,12343
insig2,6641,2072,4730,2075,1207,3716,970,2877,1223,3781,1151,4122
insl3,3,7,6,0,4,9,2,0,8,2,8,6
insl5,0,0,0,0,0,1,0,0,0,0,0,0
insl6,2,3,5,3,3,5,6,4,6,10,10,5
insm1,2,2,2,3,3,4,0,2,1,1,4,3
insm2,1,0,0,0,0,1,2,0,0,0,0,0
insr,2656,3180,3368,3257,3733,3631,3092,2655,3776,2597,3283,3400
insrr,11,16,12,5,4,9,12,16,13,6,17,9
ints1,399,503,387,384,491,421,383,386,446,263,368,422
ints10,236,278,272,160,231,269,196,193,211,186,179,198
ints12,248,193,288,173,256,238,215,167,216,202,221,204
ints2,249,265,280,227,318,352,239,251,218,238,204,192
ints3,575,601,561,482,645,631,437,419,421,364,452,420
ints4,557,626,762,478,688,670,569,553,514,564,524,549
ints5,154,185,187,189,245,263,157,156,228,149,154,162
ints6,483,538,519,616,642,643,503,544,617,688,634,516
ints7,463,571,545,505,502,617,505,460,426,367,417,445
ints8,579,635,737,505,732,694,635,510,746,601,653,479
ints9,128,156,162,118,176,153,113,120,129,107,125,141
intu,131,98,179,151,147,172,129,94,137,104,135,136
invs,412,461,456,333,475,446,372,338,359,357,355,346
ip6k1,1224,1335,1467,1235,1748,1386,1335,1127,1629,984,1395,1148
ip6k2,1022,955,456,680,868,571,418,574,440,457,714,448
ip6k3,3,0,5,0,5,1,0,0,0,1,0,1
ipcef1,47,21,36,13,58,17,33,27,40,26,38,35
ipmk,1726,1669,2064,1271,1943,1489,1791,1193,1808,1054,1691,1275
ipo11,639,764,755,573,767,712,587,622,555,619,574,596
ipo13,145,186,176,170,225,221,150,135,183,127,130,194
ipo4,421,524,492,411,546,511,469,361,448,300,364,463
ipo5,1491,1832,2059,1515,2386,1895,1966,1418,1996,1433,1754,1417
ipo7,3518,4113,4610,3675,4512,4558,3688,3473,3835,3663,3408,3011
ipo8,1431,1834,1958,1513,2022,1842,1630,1437,1478,1391,1591,1339
ipo9,635,735,833,656,900,721,725,651,721,557,662,700
ipp,350,382,422,290,401,383,348,276,307,343,310,323
ippk,229,277,276,249,302,386,245,221,273,251,218,203
iqcb1,117,140,156,104,155,151,139,157,152,177,139,131
iqcc,175,170,220,151,229,236,191,160,154,130,158,139
iqce,144,116,143,116,191,154,140,90,132,87,162,109
iqcf1,0,0,0,0,0,0,0,0,0,0,0,0
iqcf3,0,0,0,0,0,0,0,0,0,0,0,0
iqcf5,0,0,0,0,0,0,0,0,0,0,0,0
iqcf6,0,0,0,0,0,0,0,0,0,0,0,0
iqch,8,12,13,6,10,5,8,6,8,8,9,8
iqcj,0,0,0,0,0,0,0,0,0,0,0,0
iqck,8,6,5,1,5,5,1,4,4,2,8,6
iqgap1,1565,726,1725,862,2038,902,1612,872,1650,783,1497,1111
iqgap2,7853,11085,10051,9174,10408,11026,9015,7896,8823,8549,8853,7722
iqgap3,14,17,56,30,48,29,29,33,28,21,31,26
iqsec1,351,357,369,317,481,382,473,294,482,278,353,597
iqsec2,91,91,88,91,121,91,95,90,120,65,76,141
iqsec3,3,8,6,2,7,6,6,2,6,3,5,7
iqub,3,1,1,2,2,1,2,2,1,0,2,3
irak1,797,906,890,812,1039,935,744,784,958,664,692,863
irak1bp1,34,54,44,37,67,45,40,45,54,39,50,49
irak2,371,438,426,309,396,488,327,376,391,393,387,453
irak3,92,34,91,81,96,55,50,40,77,29,51,51
irak4,308,280,270,234,338,331,294,176,233,155,260,199
ireb2,1341,1877,2014,1825,2275,1652,2022,1339,2104,1707,2093,2732
irf1,759,874,1060,529,1220,1153,774,820,1015,703,863,727
irf2,567,514,559,377,480,431,520,443,615,367,476,561
irf2bp1,152,214,261,210,251,204,214,209,226,179,185,179
irf2bp2,1484,1065,833,826,1087,853,970,940,893,750,1147,940
irf2bpl,326,328,316,282,372,310,360,301,315,205,271,361
irf3,1069,1173,1227,1001,1303,1117,1104,1036,1115,965,927,990
irf4,53,31,23,22,56,25,46,33,34,39,55,61
irf5,414,368,525,372,547,498,439,335,367,234,351,328
irf6,1423,1329,1563,1030,939,1369,1070,1231,1033,1091,1225,1294
irf7,669,575,827,594,1291,679,800,842,928,570,797,534
irf8,304,164,292,186,427,178,261,228,321,131,302,218
irf9,704,836,833,598,763,948,615,728,623,693,684,637
irgq,299,281,332,321,397,468,364,238,300,217,290,250
irs1,533,537,564,452,808,512,532,743,736,681,697,814
irs2,507,474,390,252,363,372,346,340,383,292,620,488
irs4,0,0,0,0,0,0,0,0,0,0,0,0
irx1,0,21,0,22,0,6,0,30,0,16,0,27
irx2,0,0,1,0,0,0,0,0,0,0,0,3
irx3,5,4,13,2,9,3,10,6,4,6,15,9
irx4,0,0,0,0,0,0,0,0,0,0,0,0
irx5,0,1,0,0,0,0,0,0,0,0,1,1
irx6,0,0,0,0,0,0,0,0,0,0,0,0
isca1,1413,1370,1589,1248,1514,1446,1353,1180,1489,1244,1326,1189
isca2,327,356,452,317,458,350,359,387,360,346,345,297
iscu,1383,1552,1678,1314,1633,1464,1341,1284,1399,1424,1213,1309
isg15,157,123,162,81,171,147,107,121,119,102,123,121
isg20,184,57,64,50,56,79,77,56,59,62,54,65
isg20l2,347,393,450,362,431,423,380,332,388,328,333,310
isl1,0,1,1,2,1,2,5,3,0,1,4,3
isl2,0,0,0,0,0,1,0,0,0,1,0,0
islr,88,57,90,59,135,43,108,38,114,50,127,77
islr2,1,1,2,0,0,0,1,2,2,1,1,0
ism1,0,6,1,0,1,1,0,1,3,0,3,4
ism2,1,8,3,5,3,6,0,2,5,2,2,4
isoc1,1623,1715,1915,1492,2019,1631,1576,1457,1665,1542,1625,1586
ist1,937,1253,1281,1091,1399,1420,1086,1071,1212,1093,1034,974
isx,0,0,0,4,0,0,0,0,0,0,55,0
isy1,416,446,518,316,500,515,445,381,419,410,426,371
isyna1,349,88,170,119,205,209,193,91,213,69,171,102
itch,2348,2682,3041,2344,3379,2638,2676,2108,2950,2128,2549,2144
itfg1,2015,1920,2428,1697,2302,1920,1896,1811,2058,2012,1990,1823
itfg2,161,215,197,152,219,221,152,159,179,155,161,156
itga1,1291,1145,1390,981,1496,1100,1131,900,1141,893,1132,1034
itga10,13,13,17,16,22,20,16,12,19,4,22,9
itga11,10,5,7,3,12,9,12,2,17,1,18,12
itga2,22,15,16,10,14,7,8,7,14,10,26,10
itga2b,69,64,56,40,64,49,65,64,73,50,61,49
itga3,121,133,107,98,164,109,119,92,137,79,191,128
itga4,560,283,557,254,692,327,462,303,539,272,440,393
itga5,304,156,254,196,340,278,274,197,304,178,241,285
itga6,207,128,284,177,411,150,313,133,388,132,486,206
itga7,190,195,205,178,206,274,206,188,195,177,169,157
itga8,980,230,1084,284,1092,223,838,294,831,318,832,369
itga9,1203,819,1051,599,1302,816,885,600,945,526,893,709
itgad,4,1,4,0,2,0,2,4,0,0,5,0
itgae,15,20,17,10,17,20,22,20,26,22,30,16
itgal,549,306,405,279,660,282,350,229,386,206,261,269
itgam,482,199,781,335,1272,335,1054,207,926,271,435,508
itgav,1332,1084,1380,1103,1614,1280,1370,928,1329,928,1275,1230
itgax,124,30,136,41,229,58,164,68,128,56,140,95
itgb1,5446,5449,6387,5158,7044,5945,5710,5329,6019,5584,5373,5462
itgb1bp1,330,314,339,240,374,317,296,266,304,282,270,259
itgb1bp2,4,4,5,1,2,2,2,4,10,4,4,35
itgb2,859,343,1075,490,1544,468,1077,445,1018,388,634,650
itgb3,279,150,179,121,219,156,181,134,135,96,121,139
itgb3bp,98,85,114,75,116,99,81,82,82,73,92,79
itgb4,25,30,25,33,26,35,30,14,75,15,96,44
itgb5,1463,1027,1485,937,1795,1104,1347,1124,1430,930,1255,1429
itgb6,7,1,6,5,4,11,3,3,21,2,22,10
itgb7,73,55,82,44,136,50,101,85,103,63,88,77
itgb8,45,28,32,36,60,42,55,35,58,35,44,56
itgbl1,40,13,43,7,47,28,31,29,29,24,46,33
itih1,18924,16507,18133,13481,17763,17746,15673,15933,15652,14471,14245,14577
itih2,21080,25345,27833,21920,26706,27226,24018,25201,21552,25696,20581,22168
itih3,39884,21396,23774,19692,19993,27497,21378,17824,18658,16038,18443,20230
itih4,59999,38011,40114,34714,43085,57556,43288,30842,36243,30281,33931,34795
itih5,515,559,751,460,701,494,561,418,706,275,644,404
itk,13,14,20,10,28,18,19,26,29,20,24,29
itln1,0,0,0,13,0,0,0,0,0,0,609,1
itm2a,40,22,33,34,53,30,66,29,57,30,67,50
itm2b,18808,18340,22976,15357,23851,17706,18149,16578,18572,17909,17507,16906
itm2c,1377,806,1126,737,1420,846,953,775,1019,639,950,762
itpa,607,636,659,516,673,683,569,576,491,564,494,485
itpk1,404,352,541,289,417,420,372,322,373,321,437,321
itpka,17,22,36,23,31,25,32,19,57,17,50,14
itpkb,339,278,308,251,461,255,385,270,389,230,339,335
itpkc,133,104,154,161,212,174,140,80,154,94,140,120
itpr1,1989,2776,2262,2196,2580,2747,2661,2044,2811,1886,2403,1999
itpr2,1361,1692,1955,1455,1839,1665,1754,1345,1818,1134,1604,1335
itpr3,104,91,111,100,171,83,141,94,191,71,233,110
itpripl1,178,185,219,200,261,227,204,118,194,124,163,130
itpripl2,449,297,483,279,690,290,495,276,562,252,455,323
itsn1,743,584,729,540,790,566,611,510,568,437,559,636
itsn2,967,1000,1254,830,1251,1033,1053,875,1014,841,912,854
ivd,3822,5002,4988,3674,5213,4246,4206,3695,4467,3748,3874,3434
ivl,0,0,0,0,1,0,0,0,1,0,0,0
ivns1abp,3263,4004,3522,4246,4586,4870,4058,3165,4911,2928,4383,2407
iws1,967,1041,1178,938,997,1063,945,1022,1101,981,1065,897
iyd,1823,2031,2333,1553,2306,2061,1794,1785,1790,1817,1761,1620
izumo1,3,3,2,1,4,5,4,3,3,0,3,3
izumo1r,1,3,2,0,2,4,0,3,2,2,1,6
izumo2,0,0,0,0,0,0,0,0,0,0,0,0
izumo3,0,0,0,0,0,0,0,0,0,0,0,0
izumo4,130,135,150,80,160,90,127,98,139,73,121,76
jade1,1301,1430,2004,1411,1648,1831,1434,1672,1942,1811,1649,1750
jade2,261,289,354,273,427,282,332,236,368,171,276,298
jade3,113,123,192,103,172,138,156,125,157,160,126,146
jag1,142,151,157,126,215,171,183,137,227,134,176,145
jag2,6,3,1,5,5,6,4,3,7,2,5,4
jagn1,406,453,513,471,523,563,405,394,391,370,346,310
jak1,3039,2643,3304,2623,3615,2963,2828,2297,2963,2247,2823,2940
jak2,692,552,884,649,935,700,819,629,837,621,945,677
jak3,248,207,152,131,227,201,194,116,154,81,149,178
jakmip1,14,17,17,19,24,21,31,32,22,17,39,16
jakmip2,1,2,1,1,0,0,0,0,0,0,0,1
jakmip3,3,2,0,1,1,1,0,1,1,0,2,0
jam2,773,559,704,503,804,769,621,386,599,360,698,352
jam3,47,50,52,40,67,38,59,27,55,32,67,41
jarid2,327,329,380,301,488,407,381,293,446,269,408,316
jazf1,24,32,21,18,34,16,31,10,34,14,30,13
jchain,844,130,403,326,904,184,644,851,242,1158,2581,1399
jdp2,50,30,21,40,60,29,33,29,38,27,39,31
jhy,0,0,0,0,0,1,0,0,0,0,0,0
jkamp,462,517,594,372,584,469,440,422,474,473,417,408
jmjd1c,1717,1497,1808,1135,1859,1594,1518,1339,1671,1499,1735,1590
jmjd4,234,313,436,326,297,400,364,264,346,248,264,276
jmjd6,331,355,405,361,386,469,351,406,373,361,300,281
jmjd7,47,62,86,49,60,60,62,42,54,42,44,43
jmjd8,765,863,863,668,920,750,695,733,705,615,585,674
jmy,519,492,541,476,569,562,500,447,620,470,579,654
josd1,650,752,892,718,951,786,726,564,839,602,712,592
josd2,307,437,373,251,351,368,300,280,279,216,261,276
jph1,12,68,48,52,44,57,43,47,62,42,44,43
jph2,12,8,11,5,10,6,12,8,10,6,10,25
jph3,3,1,6,2,1,0,2,2,3,3,4,4
jph4,3,8,5,0,4,5,7,10,7,4,8,7
jrk,69,47,79,66,79,98,55,36,53,40,53,46
jrkl,142,109,201,116,153,133,144,107,151,108,125,115
jsrp1,0,0,2,0,0,0,1,0,0,0,1,13
jtb,987,1138,1140,955,1153,1189,987,1050,984,1108,827,969
jun,461,629,470,304,692,408,565,475,551,441,609,338
junb,1453,868,958,450,930,518,612,830,630,802,834,933
jund,986,755,831,563,929,693,705,715,793,714,594,619
jup,606,675,625,646,745,724,627,467,692,388,627,639
kalrn,768,979,868,897,968,1036,868,799,823,680,700,903
kank1,1227,1273,1358,915,1235,1588,1038,1082,1001,1140,930,1476
kank2,652,796,799,622,1101,795,850,773,827,571,703,800
kank3,113,115,115,87,201,114,154,86,154,75,149,113
kank4,1,0,3,1,2,3,2,5,5,4,1,2
kansl1,595,647,664,581,699,574,615,555,668,558,625,636
kansl1l,560,493,655,394,629,433,650,514,708,563,634,512
kansl2,426,480,626,553,580,598,537,544,607,545,463,482
kansl3,653,862,880,765,975,824,871,612,982,582,942,684
kat2a,213,219,202,175,236,216,216,197,209,140,155,192
kat2b,2342,2685,3595,2706,3131,2795,2753,2770,3170,2945,2848,2857
kat5,238,218,291,160,237,245,196,197,199,165,211,179
kat6a,630,633,697,574,792,617,770,612,842,523,728,814
kat6b,374,330,420,297,403,413,366,313,381,328,369,405
kat7,497,514,567,465,632,565,496,464,504,468,473,458
kat8,332,371,415,318,397,398,339,313,315,344,269,339
katna1,363,401,483,351,469,417,364,371,351,361,382,358
katnal1,151,197,167,127,168,166,117,123,157,128,126,131
katnal2,2,3,3,1,0,3,5,0,4,0,4,3
katnb1,60,66,61,51,76,61,44,52,51,35,61,50
katnbl1,174,183,197,167,211,189,186,210,163,198,149,165
kazald1,27,23,25,16,26,23,26,21,29,18,26,22
kazn,43,35,43,51,58,40,56,42,51,23,54,34
kbtbd11,50,43,47,28,63,30,48,67,39,32,96,64
kbtbd12,11,13,13,10,2,18,6,17,1,22,5,18
kbtbd13,2,4,1,1,2,2,1,0,1,4,0,5
kbtbd2,538,555,659,552,699,618,575,522,599,578,614,529
kbtbd3,89,67,96,45,92,86,97,56,82,83,62,57
kbtbd4,639,711,766,607,803,765,657,657,606,657,610,572
kbtbd6,5,12,8,5,4,5,5,3,8,4,11,5
kbtbd7,359,387,421,339,509,414,383,361,333,318,353,324
kbtbd8,95,99,77,82,119,118,75,108,119,100,77,63
kcmf1,843,936,1140,948,1130,1006,982,858,1083,960,985,902
kcna1,1,2,0,0,0,0,0,0,0,0,1,0
kcna10,0,0,0,0,0,0,0,0,0,0,0,0
kcna2,278,190,349,226,371,183,212,186,212,126,166,251
kcna3,1,4,5,2,9,5,10,10,10,4,11,4
kcna4,0,2,0,1,1,0,3,1,2,4,0,1
kcna5,0,0,0,0,5,0,0,1,0,3,0,1
kcna6,2,0,1,3,2,2,7,1,6,3,4,0
kcna7,1,3,1,1,0,2,1,1,1,0,0,5
kcnab1,52,35,68,72,81,56,75,47,78,46,56,55
kcnab2,53,13,58,22,85,30,47,34,72,21,39,48
kcnab3,8,8,7,1,7,8,9,7,6,3,7,9
kcnb1,73,125,120,105,136,109,107,88,140,78,101,117
kcnb2,8,5,5,4,10,5,11,6,14,6,17,8
kcnc1,7,8,7,9,5,11,11,17,13,4,5,13
kcnc2,0,3,0,1,0,0,0,0,1,2,2,0
kcnc3,24,31,20,16,18,33,32,16,24,15,11,18
kcnc4,3,0,4,1,1,2,0,2,2,0,5,1
kcnd1,8,0,3,4,6,1,5,6,6,1,6,0
kcnd2,1,1,8,0,7,2,5,1,7,4,8,7
kcnd3,6,9,4,13,8,11,7,9,29,3,10,11
kcne1,0,0,1,0,0,0,0,0,0,1,0,0
kcne2,0,0,1,0,0,0,1,1,0,0,0,0
kcne3,33,28,29,22,33,33,26,21,31,21,92,15
kcne4,20,15,13,5,19,16,20,10,15,16,18,18
kcnf1,0,0,0,0,0,0,0,3,0,0,7,0
kcng1,0,1,0,0,0,0,1,0,1,0,2,0
kcng2,5,2,7,2,4,2,5,1,9,1,7,3
kcng3,0,0,0,1,0,1,0,0,1,0,0,0
kcng4,0,2,1,3,0,1,8,2,1,2,3,10
kcnh1,1,2,1,3,0,4,7,5,14,1,2,2
kcnh2,2,1,2,1,8,1,7,0,9,2,6,1
kcnh3,1,1,8,2,6,2,1,2,9,2,4,8
kcnh4,0,1,1,1,2,0,0,0,0,0,2,0
kcnh5,0,0,0,0,0,0,0,0,1,0,0,0
kcnh6,3,1,3,2,2,1,3,0,2,1,1,3
kcnh7,26,40,28,27,31,37,33,31,36,27,41,41
kcnh8,0,0,0,0,0,0,0,0,2,0,0,0
kcnip1,1,3,0,0,4,0,3,3,1,0,2,2
kcnip2,3,2,0,6,0,3,3,1,5,1,0,0
kcnip3,10,15,10,8,18,15,14,13,13,12,20,6
kcnip4,14,15,11,7,13,5,22,9,22,6,11,21
kcnj1,0,0,1,1,0,0,1,1,3,3,1,0
kcnj10,81,32,77,19,76,30,35,26,47,23,32,40
kcnj11,0,3,1,0,1,0,0,1,1,0,3,5
kcnj12,0,0,3,0,0,1,0,0,2,0,1,2
kcnj13,12,8,14,5,5,15,14,12,16,6,18,12
kcnj14,1,0,0,0,0,0,1,1,1,1,1,2
kcnj15,21,17,17,11,15,17,19,13,17,14,12,16
kcnj16,91,95,82,69,110,56,66,51,61,49,44,61
kcnj2,134,39,85,38,68,47,73,35,82,31,65,69
kcnj3,2,1,1,1,0,2,1,1,1,3,2,1
kcnj4,0,0,0,0,0,0,0,0,0,0,0,0
kcnj5,10,11,14,6,12,14,12,14,9,1,17,9
kcnj6,0,0,0,0,0,0,0,0,0,0,0,0
kcnj8,138,96,124,114,119,115,83,110,71,98,74,92
kcnj9,10,5,3,4,9,5,7,4,4,5,9,5
kcnk1,10,11,3,12,8,23,10,13,35,4,30,6
kcnk10,4,56,39,34,22,44,30,62,22,30,34,27
kcnk12,1,0,0,0,0,0,0,0,0,0,0,0
kcnk13,51,17,36,22,64,31,44,26,42,17,33,23
kcnk15,0,0,0,0,0,0,0,0,0,0,0,0
kcnk16,0,0,1,0,0,0,0,0,0,0,0,0
kcnk18,0,0,0,0,0,0,0,0,0,0,0,0
kcnk2,0,2,5,1,3,1,5,3,3,2,3,2
kcnk3,6,9,7,11,14,10,7,5,9,5,9,6
kcnk4,1,3,1,1,5,1,4,0,8,1,0,1
kcnk5,646,1307,511,1240,1892,1376,672,1042,1858,682,1423,551
kcnk6,148,95,165,124,206,120,112,117,167,95,114,113
kcnk7,1,5,1,2,1,1,0,2,1,1,4,2
kcnk9,0,0,0,0,1,0,0,0,0,0,0,0
kcnma1,7,15,3,11,15,11,11,7,18,5,18,19
kcnmb1,17,25,12,11,15,19,17,19,29,15,23,15
kcnmb2,0,0,0,0,0,1,0,0,2,1,2,2
kcnmb3,0,1,1,0,0,0,1,0,0,0,2,2
kcnmb4,7,4,2,2,0,5,8,5,6,5,8,6
kcnn1,78,145,104,70,123,109,96,65,114,93,91,72
kcnn2,346,546,421,564,511,452,428,431,506,361,455,525
kcnn3,14,2,17,6,16,12,22,6,29,5,29,15
kcnn4,33,14,55,20,64,21,64,30,32,20,53,36
kcnq1,56,52,39,33,58,44,51,26,64,26,73,37
kcnq2,19,12,1,8,5,8,7,8,14,8,7,6
kcnq3,35,23,26,30,21,34,37,42,39,28,44,42
kcnq4,4,8,12,7,14,8,8,6,10,4,9,11
kcnq5,26,16,15,19,22,12,26,13,31,8,25,28
kcnrg,8,16,14,5,18,17,10,9,18,12,10,6
kcns1,1,2,2,1,5,3,0,1,1,1,0,4
kcns2,0,1,0,0,0,0,0,0,0,0,0,0
kcns3,5,5,10,10,8,12,11,6,11,9,7,10
kcnt1,1,1,1,0,0,2,1,1,5,0,7,3
kcnt2,150,59,80,81,61,183,79,37,74,72,99,72
kcnu1,2,1,1,0,1,2,0,0,5,1,1,0
kcnv1,0,0,0,1,0,0,0,0,0,0,0,0
kcnv2,0,0,0,0,0,0,0,0,0,0,0,1
kctd1,13,17,13,13,23,25,27,22,28,13,10,14
kctd10,384,299,397,285,505,358,322,314,376,255,369,346
kctd11,69,61,67,54,75,61,69,38,71,34,60,40
kctd12,721,450,657,454,935,595,658,466,639,386,670,631
kctd13,46,48,72,47,41,53,38,29,51,32,53,34
kctd14,5,15,9,10,8,13,7,7,39,7,29,12
kctd15,113,85,163,110,99,100,116,103,93,58,90,79
kctd16,0,0,0,0,2,0,0,0,0,0,0,0
kctd17,54,39,58,37,53,42,57,24,48,18,55,41
kctd18,152,129,163,105,152,160,152,110,136,108,147,131
kctd19,1,0,1,0,1,0,0,1,0,0,0,0
kctd2,301,309,412,286,446,342,355,267,390,313,349,264
kctd20,815,894,931,784,1018,963,791,719,794,618,731,743
kctd21,168,187,173,150,206,208,144,127,154,131,138,140
kctd3,303,325,389,273,324,366,265,237,329,231,277,252
kctd4,8,7,13,5,9,13,11,11,9,11,12,14
kctd5,103,118,163,112,152,119,118,103,133,99,161,91
kctd6,122,116,120,114,119,133,115,132,110,104,92,134
kctd8,0,0,0,0,0,0,0,0,0,0,0,0
kctd9,153,185,227,194,197,198,175,160,213,185,189,237
kdelr1,1101,1132,1211,938,1308,1136,1013,956,1006,798,994,889
kdelr2,1959,2258,2136,1829,2367,2464,1817,1894,1776,1585,1700,1735
kdelr3,20,14,25,17,25,12,32,15,35,12,20,20
kdf1,35,63,45,37,54,49,37,38,48,24,40,45
kdm1a,389,361,431,340,496,398,383,317,396,302,389,330
kdm1b,858,883,880,665,893,870,765,796,779,850,630,761
kdm2a,1087,1111,1351,946,1341,1243,1114,1094,1182,1021,1134,1143
kdm2b,117,146,157,146,207,165,167,156,203,105,170,177
kdm3a,602,445,743,471,561,636,561,598,646,611,573,639
kdm3b,588,550,685,516,704,642,641,507,667,440,564,575
kdm4a,586,613,607,511,647,772,492,522,496,450,453,560
kdm4b,306,311,313,275,379,325,319,243,426,214,328,284
kdm4c,330,373,437,312,488,384,395,330,404,333,387,356
kdm4d,1,1,1,0,4,2,1,0,2,0,4,2
kdm5a,1351,1458,1848,1325,1851,1748,1581,1273,1690,1309,1540,1257
kdm5b,778,780,1231,755,788,890,1059,629,696,564,739,855
kdm5c,1132,1218,1182,1174,1283,1494,1176,1012,1129,920,906,1098
kdm5d,705,788,956,665,788,765,702,733,799,540,686,750
kdm6a,537,536,612,446,640,677,484,543,571,489,562,527
kdm6b,100,102,110,84,115,112,117,91,148,72,119,185
kdm7a,1007,1003,1269,984,1232,1020,1254,904,1255,1003,1217,1097
kdm8,38,41,69,47,75,65,52,57,58,41,35,41
kdr,2083,2007,2293,1616,2809,1799,2013,1354,2023,1398,2173,1583
kdsr,584,550,833,622,920,734,690,506,797,576,749,571
keap1,868,877,1017,873,1221,1015,893,900,870,836,872,887
kel,8,0,1,0,1,1,0,1,1,1,0,0
kera,0,0,0,0,0,0,0,0,0,0,0,4
khdrbs1,649,651,791,634,883,746,704,572,651,493,699,609
khdrbs2,28,35,33,34,39,32,33,28,35,27,41,34
khdrbs3,146,329,143,285,219,296,198,310,182,302,143,272
khk,7135,6625,8146,5393,8186,6760,5689,6356,6345,6348,5733,6781
khnyn,757,623,789,383,576,624,594,535,610,453,662,595
khsrp,472,520,455,497,571,513,496,442,520,343,474,520
kidins220,1753,1945,2087,1643,2087,2013,1800,1952,1952,1872,1548,1825
kif11,69,41,98,77,130,42,60,52,79,40,107,55
kif12,12,12,9,6,9,12,10,9,17,11,18,5
kif13a,347,519,410,415,486,499,423,394,372,294,416,409
kif13b,1110,1179,1248,1025,1251,1267,1191,1034,1126,901,1020,1103
kif14,28,20,46,24,31,38,28,31,29,32,18,32
kif15,32,16,53,37,55,13,33,21,23,7,51,16
kif16b,434,453,572,429,627,490,516,416,606,410,514,447
kif17,3,2,3,10,6,8,6,1,4,4,5,3
kif18a,34,43,66,47,41,37,39,35,63,41,46,46
kif18b,6,5,8,11,6,3,7,12,11,1,10,2
kif1a,19,10,25,9,34,6,29,5,38,7,16,11
kif1b,3583,3820,4608,4060,4854,4219,4111,4271,4727,4326,3867,5106
kif1c,2856,2801,2985,2521,3296,3010,2608,2641,2920,2262,2402,3084
kif20a,45,36,76,69,61,30,35,34,47,24,40,39
kif20b,49,35,66,54,67,25,34,45,44,34,78,36
kif21a,1675,1866,2142,1842,1937,2139,1646,1557,2088,1689,1797,1339
kif21b,149,89,140,81,181,91,159,75,166,73,145,107
kif22,23,16,34,21,27,28,29,23,14,9,27,20
kif23,41,23,82,49,60,17,46,33,35,22,50,27
kif24,53,94,106,82,86,127,93,79,86,93,101,90
kif26a,39,25,23,16,49,28,29,10,36,18,30,22
kif26b,37,49,52,42,105,58,81,56,93,27,68,60
kif27,2,2,2,1,1,1,4,0,1,2,6,2
kif2a,211,173,231,154,213,200,215,165,230,154,234,242
kif2b,0,0,0,0,0,0,0,0,0,0,0,0
kif2c,20,8,26,21,33,14,11,17,27,9,16,23
kif3a,113,104,149,77,109,105,91,104,99,89,104,102
kif3b,460,441,591,465,620,586,477,400,480,366,415,407
kif3c,110,129,132,94,134,109,131,68,151,89,115,77
kif5a,15,17,16,9,11,10,25,27,18,9,9,20
kif5b,2058,2046,2416,2150,2527,2682,2083,1897,2107,1824,2079,1903
kif5c,10,18,18,11,13,9,19,16,40,12,11,13
kif6,0,1,1,0,0,1,1,1,0,1,1,1
kif7,27,14,30,12,31,20,24,22,21,7,22,20
kif9,29,30,31,18,29,26,16,21,25,13,24,17
kifap3,199,181,211,124,263,144,191,145,173,145,194,193
kifc1,5,9,16,14,20,7,12,8,15,4,14,6
kifc2,64,84,100,80,95,81,115,53,134,50,113,58
kifc3,264,281,275,195,387,324,267,241,313,177,207,263
kin,148,183,238,176,200,244,193,211,217,209,199,169
kir3dl1,0,0,0,0,0,0,0,0,0,0,0,0
kir3dl2,0,0,0,0,0,0,0,0,0,0,0,0
kirrel2,1,2,0,0,0,3,0,0,3,0,0,0
kirrel3,12,3,11,4,4,3,6,6,10,9,7,3
kiss1,1,0,0,1,1,1,1,0,0,1,1,0
kiss1r,5,6,4,9,12,6,6,5,8,6,8,5
kit,184,239,251,161,339,260,204,99,220,94,237,143
kl,21,18,43,20,25,47,36,40,41,27,37,18
klb,838,852,939,1036,987,1083,740,1096,1012,1252,765,1172
klc1,318,352,312,282,356,341,329,342,361,256,325,324
klc2,91,109,113,97,88,138,84,78,89,85,100,104
klc3,5,1,4,6,7,3,8,4,16,1,7,5
klc4,1189,1560,1439,1123,1737,1476,1332,1026,1235,868,1239,949
klf1,53,84,64,65,84,68,49,54,89,61,67,63
klf10,308,804,1001,301,623,623,667,728,801,760,422,448
klf11,218,269,354,123,256,279,255,250,257,248,232,275
klf12,176,317,273,207,203,168,214,194,278,160,227,309
klf13,814,1059,879,943,1635,898,1287,829,1535,550,1254,759
klf14,0,0,0,0,0,0,0,0,0,0,1,0
klf15,3594,3985,3201,3557,5054,3278,3096,3812,4535,2756,4346,2822
klf16,57,58,70,59,101,69,85,55,121,43,82,72
klf17,3,2,1,0,0,0,1,1,1,0,1,0
klf2,110,96,112,75,192,95,130,97,163,87,127,116
klf3,1068,1197,965,972,1602,1046,1161,956,1343,828,1382,1008
klf4,55,33,38,40,68,30,75,40,70,43,180,54
klf5,10,3,1,9,1,2,2,3,16,1,61,2
klf6,566,324,538,324,745,380,549,337,588,361,678,406
klf7,172,196,247,157,271,209,207,171,212,149,228,211
klf8,0,3,3,3,7,2,5,3,8,1,3,2
klf9,2160,1998,2980,2247,1462,1878,2150,1943,1808,1957,1606,2098
klhdc1,12,8,11,11,9,14,6,10,14,12,16,16
klhdc10,1141,1368,1394,1480,1489,1590,1312,1149,1291,1016,1093,1074
klhdc2,770,859,959,805,895,909,741,689,800,732,718,734
klhdc3,437,481,478,439,502,484,496,406,481,338,486,498
klhdc4,317,328,301,273,376,311,289,209,251,196,238,243
klhdc7a,558,803,1000,740,865,1266,613,783,654,783,457,931
klhdc7b,4,2,0,0,0,0,3,0,0,0,2,0
klhdc8a,43,36,19,27,21,49,15,28,25,20,9,38
klhdc8b,108,148,147,112,121,132,167,113,148,62,135,104
klhdc9,1,2,4,0,0,2,1,0,7,0,1,2
klhl1,0,0,0,0,0,0,0,0,1,0,0,0
klhl10,1,3,5,2,1,3,1,0,3,0,2,1
klhl11,187,223,268,245,251,251,241,191,292,199,220,199
klhl12,375,407,510,394,447,472,359,388,427,387,371,390
klhl13,290,204,359,147,431,239,323,196,294,230,256,194
klhl14,1,1,3,2,2,0,0,0,1,1,2,1
klhl15,167,169,220,156,189,218,193,170,193,184,190,201
klhl17,146,158,217,132,197,111,171,125,197,117,171,161
klhl18,113,120,118,86,123,115,96,101,104,76,100,112
klhl2,688,1141,944,1077,916,1110,848,812,788,793,716,779
klhl20,262,250,303,219,265,291,266,232,332,211,259,246
klhl21,586,880,790,811,893,933,683,707,944,646,760,660
klhl22,360,324,441,327,409,372,317,345,356,316,291,347
klhl23,44,39,48,38,61,49,42,32,55,35,62,44
klhl24,3788,4017,5825,3416,4286,3405,3965,2990,4938,3428,4555,3597
klhl25,342,373,263,304,502,530,244,299,385,226,312,234
klhl26,112,101,92,61,95,66,119,60,82,91,100,104
klhl28,182,214,262,155,233,227,218,186,223,177,190,195
klhl29,16,9,9,6,13,2,12,4,7,5,11,4
klhl3,102,113,105,77,109,91,101,101,146,79,80,126
klhl30,0,0,1,0,0,1,1,1,1,1,1,4
klhl31,7,15,13,10,5,12,4,8,5,10,10,59
klhl32,15,11,17,11,12,12,13,11,16,14,14,10
klhl33,1,2,5,2,0,2,0,0,0,0,1,8
klhl34,0,0,0,0,0,0,0,0,0,0,0,0
klhl35,6,3,7,2,1,1,4,1,9,3,4,3
klhl36,77,88,113,94,131,82,113,76,95,61,90,110
klhl38,1,4,4,5,7,6,4,1,11,3,5,8
klhl4,74,45,85,53,80,37,74,53,58,51,79,54
klhl40,0,0,3,0,0,1,0,0,0,0,0,14
klhl41,7,13,27,5,7,12,7,5,5,3,0,86
klhl42,403,571,611,462,699,651,516,483,479,437,440,498
klhl5,570,625,650,504,771,559,547,583,472,530,524,696
klhl6,166,96,172,103,204,84,155,133,138,85,138,91
klhl7,394,533,450,415,486,488,409,443,366,501,408,453
klhl8,76,76,116,71,93,111,87,88,79,80,82,108
klhl9,2672,2575,3221,2369,3506,2769,2587,2399,2589,2519,2445,2342
klk1,43,2437,100,3686,158,2539,1292,1040,7917,7,265,220
klk10,0,0,0,0,0,0,0,0,1,0,0,0
klk11,0,0,0,0,0,0,0,0,1,1,0,0
klk12,0,0,0,0,0,0,0,0,0,0,0,0
klk13,0,0,0,0,0,0,1,0,0,0,0,0
klk14,2,1,6,0,4,1,4,6,1,1,0,3
klk15,0,0,0,0,0,0,0,0,0,0,0,0
klk4,0,0,0,0,1,0,0,0,0,0,0,0
klk5,0,0,0,0,0,0,0,0,0,0,0,0
klk6,0,0,0,0,1,0,0,0,2,0,0,0
klk7,1,1,0,0,2,1,0,3,0,1,0,0
klk8,11,4,19,7,16,8,16,12,21,6,10,6
klk9,2,0,0,2,1,1,4,1,2,0,1,1
klkb1,8832,10405,12356,9912,10641,10877,9589,10812,10678,11260,9738,10734
klrb1,1,0,0,0,0,0,0,0,0,2,1,0
klrc1,26,9,17,15,29,17,13,13,20,14,19,14
klrc2,17,9,8,8,13,12,20,12,16,7,21,17
klrc3,1,2,2,0,1,0,6,4,4,0,0,0
klrd1,19,13,24,7,21,7,18,13,29,8,38,13
klrg1,2,2,3,1,5,1,3,2,3,2,4,8
klrg2,7,8,5,1,5,10,7,6,11,2,14,4
klrk1,73,43,88,63,108,62,64,60,77,57,89,79
kmo,8565,10717,9332,8000,8285,10038,6728,7568,6214,8995,6900,7969
kmt2a,394,360,384,296,427,323,454,320,555,302,427,547
kmt2b,225,260,285,227,262,317,284,243,343,183,268,331
kmt2c,1151,1237,1442,1289,1537,1324,1380,1128,1601,1071,1365,1508
kmt2d,447,535,492,527,578,515,595,469,713,348,540,933
kmt2e,621,539,764,557,798,623,769,590,887,572,752,824
kmt5a,379,382,423,411,557,471,495,343,473,294,439,317
kncn,1,0,0,0,0,0,0,0,0,0,0,0
kndc1,6,13,8,8,9,20,9,3,15,4,11,5
kng1,63708,53592,71109,47858,72182,63987,55707,47443,56107,51669,53272,45270
knop1,703,852,973,789,905,1002,889,732,910,684,703,604
knstrn,15,26,36,48,42,24,32,9,24,15,35,20
kntc1,15,14,33,36,21,15,16,18,22,9,21,19
kpna1,1391,1708,1694,1554,1608,1998,1547,1514,1468,1594,1214,1374
kpna2,1253,1584,1389,1530,1785,2093,1286,1401,1302,1453,1063,1160
kpna3,934,963,1127,864,1151,1080,989,896,942,951,853,1030
kpna4,1516,1290,1703,1125,1671,1271,1226,1314,1285,1374,1290,1317
kpna6,1050,1113,1201,1093,1358,1462,1029,1120,1050,1019,822,1016
kpna7,0,0,0,0,0,0,0,0,0,0,0,1
kpnb1,2788,2920,3101,2083,2998,2803,2360,2519,2313,2163,2108,2279
kprp,0,0,0,0,1,0,0,0,0,0,0,0
kptn,209,309,284,237,326,253,241,264,241,262,242,233
kras,763,670,764,580,795,784,685,551,620,587,695,583
krcc1,1764,1491,2183,1308,1907,1596,1753,1506,1670,1651,1807,1420
kremen1,219,337,276,294,317,345,299,255,313,241,260,296
kremen2,14,6,6,4,6,7,9,3,11,6,10,7
kri1,161,240,226,157,248,225,176,157,203,150,193,127
krit1,948,960,1014,841,1058,1112,1032,893,1066,808,951,942
krr1,557,635,689,562,703,782,622,648,584,632,581,524
krt1,0,0,0,0,0,0,0,0,0,0,0,0
krt10,34,40,45,16,47,27,48,23,38,22,33,30
krt12,0,0,1,0,1,0,2,0,1,0,2,0
krt13,0,0,3,1,1,0,0,1,0,0,0,0
krt14,5,7,11,8,13,18,17,1,17,6,10,7
krt15,0,0,1,1,0,0,1,0,1,0,0,0
krt16,0,0,0,0,0,0,0,0,0,0,0,0
krt17,1,0,1,0,0,0,2,0,0,0,1,0
krt18,4705,4110,4046,3158,3515,6145,2785,3281,2769,3202,2974,3748
krt19,107,64,94,87,83,83,161,38,138,51,608,74
krt2,0,0,0,0,0,0,0,0,0,0,0,0
krt20,2,1,3,23,0,0,1,0,1,0,1189,0
krt222,6,4,8,4,6,6,2,8,4,2,5,8
krt23,10,19,15,11,12,18,11,14,22,13,18,21
krt24,0,0,0,0,0,0,0,0,0,0,0,0
krt25,0,0,0,0,1,0,0,0,0,0,0,0
krt26,7,12,8,6,6,7,5,9,9,5,4,5
krt27,0,0,0,0,0,0,0,0,0,0,1,0
krt28,0,1,0,0,0,0,0,0,0,0,0,0
krt31,0,0,0,0,0,0,0,0,0,0,0,0
krt32,0,0,0,0,0,0,0,0,0,0,0,0
krt33a,0,0,0,1,0,0,0,0,0,0,0,0
krt33b,0,0,0,0,0,0,0,0,0,0,0,0
krt34,0,0,0,0,0,0,0,0,0,0,0,0
krt35,1,4,5,1,1,2,5,4,5,2,7,3
krt36,0,0,0,0,0,0,0,0,0,1,0,0
krt39,0,0,0,0,0,0,0,0,0,0,0,0
krt4,2,0,2,1,0,1,1,2,1,1,0,0
krt40,0,0,0,0,0,0,0,0,0,0,0,0
krt5,0,0,0,0,0,0,0,0,0,0,0,0
krt6a,0,0,0,0,0,0,0,0,0,0,0,0
krt6b,0,0,0,0,0,0,0,0,0,0,0,0
krt7,66,44,63,52,53,54,89,45,82,50,83,47
krt71,0,0,0,0,0,0,0,0,0,0,0,0
krt72,0,0,0,0,0,0,0,0,0,0,0,0
krt73,0,0,0,0,0,0,0,0,0,0,0,0
krt74,0,0,0,0,0,0,0,0,0,0,0,0
krt75,0,0,0,0,0,0,0,0,0,0,0,0
krt76,1,0,0,0,1,0,0,0,0,0,1,0
krt77,0,0,0,0,0,0,0,0,0,0,0,0
krt78,0,0,1,2,0,1,1,1,0,0,0,0
krt79,0,1,0,0,1,0,0,0,0,2,0,2
krt8,5153,4808,4296,3306,5125,6219,3300,4061,3469,4095,5254,4457
krt80,20,5,16,8,30,2,15,5,19,3,8,6
krt81,0,0,0,0,0,0,0,0,0,0,0,0
krt82,0,0,0,0,0,0,0,0,0,0,0,0
krt83,0,0,0,0,1,0,1,1,1,0,0,0
krt84,0,0,0,0,0,0,0,0,0,0,0,0
krt86,0,0,1,0,0,0,2,0,0,0,0,0
krt9,0,0,0,0,0,0,0,1,0,0,0,0
krtap1-3,0,0,0,0,0,0,0,0,0,0,0,0
krtap1-4,0,0,0,0,0,0,0,0,0,0,0,0
krtap1-5,0,0,0,0,0,0,0,0,0,0,0,0
krtap10-4,0,0,0,0,0,0,0,0,0,0,0,0
krtap11-1,0,0,0,0,0,0,0,0,0,0,0,0
krtap12-1,0,0,0,0,0,0,0,0,0,0,0,0
krtap13-1,0,0,0,0,0,0,0,0,0,0,0,0
krtap16-1,0,0,0,0,0,0,0,0,0,0,0,0
krtap17-1,0,0,0,0,0,0,0,0,0,0,0,0
krtap19-1,0,0,0,0,0,0,0,0,0,0,0,0
krtap19-2,0,0,0,0,0,0,0,0,0,0,0,0
krtap19-3,0,0,0,0,0,0,0,0,0,0,0,0
krtap19-4,0,0,0,0,0,0,0,0,0,0,0,0
krtap19-5,0,0,0,0,0,0,0,0,0,0,0,0
krtap2-4,0,0,0,0,0,0,0,0,0,0,0,0
krtap20-2,0,0,0,0,0,0,0,0,0,0,0,0
krtap21-1,0,0,0,0,0,0,0,0,0,0,0,0
krtap22-2,0,0,0,0,0,0,0,0,0,0,0,0
krtap24-1,0,0,0,0,0,0,0,0,0,0,0,0
krtap26-1,0,0,0,0,0,0,0,0,0,0,0,0
krtap27-1,0,0,0,0,0,0,0,0,0,0,0,0
krtap29-1,0,0,0,0,0,0,0,0,0,0,0,0
krtap3-1,0,0,0,0,0,0,0,0,0,0,0,0
krtap3-2,0,1,0,0,1,0,0,0,2,1,0,0
krtap3-3,0,0,0,0,0,0,0,0,0,0,0,0
krtap4-1,0,0,0,0,0,0,0,0,0,0,0,0
krtap4-2,0,0,0,0,0,0,0,0,0,0,0,0
krtap4-6,0,0,0,0,0,0,0,0,0,0,0,0
krtap4-8,0,0,0,0,0,0,0,0,0,0,0,0
krtap4-9,0,0,0,0,0,0,0,0,0,0,0,0
krtap5-1,0,0,0,0,0,0,0,0,0,0,0,0
krtap5-2,0,0,0,0,0,0,0,0,0,0,0,0
krtap5-3,0,0,0,0,0,0,0,0,0,0,1,0
krtap5-4,0,0,0,0,0,0,0,0,0,0,0,0
krtap5-5,0,0,0,0,0,0,0,0,0,0,1,0
krtap6-1,0,0,0,0,0,0,0,0,0,0,0,0
krtap6-2,0,0,0,0,0,0,0,0,0,0,0,0
krtap6-3,0,0,0,0,0,0,0,0,0,0,0,0
krtap8-1,0,0,0,0,0,0,0,0,0,0,0,0
krtap9-1,0,0,0,0,0,0,0,0,0,0,0,0
krtap9-3,0,0,0,0,0,0,0,0,0,0,0,0
krtcap2,865,969,863,697,928,913,749,712,674,669,622,666
krtcap3,20,21,29,12,14,20,22,16,26,10,37,20
krtdap,0,0,0,0,0,0,0,1,0,0,0,0
ksr1,63,54,52,44,76,42,61,49,45,38,109,66
ksr2,35,29,31,21,38,42,38,23,33,19,30,25
kti12,221,279,240,276,351,317,213,231,253,222,187,186
ktn1,531,599,748,559,725,643,631,553,762,594,711,612
kxd1,614,677,730,541,834,671,655,553,675,602,644,591
ky,2,5,3,0,2,0,4,5,5,0,4,14
kynu,4975,5157,5895,4448,3770,5468,3071,4268,3341,4534,3102,4181
l1cam,22,12,19,7,24,15,16,12,18,9,36,17
l1td1,2,2,1,1,1,3,4,1,1,0,4,4
l2hgdh,1011,1643,1739,1438,2031,1705,1539,1465,1687,1775,1567,1345
l3hypdh,410,458,541,390,569,490,521,386,529,519,383,463
l3mbtl1,2,2,0,0,3,0,1,1,0,1,0,1
l3mbtl2,286,358,314,353,360,456,271,257,299,247,224,276
l3mbtl3,186,154,191,168,208,224,166,133,156,91,158,117
l3mbtl4,0,1,2,1,3,1,2,0,5,0,0,1
lacc1,263,234,245,140,363,175,241,208,228,170,196,171
lactb,800,1138,1145,925,1219,1055,926,1011,935,1129,825,1005
lactb2,5441,7095,6849,5025,6614,6520,5390,7551,6037,7532,5251,7164
lactbl1,0,0,0,0,0,0,0,0,0,0,0,0
lad1,62,118,63,75,65,158,36,44,39,43,109,74
lag3,22,27,23,21,26,27,28,36,20,29,23,33
lage3,263,269,329,196,330,267,275,264,301,249,271,190
lair1,397,203,379,173,463,238,339,237,319,205,272,221
lalba,0,0,0,0,0,1,1,0,0,0,0,0
lama1,281,272,264,215,390,193,262,172,245,169,309,257
lama2,327,120,281,125,458,107,335,57,339,79,378,113
lama3,144,414,215,314,161,304,253,191,188,140,243,253
lama4,296,309,385,258,472,261,343,227,352,222,397,273
lama5,115,108,128,137,153,141,154,84,210,74,175,128
lamb1,472,346,450,325,571,293,471,268,462,307,456,389
lamb2,278,209,291,180,380,179,285,190,320,172,300,248
lamb3,82,91,87,85,110,88,84,79,112,99,125,97
lamc1,598,506,757,446,922,493,788,413,805,369,708,530
lamc2,21,14,19,20,18,26,25,14,34,11,61,20
lamc3,57,68,84,82,153,56,140,65,133,66,86,93
lamp1,13960,13128,15551,11742,17569,12926,13681,11575,13769,10669,12535,11525
lamp2,18746,18635,22461,15876,19828,18889,17533,18554,17997,20830,16503,19035
lamp3,0,0,0,0,0,0,0,0,0,0,0,0
lamp5,0,1,0,0,0,0,0,0,0,1,0,0
lamtor1,918,867,992,679,1113,811,813,816,806,725,706,805
lamtor2,713,899,910,682,952,829,656,776,656,724,663,649
lamtor3,279,336,437,298,434,336,324,275,414,254,316,246
lamtor4,997,1055,1249,861,1185,1051,990,894,1039,932,983,904
lamtor5,677,636,825,577,767,729,707,561,638,645,637,635
lancl1,470,640,604,549,603,534,612,481,495,371,543,433
lancl2,225,276,289,201,262,226,215,206,193,215,204,209
lancl3,0,1,2,4,3,2,4,2,2,2,3,2
lap3,7775,9730,9004,6469,8289,9298,6534,7593,6471,7894,6798,7498
laptm4a,3856,3964,4746,3476,4767,4146,3884,3715,3988,3871,3857,3404
laptm4b,399,418,491,364,447,446,429,400,432,445,388,395
laptm5,759,412,778,382,1237,422,771,469,734,299,589,580
larp1,1765,1848,1822,1640,1944,1961,1628,1659,2015,1345,1392,2045
larp1b,1533,1753,1988,1655,1862,2062,1537,1635,1730,1615,1621,1527
larp4,2086,3055,3217,2814,3227,3589,2813,2704,2530,2735,2184,2567
larp4b,2021,2597,2945,2570,3045,2925,2790,2062,2721,2068,2398,1962
larp6,2,0,4,1,9,5,11,7,10,4,9,3
larp7,207,211,269,200,241,272,176,211,180,212,219,209
lars2,318227,501932,140012,148043,185208,143003,24573,58918,41552,26850,30904,17263
las1l,645,717,768,586,769,774,608,620,589,575,589,459
lasp1,1992,1692,1767,1282,1789,1897,1350,1503,1289,1240,1253,1749
lat,11,13,2,5,15,9,10,30,20,13,16,17
lat2,42,22,58,28,95,32,61,55,75,47,45,50
lats1,709,903,960,871,1101,920,885,773,974,747,805,898
lats2,335,434,426,422,546,416,417,387,467,288,442,434
lax1,11,6,13,8,26,18,23,33,18,17,30,28
layn,27,21,51,43,55,45,36,22,43,19,42,31
lbh,318,235,337,230,495,250,323,253,442,177,316,198
lbhd1,100,86,134,63,138,144,90,71,92,96,80,71
lbp,3261,1466,2183,1502,1668,2828,1262,1001,1289,930,1003,999
lbr,442,464,545,357,632,514,411,508,498,435,439,440
lbx1,0,0,0,0,0,0,0,0,0,0,0,1
lbx2,4,2,6,3,6,3,1,5,3,2,1,4
lca5,7,6,12,6,17,10,7,14,16,14,10,12
lca5l,5,8,10,9,11,13,9,6,7,7,7,12
lcat,5015,4979,5017,5044,6257,5164,5044,3998,4828,3655,4396,4152
lce1b,0,0,0,0,0,0,0,0,0,0,0,0
lce1c,0,0,0,0,0,0,0,0,0,0,0,0
lce1d,0,0,0,0,0,0,0,0,0,0,0,0
lce1e,0,0,0,0,0,0,0,0,0,0,0,0
lce1f,0,0,0,0,0,0,0,0,0,0,0,0
lce3a,0,0,0,0,0,0,0,0,0,0,0,0
lce3b,0,0,0,0,0,0,0,0,0,0,0,0
lce3c,0,0,0,0,0,0,0,0,0,0,0,0
lce3d,0,0,0,0,0,0,0,0,0,0,0,0
lce3e,0,0,0,0,0,0,0,0,0,0,0,0
lce6a,0,0,0,0,0,0,0,0,1,0,0,0
lck,30,23,27,17,50,23,35,44,34,23,20,22
lclat1,715,861,901,795,950,896,716,805,798,722,769,777
lcmt1,202,254,286,213,257,257,244,229,327,233,196,270
lcmt2,167,142,187,171,136,168,126,131,139,127,138,137
lcn10,0,0,0,0,0,0,0,0,0,0,0,0
lcn12,8,3,5,1,1,3,1,3,4,1,1,1
lcn2,6535,154,875,155,367,1000,452,112,246,97,325,243
lcn6,0,0,1,0,0,0,2,0,0,0,0,0
lcn8,6,5,12,6,9,7,5,5,9,3,4,6
lcn9,0,0,0,0,0,0,0,0,0,0,0,0
lcor,544,554,654,541,665,593,573,541,637,562,643,548
lcorl,614,641,916,705,914,794,839,618,899,693,980,596
lcp1,3081,2827,3539,2486,4015,2886,3181,2791,3145,2530,2592,2942
lcp2,448,195,368,202,473,208,271,255,322,200,243,228
lct,0,1,2,48,0,0,0,0,1,0,1011,0
lctl,0,1,0,0,5,1,0,1,1,6,0,2
ldah,1019,1228,1299,966,1232,1327,1184,937,1046,1035,945,910
ldb1,402,427,513,471,613,477,501,347,577,281,481,375
ldb2,70,82,108,53,90,85,88,54,81,51,80,58
ldb3,5,1,12,9,9,5,7,6,15,4,55,73
ldha,15975,13060,12570,13468,12204,19554,11405,12612,9568,13429,9892,11618
ldhal6b,3,4,6,2,1,0,1,4,3,5,1,2
ldhb,61,67,111,71,127,71,94,70,111,67,83,193
ldhc,0,0,0,0,0,0,2,0,0,0,0,0
ldhd,3072,3332,3219,3180,3116,3753,2772,2620,2668,2660,2354,3204
ldlr,2444,3760,2650,2428,4270,4118,2846,3524,3465,2627,2384,3321
ldlrad1,0,2,0,0,2,1,1,0,1,1,1,0
ldlrad2,0,0,0,0,0,0,0,0,0,0,0,0
ldlrad3,168,185,207,189,256,221,213,200,226,152,184,180
ldlrad4,94,138,168,150,180,116,167,134,204,117,187,155
ldlrap1,511,595,720,559,773,637,631,543,663,509,547,584
ldoc1,0,0,0,0,0,0,0,0,0,0,0,0
leap2,1533,1420,1349,1057,1145,1428,859,1713,843,2172,922,1867
lect2,1626,2496,2537,1838,3014,2259,1978,2571,2085,3088,2038,2320
lef1,13,6,21,14,15,8,16,9,25,12,18,12
lefty1,11,22,17,25,29,31,35,17,28,12,25,13
lefty2,3,2,1,4,2,5,1,2,5,1,3,1
lekr1,8,6,15,3,11,8,17,7,7,3,14,11
lelp1,0,0,0,0,0,0,0,0,0,0,0,0
lemd1,2,6,0,0,1,3,2,2,7,2,2,0
lemd2,359,356,395,339,485,359,341,318,362,265,312,307
lemd3,324,252,336,262,338,318,261,266,256,290,232,284
lenep,0,0,0,2,0,0,0,0,0,0,0,0
leng1,135,175,187,143,242,214,190,154,178,159,129,125
leng8,408,417,476,381,382,436,519,341,511,288,450,445
leng9,82,93,86,100,103,91,88,69,78,70,93,82
leo1,278,237,285,143,184,224,121,222,114,216,94,226
lep,0,1,1,0,15,3,3,4,2,19,0,7
lepr,196,177,180,163,299,159,195,86,224,85,229,117
leprot,505,384,656,408,658,442,473,350,559,406,501,405
leprotl1,396,301,364,271,375,343,287,301,289,276,243,302
letm1,1064,1242,1343,1012,1264,1285,1016,1046,1018,966,1059,1014
letm2,47,37,73,43,44,44,65,36,57,35,65,46
letmd1,454,529,575,448,650,484,480,394,499,380,495,480
lfng,167,128,171,141,250,130,172,125,206,74,137,140
lgals1,607,478,889,501,1073,551,1011,648,853,1068,622,901
lgals12,1,10,2,3,6,6,9,6,25,11,6,6
lgals2,20,22,23,51,18,19,15,9,31,16,486,11
lgals3,683,211,941,304,1066,369,848,345,956,552,945,639
lgals3bp,1175,1030,1423,1039,1815,1038,1152,990,1091,779,1102,932
lgals4,88,57,66,201,74,75,72,56,122,87,1627,79
lgals7,7,1,7,2,8,4,10,8,11,3,7,6
lgals8,3501,3998,4328,3504,3554,4373,2928,2988,2626,3112,2744,3271
lgals9,7016,6184,7644,4756,6468,6494,4286,6283,4556,5863,4659,6140
lgalsl,546,198,347,143,249,273,218,300,195,261,191,444
lgi1,6,13,4,10,5,15,6,14,6,5,12,8
lgi2,61,20,62,37,97,28,103,17,71,17,99,40
lgi3,6,4,7,4,7,9,9,6,4,3,2,10
lgi4,6,10,7,2,9,5,18,4,10,3,8,7
lgmn,2993,1728,2745,1713,3501,2081,2424,1851,2403,1437,2074,1895
lgr4,1835,2171,2216,1911,2251,2083,1989,1674,2089,1499,1918,1920
lgr5,130,130,164,95,136,165,88,178,128,142,163,220
lgr6,20,10,14,11,20,16,17,18,21,18,14,19
lgsn,0,0,0,0,0,0,0,0,0,0,0,0
lhb,0,1,0,0,1,1,0,0,2,0,0,0
lhcgr,0,0,0,0,0,0,0,0,0,0,0,0
lhfpl1,0,0,0,0,0,0,0,0,0,0,0,0
lhfpl2,480,338,601,286,684,360,561,266,523,342,504,385
lhfpl3,0,0,0,0,1,0,1,0,1,0,1,2
lhfpl4,23,21,23,19,16,27,25,20,17,10,31,20
lhfpl5,0,0,0,0,0,1,0,0,0,0,1,0
lhpp,222,1798,347,1444,558,1644,354,1393,415,1713,379,1268
lhx1,0,0,2,1,2,0,0,0,0,1,0,1
lhx2,34,33,43,26,43,34,35,13,24,31,32,39
lhx3,0,0,0,0,0,0,0,0,0,0,0,0
lhx4,2,6,1,1,1,0,4,4,4,3,2,1
lhx5,1,2,4,6,3,2,2,3,1,1,4,3
lhx6,78,76,74,64,47,91,44,28,49,38,55,53
lhx8,0,0,2,0,1,0,0,0,0,0,0,0
lhx9,4,6,9,3,9,9,8,5,6,6,6,6
lias,569,700,749,602,725,717,609,587,613,633,580,598
lif,7,1,4,2,5,3,5,3,5,3,8,3
lifr,5680,14262,15884,10224,11280,11706,10734,8587,8398,8026,10164,9380
lig1,55,46,56,52,82,50,50,48,71,48,47,52
lig3,575,558,671,553,651,772,591,565,531,484,500,571
lig4,95,130,134,126,159,178,110,117,120,117,108,113
lilra5,274,143,197,114,199,120,167,121,155,123,152,120
lim2,0,0,0,0,0,0,0,0,0,0,0,0
lima1,1587,1504,1892,1421,1891,1902,1590,1140,1775,1295,1783,1344
limch1,46,37,54,25,65,26,47,26,64,22,56,57
limd1,867,1019,1134,902,1390,1088,1071,900,1096,759,939,960
limd2,393,288,383,313,598,280,334,255,369,246,322,351
lime1,76,79,81,77,74,94,87,70,97,79,56,94
limk1,76,45,64,52,100,52,69,38,70,38,68,58
limk2,166,185,199,130,169,151,189,127,207,105,225,150
lims1,785,723,874,546,1067,796,801,619,793,648,788,749
lims2,933,888,995,818,946,811,879,757,858,571,836,749
lin28a,1,0,0,0,2,0,1,0,1,0,0,0
lin28b,0,2,2,0,1,0,0,0,0,1,1,0
lin37,97,85,116,78,96,91,82,92,84,84,73,96
lin52,154,189,188,180,228,212,168,165,190,180,163,136
lin54,236,265,304,277,316,306,260,216,243,263,262,220
lin7a,862,975,1027,736,1120,1105,1007,625,769,766,813,625
lin7b,0,0,2,0,0,0,1,2,1,1,1,0
lin7c,1312,1831,1849,1596,2081,2075,1737,1745,1714,1831,1657,1600
lin9,85,142,152,147,114,138,93,90,141,88,126,97
lingo1,8,5,13,4,16,10,23,7,18,6,17,6
lingo2,2,1,0,0,1,1,0,0,1,0,1,1
lingo3,0,1,0,1,0,0,0,0,1,0,0,2
lingo4,10,25,9,7,25,11,27,11,31,15,30,11
lins1,78,93,95,77,91,122,109,84,107,66,62,77
lipa,4864,3615,5308,3107,6118,3678,3881,4283,4592,4387,4268,4718
lipc,3993,3430,5543,2994,4587,3488,3726,4044,4342,4151,3651,4201
lipe,265,338,330,252,455,381,329,197,330,231,282,249
lipf,0,0,0,0,0,0,0,0,0,0,0,0
lipg,158,321,183,340,565,562,259,385,570,350,329,259
liph,5,4,0,5,7,9,3,9,8,4,67,2
lipi,0,0,0,0,0,0,0,0,0,0,0,0
lipk,0,1,0,0,0,1,0,0,0,0,0,0
lipm,0,0,0,0,0,0,0,0,0,0,0,0
lipn,0,0,2,0,0,0,0,0,1,1,1,0
lipt1,133,152,171,109,180,164,112,136,114,134,89,113
lipt2,66,62,74,64,111,56,71,57,93,53,74,47
litaf,1883,1341,1695,1261,1631,2072,1222,959,1118,959,969,1201
lix1,13,20,19,14,24,14,14,12,28,16,20,12
lix1l,172,114,187,145,205,174,221,110,191,84,188,141
lkaaear1,0,0,0,0,0,0,0,0,0,0,0,0
llgl1,156,137,153,130,206,170,140,109,186,110,142,122
llgl2,374,375,454,318,374,422,390,276,445,276,389,371
llph,423,536,565,495,603,558,530,437,484,450,477,386
lman1,5533,7273,7236,6241,8029,7989,6103,5761,5714,5314,5284,4957
lman1l,0,0,0,0,0,0,0,0,0,0,0,0
lman2,5054,5507,5481,4055,5800,5603,4476,4451,4024,3917,3899,4352
lman2l,151,212,206,132,204,200,182,159,197,129,161,170
lmbr1,159,163,225,178,212,234,218,171,184,151,191,171
lmbr1l,188,215,276,196,184,218,191,183,223,136,236,190
lmbrd1,1654,1867,2100,1723,1926,1871,1688,1860,1903,1833,1701,1820
lmbrd2,957,1202,1192,1107,1235,1203,1123,1143,1243,1151,1001,1603
lmcd1,16,8,17,15,8,13,10,19,14,16,21,32
lmf1,575,726,641,618,690,662,528,583,589,543,493,602
lmf2,209,227,262,197,270,203,215,153,262,142,193,212
lmln,40,51,65,58,82,89,83,58,69,29,56,50
lmna,976,928,913,803,1119,1145,912,716,836,687,755,792
lmnb1,80,91,104,73,115,81,65,88,100,64,88,102
lmnb2,116,205,153,192,214,242,139,139,142,123,124,104
lmntd1,1,0,0,3,0,2,2,2,0,0,2,1
lmntd2,15,17,19,12,15,19,24,21,13,11,14,20
lmo1,0,1,4,0,4,2,2,2,0,0,2,0
lmo2,179,112,187,121,232,128,146,146,172,134,161,154
lmo3,0,0,1,0,2,1,0,0,0,1,2,0
lmo4,185,155,238,203,267,180,229,166,262,164,207,162
lmo7,489,803,605,608,759,745,705,533,771,508,966,525
lmod1,22,13,18,11,24,18,19,25,19,11,44,25
lmod2,0,28,8,16,1,7,8,7,3,3,7,17
lmod3,5,7,3,0,3,3,0,6,0,3,5,24
lmtk2,390,460,461,414,465,476,387,388,505,356,429,453
lmtk3,0,1,0,1,0,1,1,2,2,1,1,1
lmx1a,0,6,2,0,2,0,0,0,0,2,4,0
lmx1b,1,0,0,0,0,0,0,0,0,1,0,0
lnp1,0,0,0,0,0,0,0,0,0,0,0,1
lnpep,1172,976,1364,990,1462,1113,1300,936,1440,996,1238,1275
lnx1,67,25,52,26,65,25,45,22,89,21,96,24
lnx2,386,288,294,241,360,323,245,251,352,217,319,282
lonp1,2516,2770,2877,2467,3341,2805,2499,2286,2730,2166,2385,2273
lonp2,7438,7413,9509,6651,7290,8179,6233,8249,5837,9751,6044,8581
lonrf1,110,229,208,178,228,149,294,108,288,78,222,77
lonrf2,2,6,1,2,4,6,2,5,5,3,7,7
lonrf3,89,122,75,54,119,64,149,51,214,61,113,47
lox,55,12,61,41,81,30,109,14,76,44,25,77
loxhd1,0,0,0,0,0,1,1,0,0,0,0,0
loxl1,139,43,136,73,173,57,206,64,164,50,156,138
loxl2,321,157,332,126,375,168,314,95,289,98,277,156
loxl3,83,76,107,71,128,54,100,57,93,47,86,71
loxl4,52,38,81,38,49,56,34,40,52,41,40,67
lpar1,40,27,30,31,49,25,43,37,39,27,109,43
lpar2,22,17,24,18,34,21,21,20,29,18,23,25
lpar3,1,1,3,3,3,4,1,1,3,0,9,4
lpar4,18,8,13,7,22,11,9,8,16,6,15,13
lpar5,7,5,7,2,5,2,6,0,4,3,3,3
lpar6,691,612,829,377,708,636,605,574,580,513,605,631
lpcat1,116,91,107,55,176,73,107,71,125,66,83,92
lpcat2,194,79,194,94,254,71,133,104,147,65,127,105
lpcat3,1173,1376,1620,1126,1863,1199,1524,1349,1836,1308,1563,1445
lpcat4,16,13,8,10,25,5,19,16,10,13,9,4
lpgat1,4801,5352,5170,4517,6447,6879,5608,3213,4029,3612,4942,3888
lpin1,3615,7009,1868,8365,3739,3091,3250,5034,3570,1725,3264,1778
lpin2,6452,9115,5396,7311,8358,6205,6850,7777,7978,6970,8133,5851
lpin3,125,113,131,127,145,156,101,108,117,76,173,105
lpl,1948,771,2336,973,2915,970,1602,842,1822,982,1258,1396
lpo,0,0,0,0,0,0,0,0,0,0,1,0
lpp,1937,1711,2107,1647,2338,1727,1959,1678,2045,1651,1833,2209
lpxn,134,54,132,49,151,72,127,98,117,80,115,82
lrat,1179,949,1328,752,1620,971,1221,899,1481,967,1223,1054
lrba,1277,1289,1635,1215,1699,1273,1387,1249,1487,1161,1523,1418
lrch1,209,181,282,169,251,196,219,192,280,170,268,203
lrch2,9,0,1,1,6,4,4,2,5,4,7,9
lrch3,354,374,483,342,541,404,384,381,458,294,416,368
lrch4,159,131,181,156,168,117,145,137,119,96,146,111
lrfn1,6,9,2,5,3,3,5,3,9,3,5,3
lrfn2,0,0,1,0,0,0,0,0,0,1,0,0
lrfn3,102,36,55,21,40,61,30,22,28,31,22,82
lrfn4,31,50,35,27,24,52,32,31,25,32,29,28
lrfn5,7,7,7,5,6,8,10,7,3,8,9,12
lrg1,6380,2572,2036,2883,2240,5037,2373,1435,1685,1229,1705,2223
lrguk,0,0,0,0,0,1,0,0,0,0,0,4
lrif1,294,198,335,224,340,321,302,240,308,265,315,317
lrig1,849,733,995,646,784,886,894,779,719,612,634,751
lrig2,292,227,384,228,297,341,326,264,346,228,284,280
lrig3,174,275,291,187,274,266,286,276,309,197,229,223
lrit1,285,401,541,329,388,266,451,338,535,379,393,361
lrit2,57,84,98,72,97,64,107,89,122,112,121,95
lrit3,0,0,0,0,0,0,0,0,0,0,0,0
lrp1,17124,14063,15071,13905,17670,16255,17588,11447,18121,9909,14381,25532
lrp10,725,666,719,684,919,783,679,600,770,446,658,760
lrp11,54,45,56,38,53,43,54,45,31,31,43,45
lrp12,92,130,137,105,149,166,133,110,142,95,126,113
lrp1b,0,1,0,0,0,0,0,0,0,1,1,1
lrp2,96,188,141,177,118,112,205,165,123,142,99,228
lrp2bp,7,10,6,11,15,12,21,8,8,11,10,10
lrp3,214,248,300,204,371,258,295,176,316,156,259,234
lrp4,427,703,681,846,1191,799,968,579,1242,571,1052,540
lrp5,890,1004,928,803,877,939,631,832,752,703,687,1160
lrp6,2141,2527,2845,2313,2986,2570,2690,2172,2777,2035,2511,2457
lrp8,11,6,6,4,5,9,6,6,1,7,5,5
lrpap1,872,998,1221,876,1128,966,920,912,888,830,841,919
lrpprc,2920,4600,4293,3846,4643,4438,3777,3202,3579,3258,3586,2935
lrr1,2,0,4,0,2,1,1,1,0,0,2,2
lrrc1,39,29,24,32,58,39,59,28,60,34,94,37
lrrc10,0,0,0,0,0,0,0,0,0,0,0,0
lrrc10b,2,7,5,4,4,5,9,4,5,4,7,0
lrrc14,227,201,262,222,241,263,248,202,225,180,172,212
lrrc14b,0,0,0,2,0,0,0,0,0,0,0,0
lrrc15,4,14,17,14,7,5,13,21,25,17,13,24
lrrc17,12,16,8,11,18,7,23,17,26,6,19,13
lrrc18,25,4,56,9,24,16,23,7,17,13,20,26
lrrc19,0,8,5,14,7,9,5,5,3,6,144,9
lrrc2,6,7,3,4,6,7,7,4,11,3,7,8
lrrc20,94,87,98,78,98,124,94,80,92,65,81,88
lrrc23,2,2,0,0,0,0,1,0,0,0,0,0
lrrc24,314,394,438,306,393,322,335,272,300,229,308,302
lrrc25,129,59,120,67,170,75,88,71,106,48,58,79
lrrc26,1,1,1,2,1,1,0,0,2,2,5,2
lrrc27,16,7,25,4,8,9,12,11,9,8,10,9
lrrc28,345,644,504,409,666,609,510,540,570,497,469,388
lrrc3,1247,1977,1564,1483,1568,1616,1400,1408,1423,1215,1124,1542
lrrc30,0,0,0,0,0,0,0,0,0,0,0,4
lrrc31,2,3,1,6,4,10,3,3,3,5,18,1
lrrc32,260,200,202,141,289,174,232,134,212,110,196,179
lrrc34,2,3,3,1,5,5,1,0,2,0,6,2
lrrc36,0,0,1,0,3,0,1,0,2,1,2,0
lrrc37a,1,0,0,0,0,0,0,0,0,0,0,0
lrrc38,0,0,1,0,0,0,0,0,0,0,0,0
lrrc39,32,34,37,21,30,35,45,28,25,27,29,54
lrrc3b,1,1,0,0,2,0,1,0,1,1,1,1
lrrc3c,0,0,0,0,0,0,0,0,0,0,0,0
lrrc4,12,6,13,22,21,17,17,23,23,7,13,20
lrrc40,419,402,558,385,538,440,402,467,457,433,521,392
lrrc41,611,597,656,548,633,659,530,524,503,467,435,571
lrrc42,240,246,295,296,275,390,275,235,274,223,254,323
lrrc43,0,0,0,0,0,0,0,0,0,0,0,0
lrrc45,134,139,146,132,177,139,155,144,184,107,137,129
lrrc46,9,16,14,8,16,12,9,17,9,7,19,17
lrrc47,356,423,429,349,491,475,367,354,393,300,376,282
lrrc49,39,14,24,14,38,13,20,17,25,22,33,21
lrrc4b,0,1,1,1,1,4,0,1,0,0,0,3
lrrc4c,38,28,38,32,48,35,29,32,31,44,38,49
lrrc52,0,0,0,0,0,0,0,0,0,0,0,1
lrrc55,1,0,3,0,5,0,3,0,3,1,2,2
lrrc56,84,74,78,54,109,77,85,52,67,45,70,84
lrrc57,181,215,238,160,210,224,193,174,196,210,194,176
lrrc58,2470,3087,2827,2976,3601,3070,3045,2677,3121,2754,2595,2948
lrrc59,1643,1663,1373,1320,1465,2178,1036,1132,957,1075,1053,1052
lrrc61,86,104,84,58,85,71,63,68,69,49,78,66
lrrc63,0,1,1,1,0,2,5,2,1,0,2,1
lrrc66,1,1,3,4,2,4,2,1,7,2,35,1
lrrc69,0,2,3,1,1,1,2,0,4,1,3,1
lrrc7,6,16,11,16,9,13,18,10,37,17,12,8
lrrc71,4,7,6,5,8,6,6,3,15,2,10,5
lrrc72,0,0,0,0,0,0,0,0,0,0,0,0
lrrc73,0,1,1,1,0,2,2,1,2,0,1,0
lrrc74a,0,0,1,0,0,0,0,0,0,0,0,1
lrrc74b,11,16,11,16,8,11,17,13,22,11,11,15
lrrc75a,35,29,28,27,39,26,33,16,39,17,39,26
lrrc75b,3,14,8,17,12,13,12,10,43,8,9,12
lrrc8a,653,694,661,705,881,786,645,509,628,458,581,513
lrrc8b,54,28,75,50,83,48,61,34,65,35,152,56
lrrc8c,186,110,145,127,220,74,153,98,161,91,121,112
lrrc8d,643,555,720,431,624,616,516,495,597,491,623,652
lrrc8e,20,15,25,13,12,24,16,16,30,11,18,17
lrrcc1,191,115,237,86,197,124,188,89,158,91,187,120
lrrd1,7,2,4,3,6,2,4,6,3,2,1,5
lrrfip1,1159,1069,1257,989,1253,1245,968,939,1009,839,944,834
lrrfip2,579,750,751,665,684,753,641,618,662,579,660,582
lrriq1,1,0,0,0,0,0,0,0,0,0,1,0
lrriq3,60,63,72,37,83,65,66,49,61,50,57,53
lrriq4,0,0,0,1,0,0,0,0,0,0,0,0
lrrk1,384,406,436,368,558,338,413,353,436,266,388,410
lrrk2,244,157,332,168,356,167,317,181,268,181,258,218
lrrn1,2,11,2,13,2,11,6,10,46,0,1,7
lrrn2,1,1,3,3,4,1,4,0,4,1,2,10
lrrn3,90,117,91,108,148,101,108,79,122,98,126,103
lrrn4,60,71,92,116,194,70,193,73,156,81,113,173
lrrn4cl,29,34,47,39,63,50,63,58,93,30,67,57
lrrtm1,2,1,0,0,0,0,1,0,1,0,0,0
lrrtm2,22,30,34,30,25,24,26,25,36,14,48,25
lrrtm3,4,10,4,4,3,5,7,5,6,3,10,5
lrrtm4,2,5,5,5,5,2,5,2,7,2,1,5
lrsam1,218,194,244,162,244,274,197,173,197,149,197,199
lrtm1,213,276,219,148,208,171,99,485,74,423,53,689
lrtm2,40,1,26,2,25,3,4,4,17,3,17,1
lrwd1,210,212,243,205,225,240,182,167,194,145,160,177
lsamp,10,13,13,6,19,14,17,15,15,8,21,12
lsg1,410,423,529,461,545,607,441,424,365,403,396,398
lsm1,276,286,343,241,325,322,278,260,251,252,270,220
lsm10,219,229,255,184,270,245,260,198,233,241,211,224
lsm11,83,64,95,65,87,98,85,63,98,58,81,86
lsm12,489,487,484,415,467,502,419,441,434,465,359,415
lsm14a,487,479,589,430,636,575,533,434,651,468,478,595
lsm14b,427,454,539,439,623,517,445,393,498,344,489,344
lsm2,101,104,137,107,150,140,88,119,133,92,111,115
lsm3,125,152,164,114,160,138,119,118,108,117,165,140
lsm4,294,289,323,235,387,298,255,245,254,249,282,259
lsm5,132,120,160,106,156,137,118,126,101,140,127,131
lsm6,783,810,774,659,750,950,809,718,757,655,677,571
lsm7,137,255,272,121,136,90,104,135,134,119,167,152
lsm8,196,180,220,203,238,210,190,201,194,197,196,204
lsmem1,0,1,1,1,0,0,1,2,1,0,1,3
lsp1,221,75,224,90,282,111,182,129,192,106,165,123
lsr,3073,2974,2835,1939,3046,2819,2266,1872,2249,1435,2072,1812
lss,1476,2418,1204,965,1972,2046,1206,1858,1310,1517,965,1801
lst1,111,54,107,57,152,59,55,46,80,58,68,47
lta,1,0,0,0,1,1,0,6,0,0,1,1
lta4h,713,739,800,612,833,764,653,577,573,521,642,581
ltb,29,10,29,11,60,23,26,51,33,29,24,35
ltb4r2,10,17,21,5,16,16,13,17,5,11,13,11
ltbp1,268,154,248,141,302,155,266,175,298,132,299,216
ltbp2,167,35,181,21,234,48,183,45,220,66,219,141
ltbp3,54,51,76,58,109,43,117,28,174,38,97,104
ltbp4,600,616,471,405,736,480,576,352,575,325,615,695
ltbr,1372,1379,1344,1427,1969,1692,1455,1116,1482,935,1244,1130
ltc4s,10,19,29,14,29,16,38,10,24,20,24,26
ltf,294,2,9,19,5,4,15,1,25,0,26,8
ltk,0,2,2,2,0,5,2,5,2,0,0,1
ltn1,1258,1606,1794,1515,1892,1734,1519,1424,1623,1485,1488,1519
ltv1,343,345,395,333,358,444,278,308,274,305,252,277
luc7l,584,674,590,601,721,774,601,663,649,639,573,516
luc7l2,1905,2128,2370,1977,2119,2448,2208,1993,2572,1977,2477,2160
luc7l3,1037,1162,1284,992,1145,1135,1048,1083,1114,1185,1067,824
lum,1566,298,1162,338,1787,368,1530,464,1514,453,1550,550
lurap1,22,21,22,21,27,21,29,23,21,19,25,26
lurap1l,1217,1407,1377,1426,993,1133,1225,1209,1090,1071,1151,1027
luzp1,582,584,693,480,789,563,575,538,625,463,719,555
luzp2,2,0,2,0,0,0,2,1,2,1,4,0
luzp4,0,0,0,0,0,0,0,0,0,0,0,0
lvrn,9,4,13,15,10,20,15,9,26,8,12,18
lxn,45,17,43,22,56,35,30,29,58,17,45,32
ly6d,228,14,54,16,64,57,38,30,84,23,69,36
ly6e,6349,3347,6226,2568,6634,2891,3587,3533,4539,2169,3424,3380
ly6g5b,1,1,1,4,2,4,5,2,1,1,3,3
ly6g5c,0,0,0,0,0,0,0,0,0,0,0,0
ly6g6c,6,12,7,5,4,10,10,7,5,14,7,4
ly6g6d,3,3,4,0,1,2,2,2,1,2,6,2
ly6g6f,2,0,2,1,1,0,0,3,2,0,3,0
ly6h,8,10,14,14,15,19,24,10,20,6,13,14
ly6k,0,1,0,0,2,0,0,1,1,1,1,4
ly75,169,107,180,121,204,160,167,95,170,93,268,101
ly86,382,166,301,174,368,144,222,205,251,170,216,173
ly9,171,74,200,84,247,88,177,117,202,87,125,135
ly96,53,58,69,55,67,72,61,58,70,58,55,45
lyar,180,218,205,176,240,212,174,186,175,189,174,156
lyg1,0,0,0,0,0,0,0,0,0,0,0,0
lyg2,0,0,1,0,0,0,0,0,0,0,0,0
lyl1,40,16,42,22,45,23,41,25,45,19,35,24
lyn,1229,1009,1211,873,1521,967,1049,843,1042,769,948,856
lynx1,56,49,62,42,55,46,54,25,54,31,58,75
lypd1,7,8,9,17,4,11,17,9,13,7,17,7
lypd2,1,0,0,0,0,1,0,0,0,0,0,0
lypd3,0,1,0,0,0,0,0,0,0,0,0,0
lypd4,0,0,1,0,0,0,0,0,0,1,1,0
lypd5,4,4,3,1,3,5,6,2,6,3,3,2
lypd6,14,6,15,6,20,10,19,9,16,9,22,11
lypd6b,1,1,2,1,3,2,1,2,2,0,3,0
lypd8,0,0,0,43,0,0,0,0,0,0,876,0
lypla1,3718,4040,4075,3353,4861,4238,3695,3476,3633,3711,4012,3615
lypla2,475,491,542,423,511,441,450,430,438,376,330,468
lyplal1,311,330,406,243,419,269,277,223,281,315,261,297
lyrm1,148,142,166,115,139,132,141,134,166,126,159,134
lyrm2,207,241,284,194,269,237,209,161,193,198,193,177
lyrm4,159,201,215,215,208,201,180,184,213,196,198,166
lyrm7,39,60,37,30,43,45,27,28,40,34,42,38
lyrm9,154,206,194,147,179,198,161,172,197,167,157,161
lysmd1,258,219,306,240,244,249,228,192,261,202,203,189
lysmd2,19,5,14,8,12,12,14,5,13,7,16,13
lysmd3,936,781,907,901,1048,1229,805,967,900,1086,918,785
lysmd4,253,234,269,204,273,255,229,223,241,199,187,197
lyst,1437,1505,2049,1525,2233,1597,2221,1592,2040,1451,1502,1839
lyve1,506,233,550,336,539,307,509,161,436,119,498,201
lyzl1,0,0,0,0,0,0,0,0,0,0,0,0
lyzl4,3,4,2,1,4,5,5,2,7,3,1,4
lyzl6,1,1,0,1,0,1,0,0,1,3,1,0
lzic,111,100,141,120,142,124,101,111,94,98,124,94
lztfl1,452,514,600,478,520,556,515,385,432,450,489,429
lztr1,700,763,825,710,937,798,763,619,837,621,714,653
lzts1,18,17,23,10,12,25,16,13,26,9,12,12
lzts2,141,129,132,102,186,152,166,126,177,107,136,152
lzts3,404,442,621,460,570,426,490,401,619,339,423,432
m1ap,10,3,5,6,16,4,5,6,13,6,4,3
m6pr,2766,2743,3116,2219,3532,2946,2543,2558,2660,2487,2412,2402
mab21l1,1,0,0,1,0,1,2,0,2,1,2,0
mab21l2,10,10,5,5,5,12,5,5,3,5,9,8
mab21l3,1,2,5,2,2,6,1,2,4,4,1,8
macc1,6,0,1,9,2,1,1,2,5,1,6,1
macf1,5503,5137,6314,5019,7270,5634,6045,5024,6087,4897,5467,5843
macrod1,208,304,306,248,382,260,307,266,340,280,282,325
macrod2,63,74,85,72,79,86,56,60,56,64,69,34
mad1l1,169,201,216,220,226,279,185,241,178,172,155,162
mad2l1,153,107,161,100,165,129,133,115,156,116,164,122
mad2l1bp,83,114,164,137,111,108,123,79,88,89,81,92
mad2l2,262,145,223,130,147,183,107,177,136,161,132,257
madcam1,0,1,0,1,1,0,0,0,0,0,0,0
madd,451,562,733,507,569,539,520,446,574,492,482,498
maea,698,625,865,594,937,653,674,612,697,541,645,653
mael,0,0,0,0,0,0,0,0,0,0,0,0
maf,1357,839,1051,819,1414,832,1118,684,1177,691,1311,822
maf1,445,426,563,387,594,387,469,332,493,297,463,375
mafa,0,0,1,0,0,0,0,0,2,1,0,0
mafb,840,921,932,904,1006,817,837,712,1203,583,1312,718
maff,60,97,69,47,103,83,76,85,85,110,115,72
mafg,1221,1250,1103,1024,1786,1242,1172,1040,1418,932,1153,1101
mafk,335,317,385,232,300,373,211,196,279,184,307,238
mag,21,10,15,9,18,14,16,20,9,12,11,15
magea1,0,0,0,0,0,0,1,0,0,0,0,0
magea10,0,0,0,0,0,0,0,0,0,0,0,0
magea2,0,0,0,0,0,0,0,0,0,0,0,0
magea3,0,0,0,0,0,0,0,0,0,0,0,0
magea4,0,0,0,0,0,0,0,0,0,0,0,0
magea6,0,0,0,0,0,0,0,0,0,0,0,0
magea8,0,0,0,0,0,0,0,0,0,0,0,0
mageb1,0,0,0,0,0,0,0,0,0,0,0,0
mageb16,0,0,0,0,0,0,0,0,0,0,0,0
mageb18,0,0,0,0,0,0,0,0,0,0,0,0
mageb2,0,0,0,0,0,0,0,0,0,0,0,0
mageb3,0,1,0,0,1,1,0,0,1,0,1,0
mageb4,0,0,0,0,0,0,0,0,0,0,0,0
mageb5,0,0,0,0,0,0,0,0,0,0,0,0
maged1,2310,2730,2543,1858,2270,2467,1987,2054,2036,1829,1736,2059
maged2,231,142,264,131,314,163,256,132,232,136,236,158
magee1,85,68,76,48,98,61,59,63,59,42,42,71
magee2,0,0,1,0,0,0,0,1,0,0,0,1
mageh1,85,83,83,64,85,90,77,63,65,52,85,51
magel2,0,0,2,1,0,2,0,1,2,1,0,0
magi1,540,701,490,557,635,645,468,549,597,540,554,672
magi2,8,5,11,9,17,3,8,7,7,6,11,11
magi3,1108,975,1312,979,1332,1136,1070,1006,1150,907,1134,1083
magix,261,253,359,214,290,235,220,260,256,240,243,259
magoh,453,454,504,430,467,466,409,438,441,485,436,435
magohb,51,44,62,30,50,54,48,37,41,43,52,39
magt1,2823,3094,2837,2206,2893,3681,2417,2384,2077,2357,2107,2014
mak,3,2,2,2,4,0,3,3,2,1,3,0
mak16,311,391,427,400,398,432,323,352,388,363,285,305
mal,20,19,18,15,21,33,21,13,30,18,23,14
mal2,1067,1286,1287,936,1032,1335,954,1160,641,1277,887,1069
mall,2,2,0,1,0,1,1,1,4,2,60,1
malsu1,405,415,497,337,466,391,355,328,414,384,414,383
malt1,265,223,393,199,338,290,298,262,331,252,294,272
mamdc2,104,67,121,79,171,64,137,60,135,68,146,91
mamdc4,31,49,58,26,34,63,67,46,60,38,61,41
maml1,231,250,284,252,294,257,265,224,332,205,270,287
maml2,74,58,90,58,121,53,107,52,79,39,73,94
maml3,94,131,89,116,102,128,109,86,108,63,103,88
mamld1,15,19,25,9,18,16,16,12,15,11,22,21
mamstr,8,8,8,4,6,10,7,2,4,5,4,6
man1a2,1291,1247,1500,1182,1588,1403,1316,1074,1336,1060,1253,1147
man1b1,839,795,1032,743,1162,941,864,793,902,702,845,730
man1c1,140,72,145,86,156,84,148,69,160,48,138,104
man2a1,6839,7941,7802,7299,10383,8813,8550,6145,8792,5251,7573,5539
man2a2,794,677,919,696,986,786,848,613,900,454,716,664
man2b1,2751,2472,3142,2273,4024,2462,2756,2017,2984,1768,2588,2260
man2b2,853,603,994,580,1205,635,900,671,929,485,930,855
man2c1,479,533,605,487,690,556,531,522,663,410,602,558
manba,521,576,577,630,602,744,584,495,531,465,524,511
manbal,130,94,143,117,149,133,111,102,103,73,108,102
manea,666,626,797,672,880,763,713,536,742,527,768,579
maneal,2,5,10,8,4,9,8,3,7,3,7,5
manf,2705,1884,1763,1440,1879,2883,1229,1445,925,1348,977,1011
mansc1,23,27,25,13,37,20,26,19,36,8,32,28
mansc4,9,16,13,6,7,5,8,15,6,4,5,10
maoa,320,362,395,348,440,396,473,462,455,494,1431,352
maob,3193,4001,3818,2892,4523,3846,3211,3328,3516,4121,3460,3070
map10,19,21,24,10,36,29,20,7,22,2,33,13
map1a,20,11,17,26,29,22,35,8,37,5,28,37
map1b,35,42,42,35,67,45,66,36,69,28,67,56
map1lc3a,444,528,443,496,524,512,437,466,433,446,338,431
map1lc3b,2690,2860,2896,2775,3148,3122,2451,1899,2665,1919,2448,2101
map1s,90,68,64,53,88,76,80,51,64,45,57,75
map2,20,51,28,58,47,51,45,26,88,25,36,49
map2k1,965,1178,1096,970,1290,1233,967,1036,942,949,968,962
map2k2,1151,1427,1390,1415,1530,1466,1246,1161,1322,1039,1156,1215
map2k3,617,1175,869,940,1427,1069,1080,723,1090,555,1073,818
map2k4,899,918,988,985,1047,1150,919,946,886,921,847,879
map2k5,294,301,305,296,311,308,269,299,344,268,314,301
map2k6,137,267,167,191,329,141,265,137,359,85,308,100
map2k7,473,510,521,415,564,541,481,426,459,366,442,464
map3k1,756,463,678,360,698,595,664,500,684,420,613,640
map3k10,202,184,213,181,198,196,152,187,206,131,146,151
map3k11,503,499,541,514,667,556,526,455,607,475,446,551
map3k12,66,61,56,58,69,51,78,55,87,39,76,82
map3k13,200,265,198,61,206,143,109,161,162,171,179,240
map3k15,24,25,18,25,18,33,30,41,23,30,18,42
map3k19,6,0,1,2,4,2,3,0,5,1,2,1
map3k2,1379,1294,1714,1194,1879,1509,1456,1377,1824,1385,1683,1408
map3k3,481,393,533,395,611,486,455,370,485,334,438,369
map3k4,499,517,627,426,613,540,517,474,523,383,471,498
map3k5,613,890,799,868,698,858,840,686,850,649,805,704
map3k6,28,52,26,60,53,73,53,20,51,18,38,18
map3k7,971,1038,1205,1052,1242,1260,1051,1093,1100,1087,1036,1071
map3k7cl,2,1,2,1,0,0,0,0,4,0,3,2
map3k8,171,121,167,111,233,110,161,103,157,104,144,116
map3k9,19,8,10,15,14,10,11,9,23,5,23,8
map4,704,678,771,612,972,723,756,644,843,501,787,813
map4k1,20,11,42,9,40,17,31,33,32,17,29,27
map4k2,240,250,245,197,321,206,263,201,291,170,260,243
map4k3,856,677,882,648,955,742,818,687,855,623,823,772
map4k4,588,254,617,284,602,311,484,281,461,289,502,379
map4k5,670,781,854,756,767,916,755,698,691,698,712,604
map6,23,25,20,22,22,24,26,22,38,15,28,16
map6d1,2,5,2,6,0,5,5,4,3,5,3,2
map7,368,428,420,398,387,511,363,427,313,381,381,382
map7d1,430,406,351,305,418,496,377,246,300,183,282,383
map7d2,164,267,75,96,88,49,12,29,20,9,19,44
map9,16,18,22,10,22,24,15,17,17,9,14,16
mapk1,2040,2117,2455,1712,2419,2113,2002,1862,1977,1876,1973,1799
mapk10,3,6,6,3,6,1,2,0,2,2,4,5
mapk11,30,19,33,17,37,22,26,29,32,15,20,31
mapk12,50,61,69,59,103,63,63,54,92,55,61,76
mapk13,10,5,6,10,7,11,16,2,11,4,104,11
mapk14,1489,1803,1706,1610,2155,1747,1681,1262,1622,1120,1491,1247
mapk15,76,55,70,69,33,79,44,152,50,122,19,154
mapk1ip1l,1141,1407,1268,1281,1596,1513,1187,1125,1149,1054,1185,1331
mapk3,299,215,329,219,418,256,326,214,381,195,350,314
mapk4,3,26,12,23,17,23,13,32,20,20,12,25
mapk6,650,811,953,673,1021,945,746,786,883,777,822,782
mapk7,52,29,36,23,58,43,48,31,52,26,45,38
mapk8,598,660,815,607,741,784,738,696,699,719,755,631
mapk8ip1,38,39,36,41,56,32,45,29,55,28,55,35
mapk8ip2,1,1,0,1,0,0,0,0,0,1,2,2
mapk8ip3,351,402,404,309,368,478,387,348,441,243,374,339
mapk9,1119,1072,1342,910,1365,1122,1108,1065,1132,1050,1011,1172
mapkap1,935,1001,1115,931,1061,1078,875,868,881,866,816,884
mapkapk2,1445,1104,1328,990,1401,1328,953,1025,1061,963,955,1200
mapkapk3,130,113,169,146,186,141,203,101,174,90,148,131
mapkapk5,521,562,596,450,605,565,434,456,499,507,501,437
mapkbp1,99,111,131,108,136,153,123,95,110,94,130,104
mapre1,695,594,788,584,891,826,649,636,682,660,667,693
mapre2,269,267,303,234,432,227,400,215,446,159,349,209
mapre3,151,143,140,159,165,195,144,149,155,140,132,178
mapt,33,70,54,43,62,60,56,49,51,61,36,54
marcks,1046,542,919,516,1125,525,834,596,754,574,736,696
marcksl1,312,279,341,208,497,258,363,246,368,218,302,196
marco,4480,271,6228,1497,6807,679,1212,1344,1391,275,572,264
marf1,1679,1813,1708,1483,2077,1821,1843,1467,1882,1389,1762,1622
mark1,51,25,43,24,69,31,50,28,46,17,47,34
mark2,211,164,188,160,228,214,211,179,233,137,241,226
mark3,873,922,999,897,1100,965,825,827,837,788,795,815
mark4,138,142,141,154,173,163,145,99,169,75,152,139
mars2,109,107,151,143,176,160,145,99,140,104,149,117
marveld1,320,721,507,580,977,566,767,388,905,277,712,376
marveld2,187,218,274,197,231,267,221,191,292,201,267,191
marveld3,51,30,17,34,18,38,44,14,37,14,48,18
mas1,0,0,1,0,2,0,2,7,1,3,1,3
masp1,1605,1604,1733,1525,2049,1727,1558,1525,1769,1213,1423,1854
masp2,3398,5111,4973,3944,4451,4483,3914,3877,3794,3586,3450,3814
mast1,19,26,21,20,26,28,32,26,33,20,16,16
mast2,235,250,284,222,300,278,266,204,239,144,251,262
mast3,289,483,327,278,439,356,392,395,526,212,384,306
mast4,174,137,150,118,173,152,191,107,196,105,192,212
mastl,60,46,70,60,63,56,62,42,85,61,78,72
mat1a,65718,71405,62105,60382,88921,89937,63923,53984,59461,63996,57358,49121
mat2a,1462,1637,1814,1400,1783,1627,1459,1380,1547,1602,1482,1413
mat2b,959,996,1190,951,1283,904,1045,921,1218,982,1077,981
matk,40,11,42,9,42,18,45,17,33,21,28,26
matn1,0,0,0,0,0,0,0,0,0,0,0,0
matn2,113,52,100,50,121,63,116,62,118,47,116,72
matn3,0,0,0,0,0,0,0,0,0,0,0,0
matn4,1,12,6,9,3,14,7,3,15,2,8,9
matr3,2874,2766,3310,2451,3239,3144,2951,2761,2949,2738,2953,2538
mau2,697,752,893,674,939,837,775,689,866,647,774,696
mavs,1293,1873,1653,1479,1839,1714,1532,1484,1512,1227,1081,1220
max,272,250,287,267,386,328,297,292,313,239,352,193
maz,528,539,548,425,730,509,563,473,640,358,481,500
mb,5,4,98,0,0,16,1,0,2,0,0,777
mb21d2,498,399,624,367,532,566,497,317,352,349,339,366
mbd1,515,916,676,772,660,726,604,912,635,573,559,561
mbd2,679,722,864,607,847,731,722,675,750,648,692,693
mbd3,283,303,315,286,379,382,272,286,339,224,245,352
mbd3l1,0,0,0,0,0,1,0,0,0,0,0,0
mbd3l2,0,0,0,0,0,0,0,0,0,0,0,0
mbd4,72,49,76,36,68,62,49,49,69,47,61,31
mbd5,232,294,340,266,299,285,307,250,293,230,303,320
mbd6,65,75,68,53,68,80,80,61,86,57,73,118
mbip,108,89,122,66,78,111,112,88,93,65,103,110
mbl2,7873,7391,9147,6388,10449,8311,8595,8255,8354,11291,8922,6818
mblac1,25,17,34,27,40,21,15,19,33,21,24,23
mblac2,176,229,247,137,305,232,227,276,223,236,200,261
mbnl1,3489,3962,4830,3361,5121,4024,4193,3625,3908,3733,3799,3927
mbnl2,1209,1414,1307,1300,1654,1493,1410,1070,1311,1037,1278,1093
mbnl3,99,87,103,64,99,90,105,66,136,68,89,77
mboat1,23,5,20,12,16,13,13,16,24,8,22,18
mboat2,7,1,11,3,9,6,11,2,8,7,12,9
mboat4,6,7,5,5,4,3,4,5,8,1,7,8
mboat7,399,393,414,349,511,416,414,381,458,319,422,353
mbp,94,33,72,51,112,59,89,62,126,54,115,81
mbtd1,415,469,692,487,513,497,583,466,698,528,640,598
mbtps1,1052,1161,1271,1071,1475,1316,1172,1095,1240,991,1072,1227
mbtps2,272,279,300,228,339,318,325,234,302,250,294,312
mc1r,5,10,21,8,7,10,10,14,13,7,3,5
mc2r,0,0,0,0,4,0,0,0,0,1,0,0
mc3r,6,12,8,8,23,19,17,7,30,22,21,7
mc4r,0,0,0,0,0,0,1,0,0,0,0,0
mc5r,0,0,0,0,2,1,0,0,0,0,0,0
mcam,226,129,194,121,326,165,189,100,192,115,188,128
mcat,468,461,566,439,583,557,464,492,430,426,392,476
mcc,770,1019,821,699,771,915,633,878,919,900,760,1161
mccc1,861,893,1134,797,971,947,921,815,1082,884,936,1056
mccc2,1424,1571,1714,1243,1718,1572,1290,1265,1416,1359,1374,1305
mcee,871,997,1183,803,1295,937,938,917,1004,1060,929,892
mcemp1,58,10,26,5,37,9,26,17,26,5,13,11
mcf2,0,2,2,5,1,2,1,2,2,3,2,6
mcf2l,42,30,31,47,25,32,30,24,75,15,54,33
mcfd2,4551,5959,4502,4079,4956,5597,3763,4501,3630,4305,3240,3827
mchr1,1,0,2,1,0,2,0,0,0,0,2,5
mcidas,1,2,6,3,0,5,2,5,4,3,9,2
mcl1,3611,3135,4201,2676,4317,3321,3753,2599,3421,2625,3277,2893
mcm10,1055,2717,2650,2834,1730,2345,2829,2559,1794,2045,1886,2158
mcm2,62,150,98,104,126,114,92,79,67,80,89,85
mcm3,152,135,205,125,239,122,140,123,135,105,136,114
mcm3ap,482,495,527,472,585,658,484,501,503,370,425,510
mcm4,125,158,165,152,180,182,122,133,132,117,129,117
mcm5,59,95,129,75,107,84,66,99,66,63,67,63
mcm6,193,201,257,160,306,191,206,186,222,117,289,174
mcm7,274,311,361,290,272,355,268,292,225,288,248,278
mcm8,54,68,61,52,75,64,48,59,53,82,45,76
mcm9,95,102,148,104,146,141,109,93,122,108,133,143
mcmbp,716,707,783,673,877,733,733,642,730,606,702,626
mcmdc2,80,78,62,55,62,79,84,62,84,59,89,64
mcoln1,467,569,575,478,636,576,602,481,614,414,607,466
mcoln2,19,8,42,6,32,13,53,23,37,22,43,26
mcoln3,1,0,0,0,2,0,1,1,0,2,0,1
mcph1,125,108,143,129,122,130,123,90,164,102,140,129
mcrs1,180,178,262,155,258,227,199,155,211,131,218,173
mctp1,52,22,55,18,71,15,63,21,70,31,51,34
mctp2,566,736,792,635,844,832,763,677,693,700,640,674
mcts1,662,618,731,523,712,636,654,620,605,658,619,594
mcts2,82,170,136,114,124,162,121,137,97,153,87,108
mcu,355,268,410,211,304,259,218,298,264,335,373,404
mcur1,633,787,845,638,859,752,702,603,613,616,638,660
mdc1,179,191,224,174,274,250,224,146,189,131,168,196
mdfi,17,12,19,12,29,14,23,15,20,4,22,12
mdfic,565,414,638,397,603,502,481,489,532,494,480,558
mdga1,4,10,12,5,3,9,8,6,9,1,11,9
mdga2,31,37,37,29,42,52,49,52,45,41,38,40
mdh1,17660,21862,22897,17089,21255,20128,17151,19593,18861,21144,18600,19145
mdh1b,0,0,1,0,0,0,0,0,0,0,0,0
mdh2,1906,2719,2486,2341,2883,2607,2221,2022,2420,1849,2866,2095
mdk,15,4,22,10,35,7,27,7,23,7,26,14
mdm2,506,551,610,574,639,721,545,589,597,637,561,472
mdm4,963,1103,1233,972,1180,1211,1154,976,1345,935,1191,1048
mdn1,666,742,790,733,905,1074,742,717,606,560,587,646
mdp1,263,294,385,262,336,341,267,262,274,252,245,249
me1,1415,2007,1782,1532,2233,2613,1437,3722,1793,3688,1367,3142
me2,172,166,220,145,284,167,148,109,165,91,384,105
me3,347,458,402,365,486,397,428,338,434,245,349,299
mea1,690,692,800,592,798,661,658,597,631,607,620,573
meaf6,151,155,166,139,178,177,153,115,134,148,165,141
mecom,74,76,78,45,100,74,75,56,109,45,117,55
mecp2,362,407,463,413,548,438,555,365,657,320,477,433
mecr,475,514,656,398,609,555,547,356,498,334,500,393
med1,689,862,904,670,1014,859,815,645,926,629,802,655
med10,204,177,216,161,233,200,145,163,189,162,196,156
med11,148,171,170,146,211,166,156,152,173,155,149,166
med12,389,374,561,337,459,421,437,396,441,341,413,455
med12l,89,88,36,53,57,98,46,54,54,45,54,32
med13,1427,1368,1642,1352,1666,1467,1415,1414,1522,1369,1505,1582
med13l,390,425,538,349,506,425,501,399,496,328,438,506
med14,444,469,557,497,650,514,535,484,581,437,532,480
med15,222,237,287,238,297,277,229,244,300,186,272,286
med16,278,237,311,235,321,271,260,222,293,203,277,290
med17,335,380,414,346,400,455,344,369,353,335,364,342
med18,82,70,82,49,63,64,69,52,90,52,62,40
med19,249,248,264,195,265,278,196,210,188,208,180,198
med20,418,422,523,459,578,490,429,469,512,419,424,389
med21,470,326,436,317,484,396,379,360,350,412,327,359
med22,510,584,703,646,866,833,583,453,598,433,472,445
med23,424,454,488,360,445,437,443,369,470,356,406,405
med24,232,275,258,226,256,310,221,231,198,198,191,285
med25,325,334,305,327,385,375,312,275,346,241,303,311
med26,55,63,91,90,91,77,76,67,98,51,67,75
med27,83,113,104,103,114,123,86,82,94,62,91,103
med28,537,490,592,415,554,561,435,449,479,439,473,468
med29,274,282,305,239,333,313,240,228,213,235,205,223
med30,142,124,129,131,170,138,144,151,148,147,148,153
med31,88,87,106,72,110,97,104,87,92,79,90,83
med4,163,213,257,185,179,212,187,187,216,208,184,149
med6,241,266,305,228,286,256,260,265,259,256,264,259
med7,263,259,297,265,318,318,256,290,262,288,233,235
med8,658,640,759,587,725,738,610,588,568,532,490,564
med9,127,131,157,121,157,161,110,95,125,119,128,85
medag,56,77,63,57,78,76,97,46,80,50,90,74
mef2a,1109,1058,1274,971,1492,1088,1250,938,1309,847,1284,1093
mef2c,224,139,243,174,341,120,251,193,241,135,276,247
mef2d,218,253,251,225,288,228,276,238,353,218,324,327
mefv,115,30,73,55,84,33,38,48,38,23,16,24
megf10,1,0,0,2,0,0,2,0,0,1,3,0
megf11,33,44,49,37,39,31,44,31,45,32,65,39
megf6,56,36,32,28,59,31,52,35,56,24,53,53
megf8,309,228,252,211,272,227,292,178,283,133,244,231
megf9,857,790,827,821,794,728,743,677,773,565,605,731
mei1,0,0,0,0,0,0,0,0,0,0,1,0
mei4,4,8,12,6,4,7,4,2,12,4,3,2
meig1,1,6,2,5,0,2,2,3,4,4,0,1
meioc,1,4,3,4,4,5,5,3,4,4,6,3
meis1,133,96,158,92,152,126,157,84,164,76,139,97
meis2,206,181,250,164,192,213,199,125,262,121,243,188
meis3,27,31,31,20,38,17,30,21,32,15,25,15
melk,6,12,14,9,21,5,8,5,9,5,31,10
memo1,643,669,708,507,728,649,662,607,618,622,588,587
men1,288,325,326,305,366,359,319,259,326,210,253,312
meox1,11,6,7,4,5,5,3,8,5,6,7,13
meox2,2,1,2,2,5,0,2,3,4,3,1,6
mep1a,1,0,0,4,0,0,0,4,0,7,33,1
mep1b,8,7,6,44,4,4,3,6,2,1,677,10
mepce,330,348,425,346,479,342,382,340,424,325,390,327
mepe,0,0,0,0,0,0,0,0,0,0,0,0
mertk,658,670,665,625,1035,626,732,453,672,398,782,483
mesp1,0,0,0,0,1,0,0,0,1,2,0,0
mesp2,10,12,11,10,14,14,9,13,13,16,18,16
mest,174,58,149,44,159,59,98,43,88,61,78,71
met,2438,3048,3093,2810,3142,3460,2767,2606,3278,2504,2857,2808
metap1,802,870,958,847,971,1095,826,867,812,796,772,744
metap1d,722,681,820,552,779,688,657,701,724,678,642,699
metap2,1657,1818,1981,1562,1996,1940,1772,1534,1712,1580,1535,1289
metrn,69,68,100,46,103,62,71,54,89,55,67,58
metrnl,151,81,180,100,223,118,217,87,215,83,163,125
mettl1,178,170,173,151,204,274,134,146,130,137,95,114
mettl13,160,236,261,257,286,295,278,154,250,171,217,184
mettl14,153,146,190,124,188,181,167,147,156,165,168,154
mettl15,132,81,135,77,126,73,95,89,79,92,87,86
mettl16,318,440,408,315,403,471,343,375,305,382,285,342
mettl17,226,272,308,238,365,302,209,206,253,226,241,185
mettl18,97,85,119,105,89,114,78,86,71,98,81,71
mettl21a,210,185,242,185,272,255,165,156,196,143,180,137
mettl21c,1,8,7,7,2,14,15,11,13,2,12,8
mettl22,117,176,166,129,174,155,110,150,140,150,120,174
mettl23,501,504,639,412,583,445,456,485,482,524,467,449
mettl24,3,3,3,5,7,3,10,3,8,3,10,4
mettl25,60,54,93,64,71,74,80,68,72,74,60,71
mettl3,245,245,294,206,260,303,240,227,202,197,211,182
mettl4,295,325,426,235,339,321,295,251,271,279,286,273
mettl5,245,270,319,225,300,283,258,244,292,256,265,241
mettl6,270,265,334,267,313,295,286,269,291,287,246,238
mettl8,233,297,249,184,298,229,225,234,252,217,216,236
mettl9,891,819,883,709,1058,923,772,792,814,774,792,779
mex3a,5,5,2,3,9,6,16,2,13,5,10,4
mex3b,17,9,24,11,24,16,28,17,19,9,16,12
mex3c,486,452,592,526,632,486,494,472,601,479,543,429
mex3d,33,37,56,33,55,44,58,31,58,21,57,46
mfap2,9,3,5,0,8,2,11,0,14,1,11,4
mfap3,436,410,469,338,519,447,414,323,376,309,315,347
mfap3l,20,14,20,16,21,28,30,17,17,15,18,24
mfap4,57,20,54,14,67,21,61,14,65,17,73,27
mfap5,15,6,9,12,17,23,25,12,13,6,13,28
mff,1002,929,1223,875,1263,1096,1048,938,1214,1036,1035,991
mfge8,330,181,265,199,460,197,286,185,328,165,322,236
mfhas1,354,633,450,536,637,695,548,376,479,327,367,444
mfn1,1003,1384,1389,1285,1458,1455,1254,1058,1375,1020,1175,1135
mfn2,1547,2371,2137,1805,2391,1969,1795,1602,1815,1651,1734,1798
mfng,44,56,44,23,67,37,41,37,62,40,56,40
mfrp,4,2,3,3,3,1,7,5,1,0,5,3
mfsd1,2053,2158,2681,1831,2800,2169,2411,1853,2388,1883,2241,1760
mfsd11,258,249,254,220,283,266,249,269,294,216,245,281
mfsd12,240,215,254,165,375,174,275,189,258,162,201,238
mfsd2a,666,529,397,890,1200,840,1002,577,1624,431,1063,212
mfsd2b,26,12,17,6,10,16,10,16,10,7,21,13
mfsd6,317,314,409,280,355,391,319,267,368,204,322,266
mfsd6l,2,1,1,0,3,0,2,0,0,0,8,1
mfsd8,256,357,311,323,337,388,305,331,300,335,266,301
mga,1196,1173,1701,1196,1643,1442,1403,1157,1670,1137,1380,1234
mgam,4489,5118,5842,4729,6385,5258,4805,5134,5238,5025,13534,5862
mgarp,3,1,0,3,5,2,7,3,2,3,5,3
mgat1,1199,1192,1368,1014,1606,1444,1173,1107,1216,981,1057,1215
mgat2,1461,1226,1575,1459,1720,1933,1233,1142,1259,1120,1080,1055
mgat3,29,8,38,20,35,18,30,16,37,12,107,28
mgat4a,143,99,154,111,202,99,153,104,231,95,610,141
mgat4b,347,283,313,286,404,340,298,287,390,233,316,310
mgat4c,11,44,24,24,17,17,20,22,19,22,19,23
mgat4d,0,0,0,0,0,0,0,0,0,0,0,0
mgat5,480,361,383,353,465,453,420,345,340,346,413,442
mgat5b,0,0,0,0,0,0,0,0,0,0,0,0
mgll,1676,2071,2250,2092,2771,2615,2083,1964,1627,2125,1740,2026
mgme1,113,180,184,144,219,176,136,145,130,136,142,127
mgmt,354,411,449,324,562,321,350,413,369,518,316,447
mgp,111,88,155,132,211,124,316,178,249,142,210,359
mgrn1,844,1045,1112,1078,1313,1124,1088,985,1103,793,988,1080
mgst1,91137,86494,106478,76634,90202,89175,80226,82433,78673,93482,74463,83628
mgst2,14,13,22,23,15,19,14,18,16,12,147,22
mgst3,209,267,227,233,376,249,290,334,366,472,687,289
mia,7,5,3,3,5,4,4,2,5,6,5,5
mia2,1540,1987,2238,1881,2203,2301,1956,2043,2097,2185,2085,1965
mia3,3134,3307,3628,3785,4659,3911,3781,2998,4727,3004,3909,2714
mib1,2563,2680,3005,2889,3120,3065,2684,2392,2940,2430,2642,2651
mib2,400,407,448,292,470,397,386,319,434,272,377,371
mical1,84,52,99,45,106,43,86,54,76,45,127,66
mical2,408,269,360,242,271,358,261,301,269,263,275,435
mical3,295,414,402,380,404,492,364,329,415,322,344,474
micall1,151,243,236,233,299,292,257,181,314,149,247,237
micall2,45,31,53,30,72,35,48,26,40,19,44,39
micu1,637,508,640,434,620,545,448,483,496,509,582,501
micu2,1032,897,1130,740,1137,818,875,675,892,776,976,790
micu3,66,82,113,61,118,94,101,94,117,95,101,96
mid1,166,70,119,69,123,116,120,95,85,75,120,92
mid1ip1,869,1637,1197,636,1899,1264,1283,1324,1505,1082,621,887
mid2,223,226,227,185,296,222,238,179,230,170,230,201
midn,389,448,521,461,571,550,457,381,537,349,427,487
mief1,579,802,727,778,898,949,705,663,700,577,668,593
mief2,290,438,334,331,410,450,348,350,300,285,236,408
mien1,758,868,809,582,880,823,636,648,602,682,621,621
mier1,1334,1293,1383,997,1430,1275,1152,1123,1327,1259,1321,1136
mier2,132,166,164,135,164,167,158,128,155,97,151,126
mier3,501,508,679,507,624,628,561,574,621,506,521,520
mif,1497,1969,1946,1652,2257,1909,1529,1483,1911,1607,1470,1518
mif4gd,696,568,703,432,520,692,467,599,429,603,416,596
miip,269,258,408,303,393,341,338,240,360,247,349,263
milr1,48,25,68,30,58,38,30,43,49,21,54,26
mink1,647,674,703,659,837,699,602,527,678,478,542,637
minpp1,580,729,747,744,896,789,651,703,745,646,652,699
mios,385,389,432,375,479,428,374,397,370,435,350,385
miox,0,1,2,0,2,0,0,3,1,3,0,1
mip,1,0,2,0,0,2,0,0,1,0,1,1
mipep,596,750,815,601,813,701,598,563,698,646,621,625
mipol1,93,95,123,94,143,85,103,92,135,108,130,113
mis12,386,535,495,545,589,681,422,589,518,519,349,402
mis18a,77,66,113,69,80,80,65,74,86,63,100,66
mis18bp1,26,22,40,26,46,28,31,30,29,20,39,17
misp,11,6,5,10,8,4,5,7,7,2,162,6
mitd1,180,219,273,181,193,247,198,225,172,228,170,190
mitf,171,90,204,110,217,157,172,96,150,96,108,152
mixl1,1,0,0,0,0,0,1,0,0,0,0,0
mki67,268,114,409,280,490,111,238,196,287,113,405,200
mkks,685,767,874,616,871,791,668,689,708,816,662,570
mkln1,1988,2260,2392,1862,2306,2436,1935,2112,2046,2347,1888,2079
mknk1,273,321,291,298,372,334,347,230,565,211,336,272
mknk2,2408,2830,2419,2096,4287,1877,2921,2104,3854,1402,3323,1375
mkrn1,1014,597,733,513,722,587,537,476,538,485,622,521
mkrn2,416,509,583,443,542,575,483,427,533,421,481,430
mkrn2os,493,490,533,339,492,431,438,416,437,410,419,357
mkrn3,7,7,9,10,12,8,5,7,7,8,10,10
mks1,34,25,36,26,33,38,22,10,27,21,28,33
mkx,48,31,37,37,24,53,47,45,81,38,39,32
mlana,0,1,0,0,2,0,0,0,1,0,2,1
mlc1,0,0,0,0,0,0,0,0,0,0,0,0
mlec,3259,2861,3064,2431,3473,3939,2572,2144,2300,1905,2314,1953
mlf1,1,4,6,3,6,3,5,9,4,6,2,26
mlf2,1766,1802,1837,1599,2176,1779,1700,1497,1689,1422,1534,1449
mlh1,356,420,358,314,347,456,295,351,297,284,273,334
mlh3,355,377,395,275,401,434,350,331,284,304,286,349
mlip,6,3,2,7,3,14,9,4,6,3,5,5
mlkl,156,126,181,109,180,132,124,104,146,99,108,87
mllt1,212,246,274,225,351,297,233,186,275,173,202,217
mllt10,589,628,668,513,717,594,629,559,704,540,660,544
mllt11,24,27,28,24,40,30,31,31,30,25,40,24
mllt3,106,100,135,88,128,126,103,81,137,73,124,85
mllt6,481,454,550,524,732,579,567,411,626,346,530,417
mlph,43,23,43,35,50,31,40,29,60,30,46,43
mlst8,131,145,187,143,174,181,141,151,145,129,126,128
mlx,721,928,873,751,871,1071,745,770,742,726,623,611
mlxip,204,141,171,155,207,145,190,134,274,97,206,152
mlxipl,1902,2121,2498,1177,2030,1997,2212,1962,2455,1776,1823,2124
mlycd,1587,1783,1995,1637,2086,1800,1724,1290,1630,1450,1586,1454
mmaa,372,552,446,334,480,462,426,389,410,374,353,376
mmab,409,678,492,320,615,595,396,512,345,533,294,523
mmachc,608,827,757,504,690,730,661,476,602,531,589,375
mmadhc,819,875,1002,881,1025,1147,919,857,928,1038,906,797
mmd,1622,1774,2025,1683,2146,1991,1453,1709,1652,2052,1602,2110
mmd2,876,238,625,76,678,159,386,208,364,204,509,236
mme,620,1070,1291,845,1800,889,1048,1238,1361,1687,2843,1289
mmel1,3,4,7,4,3,6,10,6,13,7,4,3
mmgt1,622,906,851,642,796,1005,673,725,661,782,570,672
mmp10,0,0,0,0,0,2,2,0,0,3,31,4
mmp11,19,16,26,7,32,11,23,11,23,11,26,17
mmp12,407,164,1085,230,917,365,922,190,1054,443,857,529
mmp13,21,6,22,3,19,16,14,7,32,13,25,12
mmp14,640,306,558,420,754,539,497,352,530,302,468,484
mmp15,351,551,514,377,717,458,471,354,600,251,481,429
mmp16,15,8,11,10,10,12,12,9,23,8,21,16
mmp17,16,15,20,12,27,20,19,15,20,18,24,17
mmp19,1636,2085,1865,1379,2082,1856,1652,1504,1376,1530,1308,1431
mmp2,335,60,337,86,523,73,423,66,387,81,394,155
mmp20,1,0,0,0,0,0,0,0,0,0,1,1
mmp21,0,7,5,7,1,6,6,3,13,7,6,4
mmp24,5,10,8,3,8,11,5,5,3,4,12,4
mmp25,16,11,9,11,18,22,10,14,15,11,15,13
mmp27,99,30,103,34,113,29,64,72,71,45,55,38
mmp28,9,5,9,8,15,6,11,4,15,3,10,12
mmp3,9,15,13,11,22,26,24,17,13,30,27,32
mmp7,46,3,1,2,3,5,4,2,17,1,44,0
mmp8,109,8,10,3,21,10,9,4,6,6,9,6
mmp9,142,16,50,22,66,40,62,31,40,34,48,60
mmrn1,86,80,88,43,133,91,101,152,107,65,187,170
mmrn2,380,384,402,271,623,349,353,294,380,210,418,291
mms19,568,615,762,542,733,647,675,440,673,402,624,449
mms22l,53,55,61,63,72,72,60,38,72,50,62,41
mn1,231,368,295,277,251,336,240,344,264,265,177,566
mnat1,175,184,243,174,188,206,176,199,194,216,158,185
mnd1,84,113,105,102,111,95,82,98,88,119,99,111
mnda,217,109,211,99,281,109,186,165,181,158,176,120
mns1,21,11,13,6,15,10,10,14,6,0,8,8
mnt,78,95,84,78,108,108,110,68,109,55,112,117
mnx1,0,0,0,0,0,0,0,0,0,0,0,0
moap1,37,31,34,21,46,60,29,24,28,28,44,21
mob1a,2093,1668,2357,1473,2507,1930,2019,1895,2085,1857,1815,1655
mob1b,1010,1174,1329,1205,1528,1381,1158,1223,1412,1220,1191,1458
mob2,339,378,440,363,472,394,373,342,386,310,328,361
mob3a,163,120,160,87,216,134,173,98,155,81,143,131
mob3b,524,462,633,415,509,520,505,464,552,385,422,732
mob3c,201,263,252,224,285,232,270,217,248,217,239,226
mob4,789,894,1051,749,1093,968,881,776,833,821,904,733
mobp,3,5,2,4,5,4,5,4,6,3,3,5
mocos,1367,1148,1548,924,1159,1400,989,1310,1018,1216,882,1473
mocs1,1305,1908,1791,1616,1821,1833,1521,1668,1581,1552,1443,1673
mocs2,2572,2677,3014,2268,2783,2404,2322,2524,2704,2786,2467,2537
mocs3,144,119,135,149,127,141,98,94,101,92,106,100
mog,0,1,0,1,0,0,1,0,0,0,0,0
mogat1,3,8,7,4,7,6,6,22,5,27,3,13
mogat2,5,10,4,9,12,12,9,4,11,2,220,0
mogs,1002,1059,1093,874,1215,1186,1030,865,931,728,801,813
mok,4,7,6,1,6,5,8,3,12,4,7,6
mon1a,215,278,285,272,263,298,219,186,231,185,190,195
mon1b,211,187,215,170,259,264,178,171,192,159,176,181
mon2,1449,1583,1863,1688,1852,1838,1542,1409,1827,1400,1611,1530
morc1,0,0,1,0,0,0,0,0,0,2,5,0
morc3,728,866,858,800,1186,853,951,884,1145,840,911,553
morc4,77,56,86,47,84,66,71,27,69,40,56,32
morf4l1,3310,3424,4012,2965,3760,3583,3232,2999,3712,3504,3523,3308
morf4l2,2901,3245,2521,1960,2373,3543,2131,2427,1719,2593,1815,2055
morn1,49,37,47,41,48,34,48,36,38,35,46,48
morn2,68,85,74,75,90,81,45,59,67,62,68,63
morn3,0,0,1,0,0,1,0,0,1,0,0,0
morn4,2,6,1,2,1,3,1,1,3,1,7,4
morn5,1,1,0,0,0,0,0,0,0,0,0,0
mos,0,0,0,0,0,0,0,0,0,0,0,0
mospd1,401,354,525,370,457,397,412,346,465,378,386,361
mospd2,1281,1137,1458,912,1408,1146,1123,1254,1175,1408,1120,1350
mospd3,23,20,28,23,31,14,31,22,31,15,22,66
mov10,449,338,441,387,539,334,403,335,449,232,417,379
mov10l1,0,0,0,0,0,0,0,0,0,0,1,0
moxd1,6,707,37,121,1,209,3,215,3,1,4,1142
mpc1,4916,5590,6160,4614,7336,5271,5048,5897,5513,6793,5236,5780
mpc2,2804,2775,3044,2453,3904,2952,2848,2716,2978,3291,3076,2666
mpdu1,717,801,933,740,906,832,733,757,762,723,681,714
mpdz,714,814,1100,762,993,858,761,754,758,728,798,932
mpeg1,4611,2392,4423,2471,5251,2708,3654,2828,4166,2384,3180,3692
mpg,146,177,201,169,227,175,173,162,185,146,175,172
mphosph10,351,383,368,415,468,502,367,385,405,371,328,292
mphosph6,50,78,102,66,62,91,74,65,63,50,51,54
mphosph8,335,429,389,437,518,512,386,345,446,349,384,263
mphosph9,97,121,134,129,141,162,142,95,114,106,121,111
mpi,225,278,279,197,247,263,233,195,208,185,205,224
mpl,2,3,1,3,4,1,2,3,0,0,0,2
mplkip,286,308,349,268,355,356,291,244,301,231,276,236
mpnd,1464,1555,1394,1206,1653,1524,1313,1307,1251,1116,1123,1210
mpo,78,3,5,2,10,3,10,5,5,4,6,14
mpp1,923,808,871,810,1226,834,981,835,1037,802,1163,778
mpp2,8,10,8,9,6,3,16,3,20,6,13,6
mpp3,43,46,43,40,41,55,42,40,56,30,41,48
mpp4,13,25,22,21,20,22,10,53,24,28,24,30
mpp7,168,196,270,186,260,189,227,154,158,148,183,220
mppe1,221,260,225,179,199,263,190,130,148,136,173,159
mpped1,0,0,0,0,0,1,0,0,0,1,0,1
mpped2,7,3,1,1,3,6,1,1,8,4,1,4
mprip,1634,1756,1846,1512,1968,1749,1780,1563,1828,1344,1647,1706
mpst,1286,1841,1581,1297,1754,1494,1295,1161,1133,1238,1117,1335
mpv17,819,833,1019,586,931,704,792,653,793,640,769,661
mpv17l,447,1345,873,605,918,767,690,573,551,604,511,664
mpv17l2,156,183,202,134,231,166,174,145,176,119,163,147
mpz,3,3,1,2,2,5,6,2,4,3,3,5
mpzl1,56,25,49,24,36,30,36,18,33,36,43,60
mpzl2,707,808,608,784,987,863,549,643,825,576,788,552
mpzl3,244,302,250,229,309,310,198,224,224,199,227,200
mr1,279,173,343,141,338,211,205,209,278,205,216,167
mrap,825,747,783,519,768,773,589,728,502,686,398,749
mrap2,14,14,6,12,6,14,8,10,15,8,13,11
mras,61,79,81,75,120,106,100,94,68,74,70,94
mrc1,3621,3160,3858,3079,4575,2847,3534,2705,3147,2886,3160,2892
mrc2,118,49,111,54,179,49,174,37,138,51,132,105
mreg,636,489,788,474,524,491,429,585,437,724,330,824
mrfap1,3188,3637,3693,2818,3824,3578,3029,3085,2840,3139,2820,2752
mrgbp,105,129,197,157,158,169,148,122,136,134,137,141
mrgprd,0,0,0,0,0,0,0,0,0,0,0,0
mrgpre,53,59,62,57,52,64,54,36,65,50,63,40
mrgprf,14,6,10,6,17,2,10,5,10,4,11,14
mrgprg,0,0,0,0,0,0,0,0,0,3,1,0
mrgprx1,0,0,0,0,1,0,0,0,0,0,0,0
mrgprx2,1,1,1,1,1,0,1,1,0,1,1,3
mri1,271,290,317,301,365,264,286,304,287,293,284,261
mrm1,57,62,80,56,89,78,82,76,96,59,71,54
mro,1,1,3,0,0,3,2,0,1,0,9,2
mroh2a,94,116,103,96,172,135,118,107,186,110,155,108
mroh2b,0,0,0,0,0,0,0,0,0,0,0,0
mroh5,0,0,0,0,1,0,0,1,0,0,2,1
mroh6,9,24,6,6,16,8,9,11,17,10,11,9
mroh7,5,4,3,6,6,1,1,3,7,3,5,4
mroh8,1,1,3,3,0,3,0,3,1,2,3,4
mroh9,0,0,0,0,0,0,0,0,0,0,0,0
mrpl1,780,902,936,730,905,891,701,835,710,920,782,756
mrpl10,699,824,838,653,924,808,699,684,724,616,622,635
mrpl11,530,551,691,458,687,568,549,489,509,556,502,492
mrpl12,1399,1641,1578,1382,1857,1548,1509,1483,1685,1318,1649,1550
mrpl13,665,818,925,611,904,822,695,660,687,724,733,653
mrpl14,446,616,596,526,687,500,580,575,580,586,501,571
mrpl15,1069,1613,1432,1253,1724,1588,1309,1051,1338,1206,1221,1058
mrpl16,625,709,727,549,741,673,539,569,538,518,497,515
mrpl17,716,770,851,783,909,815,747,640,650,635,647,676
mrpl18,804,1065,1049,875,1099,1017,929,921,914,926,947,800
mrpl19,295,356,372,316,371,384,293,234,292,233,263,246
mrpl2,669,668,819,685,866,680,702,705,742,601,674,611
mrpl20,871,1044,1071,871,1125,1005,944,931,1020,861,857,828
mrpl21,356,446,474,382,405,489,368,386,329,427,342,335
mrpl22,380,436,507,339,446,408,341,354,334,401,338,387
mrpl23,76,55,85,57,97,75,59,62,87,56,47,66
mrpl24,1241,1470,1602,1143,1520,1477,1285,1190,1333,1216,1234,1070
mrpl27,763,881,871,675,945,875,700,704,728,715,736,704
mrpl28,694,799,799,670,901,698,712,619,713,579,694,612
mrpl3,473,505,591,386,673,512,492,458,478,426,511,418
mrpl30,1030,1385,1380,1018,1369,1257,1049,1107,1101,1148,1029,950
mrpl32,465,466,580,393,533,483,462,428,412,511,464,417
mrpl33,677,668,741,508,736,630,628,600,573,652,548,618
mrpl34,431,507,447,355,501,445,389,364,353,385,303,361
mrpl35,624,781,803,586,713,675,627,592,631,693,582,613
mrpl36,463,537,581,447,594,552,477,426,458,456,412,438
mrpl37,449,588,550,475,606,513,486,406,505,378,478,400
mrpl38,764,944,945,805,1072,945,759,676,864,646,736,614
mrpl39,784,1017,1063,788,974,987,873,858,880,906,860,731
mrpl4,418,494,479,390,477,497,419,372,402,302,351,390
mrpl40,449,450,499,329,498,469,383,389,404,395,407,364
mrpl41,488,541,581,463,631,467,513,464,497,411,427,423
mrpl42,868,1049,1212,799,1008,884,875,813,818,894,834,759
mrpl43,489,615,655,546,703,587,539,472,520,419,471,437
mrpl44,416,433,516,355,508,463,393,394,343,372,390,407
mrpl45,485,557,593,485,608,636,467,485,516,531,471,453
mrpl46,461,501,506,366,516,470,439,387,461,388,385,333
mrpl47,287,446,466,404,484,488,418,346,477,393,375,302
mrpl48,650,745,837,622,798,762,692,655,717,706,686,632
mrpl49,569,741,755,590,735,754,616,587,611,655,567,544
mrpl50,1174,1195,1336,1018,1338,1281,1051,1003,1019,1177,1037,932
mrpl51,1059,1388,1384,1150,1467,1364,1168,1070,1243,1123,1038,934
mrpl52,478,516,569,410,577,527,389,501,461,450,426,466
mrpl53,484,649,579,448,616,531,533,478,511,418,457,442
mrpl54,389,387,383,389,456,345,380,316,356,288,352,286
mrpl55,254,412,373,293,458,341,318,247,308,276,248,263
mrpl57,466,502,536,458,585,471,421,383,449,386,441,395
mrpl9,916,994,1351,942,1276,1070,1021,923,1145,947,1086,937
mrps10,417,531,530,414,534,531,432,498,467,566,393,497
mrps11,224,225,242,196,306,254,197,190,206,175,173,183
mrps12,590,625,586,510,694,609,484,463,463,433,455,401
mrps14,616,694,823,626,772,691,654,622,640,726,613,613
mrps15,420,466,504,346,503,456,412,372,422,406,383,376
mrps16,580,615,723,452,697,594,514,535,537,593,512,580
mrps17,941,1055,1163,856,1149,1033,1010,876,953,929,890,851
mrps18a,506,633,646,469,716,574,528,392,493,405,458,469
mrps18b,801,960,935,893,856,1081,685,720,619,717,623,690
mrps18c,540,625,720,555,699,598,591,640,547,653,563,538
mrps2,544,672,679,545,750,694,589,481,500,461,446,474
mrps21,666,757,828,618,911,683,712,598,741,585,659,546
mrps22,672,717,827,513,677,689,585,599,546,740,562,606
mrps23,370,391,435,414,502,456,417,341,399,364,400,342
mrps24,792,918,1053,738,980,864,761,809,822,839,781,796
mrps25,389,464,459,355,453,472,409,390,332,355,421,400
mrps26,282,329,414,334,474,407,335,311,322,294,290,326
mrps27,465,693,554,412,623,612,440,480,382,433,394,468
mrps28,374,415,481,384,451,457,361,377,400,372,381,360
mrps30,473,450,568,408,550,492,453,395,477,452,477,377
mrps31,787,965,937,688,821,950,770,764,749,801,743,699
mrps33,810,730,913,576,918,751,750,785,748,834,792,675
mrps34,470,604,620,509,717,531,511,468,508,401,418,435
mrps35,468,572,699,476,693,520,584,470,615,461,558,496
mrps5,680,1011,955,819,896,875,816,651,737,727,706,597
mrps6,136,172,134,90,155,129,108,94,138,91,105,81
mrps7,1000,1323,1171,1052,1271,1252,1001,958,933,875,934,932
mrps9,408,443,633,436,577,433,503,419,500,448,470,387
mrrf,589,674,666,550,605,683,504,512,475,528,465,480
mrs2,173,226,265,235,254,245,196,183,244,185,206,162
mrto4,263,428,400,388,446,430,362,363,339,301,280,312
ms4a1,67,40,84,28,116,29,76,204,65,94,84,105
ms4a10,0,0,0,5,0,1,0,0,0,0,142,0
ms4a12,0,0,0,1,0,0,0,0,0,0,16,0
ms4a13,0,0,0,0,0,0,0,0,0,0,0,0
ms4a14,13,0,6,0,8,1,6,3,4,3,4,13
ms4a15,0,0,0,0,0,1,1,3,1,2,5,2
ms4a2,3,2,1,4,2,3,4,5,4,2,4,7
ms4a3,10,0,2,1,0,1,0,1,4,1,0,1
ms4a4a,18,1,8,5,15,2,13,4,11,2,8,4
ms4a5,5,4,0,2,3,1,2,3,3,0,5,2
ms4a7,159,31,116,54,183,40,114,98,133,61,109,118
msantd1,6,7,2,5,3,5,7,4,9,3,7,8
msantd2,86,66,94,77,96,100,103,89,119,73,111,98
msantd3,17,6,7,6,11,5,7,4,13,3,10,6
msantd4,721,746,834,648,844,913,703,593,620,649,574,602
msc,10,3,11,2,12,8,11,5,10,3,13,11
msgn1,0,0,0,0,0,0,0,0,0,0,0,0
msh2,231,308,351,268,312,329,202,199,263,225,275,231
msh3,352,440,527,414,411,496,415,432,517,502,489,499
msh4,81,93,71,76,75,72,77,65,106,61,93,90
msh5,19,22,18,10,25,32,21,18,29,16,33,17
msh6,398,465,561,432,490,522,467,375,401,375,376,407
msi1,0,2,5,4,2,5,2,1,6,1,7,4
msi2,556,552,688,446,629,544,506,526,577,508,520,602
msl1,548,638,673,489,689,669,568,523,650,527,563,543
msl2,528,576,568,503,690,592,612,498,613,506,601,615
msl3,794,740,847,663,833,791,664,647,664,666,636,626
msln,134,120,234,196,222,156,277,75,291,107,201,191
msmb,1,0,1,2,0,2,1,0,0,0,1,0
msmo1,4742,11798,4549,3985,6264,8289,3843,6891,4544,7906,3121,7211
msmp,0,0,0,2,0,2,0,2,4,0,0,0
msn,1250,737,1278,738,1745,812,1228,760,1122,697,969,989
msr1,1723,838,1460,688,1717,989,1126,845,1136,766,935,728
msra,2671,2683,2810,2225,3071,2649,2427,2201,2406,2372,2202,2226
msrb1,5681,6081,6476,5119,6817,5733,5849,5095,5505,4929,4906,5192
msrb2,277,284,368,209,327,240,253,252,243,270,238,293
msrb3,541,405,549,374,629,498,497,364,394,301,501,366
mss51,1,11,6,2,7,8,5,12,12,4,10,11
mst1,2986,3531,3402,2774,3335,3526,2736,3061,2744,2508,2425,2928
mst1r,22,6,18,11,28,23,34,11,26,15,48,34
mstn,0,1,0,0,0,0,0,0,0,0,0,1
msto1,171,136,170,122,215,168,148,122,152,101,157,134
msx1,3,9,6,3,6,10,5,3,3,2,2,5
msx2,3,3,3,5,2,0,2,4,8,2,5,4
mt3,1,0,0,0,0,0,0,0,1,0,0,0
mt4,0,0,0,0,0,0,0,0,0,0,0,0
mta1,238,233,239,219,276,222,228,180,229,170,246,235
mta2,1077,992,1129,992,1319,1168,997,975,1065,939,984,899
mta3,268,233,262,179,291,195,239,214,250,195,224,254
mtap,417,408,496,271,599,424,408,317,372,325,364,305
mtbp,38,50,67,32,42,66,46,50,44,52,63,48
mtch1,1101,1042,1279,830,1471,1056,1062,1023,1069,972,1058,1021
mtch2,3582,4161,4958,3365,4508,4225,3581,3509,3773,3758,3690,3343
mtcl1,13,4,9,10,6,9,3,4,11,4,10,6
mtcp1,116,138,164,116,135,153,129,111,135,103,116,96
mtdh,1634,1511,1765,1438,1880,1802,1595,1524,1596,1431,1516,1483
mterf2,100,152,171,60,125,109,93,102,73,93,121,117
mterf3,617,717,765,654,692,783,629,586,743,665,680,596
mterf4,409,471,564,407,436,520,367,363,395,387,371,369
mtf1,304,458,377,382,583,416,381,344,414,309,328,389
mtf2,258,304,323,246,293,329,288,280,322,285,286,305
mtfmt,128,136,136,122,164,169,128,128,144,127,158,118
mtfp1,295,461,391,347,526,378,374,396,352,379,288,326
mtfr1,1376,1781,1991,1591,1960,2012,1648,1491,1606,1713,1499,1492
mtfr1l,1332,1601,1794,1317,1808,1538,1385,1302,1394,1251,1282,1206
mtfr2,8,3,7,6,6,5,5,8,8,7,8,9
mtg1,235,301,326,239,324,307,305,252,285,268,299,280
mtg2,374,461,475,342,451,431,393,334,411,314,362,317
mthfd1,4989,6349,6290,4772,6986,5857,5240,5024,5288,4899,5011,4924
mthfd1l,35,36,51,47,112,47,153,25,132,21,96,29
mthfd2,60,59,71,53,47,91,68,45,130,48,38,45
mthfd2l,104,67,120,53,103,69,90,64,107,66,89,70
mthfr,255,123,203,113,194,139,174,160,202,114,144,182
mthfs,402,376,414,318,455,395,327,326,370,398,363,335
mthfsd,279,366,335,275,348,336,290,254,341,265,287,263
mtif2,759,833,936,693,809,893,768,791,691,756,690,669
mtif3,502,557,662,544,707,698,518,527,586,492,474,556
mtm1,489,457,630,492,568,452,565,501,642,581,535,475
mtmr1,828,1038,1123,1019,1100,1133,1016,1037,1112,1049,931,988
mtmr10,910,923,1069,1025,1085,1252,917,865,1002,870,867,963
mtmr11,272,100,253,93,167,134,160,57,166,58,171,76
mtmr12,208,216,219,177,381,286,229,200,262,186,291,189
mtmr14,477,417,566,438,591,441,461,378,525,349,510,369
mtmr2,825,891,1051,755,1153,984,880,784,929,794,809,762
mtmr3,1071,1103,1255,878,1164,995,969,892,1123,900,894,929
mtmr4,1212,1079,1335,1136,1489,1671,1096,1216,939,1111,986,1243
mtmr6,885,867,1010,750,1138,996,907,775,934,810,866,776
mtmr7,70,99,103,62,72,89,91,79,101,64,105,61
mtmr9,328,359,354,293,395,336,347,276,330,282,287,446
mtnr1a,26,15,31,16,8,22,5,31,15,49,12,50
mtnr1b,0,0,0,0,0,0,0,0,0,0,0,0
mto1,428,546,497,404,500,516,417,407,485,408,413,387
mtor,971,1073,1287,1518,1466,1530,1192,1201,1313,1061,1206,1272
mtpap,328,388,450,357,542,454,397,336,383,343,339,354
mtpn,2522,2718,3098,2340,3501,2836,2675,2427,2677,2545,2559,2493
mtr,245,274,310,247,338,291,269,254,259,218,222,282
mtrf1,266,278,312,237,272,261,241,217,181,258,220,196
mtrf1l,120,136,145,149,182,142,118,116,132,116,116,111
mtrr,124,244,184,180,259,219,199,148,196,147,162,136
mtss1,2352,3505,2686,2892,4400,3735,3826,2264,3465,1756,2995,1835
mttp,5840,8529,8358,7098,7038,8644,5960,7170,5910,7202,8428,7125
mturn,67,82,96,72,96,56,88,46,107,58,97,78
mtus1,3970,4554,4718,4245,4278,5216,3647,3860,3959,3992,3555,4102
mtus2,13,13,15,12,31,9,22,10,28,14,30,13
mtx1,451,563,613,452,585,545,471,417,550,415,469,475
mtx2,1171,1331,1557,1231,1573,1283,1257,1355,1430,1478,1397,1242
mtx3,358,476,625,425,425,528,397,375,487,494,446,536
muc1,24,40,11,47,13,39,34,10,207,2,19,9
muc13,3,7,3,67,1,4,7,4,8,7,1419,6
muc15,2,1,1,0,2,1,1,1,0,0,0,1
muc16,145,143,238,193,278,149,368,93,480,138,284,425
muc2,0,0,2,12,1,0,0,1,0,0,487,1
muc20,0,0,0,0,0,0,0,0,0,0,0,0
muc3a,1,1,1,0,1,1,1,2,2,0,8,0
muc4,0,2,0,1,1,1,0,0,10,0,62,0
muc5ac,0,0,0,0,0,0,0,0,0,0,0,0
muc5b,0,1,3,2,1,3,3,4,6,2,5,2
muc6,3,11,10,12,6,20,12,2,18,12,261,8
mucl1,0,0,0,0,0,0,0,0,0,0,0,0
mul1,611,713,842,712,959,828,710,628,739,519,617,604
mus81,194,131,196,143,177,147,159,166,154,112,129,153
musk,2,0,5,4,4,2,6,4,1,1,3,11
mustn1,132,42,99,63,93,92,81,73,71,68,48,71
mutyh,4,5,8,8,12,8,4,7,16,5,6,7
mvb12a,901,1036,1045,802,1136,986,879,907,948,853,845,829
mvb12b,72,53,56,52,118,58,73,51,108,36,69,71
mvd,421,609,277,184,580,650,172,382,184,339,140,435
mvk,558,718,459,289,630,508,306,461,338,367,289,546
mvp,1181,873,1226,925,1441,1272,1134,1008,1148,881,1067,899
mx1,115,77,102,49,121,79,98,85,110,81,106,76
mx2,167,159,132,130,149,202,102,149,123,165,110,111
mxd1,223,125,187,129,244,201,185,129,212,108,528,138
mxd3,10,3,9,7,7,6,6,2,7,4,7,11
mxd4,1991,1837,2574,1913,2508,2147,1913,1563,1980,1445,1792,1530
mxi1,423,418,546,353,554,442,479,355,477,394,473,408
mxra7,69,52,86,30,103,56,70,45,68,38,80,53
mxra8,208,150,247,171,383,160,278,146,315,137,340,234
myadm,480,385,417,312,557,359,433,286,450,213,411,284
myadml2,0,1,0,3,0,0,0,0,1,1,0,7
myb,12,2,3,1,5,5,2,7,2,2,44,6
mybbp1a,672,865,796,741,1031,1027,828,667,735,503,691,666
mybl1,42,15,27,14,36,23,24,35,21,31,24,21
mybl2,11,3,12,5,14,4,5,6,5,4,15,4
mybpc1,4,2,29,1,3,3,1,0,1,2,1,248
mybpc2,3,4,11,9,15,8,11,1,9,3,5,111
mybpc3,2,5,3,0,0,2,6,4,1,1,0,2
mybph,2,2,1,0,0,1,1,0,1,0,0,1
mybphl,0,0,1,0,1,1,0,0,0,0,0,0
myc,47,35,196,66,66,46,331,162,49,40,129,72
mycbp,326,419,405,312,423,399,327,346,365,370,383,326
mycbp2,1444,1445,1802,1270,1889,1516,1702,1392,1744,1183,1540,1550
mycbpap,2,5,3,2,1,3,1,0,1,3,4,2
mycl,136,121,201,125,181,125,106,95,213,70,187,122
mycn,10,17,10,25,26,39,13,22,22,16,12,18
myct1,144,127,157,98,211,106,122,109,159,89,168,101
myd88,393,271,323,264,382,382,288,240,250,249,251,255
mydgf,1732,1755,1797,1298,1710,1741,1380,1496,1359,1438,1307,1345
myef2,300,273,358,221,326,340,278,341,263,363,245,332
myf5,0,0,0,0,0,0,0,0,1,0,0,4
myf6,0,0,0,0,0,1,0,0,0,0,0,1
myg1,312,419,390,266,432,395,332,292,330,272,316,267
myh1,38,12,136,1,2,49,1,0,1,2,0,1278
myh10,490,505,658,393,541,433,455,312,428,268,488,573
myh11,315,284,177,182,283,227,195,263,392,175,638,343
myh13,0,0,0,0,0,0,0,0,0,0,0,1
myh14,258,316,333,221,323,272,209,280,235,250,496,323
myh15,2,1,1,0,2,0,0,2,2,0,4,3
myh2,14,13,89,0,0,24,0,0,0,0,0,828
myh3,0,0,0,0,0,0,0,0,2,0,0,0
myh4,9,11,74,0,1,46,0,0,0,0,0,442
myh6,0,0,0,0,0,0,0,0,0,0,0,0
myh7,10,10,12,7,6,10,6,8,11,9,16,124
myh7b,3,3,10,0,0,3,1,2,2,3,2,2
myh8,8,11,56,10,1,4,7,2,8,4,10,7
myh9,6156,5197,5787,4141,7102,6336,5880,4387,5495,3521,5118,4723
myl1,3,2,59,0,2,7,0,1,2,3,4,284
myl10,0,0,0,0,0,0,0,0,0,0,0,0
myl12a,1056,1022,1203,874,1401,1099,1064,905,1018,793,965,980
myl12b,1361,1298,1621,1022,1638,1229,1285,1095,1339,1020,1264,1079
myl2,1,3,6,2,0,9,1,0,3,0,2,98
myl3,2,4,7,2,5,10,2,2,4,3,2,64
myl4,11,6,12,7,10,13,8,12,17,9,7,16
myl6,5286,5111,6079,4224,6349,4759,5059,4989,5208,4817,5334,4754
myl6b,11,8,15,11,23,9,12,15,13,9,18,3
myl7,14,7,13,13,13,8,12,6,4,10,5,12
myl9,147,166,87,102,110,122,89,168,175,81,258,225
mylip,465,333,463,354,472,332,350,226,456,247,405,298
mylk,1559,1989,1733,1501,1906,1459,1617,1714,1625,1301,2029,1863
mylk2,0,2,5,0,0,1,0,0,0,1,0,23
mylk3,17,18,23,23,27,16,21,16,23,23,17,20
mylk4,7,15,11,5,7,10,14,4,9,7,14,13
mynn,312,342,457,292,410,360,343,333,390,321,312,340
myo10,1103,1090,1161,898,1724,1052,1208,871,1445,718,1117,1032
myo15b,9,4,12,17,7,8,11,3,38,3,294,6
myo16,1,14,0,8,1,7,9,6,46,1,5,4
myo18a,1513,1793,1757,2005,2111,2322,1978,1359,2061,1085,1931,1448
myo18b,4,10,10,1,4,2,10,4,9,3,9,29
myo19,114,130,117,122,140,142,129,111,173,100,119,113
myo1a,13,1,1,35,0,1,2,1,10,0,976,0
myo1b,5560,7002,6552,5387,5151,7159,4407,5797,4705,5482,4686,5732
myo1c,920,952,925,917,1364,1018,1180,811,1003,723,891,865
myo1d,235,205,216,181,337,217,225,190,311,229,393,268
myo1e,958,1060,1240,1008,1018,1092,925,944,1039,806,871,887
myo1f,427,116,381,146,609,174,374,151,346,108,244,210
myo1g,164,53,169,58,257,74,144,99,135,67,122,91
myo1h,3,0,1,9,2,4,2,3,2,5,4,0
myo3a,0,0,0,0,0,0,0,0,0,0,1,0
myo3b,1,0,1,1,3,1,0,0,0,2,1,2
myo5a,149,62,221,85,285,98,253,117,235,144,237,222
myo5b,637,720,671,673,757,773,654,662,629,589,792,690
myo5c,11,31,7,54,11,44,31,13,133,6,49,12
myo6,1401,1802,2062,1554,2026,1884,1665,1630,1647,1541,1890,1673
myo7a,466,410,537,339,649,456,505,400,463,292,491,420
myo7b,5,4,4,16,3,6,3,5,4,5,320,0
myo9a,786,531,921,544,1211,539,761,596,944,465,742,649
myo9b,879,720,1018,752,1191,938,955,659,976,545,747,815
myoc,4,0,0,2,1,1,1,1,7,1,3,11
myocd,1,0,3,3,1,1,4,1,6,4,4,2
myod1,0,0,0,0,0,0,0,0,0,0,0,1
myof,472,187,489,215,677,263,592,218,571,194,493,342
myog,0,0,0,0,0,0,0,0,0,0,0,1
myom1,29,46,42,35,34,37,26,35,39,19,32,157
myom2,15,9,20,16,11,22,8,17,15,15,15,28
myom3,22,10,15,9,9,6,11,6,10,5,7,28
myot,1,2,15,0,0,3,0,0,0,0,0,114
myoz1,4,1,7,1,1,3,0,1,0,0,0,74
myoz2,0,1,4,2,1,3,2,1,1,2,1,58
myoz3,0,0,0,0,0,0,0,0,0,0,0,1
mypn,1,1,2,0,2,5,1,5,0,0,1,20
mypop,38,25,25,12,31,24,22,22,25,14,23,20
myrf,250,274,281,251,289,285,348,274,380,243,240,503
myrip,8,7,2,7,8,14,4,9,29,3,21,5
mysm1,607,620,725,534,632,706,545,516,698,587,615,552
myt1,1,0,0,1,2,0,1,0,0,0,1,0
myt1l,0,0,0,0,0,0,1,0,0,0,0,0
myzap,65,39,70,46,68,32,42,26,60,28,68,38
mzb1,32,13,22,8,27,11,38,62,14,35,29,61
mzf1,28,23,27,25,22,39,27,18,22,24,21,20
mzt1,389,396,543,376,561,482,454,378,471,405,493,437
n4bp1,343,322,385,348,493,414,349,328,436,286,369,345
n4bp2,835,928,1178,908,1139,1082,968,779,926,806,964,1006
n4bp2l1,749,847,733,657,1229,655,886,741,1254,759,1220,558
n4bp2l2,1533,1658,1762,1431,1801,1899,1520,1519,1475,1679,1374,1512
n4bp3,61,48,67,39,93,50,60,70,58,55,44,65
naa10,394,519,574,443,557,508,488,449,456,430,408,418
naa11,0,0,0,0,0,0,0,0,0,0,0,0
naa15,706,672,833,735,913,781,797,718,825,683,725,885
naa16,184,199,225,176,253,229,225,201,227,171,223,185
naa20,318,422,418,290,467,399,376,380,392,329,403,347
naa25,608,651,762,629,731,767,687,624,648,637,534,546
naa30,600,689,787,670,813,767,674,626,735,674,623,684
naa35,521,518,655,441,562,523,564,482,598,548,533,571
naa38,450,428,489,335,483,419,368,398,420,408,348,387
naa40,228,209,247,218,263,266,229,186,240,184,179,199
naa50,1551,1697,1890,1801,2204,2071,1798,1575,1858,1644,1739,1654
naa60,857,1361,1134,1241,1669,1186,1347,979,1408,828,1224,1050
naaa,188,108,179,107,207,135,170,120,157,103,148,161
naalad2,63,56,77,48,79,45,67,44,101,48,81,77
naaladl1,0,3,0,2,1,4,1,0,1,0,32,1
naaladl2,354,223,470,306,635,314,517,330,636,414,547,377
nab1,1596,1788,2039,1472,2256,2002,1903,1729,1966,1813,1773,1547
nab2,359,295,453,206,374,378,342,295,364,273,269,348
nabp1,770,637,814,566,758,801,635,647,694,541,589,493
nabp2,285,365,406,275,440,315,304,287,313,236,282,281
naca,5186,5760,6948,4966,6768,5882,5431,5085,5801,5914,5155,4800
nacad,11,6,15,11,16,13,15,8,8,5,11,10
nacc1,430,436,419,395,625,464,400,347,430,268,319,389
nacc2,506,498,611,491,568,558,515,495,475,477,435,566
nadk,3855,4165,4984,3267,5692,4182,3927,3550,4259,3294,3968,3090
nadk2,3905,4341,4859,3773,5201,4441,4147,4194,4229,4515,4404,4304
nadsyn1,466,549,665,498,725,616,612,555,629,474,585,505
nae1,677,676,823,576,796,787,641,676,680,758,607,651
naf1,82,88,86,68,90,69,79,73,77,59,86,89
naga,498,434,650,448,698,501,553,417,675,379,510,470
nagk,308,256,418,241,468,281,324,226,286,239,317,237
naglu,513,549,681,423,801,506,531,478,591,373,487,530
nagpa,248,317,345,235,381,334,297,222,297,213,284,248
nags,1154,1344,1253,1180,1659,1571,1239,1111,1206,971,937,1170
naif1,83,62,76,76,80,95,76,73,84,61,78,51
nalcn,0,1,3,1,1,6,6,2,5,1,5,4
nampt,1540,2332,2236,2210,3975,2329,4004,1946,3352,1777,3301,1432
nanog,4,8,3,6,11,12,12,3,3,4,2,3
nanos1,5,10,17,15,16,19,11,21,24,9,30,5
nanos2,0,0,0,0,0,0,0,0,0,0,0,0
nanos3,0,0,1,0,0,0,0,0,4,0,1,0
nanp,39,113,94,75,132,129,37,56,113,0,133,76
nans,404,330,377,266,366,341,263,253,291,213,253,271
nap1l1,1129,1142,1334,1129,1537,1320,1353,1093,1279,1052,1333,1050
nap1l2,0,0,0,0,2,2,3,1,3,1,0,0
nap1l3,44,30,62,24,44,38,39,27,38,14,40,16
nap1l4,889,1023,1114,826,1168,1102,985,834,940,892,879,823
nap1l5,8,4,9,2,7,1,6,7,9,9,16,9
napa,931,1125,1061,886,1352,1055,1017,1001,1048,862,888,949
napb,49,84,91,65,79,100,72,64,87,69,66,63
napepld,24,34,36,25,52,40,30,18,26,32,30,33
napg,427,498,596,400,549,546,448,421,427,441,453,400
naprt,1592,1762,1400,1379,1728,1665,1405,1389,1375,1239,1274,1370
napsa,73,32,69,26,80,24,55,48,47,30,48,25
narf,1409,1897,1917,1820,2323,2053,1717,1629,1822,1491,1628,1230
nars2,467,740,583,572,585,610,433,570,478,596,485,650
nasp,491,602,635,560,614,649,546,572,600,593,517,432
nat1,39,36,36,26,35,49,33,49,38,54,21,43
nat10,327,363,409,279,347,430,343,320,351,294,278,354
nat14,11,7,7,6,12,8,8,5,10,5,9,5
nat2,518,614,697,483,614,632,471,515,659,601,538,542
nat8,432,717,662,398,821,512,656,965,655,733,514,795
nat8l,12,6,10,3,11,1,6,7,7,7,6,5
nat9,527,596,574,456,661,542,461,460,456,493,426,464
natd1,108,103,141,77,177,115,122,85,159,73,108,113
nav1,173,138,192,105,243,139,249,92,231,100,230,205
nav2,394,409,527,496,423,628,425,669,483,547,384,1493
nav3,9,8,6,4,6,10,9,7,9,8,9,14
nbas,1026,1275,1261,851,1064,1174,827,871,812,746,855,908
nbea,167,128,188,132,185,142,160,115,193,123,224,139
nbeal1,2154,2222,2634,2425,2678,2718,2483,2221,2615,2394,2308,2457
nbeal2,183,141,177,128,212,181,171,137,225,97,148,219
nbl1,71,49,64,57,98,55,86,36,87,41,86,98
nbn,482,502,589,532,621,621,531,526,532,629,503,509
nbr1,6155,7080,7742,6325,7535,8071,6145,5827,6282,6179,5996,5971
ncald,352,392,358,216,378,331,226,270,169,344,251,278
ncam1,65,31,90,25,83,41,109,35,115,54,117,74
ncam2,139,80,244,56,251,86,201,196,198,172,198,185
ncan,5,7,8,5,6,10,10,10,7,2,3,9
ncapd2,7924,3129,8905,3048,9388,3360,7462,3547,8601,3186,8431,3038
ncapd3,287,328,370,276,411,333,314,330,359,281,366,326
ncapg,20,8,45,20,51,17,20,37,29,11,45,29
ncapg2,179,81,182,94,219,64,146,91,162,68,138,96
ncaph,21,22,48,24,46,19,14,15,44,12,26,26
ncaph2,1237,1384,1488,1249,1595,1471,1248,1137,1293,1041,1187,1233
ncbp1,666,722,683,609,659,844,604,555,540,530,489,541
ncbp2,376,450,511,377,469,484,370,310,366,359,334,342
ncbp3,477,543,596,495,553,584,484,492,530,496,491,512
nccrp1,0,1,2,1,0,2,0,0,0,0,0,0
ncdn,132,166,161,184,230,206,175,129,198,89,167,163
nceh1,525,697,891,903,1132,980,890,594,729,766,816,664
ncf1,423,153,377,220,576,210,420,227,379,179,291,264
ncf2,385,205,342,186,474,250,335,164,329,198,259,247
ncf4,143,38,117,51,175,60,107,64,108,45,64,46
nck1,723,552,686,557,883,705,613,598,644,641,593,610
nck2,91,68,96,77,148,74,92,43,131,58,131,66
nckap1,2854,3072,3349,2857,3499,3512,2736,2715,2834,2880,2837,2921
nckap1l,881,384,902,420,1122,429,813,481,811,439,603,562
nckap5,31,41,40,32,42,39,53,41,45,36,58,50
nckap5l,14,15,17,8,32,15,25,6,27,9,19,10
nckipsd,77,79,85,51,124,78,69,55,85,64,57,75
ncl,2771,3416,3713,2984,3855,3624,3247,2587,3144,2630,3122,1780
ncln,691,844,854,747,1061,816,778,681,880,530,719,778
ncmap,1,13,3,6,4,5,6,10,6,14,6,23
ncoa1,417,445,428,413,546,449,438,418,448,338,409,539
ncoa2,1144,1181,1303,1078,1301,1245,1157,990,1162,856,1107,1268
ncoa3,796,785,1001,701,1139,885,885,705,923,574,790,801
ncoa4,6895,7873,7765,7583,7877,7621,6969,6149,6699,6631,8687,5647
ncoa5,211,202,232,155,255,195,151,169,168,151,140,163
ncoa6,254,264,313,271,340,286,356,224,369,227,278,393
ncoa7,124,75,90,66,149,77,110,68,106,98,141,90
ncor1,2111,2329,2658,2203,2627,2576,2258,1921,2427,2012,2371,2181
ncor2,234,250,216,195,255,238,285,204,342,132,225,472
ncr1,16,3,19,2,27,5,19,4,19,5,27,3
ncs1,8,6,12,8,21,12,10,2,12,5,19,10
ncstn,771,760,874,687,1091,823,810,679,901,616,867,724
ndc1,199,284,334,289,306,336,242,261,282,284,272,254
ndc80,16,13,29,13,26,14,14,17,13,12,18,9
nde1,362,383,337,335,440,439,348,300,345,289,327,326
ndel1,625,862,726,636,1088,777,776,706,928,663,959,611
ndfip1,2567,3165,3214,2986,3777,3021,3073,2910,3187,2996,2895,2896
ndfip2,840,789,969,748,1043,807,817,690,920,679,1114,729
ndn,11,21,21,23,28,11,30,25,13,20,22,28
ndnf,61,62,61,61,70,70,73,78,71,61,90,85
ndor1,202,199,211,205,235,235,214,188,215,170,187,187
ndp,0,3,3,0,3,2,3,2,2,1,3,1
ndrg1,472,319,360,292,453,261,358,208,513,244,445,291
ndrg2,25026,25205,29781,20070,31588,22953,24827,23065,26165,23821,23125,21953
ndrg3,271,376,414,339,417,334,355,265,415,274,392,288
ndrg4,10,13,10,8,11,7,16,4,11,4,18,13
ndst1,2427,2594,2875,2162,3007,2588,2523,2632,2805,2252,2041,3318
ndst2,333,369,405,322,358,356,387,289,379,269,326,354
ndst3,4,1,5,1,3,0,0,1,2,1,0,0
ndst4,18,21,27,13,14,27,16,21,16,14,20,16
ndufa1,1900,1768,2419,1643,2176,1683,1829,1625,1900,1637,1768,1500
ndufa10,2286,2809,3144,2243,3236,2731,2447,2149,2497,2387,2348,2206
ndufa11,729,932,970,811,1029,867,803,771,870,767,713,777
ndufa12,846,1191,1255,915,1242,1068,965,914,947,946,1009,932
ndufa13,2784,3214,3606,2708,3271,3132,2731,2773,2837,2742,2428,2716
ndufa2,1721,1868,2103,1607,2028,1810,1753,1917,1664,1905,1558,1800
ndufa3,1403,1751,1858,1404,1883,1630,1376,1405,1394,1588,1403,1419
ndufa5,831,1233,1400,1070,1250,1133,986,1074,1054,1190,1096,986
ndufa6,3289,3686,4206,2898,4032,3188,3321,3587,3535,3795,3330,3392
ndufa7,1678,1825,2031,1467,2052,1702,1477,1516,1687,1667,1427,1551
ndufa8,959,1273,1146,1075,1357,1232,942,921,923,891,921,950
ndufa9,2681,3087,3847,2669,3459,3111,2850,2704,3065,2989,2865,2635
ndufab1,957,1357,1344,1088,1344,1300,1111,1085,1096,1049,1063,1064
ndufaf1,589,661,740,509,683,659,608,530,568,647,527,554
ndufaf2,189,234,257,171,246,243,197,213,186,235,192,175
ndufaf3,247,270,296,219,304,237,229,220,183,233,184,228
ndufaf4,582,1002,1027,895,1240,1075,972,731,1048,773,902,582
ndufaf5,85,100,116,73,138,98,90,100,99,95,97,96
ndufaf6,194,318,251,266,315,277,229,219,286,255,268,191
ndufaf7,309,311,357,204,340,306,231,266,267,298,274,289
ndufb10,1636,2334,2204,1752,2524,2091,1841,1693,1837,1667,1748,1684
ndufb11,2687,3004,3245,2426,3017,2794,2643,2887,2778,2879,2486,2896
ndufb2,1315,1591,1732,1304,1570,1526,1279,1351,1316,1532,1407,1396
ndufb3,888,1320,1373,975,1131,1157,879,963,904,1190,971,939
ndufb4,883,960,1097,822,1112,818,861,873,973,951,857,885
ndufb5,1889,2237,2693,2009,2522,2131,1948,2012,2101,2160,2048,1944
ndufb6,1257,1567,1649,1255,1611,1497,1268,1191,1174,1432,1208,1213
ndufb7,945,1188,1226,973,1333,1173,1012,953,958,919,935,897
ndufb8,1855,2408,2412,1972,2579,2111,1756,1751,1908,1856,1883,1807
ndufb9,3477,4420,4543,3723,4698,4088,3422,3901,3592,4033,3619,3683
ndufc1,699,832,855,627,833,733,678,667,657,692,672,663
ndufc2,1196,1456,1643,1203,1609,1327,1273,1309,1428,1466,1367,1313
ndufs1,3484,4266,4900,3575,4680,4222,3773,3793,4196,4189,4147,3593
ndufs2,4167,4537,5043,3909,5309,4426,4188,3793,4355,3921,4245,3864
ndufs3,1886,2409,2599,2048,2795,2202,2076,1867,2223,1935,2073,1825
ndufs4,1667,1964,2158,1616,2217,1858,1756,1813,1926,1999,1922,1862
ndufs5,942,1163,1162,987,1158,1099,904,998,899,1076,853,963
ndufs6,1166,1496,1535,1232,1464,1302,1087,1189,1153,1238,1084,1181
ndufs7,931,1318,1284,994,1272,1029,976,941,1056,902,1001,993
ndufs8,1526,1874,1998,1389,1971,1707,1541,1526,1620,1546,1425,1593
ndufv1,2881,3662,4138,3135,3977,3488,3247,2871,3495,2702,2902,2694
ndufv2,1951,2334,2612,1855,2606,2095,2057,1918,2239,2271,2229,2025
ndufv3,1609,1741,1834,1376,1896,1579,1377,1449,1465,1510,1329,1508
neb,1176,1626,1634,1623,1502,1175,1422,1477,1206,1426,1756,2466
nebl,23,21,23,18,31,23,27,47,39,71,21,44
necab1,1501,1544,2004,994,1541,1400,1309,1564,1073,1593,1173,1757
necab2,0,0,3,5,4,2,0,2,0,2,1,4
necab3,2,6,2,3,1,2,6,4,2,4,3,4
necap1,605,816,752,810,869,975,677,690,795,675,693,682
necap2,244,121,243,172,276,178,245,145,251,136,215,169
nectin1,409,372,331,257,339,317,269,317,359,256,232,604
nectin2,774,912,1058,789,953,948,838,510,680,509,697,726
nectin3,1711,1476,1984,1383,1794,1549,1690,1554,1810,1799,1816,1590
nectin4,18,5,15,10,20,7,12,13,24,7,19,10
nedd1,606,637,696,568,626,651,559,619,704,683,654,630
nedd4,6714,7226,8198,6600,8792,7210,7418,6192,7947,6117,6895,6993
nedd4l,876,409,608,350,376,525,369,512,332,406,389,609
nedd8,1032,1094,1226,891,1191,1019,1010,1019,953,949,948,914
nedd9,368,153,341,154,416,197,315,203,295,177,297,209
nefh,2,2,5,10,8,12,8,8,3,5,3,2
nefm,1,0,1,0,0,3,4,2,1,0,6,0
negr1,6,1,2,6,7,4,3,5,4,3,2,1
neil1,93,110,125,82,110,101,108,112,91,92,88,95
neil2,15,19,10,22,13,14,10,6,19,16,19,16
neil3,32,29,51,28,37,32,41,38,44,21,52,42
nek1,377,376,523,419,451,555,437,309,411,327,431,317
nek10,0,0,0,1,0,2,0,0,1,0,18,2
nek11,6,8,8,7,7,11,13,13,13,6,7,6
nek2,73,51,93,125,79,105,61,48,71,55,63,52
nek3,34,32,28,29,44,25,24,32,37,26,42,29
nek4,233,230,243,187,244,259,176,209,166,244,163,225
nek5,2,4,4,5,6,7,10,4,6,2,8,8
nek6,1053,1073,1061,904,1006,1340,783,810,761,706,667,947
nek7,1547,1618,1941,1795,1865,1821,1649,1517,1721,1715,1585,1615
nek8,93,84,97,101,122,95,128,107,117,95,108,103
nek9,1327,1476,1635,1391,1897,1679,1488,1243,1469,1080,1415,1199
nelfa,158,146,133,142,184,157,161,122,151,121,126,124
nelfb,469,460,480,376,524,437,397,382,429,340,403,416
nelfcd,411,612,599,566,573,551,520,478,499,484,454,451
nelfe,365,465,429,361,475,416,356,350,344,343,321,365
nell1,1,0,0,1,0,0,0,0,1,0,0,1
nell2,1,1,1,0,0,0,0,1,0,1,2,1
nemf,1003,870,1122,1022,1049,1295,979,951,916,995,828,736
nenf,186,164,228,188,253,172,222,187,221,169,180,201
neo1,445,491,572,447,605,523,497,415,443,354,505,471
nes,85,110,133,92,190,114,106,91,157,77,98,100
net1,1222,1131,1186,853,972,1170,886,819,908,992,1037,968
neto1,0,1,2,1,2,3,0,4,3,3,3,1
neto2,38,29,26,20,12,12,14,8,23,22,23,20
neu1,780,853,956,727,964,881,819,701,948,596,762,762
neu2,28,49,27,26,53,38,35,35,25,24,30,27
neu3,106,91,92,61,89,99,76,76,87,57,84,70
neu4,1,0,0,0,0,1,0,0,0,0,0,1
neurl1b,33,23,39,20,61,43,34,31,32,21,67,34
neurl2,23,21,37,31,36,29,31,29,30,20,34,38
neurl3,371,237,390,190,461,261,337,204,363,173,491,238
neurl4,255,385,365,294,403,384,354,277,343,257,325,303
neurod1,0,0,0,1,1,0,1,1,2,2,1,0
neurod2,0,0,1,0,0,1,0,1,0,2,0,0
neurod4,0,0,0,0,2,0,0,0,0,0,0,0
neurod6,3,3,3,2,5,2,2,0,3,2,2,4
neurog1,0,0,0,0,0,0,0,0,0,0,0,0
neurog2,0,0,0,0,0,0,0,0,0,0,0,0
neurog3,0,0,0,0,0,0,0,0,0,0,0,0
nexn,47,37,49,19,50,44,35,28,40,31,55,42
nf1,1013,935,1170,985,1118,1092,1053,884,1134,905,974,1328
nf2,466,587,526,481,678,619,505,407,450,395,447,454
nfam1,258,114,218,107,334,149,203,105,192,86,140,123
nfasc,53,36,38,40,35,33,59,37,60,46,23,72
nfat5,475,448,532,471,514,463,586,414,701,423,610,666
nfatc1,147,162,162,143,186,185,153,139,200,126,138,192
nfatc2,15,8,17,8,24,15,16,12,25,3,15,32
nfatc2ip,39,30,39,38,37,52,32,40,54,26,37,46
nfatc3,674,713,888,648,862,764,731,692,808,656,673,774
nfatc4,23,9,17,12,16,13,20,9,21,4,12,14
nfe2,36,26,35,12,36,41,22,24,19,25,13,26
nfe2l1,1597,1563,1635,1554,2028,1910,1508,1530,1657,1497,1409,1543
nfe2l2,1354,1218,1316,939,1905,1262,1180,1286,1511,1595,1509,1339
nfe2l3,40,54,60,34,58,60,76,38,78,52,73,33
nfia,935,842,923,896,1228,900,1015,738,1095,704,928,1110
nfib,2257,2302,2552,1997,3044,2040,2722,1993,2809,2027,2583,2820
nfic,589,755,522,539,888,715,703,508,882,430,608,909
nfil3,440,258,208,159,204,257,269,149,190,158,229,207
nfix,584,778,676,679,891,713,719,623,903,520,740,947
nfkb1,671,582,737,515,938,638,615,501,630,446,636,584
nfkb2,264,129,251,137,316,163,196,149,188,101,158,143
nfkbia,979,1001,1151,971,1532,1078,941,871,1187,850,1029,660
nfkbib,239,222,241,176,283,257,198,160,222,146,177,201
nfkbid,15,12,18,9,23,14,18,23,27,9,11,19
nfkbie,90,46,90,48,138,74,70,57,70,42,60,66
nfkbil1,95,93,115,82,114,98,106,82,136,66,120,94
nfkbiz,350,248,255,223,333,297,281,282,365,220,378,277
nfrkb,236,262,275,222,322,302,301,215,292,238,287,268
nfs1,1348,1595,1779,1254,1768,1520,1561,1337,1460,1411,1391,1240
nfu1,453,508,542,378,511,492,438,452,463,473,399,430
nfx1,1063,1313,1593,1279,1383,1326,1271,1264,1657,1257,1288,1340
nfxl1,361,270,357,454,555,587,370,359,424,371,351,315
nfya,195,188,208,148,265,200,187,145,200,133,179,181
nfyb,674,632,718,542,854,809,767,667,689,809,618,620
nfyc,352,441,438,413,440,461,406,389,437,362,413,389
ngb,3,1,6,2,4,1,5,4,0,5,3,5
ngdn,340,412,498,409,486,562,369,463,363,454,376,371
ngef,531,1006,825,604,1308,570,1067,596,1268,510,1066,533
ngf,45,52,45,25,62,34,52,36,56,27,42,31
ngfr,120,87,122,77,119,66,77,75,72,85,53,102
ngly1,1217,1246,1485,1159,1326,1368,1118,1261,1212,1499,1158,1263
ngrn,340,384,455,319,454,452,361,257,339,294,320,299
nhej1,65,58,77,59,63,84,53,59,61,52,38,74
nhlh1,0,0,0,0,0,1,0,0,0,0,0,0
nhlh2,10,4,6,7,0,5,4,9,0,4,3,2
nhlrc1,12,18,32,15,26,24,17,20,13,13,10,25
nhlrc2,415,616,648,516,1015,574,741,486,911,541,838,473
nhlrc3,439,488,633,433,617,556,464,445,573,464,467,492
nhlrc4,3,3,9,2,3,4,2,4,5,2,3,6
nhp2,277,479,427,363,375,449,333,300,317,333,255,293
nhs,14,6,4,6,11,4,12,5,15,5,23,3
nhsl1,194,120,141,133,150,194,153,122,168,81,184,192
nhsl2,118,50,91,57,113,54,102,48,105,41,89,101
nicn1,277,288,270,190,307,292,220,244,205,276,181,282
nid1,827,484,741,401,999,517,721,323,728,327,764,465
nid2,166,103,182,106,195,120,174,152,169,88,154,174
nif3l1,394,393,398,329,413,483,364,335,274,335,321,336
nifk,558,645,663,607,734,883,611,618,597,618,470,503
nim1k,86,30,95,65,58,112,52,65,77,58,78,66
nin,293,146,348,168,365,190,279,168,280,159,241,248
ninj1,1784,1844,1932,1372,2067,1677,1642,1655,1683,1435,1283,1659
ninj2,0,0,0,0,0,0,0,0,0,0,0,0
ninl,53,40,47,33,47,38,47,27,56,28,44,34
nip7,348,408,443,393,532,545,414,356,420,454,381,352
nipa1,106,74,116,46,147,74,107,53,94,37,68,64
nipa2,670,726,831,746,843,1094,699,735,710,801,641,701
nipal1,210,107,7,139,143,205,37,93,144,132,248,57
nipal2,9,13,3,9,4,13,13,7,41,1,26,5
nipal3,239,233,281,194,260,258,193,187,214,159,213,216
nipal4,6,11,8,3,5,10,7,6,9,8,14,2
nipbl,1561,1418,1740,1426,1897,1537,1618,1353,1781,1325,1664,1650
nipsnap1,4053,4844,5312,3845,5548,4783,4087,4618,4040,5070,3822,4544
nipsnap3a,0,0,0,0,0,0,0,0,0,0,0,0
nipsnap3b,1507,1267,1731,1185,1620,1514,1383,1400,1393,1437,1346,1457
nisch,1595,1831,1751,1542,1776,1763,1699,1371,1706,1180,1561,1702
nit1,1686,2031,2086,1582,2232,1826,1621,1523,1501,1501,1703,1552
nit2,3399,3434,4180,2501,4089,3193,3169,3602,3476,3993,3211,3578
nkain1,3,1,5,8,4,3,6,1,4,4,5,9
nkain2,6,7,6,11,15,10,11,7,5,11,8,11
nkain3,9,6,10,5,11,11,10,5,14,14,16,15
nkain4,40,30,46,45,67,38,105,30,79,30,33,77
nkap,255,322,348,244,325,317,275,254,242,270,260,280
nkapl,4,13,13,9,10,14,14,1,6,9,6,3
nkd1,69,92,92,97,127,119,86,104,88,80,79,95
nkd2,16,12,17,16,21,12,24,19,26,10,29,23
nkg7,17,10,16,10,27,10,16,23,36,17,18,11
nkiras1,286,363,357,361,346,446,328,402,290,364,281,344
nkiras2,360,322,435,300,506,323,327,256,356,226,352,264
nkpd1,0,0,0,0,0,0,1,0,0,0,0,1
nkrf,68,76,81,68,107,80,79,61,89,80,80,72
nktr,1215,1092,1348,1397,1466,1792,1268,1295,1515,1152,1278,1069
nkx1-2,4,8,2,4,5,8,3,2,2,4,4,5
nkx2-1,1,2,1,1,0,0,0,2,1,0,1,0
nkx2-2,0,0,0,1,0,1,0,0,1,0,1,1
nkx2-3,2,2,2,2,0,1,1,4,4,0,5,4
nkx2-4,1,0,0,0,0,0,0,1,0,0,0,1
nkx2-5,0,1,0,0,0,1,0,0,0,0,0,1
nkx2-6,9,16,11,5,27,12,4,27,11,15,3,24
nkx3-1,0,0,0,0,0,0,1,0,0,0,0,1
nkx3-2,0,0,0,0,0,0,0,0,0,0,1,0
nkx6-1,1,0,1,0,1,1,2,0,0,1,1,1
nkx6-2,2,0,1,0,0,0,1,2,2,0,1,0
nkx6-3,0,0,0,0,0,1,0,0,0,1,12,0
nle1,64,41,75,51,69,87,64,49,77,41,58,57
nlgn1,3,2,4,1,3,1,5,2,9,1,2,1
nlgn2,19,25,28,17,50,22,41,18,23,17,36,30
nlgn3,12,18,13,10,11,16,13,13,19,8,17,6
nlk,217,281,267,225,255,287,253,219,204,173,188,190
nln,613,712,751,619,891,780,659,682,763,776,664,765
nlrc3,22,23,34,16,33,20,35,25,53,21,41,26
nlrc4,48,28,59,32,83,39,51,38,52,29,128,41
nlrc5,509,464,663,482,502,574,565,619,684,462,582,551
nlrp10,15,8,7,11,10,5,12,10,7,10,6,11
nlrp12,528,959,361,1071,140,1059,289,369,158,509,203,380
nlrp14,0,0,0,0,0,0,0,0,0,0,0,0
nlrp2,0,0,0,1,1,1,0,0,0,0,1,1
nlrp3,50,20,54,17,45,34,34,27,33,26,32,43
nlrp5,4,1,1,0,4,1,4,2,9,1,4,0
nlrp6,1278,1697,1679,1297,1577,1405,1593,1316,1485,1099,1452,1393
nlrx1,188,180,176,165,215,187,160,180,131,130,133,210
nmb,2,8,6,8,6,7,12,6,8,9,6,13
nmbr,0,1,0,0,0,0,0,0,0,1,0,1
nmd3,531,700,744,645,768,820,704,609,773,671,686,657
nme1,957,1373,1213,1064,1032,1392,880,995,869,913,877,1066
nme2,4888,5617,5209,4768,5436,5964,4333,4721,4427,4691,4101,4744
nme3,349,271,371,245,404,274,306,278,339,274,296,266
nme4,48,55,40,31,62,40,43,47,51,23,46,39
nme5,3,1,1,0,3,2,2,2,6,1,4,0
nme6,310,284,294,271,340,491,232,211,234,200,214,187
nme7,197,154,241,186,179,217,204,166,208,198,219,200
nme8,0,0,0,0,0,0,0,0,0,1,0,0
nme9,1,0,0,1,1,0,1,0,2,0,1,2
nmi,490,559,617,374,570,582,398,454,407,545,475,441
nmnat1,297,354,411,322,442,365,345,287,355,284,318,252
nmnat2,15,14,8,13,9,13,8,9,15,10,17,9
nmnat3,107,148,219,132,220,147,169,141,186,158,160,169
nmral1,180,223,178,133,173,222,150,180,143,154,127,146
nmrk1,233,872,513,545,856,621,780,299,738,293,754,226
nmrk2,6,7,9,5,23,17,4,8,10,7,10,16
nms,0,0,0,0,0,0,0,0,0,0,0,0
nmt1,1387,1658,1634,1256,1670,1546,1311,1265,1287,1249,1222,1235
nmt2,496,532,638,553,691,592,580,515,590,595,571,448
nmu,0,0,0,0,0,0,0,0,0,0,1,0
nmur1,0,0,0,0,0,0,0,0,0,0,0,1
nmur2,0,0,0,0,0,0,0,0,0,0,1,0
nnat,18,17,19,16,21,17,13,20,23,23,8,23
nnmt,3949,5263,2609,3945,2891,6215,3188,2214,2758,1895,2947,1926
nnt,2915,2513,3222,2411,3757,2775,3112,2207,3228,2227,2908,2386
noa1,117,163,123,134,176,161,148,87,179,91,118,115
nob1,104,139,141,120,136,130,131,118,125,91,124,110
nobox,0,0,0,0,0,0,0,1,0,0,0,1
noc2l,505,639,596,474,689,581,561,455,554,396,473,443
noc3l,197,227,231,214,270,275,227,177,214,182,210,186
noc4l,148,178,189,194,180,231,174,158,153,138,133,155
noct,3272,3637,3129,2707,3411,3688,3491,6426,4277,4647,4721,4817
nod1,331,266,377,274,486,309,331,241,347,232,304,259
nod2,17,15,29,13,13,19,25,12,19,10,30,17
nodal,15,14,11,13,4,24,2,7,10,3,5,10
nog,2,0,0,0,1,0,0,0,1,1,1,0
nol10,85,109,86,111,139,148,94,84,102,84,100,96
nol11,376,408,473,366,497,548,340,369,347,387,324,370
nol12,134,147,180,123,166,194,121,122,126,128,114,133
nol3,40,39,51,21,46,32,35,22,42,25,45,32
nol4,2,2,3,1,4,4,5,4,4,2,0,3
nol4l,35,22,44,27,49,23,42,32,46,13,57,37
nol6,304,342,362,327,435,422,319,263,257,216,224,304
nol7,729,774,765,612,813,745,664,740,635,864,639,719
nol8,428,446,597,525,663,699,457,388,473,461,407,363
nol9,248,369,337,404,404,492,300,278,304,244,237,259
nolc1,294,518,366,545,666,665,417,385,397,338,338,269
nom1,628,685,781,730,796,903,694,711,716,698,661,596
nomo1,612,804,703,689,841,841,670,580,723,533,687,724
nono,2065,2390,2717,2003,2590,2515,2118,2028,2137,2078,2023,1933
nop10,912,1102,1138,849,1141,1003,836,901,830,944,832,884
nop14,305,358,335,307,391,429,312,282,300,271,250,249
nop16,464,579,456,449,457,621,409,399,357,416,338,351
nop2,256,392,355,411,524,517,428,308,394,268,307,274
nop56,372,552,531,527,620,713,500,479,507,449,437,379
nop58,425,632,573,674,719,981,586,529,474,599,472,399
nop9,365,455,480,476,554,538,434,393,421,392,349,397
nos1,8,4,12,4,10,8,13,3,11,4,10,11
nos1ap,73,55,57,33,32,58,33,34,42,30,44,51
nos2,3,1,3,0,2,4,2,5,2,1,1,3
nos3,72,70,93,65,125,90,97,67,77,45,82,47
nosip,303,310,410,316,416,364,326,316,341,332,309,373
nostrin,564,560,618,448,677,613,536,534,455,572,536,522
notch1,617,498,417,417,713,504,539,415,630,395,510,684
notch2,1752,1567,1951,1480,2424,1729,2008,1698,1986,1320,1552,2270
notch3,99,58,54,47,96,50,68,36,66,21,65,45
notch4,99,79,60,62,82,71,62,68,84,34,74,70
noto,0,0,0,0,0,0,0,0,0,0,0,0
notum,414,620,534,707,649,651,566,546,690,446,582,403
nova1,1,2,2,3,6,3,4,4,7,1,3,12
nova2,17,14,7,10,25,11,8,5,19,13,17,15
nox1,0,3,1,3,2,2,1,3,4,4,3,2
nox3,0,0,0,0,0,0,0,0,0,0,0,0
nox4,1156,1513,1849,1544,1570,1537,1548,1473,1704,1725,1546,1789
noxa1,19,34,18,12,15,22,15,12,11,20,22,13
noxo1,13,8,15,2,13,12,5,10,8,5,29,13
noxred1,3,6,0,1,5,5,3,4,8,0,2,3
npas1,4,2,6,1,3,0,0,0,2,3,1,5
npas2,29,10,8,4,6,9,7,7,3,22,9,22
npas3,3,1,3,4,5,2,5,2,3,1,1,3
npas4,0,0,0,0,0,0,0,0,0,0,0,0
npat,300,287,406,270,330,331,331,247,394,232,313,298
npb,6,5,10,3,11,9,7,5,14,1,5,7
npbwr1,4,3,5,2,1,3,6,5,3,6,8,2
npc1,2238,2931,3495,2912,3482,3065,2896,2703,3871,2654,3359,3245
npc1l1,1,0,0,5,0,0,0,0,1,1,178,1
npc2,1939,1655,2427,1419,2916,1728,2115,1677,2162,1548,1890,1564
npdc1,71,66,57,64,77,70,72,45,102,33,80,57
npepl1,756,724,814,604,1025,735,822,693,874,594,718,739
npepps,367,377,406,360,456,419,435,307,480,326,416,451
npff,6,5,5,3,6,6,5,6,10,2,7,7
npffr1,12,11,29,25,19,21,28,8,25,17,17,13
npffr2,0,0,0,0,0,0,0,0,0,0,0,0
nphp1,111,77,168,88,156,89,120,65,126,48,125,70
nphp3,148,159,174,129,211,191,155,112,167,125,162,141
nphp4,2,1,3,1,1,0,1,0,1,1,1,1
nphs1,4,18,2,40,5,26,15,8,107,6,4,6
nphs2,0,1,0,0,1,2,1,0,0,0,0,2
npl,66,48,76,56,104,54,69,67,78,50,64,77
nploc4,1352,1700,1662,1751,1820,2061,1423,1555,1469,1315,1269,1554
npm1,3758,3601,5285,3617,4746,3806,3913,3368,4357,3855,4168,3135
npm2,2,1,0,2,1,1,0,2,2,0,0,0
npm3,280,287,298,276,338,329,288,269,263,270,246,207
npnt,8,2,5,5,5,3,8,6,9,18,16,8
nppa,0,0,0,0,1,0,1,0,0,0,0,0
nppb,0,0,0,0,0,1,0,0,0,0,0,0
nppc,0,0,1,0,0,0,0,0,1,0,1,0
npr1,312,362,311,254,450,244,294,201,325,190,306,291
npr2,165,692,229,701,270,712,222,899,267,734,269,866
npr3,119,101,144,87,217,119,123,59,162,64,173,74
nprl2,253,329,326,238,305,336,264,266,259,284,235,254
nprl3,215,239,254,210,253,275,240,201,261,188,207,199
nps,0,0,0,0,0,0,1,0,0,0,0,0
npsr1,0,0,0,0,0,0,0,0,0,0,0,0
nptn,1165,1106,1481,1060,1703,1196,1423,1031,1462,1023,1390,1105
nptx1,2,3,2,1,8,4,9,1,5,4,1,2
nptx2,0,0,0,2,0,1,1,1,2,0,0,1
nptxr,11,5,19,8,15,9,12,7,8,3,15,13
npvf,0,0,0,0,0,0,0,0,0,0,0,0
npw,0,0,0,1,0,1,0,0,1,0,0,0
npy,0,0,3,1,0,1,1,0,7,3,2,3
npy1r,12,19,12,13,24,20,24,18,29,23,33,19
npy2r,0,0,0,2,0,0,0,0,0,0,0,0
npy4r,2,0,0,0,0,0,0,0,3,0,2,3
npy5r,0,0,0,0,0,0,0,0,0,0,0,0
nqo1,113,126,160,110,205,98,131,155,138,155,239,89
nqo2,2671,3181,3704,2201,3532,2928,2643,3034,3313,3567,2892,2969
nr0b1,0,0,0,0,0,0,0,0,0,0,0,0
nr0b2,965,671,400,302,1150,579,405,579,591,723,485,408
nr1d1,646,434,788,413,409,600,345,518,480,580,469,1075
nr1d2,2238,3634,4017,3122,4459,3362,3916,3111,4760,3389,4638,2937
nr1h2,418,378,543,423,595,435,454,421,515,376,407,409
nr1h3,2232,2700,2586,1973,3026,2414,2151,1891,1867,1798,1648,1926
nr1h4,2065,3304,2763,3365,4085,3548,3292,2643,3470,3068,3003,2587
nr1i2,1349,1564,983,1235,1747,1239,1263,1163,1338,1222,1440,952
nr1i3,616,3005,794,3013,1551,2373,1290,1673,2185,2498,2010,1481
nr2c1,277,346,317,221,337,345,289,286,311,298,267,326
nr2c2,735,786,994,833,984,853,801,714,1034,786,986,969
nr2c2ap,82,82,83,78,111,125,79,95,84,58,69,71
nr2e1,2,0,0,0,0,0,0,1,1,1,0,1
nr2f1,12,5,22,14,17,13,8,5,17,9,12,15
nr2f2,437,484,571,467,624,441,551,391,596,436,587,600
nr2f6,1371,1256,1469,1189,1349,1192,1130,1185,1248,1094,1025,1306
nr3c1,3021,2928,4140,2536,3604,3059,3433,3117,3460,2981,3264,3214
nr3c2,341,694,797,715,682,623,628,635,649,508,650,566
nr4a1,64,73,33,30,54,24,40,71,59,65,70,86
nr4a2,6,16,10,10,6,10,10,14,16,10,11,7
nr4a3,6,3,1,5,6,8,6,3,15,6,7,13
nr5a1,0,0,0,0,1,0,0,0,0,0,0,0
nr5a2,1731,1616,1883,1382,1950,1694,1465,1652,1774,1726,1703,1745
nr6a1,217,314,249,165,171,216,187,206,218,241,210,241
nrap,8,3,15,4,11,11,5,2,10,5,7,141
nrarp,21,18,28,17,38,21,34,29,35,18,30,20
nras,745,743,966,682,1021,915,795,614,821,708,753,599
nrbf2,431,375,350,333,455,476,327,326,309,425,315,372
nrbp1,1381,1159,1545,1224,1499,1413,1167,1098,1295,1138,1144,1111
nrbp2,361,390,354,408,355,471,414,315,463,272,387,336
nrcam,7,4,5,4,4,8,10,5,3,4,6,5
nrde2,247,236,340,248,303,356,288,206,215,247,238,249
nrep,184,728,1015,636,1351,695,1437,230,622,251,750,194
nrf1,257,233,324,256,315,342,239,268,273,225,259,225
nrg1,45,17,33,13,28,17,29,9,28,19,34,13
nrg2,4,5,7,2,4,10,4,6,4,2,9,16
nrg3,2,3,8,2,2,5,5,5,3,3,3,5
nrg4,185,376,238,334,565,300,414,200,510,169,497,133
nrgn,13,8,19,3,7,10,7,4,8,4,12,5
nrip1,493,481,605,418,723,448,526,443,585,468,612,610
nrip2,16,22,16,8,7,29,22,13,22,10,13,9
nrip3,3,3,5,9,4,4,4,6,3,7,5,10
nrk,3,6,2,3,6,4,5,1,2,2,4,4
nrl,1,0,1,0,0,0,0,1,0,0,1,2
nrm,17,16,36,18,34,27,28,11,31,8,22,23
nrn1,5803,5224,7786,4788,8055,5120,6956,5943,7784,5948,6095,4547
nrn1l,0,0,3,0,0,0,0,1,1,0,2,0
nrp1,2514,2591,3840,2151,3428,3471,2609,2386,2143,2356,2205,2465
nrp2,520,545,580,409,744,577,547,434,632,446,568,636
nrros,309,165,279,175,400,213,250,173,323,145,253,180
nrsn1,0,0,0,0,0,0,0,0,0,0,0,0
nrsn2,0,0,0,0,0,1,0,0,0,0,0,1
nrtn,7,8,8,11,10,5,19,14,24,8,10,11
nrxn1,227,217,201,184,324,217,221,206,213,177,250,213
nrxn2,31,21,23,31,41,23,23,21,42,18,32,41
nrxn3,19,6,14,10,24,11,15,6,9,8,13,9
nsa2,2231,2041,2591,1701,2500,1992,2096,1854,2097,2041,2039,1821
nsd1,2353,2576,2960,2446,3129,2840,2801,2443,2840,2266,2486,2502
nsdhl,1469,1881,1514,1164,1563,1895,860,1582,1146,1583,1026,1734
nsf,489,444,554,381,631,463,460,367,438,372,434,426
nsfl1c,1045,1206,1135,898,1062,1259,891,1104,845,1128,870,1025
nsg1,25,28,20,23,32,27,35,25,30,20,36,34
nsg2,3,3,6,1,9,2,4,5,9,2,12,6
nsl1,21,21,35,16,26,30,29,18,18,14,21,10
nsmaf,636,650,778,587,797,716,654,594,760,586,646,650
nsmce1,312,297,376,271,350,287,249,284,270,284,267,295
nsmce2,173,199,218,175,216,208,186,174,170,183,208,185
nsmce4a,774,922,1043,770,1013,877,842,814,932,869,939,791
nsmf,1602,1626,2007,1282,1613,1801,1356,1804,1307,1407,1156,1844
nsrp1,265,306,324,293,325,384,279,261,254,312,278,217
nsun2,1947,2745,2396,2110,2527,2536,2068,1938,2030,1837,2103,1753
nsun3,328,366,360,277,342,398,273,281,245,312,289,330
nsun4,382,451,471,436,481,534,479,362,406,389,387,373
nsun5,166,204,166,204,216,209,185,141,200,150,137,134
nsun6,94,101,163,86,112,100,86,100,99,108,107,105
nsun7,12,25,17,13,18,18,16,19,24,17,25,20
nt5c,370,356,425,318,436,406,434,338,415,345,437,328
nt5c1a,1,0,0,1,0,1,1,0,0,0,1,1
nt5c1b,0,0,0,2,0,0,1,0,0,0,0,0
nt5c2,360,321,375,278,467,351,375,274,392,320,389,289
nt5c3b,113,72,84,47,111,64,79,57,92,43,101,40
nt5dc1,430,518,620,430,567,571,500,469,440,483,450,458
nt5dc2,52,78,49,80,97,68,75,58,88,67,59,56
nt5dc3,284,286,323,311,347,322,297,217,365,209,248,261
nt5e,177,168,87,157,143,147,111,205,117,268,146,158
nt5m,131,160,165,159,183,152,130,106,131,81,112,131
ntan1,347,355,451,233,439,386,376,339,341,321,402,268
ntf3,17,9,14,10,16,11,14,9,12,9,23,12
nthl1,91,113,101,75,104,107,98,78,72,93,68,77
ntm,19,51,21,43,29,30,33,33,25,43,29,40
ntmt1,143,144,194,128,217,174,160,124,153,121,153,123
ntn1,275,338,265,303,408,253,319,244,427,247,376,303
ntn4,487,309,350,252,416,232,262,196,260,194,272,276
ntn5,0,0,0,1,0,0,0,0,0,0,0,1
ntng1,1,1,0,0,0,0,1,0,1,0,0,2
ntng2,44,45,42,40,53,41,63,28,57,30,47,40
ntpcr,174,152,125,96,170,99,147,101,125,111,100,106
ntrk1,3,5,3,13,4,9,11,13,5,25,6,18
ntrk2,102,16,83,15,152,28,77,81,74,135,96,97
ntrk3,26,37,42,22,25,45,37,28,38,35,55,44
nts,10,2,11,1,8,1,1,2,9,3,7,6
ntsr1,0,0,0,0,0,0,0,0,0,0,1,0
ntsr2,0,0,0,0,0,0,0,0,0,0,0,0
nuak1,96,108,118,58,103,106,83,78,109,56,93,71
nuak2,129,251,246,182,306,322,218,168,203,154,151,193
nub1,821,868,1053,781,1016,1047,818,723,806,685,766,739
nubp1,443,432,476,397,527,467,388,385,364,392,392,376
nubp2,427,457,519,380,491,519,452,366,363,369,310,363
nubpl,284,335,394,265,399,319,299,315,318,321,315,303
nucb1,2314,2619,2327,2048,2760,2322,2177,2067,2195,1755,2055,2084
nucb2,259,331,206,271,150,306,163,114,456,64,126,111
nucks1,2491,3832,2966,3358,3362,3784,2631,2568,2502,2624,2262,2370
nudc,833,1162,1072,877,1096,1104,884,809,822,804,729,707
nudcd1,516,624,640,659,661,790,585,561,533,621,500,558
nudcd2,671,648,782,538,772,695,678,567,584,612,594,533
nudcd3,505,568,689,554,757,619,551,510,606,513,581,542
nudt1,321,329,381,235,340,320,266,294,201,334,229,320
nudt10,0,0,0,1,0,1,0,2,0,1,0,0
nudt11,3,3,1,5,2,7,1,8,0,2,3,4
nudt12,1416,1971,1934,1815,2002,2213,1707,1714,1595,2113,1574,1588
nudt13,154,175,209,117,190,170,160,142,157,138,139,162
nudt14,152,188,152,143,227,140,177,141,205,184,154,160
nudt15,33,46,53,22,46,53,40,36,36,37,37,47
nudt16,230,269,282,214,270,235,203,221,245,195,281,214
nudt16l1,295,268,308,221,268,261,213,260,246,213,198,240
nudt17,9,2,4,5,10,2,5,8,4,6,2,11
nudt18,104,91,100,75,106,125,93,80,93,78,98,106
nudt19,811,1045,980,839,1195,995,914,968,1077,1043,862,850
nudt2,291,327,393,251,369,283,293,285,285,347,294,281
nudt21,541,536,660,450,661,701,567,528,555,512,547,482
nudt22,194,205,203,171,232,253,198,161,192,121,162,154
nudt3,435,517,516,483,692,490,505,411,605,327,514,379
nudt4,3821,3495,4322,2904,3652,3536,2777,2895,3152,3164,3148,3476
nudt5,572,764,708,532,589,726,513,524,476,536,568,437
nudt6,104,105,120,84,133,84,93,91,99,91,116,86
nudt7,13478,25546,28590,17815,18839,27354,21624,19085,14064,19165,13113,18211
nudt8,246,316,291,289,381,321,330,250,306,261,234,258
nudt9,561,582,655,486,664,601,483,555,542,521,486,538
nuf2,14,12,32,31,35,15,17,24,22,14,17,23
nufip1,237,265,292,281,307,343,231,224,246,213,229,227
nufip2,1187,1419,1594,1297,1664,1523,1391,1313,1530,1429,1298,1115
nuggc,6,5,4,2,7,6,3,13,0,2,4,2
numa1,1351,1232,1578,1166,1628,1378,1406,1237,1520,1075,1345,1559
numb,677,738,726,659,883,756,689,629,651,587,741,693
numbl,30,32,36,31,54,23,50,22,59,28,52,27
nup107,157,159,171,120,173,188,138,145,150,155,126,134
nup133,316,336,379,311,403,368,327,274,369,287,335,328
nup153,730,865,1026,842,1008,929,834,816,871,741,834,806
nup155,649,892,951,795,897,1024,761,825,719,766,701,777
nup160,261,309,351,269,322,339,336,241,290,276,277,281
nup188,192,200,219,152,274,215,250,142,232,126,176,205
nup205,483,568,654,426,611,611,509,525,474,495,445,507
nup210,363,466,406,450,533,496,393,454,385,294,340,565
nup210l,15,6,13,7,14,14,18,5,10,9,11,12
nup214,228,259,310,231,331,321,278,231,271,237,252,316
nup35,143,134,145,132,173,198,107,124,123,140,96,114
nup37,142,148,212,110,193,146,166,137,142,123,154,129
nup43,107,87,140,91,95,112,75,99,103,122,82,96
nup50,699,850,955,885,1255,1059,850,744,1008,703,847,645
nup54,418,512,529,397,448,519,475,565,510,581,439,481
nup62,147,209,151,149,188,213,136,141,140,117,142,155
nup62cl,3,10,5,16,1,12,9,10,21,6,5,4
nup85,317,420,425,356,436,451,365,312,323,340,349,368
nup88,701,923,997,839,934,965,899,854,915,783,836,842
nup93,119,95,109,121,153,153,126,94,113,91,78,131
nup98,901,914,1163,948,1166,1196,889,872,915,791,861,984
nupr1,83,338,130,837,121,450,324,272,1977,52,115,134
nus1,893,1063,1001,867,1254,1237,938,805,869,784,983,727
nusap1,86,38,89,54,74,39,42,39,53,31,66,34
nutf2,66,89,89,48,123,72,76,61,77,74,100,61
nutm1,0,0,0,0,0,0,1,0,0,0,0,0
nvl,588,613,703,565,690,814,599,609,628,552,558,585
nwd1,9,9,10,6,4,7,14,5,5,1,7,6
nwd2,4,6,14,8,6,11,7,10,6,10,9,8
nxf1,1140,1174,1337,1157,1348,1380,1173,1148,1403,1054,1034,1025
nxf2,0,0,1,1,0,1,0,0,0,0,0,3
nxf3,0,0,0,0,0,0,0,0,0,0,1,0
nxn,62,52,78,52,86,50,74,28,92,38,60,62
nxnl1,3,0,2,2,4,4,5,5,5,1,2,6
nxnl2,0,0,5,5,5,3,2,2,3,1,4,2
nxpe2,57,525,69,464,56,517,50,594,54,653,44,673
nxpe3,24,10,26,17,27,12,32,20,28,18,30,29
nxpe4,54,52,67,53,77,48,39,49,61,44,41,44
nxph1,4,0,4,2,7,4,7,8,8,10,6,14
nxph2,0,1,0,2,0,5,2,0,3,0,0,0
nxph3,0,1,5,1,2,2,0,1,0,2,6,0
nxph4,0,0,0,0,1,0,0,0,0,0,0,0
nxt1,133,148,188,157,183,177,145,156,151,158,113,150
nxt2,650,701,863,644,830,801,702,770,715,947,671,857
nyap1,3,4,6,2,1,6,2,4,6,1,7,1
nyap2,3,4,4,1,2,3,1,3,3,2,7,2
nynrin,88,62,79,72,159,79,112,49,114,43,87,80
nyx,19,19,16,15,12,25,13,18,17,16,13,22
oaf,5659,5475,6116,4354,7742,5879,5014,5081,7023,4180,6121,4925
oard1,467,470,597,459,526,448,435,398,485,528,479,429
oas2,82,38,79,37,80,57,69,53,59,43,65,38
oas3,94,61,91,63,128,110,98,72,79,65,103,36
oat,4015,35830,7080,26628,10184,37114,6763,28938,6947,37987,7525,24682
oaz1,5040,5430,5841,4686,6212,5227,4732,4686,4853,4793,4266,4777
oaz2,507,569,578,471,686,531,496,537,568,490,476,528
oaz3,11,6,6,9,6,6,7,12,3,8,11,5
obp2a,14,33,20,35,5,45,26,18,10,9,13,29
obp2b,0,0,0,0,0,1,0,0,0,0,0,0
obscn,7,2,13,5,4,8,2,1,9,2,8,190
obsl1,47,17,48,18,56,24,47,21,48,16,29,28
oc90,0,0,0,0,0,0,0,0,4,2,3,1
oca2,1,0,4,0,2,2,3,1,1,0,3,0
ocel1,333,416,411,298,390,364,377,367,400,288,262,323
ociad1,1833,2345,2443,1757,2338,2344,1872,1790,1834,1879,1802,1503
ociad2,550,817,783,698,840,833,684,857,735,857,754,760
ocln,733,550,653,393,648,704,459,517,656,572,748,574
ocm,0,1,2,0,0,0,1,0,0,0,2,0
ocrl,189,184,207,130,226,151,169,120,191,118,154,157
ocstamp,44,47,32,45,31,72,42,34,26,31,38,36
odam,0,0,0,0,0,0,0,0,0,0,0,0
odc1,931,2555,1405,1366,1740,1755,1371,1265,1212,1150,1157,1101
odf1,0,0,0,0,0,0,0,0,0,0,0,0
odf2,249,252,388,271,343,302,310,178,362,215,364,221
odf2l,192,264,297,225,265,260,234,200,227,244,245,236
odf4,0,0,0,0,0,0,0,0,0,0,0,0
ofcc1,1,0,0,0,1,0,1,0,1,0,0,0
ofd1,118,100,117,96,131,124,90,104,104,88,118,130
ogdh,2653,3404,3439,3013,4068,3419,3102,2607,3364,2203,3592,3216
ogdhl,3,3,4,2,2,1,7,2,5,0,4,2
ogfod1,290,317,325,285,429,397,345,277,317,265,285,252
ogfod2,355,484,494,374,487,491,395,335,483,343,400,334
ogfod3,103,92,100,85,127,102,109,74,113,86,120,90
ogfr,897,989,1090,862,1158,996,921,761,892,708,886,728
ogfrl1,399,666,522,471,564,497,528,488,444,360,401,436
ogg1,81,53,103,61,106,79,81,51,74,50,69,69
ogn,87,134,114,126,173,135,141,166,187,150,220,225
ogt,1340,1625,1583,1323,1798,1505,1738,1468,2050,1377,1817,1584
oip5,11,19,34,16,23,16,13,7,16,9,13,10
oit3,1026,867,1107,761,1278,825,891,641,890,619,883,702
ola1,746,914,787,718,904,891,627,732,617,810,697,692
olah,0,0,0,0,0,1,0,0,0,0,0,0
olfm1,81,73,94,65,109,89,59,57,84,61,98,81
olfm2,10,5,7,6,10,9,10,10,9,4,6,6
olfm3,269,121,393,98,368,125,294,232,260,235,264,246
olfm4,6,0,1,13,1,17,14,0,21,1,386,2
olfml1,378,468,676,379,635,443,459,545,518,428,402,448
olfml2a,19,15,9,6,11,17,21,8,19,11,19,19
olfml2b,31,22,37,17,53,26,43,8,42,19,38,28
olfml3,313,97,244,99,362,116,273,93,288,107,269,110
olig1,7,93,12,98,15,73,5,100,19,79,14,112
olig2,0,0,0,0,0,1,0,0,0,2,0,1
olig3,0,3,4,0,1,0,0,2,2,0,1,1
olr1,25,6,48,54,109,28,120,10,95,29,44,55
oma1,322,403,399,250,460,333,338,333,318,339,295,361
omd,118,80,127,112,89,112,83,130,89,122,100,180
omg,16,8,11,12,10,6,12,7,10,7,14,10
omp,2,3,3,2,4,6,1,2,0,1,2,1
onecut1,124,540,2044,1044,328,714,2230,426,224,290,269,751
onecut2,1408,1763,1797,2069,1834,2214,1854,1438,1584,1791,1678,2501
onecut3,3,14,8,5,5,10,9,5,10,6,12,8
ooep,11,7,13,13,9,16,16,5,13,10,10,13
oosp2,0,0,0,0,0,1,0,0,0,1,0,0
opa1,2041,2508,2771,2052,2811,2340,2352,2221,2218,2230,2164,2097
opa3,645,781,660,582,927,877,588,615,638,558,532,620
opalin,0,0,0,0,0,0,0,0,0,0,0,0
opcml,16,13,19,9,23,15,19,13,30,15,15,13
ophn1,125,90,133,86,140,79,136,76,135,58,124,99
oplah,2425,2539,2570,2368,2871,2944,2946,1960,2472,1960,2326,2265
opn1mw,0,0,0,0,0,0,0,0,0,0,0,0
opn1sw,3,6,5,11,4,9,4,1,2,1,5,1
opn3,16,28,25,22,22,41,31,17,29,22,31,24
opn4,0,0,0,0,0,2,0,0,0,0,0,0
opn5,0,0,0,0,0,0,0,0,0,0,0,0
oprd1,4,2,2,6,6,2,2,1,4,0,5,2
oprk1,0,1,1,0,1,3,4,2,2,3,1,4
oprl1,0,0,1,1,1,0,1,1,0,0,0,0
oprm1,5,2,1,0,1,2,1,0,0,0,0,2
optc,6,2,2,2,3,4,4,1,7,4,9,6
optn,1495,2121,2013,1962,2072,2036,1734,1622,1722,1790,1782,1500
orai1,162,159,210,169,210,182,202,153,173,136,126,155
orai2,77,44,81,50,89,58,85,48,108,41,61,60
orai3,398,338,455,318,490,390,380,285,351,278,332,312
orc1,5,9,9,12,11,8,4,3,8,1,10,7
orc2,186,193,234,190,237,274,182,169,221,186,167,146
orc3,752,834,916,704,836,871,773,759,792,824,712,805
orc4,650,594,793,558,734,611,567,602,549,561,618,562
orc5,347,387,418,338,490,440,347,333,384,426,376,392
orc6,120,115,179,119,139,155,138,119,126,111,107,121
orm1,39305,20091,26323,17087,18650,26176,18155,15429,14743,15197,15360,16282
orm2,5718,395,840,468,563,1344,407,255,459,326,345,406
ormdl1,901,912,1174,718,1058,865,912,936,863,1011,809,937
ormdl2,961,1142,1024,632,922,898,731,759,717,785,684,686
ormdl3,1723,1366,1409,952,1298,1455,988,1200,948,1338,854,1240
os9,4259,4833,5384,4181,5258,4774,4410,3917,4546,3352,3880,3580
osbp,1168,1024,1118,1089,1234,1454,893,988,930,854,957,1070
osbp2,27,30,31,24,27,18,24,26,34,22,22,21
osbpl10,10,5,10,9,8,10,14,2,16,10,19,5
osbpl11,464,449,532,437,594,458,468,406,403,440,414,474
osbpl1a,2449,3681,3549,3264,3407,3808,3052,2561,3055,2730,2885,2524
osbpl2,560,734,725,619,855,710,746,559,812,558,657,526
osbpl3,47,58,46,50,89,49,79,88,106,137,182,139
osbpl5,77,86,87,84,177,68,171,53,157,56,138,63
osbpl6,10,10,8,3,11,7,10,8,19,5,71,10
osbpl7,73,28,61,36,55,47,77,40,71,36,82,61
osbpl8,1908,2288,2575,1903,2657,2233,2020,2366,2186,2355,1989,2470
osbpl9,4078,4359,4616,3813,4427,5231,4175,3332,4256,3815,3772,3343
oscar,1,2,2,0,5,1,0,4,1,4,2,4
oscp1,46,43,42,31,34,40,43,38,65,30,42,41
oser1,456,465,576,396,487,531,407,405,452,449,415,377
osgep,400,364,514,311,488,387,292,342,337,340,315,387
osgepl1,532,514,683,456,624,512,499,524,549,639,521,560
osgin1,1652,1336,1202,572,1089,1030,1027,832,634,1477,724,2484
osgin2,67,40,94,54,86,77,99,30,68,36,68,46
osm,6,1,4,1,9,2,4,5,5,2,4,10
osmr,349,186,293,172,374,235,348,142,308,150,270,215
osr1,8,10,9,32,12,10,19,6,18,5,10,18
osr2,2,0,0,0,0,0,1,0,1,0,1,0
ost4,949,997,1091,833,1112,969,862,839,898,898,798,789
ostc,1576,1194,1407,1110,1519,1625,1097,1047,980,1025,1002,931
ostf1,972,813,1131,671,1292,932,1011,725,1002,766,870,786
ostm1,514,585,664,561,715,650,593,561,656,466,495,489
ostn,4,0,1,1,2,3,3,0,2,1,2,0
otc,14708,15844,20399,12698,17669,14420,15242,13123,16024,14617,16414,13570
otoa,17,26,21,21,28,26,14,15,31,17,30,19
otof,1,0,0,0,0,0,0,0,0,1,0,0
otog,3,4,10,5,4,4,5,2,11,3,8,4
otogl,1,0,0,0,0,0,2,0,0,0,3,0
otol1,0,0,0,1,0,0,0,0,0,0,0,1
otop1,0,0,0,0,3,0,0,1,0,6,0,0
otop2,0,0,0,0,0,0,0,0,0,0,0,0
otop3,0,0,0,3,0,0,0,0,0,0,177,0
otor,0,0,0,0,0,0,0,0,0,0,0,0
otos,0,1,0,0,0,0,0,0,2,1,0,1
otp,0,2,4,0,3,4,2,5,6,1,2,3
otub1,666,681,722,606,840,729,648,649,651,584,613,549
otub2,49,60,75,44,73,69,59,65,69,45,50,44
otud1,83,80,103,71,135,73,109,81,148,78,106,88
otud3,98,125,121,138,179,178,129,129,194,105,124,92
otud4,1131,1416,1402,1261,1548,1408,1356,1257,1433,1160,1294,1219
otud5,705,670,854,670,818,701,686,581,676,524,704,629
otud6a,0,0,0,0,0,0,0,0,1,0,0,0
otud6b,857,1198,1208,1055,1299,1303,1057,1018,1000,1202,960,874
otud7a,3,2,3,4,3,3,0,3,7,1,1,4
otud7b,701,653,697,533,969,719,665,754,748,583,623,625
otulin,750,759,996,888,1069,1081,900,695,836,844,668,768
otx1,1,0,0,1,0,3,2,0,0,0,0,1
otx2,0,0,0,0,0,0,0,0,0,0,0,0
ovca2,226,266,303,201,305,288,194,214,185,214,166,209
ovch2,0,0,0,0,0,0,0,0,0,0,0,0
ovgp1,12,12,11,11,9,27,12,18,14,9,29,13
ovol1,1,1,0,4,2,2,1,1,2,0,32,1
ovol2,0,1,1,4,1,3,1,0,2,0,6,0
ovol3,0,15,3,11,12,10,8,11,4,16,3,11
oxa1l,632,575,832,515,830,585,594,567,691,476,564,614
oxct1,357,248,352,246,480,238,324,214,396,222,640,371
oxgr1,0,0,1,1,1,1,1,0,0,1,1,0
oxld1,205,193,274,194,294,174,204,153,221,183,207,230
oxnad1,473,625,669,424,596,593,516,490,436,541,439,441
oxr1,1804,1976,2169,1743,2186,1885,1610,1832,1626,1952,1695,1781
oxsm,682,741,794,531,732,741,654,586,566,619,568,631
oxsr1,641,690,752,597,820,741,646,644,633,708,552,608
oxt,3,0,1,0,0,1,1,0,1,1,0,1
oxtr,2,4,5,4,3,4,3,1,4,4,4,4
p2rx1,11,23,19,44,43,45,28,22,104,7,21,18
p2rx2,1,0,0,0,1,1,0,0,0,1,3,0
p2rx3,15,12,21,9,11,15,12,7,17,9,25,24
p2rx4,1261,1240,1645,1126,1516,1477,1182,1371,1490,1057,1253,1395
p2rx5,9,9,10,3,7,7,8,9,6,4,5,3
p2rx6,3,5,13,8,8,3,7,5,10,4,3,7
p2rx7,199,106,178,106,218,113,160,130,178,107,146,127
p2ry1,176,314,356,262,361,212,492,271,321,245,415,168
p2ry10,31,15,37,17,56,16,30,56,45,41,42,33
p2ry12,163,89,120,94,145,83,103,95,92,70,80,82
p2ry13,271,122,213,133,260,114,115,120,150,92,116,115
p2ry14,84,55,92,54,105,53,82,67,126,37,68,51
p2ry2,176,217,223,231,275,300,194,175,254,191,197,181
p2ry4,205,275,271,208,226,190,241,212,275,208,168,379
p2ry6,81,33,69,39,102,34,77,32,99,27,62,43
p3h1,295,232,274,235,260,348,272,185,265,131,225,196
p3h2,46,29,43,28,41,34,40,21,34,20,49,27
p3h3,93,71,71,60,119,50,90,55,87,54,91,100
p3h4,48,28,57,34,70,34,74,32,89,32,50,47
p4ha1,400,331,371,269,511,367,427,318,434,327,342,254
p4ha2,90,158,104,123,124,182,134,97,127,86,98,75
p4ha3,1,5,3,8,3,3,1,7,4,2,1,7
p4hb,31035,32960,30651,25444,34401,34447,24910,25887,23995,22709,23933,23993
p4htm,4,7,11,13,14,12,7,6,17,6,12,11
pvrig,8,4,16,11,24,17,8,10,9,6,12,9
pa2g4,1114,1498,1320,1173,1445,1538,1180,1143,1141,1073,1112,1083
pabpc1,1808,1723,1970,1673,2260,1827,2013,1247,2436,1262,1997,2835
pabpc1l,3,2,0,1,1,0,0,1,1,0,4,0
pabpc4,547,808,651,746,814,814,701,463,1012,380,641,544
pabpc4l,20,19,30,24,29,21,33,13,28,20,29,21
pabpc5,2,0,1,0,1,0,2,0,1,0,1,3
pabpn1,493,617,619,493,465,670,527,497,540,458,458,422
pabpn1l,0,1,1,0,0,1,0,0,0,0,2,1
pacrg,2,0,2,0,1,1,1,4,4,0,3,1
pacs1,77,45,75,60,88,56,76,46,107,36,75,76
pacs2,324,350,428,269,481,349,381,244,409,235,340,341
pacsin1,8,2,4,1,5,1,6,4,9,1,1,1
pacsin2,957,1428,1257,1076,1416,1183,1134,1152,1096,1031,1105,1171
pacsin3,671,724,780,777,835,871,582,656,701,607,518,689
padi1,0,0,1,0,0,0,0,1,0,0,2,1
padi2,24,29,41,31,37,48,31,34,108,20,30,43
padi3,6,3,9,2,3,6,0,4,5,3,8,5
padi4,26,8,22,15,53,17,39,15,35,12,11,24
paf1,594,772,795,718,780,857,657,623,609,539,555,478
pafah1b1,2591,2728,3080,2133,2923,2700,2351,2304,2275,2388,2466,2440
pafah1b2,759,826,962,760,994,952,813,675,875,828,721,779
pafah1b3,70,39,42,27,60,48,57,41,58,41,69,54
pafah2,1692,2465,1960,1927,2256,2081,1653,1779,1693,1728,1537,1911
pag1,290,246,264,198,370,232,277,256,268,210,282,287
pah,27689,48775,40004,33466,48744,37994,36810,29994,37103,28799,40201,28072
paics,7344,8914,8370,6783,7815,8565,6744,6934,7175,7103,6968,6342
paip1,1246,1455,1571,1334,1510,1556,1309,1137,1352,1266,1345,1137
paip2,1852,1897,2039,1484,2073,1707,1693,1537,1740,1735,1803,1589
paip2b,621,860,866,621,814,892,661,638,755,598,577,543
pak1,122,49,130,48,176,54,107,50,140,46,174,59
pak1ip1,665,915,1054,727,1006,881,875,810,827,830,770,675
pak2,923,873,1059,839,1176,1042,951,862,997,757,949,880
pak3,2,2,3,1,7,1,2,1,6,5,7,9
pak4,154,153,173,122,179,192,157,148,197,124,150,155
pak6,5,6,10,5,5,17,15,13,10,6,10,4
palb2,36,24,45,22,42,31,31,34,23,24,25,33
pald1,315,311,320,325,354,322,314,247,314,219,261,326
palld,426,336,253,303,369,392,376,276,294,330,310,619
palm,69,46,61,44,108,56,66,49,76,36,64,56
palm3,3,1,1,1,5,0,4,2,2,1,1,2
palmd,400,607,730,498,777,600,582,477,548,635,566,689
pam,1262,996,1337,880,1822,939,1388,835,1348,893,1374,1011
pam16,246,304,329,203,286,266,208,231,199,189,217,252
pamr1,226,126,196,102,260,137,204,92,211,88,206,114
pan2,392,371,484,376,471,445,392,334,447,326,396,388
pan3,647,636,675,586,778,608,684,528,759,534,750,607
pank1,3979,5487,4933,5043,5396,6749,4061,4090,4403,5113,4183,4169
pank2,589,574,697,527,757,676,609,536,686,560,675,543
pank3,2333,3475,2912,2515,3592,3355,2780,2743,2916,3119,3224,3007
pank4,220,272,310,272,359,316,277,272,317,248,291,253
panx1,28,15,28,22,17,22,32,15,32,15,42,13
panx2,3,4,4,3,1,1,2,0,5,1,1,2
panx3,0,0,1,0,0,0,0,0,0,0,0,0
paox,1128,1680,1423,707,1514,1124,1174,1501,1430,1453,1122,1354
papln,67,85,58,64,110,61,74,77,86,69,82,111
papola,1736,1760,2016,1787,1967,2199,1770,1782,1917,1770,1656,1858
papolb,0,0,0,0,0,0,0,0,0,0,0,0
papolg,228,265,395,249,288,301,258,281,281,292,284,269
pappa,24,10,35,15,35,16,42,16,62,9,46,22
pappa2,12,20,4,6,9,10,12,12,12,8,11,11
papss1,425,405,347,269,417,399,297,294,237,245,268,305
papss2,3502,4264,4552,2869,6760,3465,4010,4397,4925,3913,9268,3467
paqr3,170,233,202,173,190,237,203,188,181,164,169,180
paqr4,37,37,22,33,74,26,43,22,44,16,81,23
paqr5,8,2,5,3,3,9,10,5,8,5,13,3
paqr6,8,6,6,8,5,13,7,8,18,2,10,5
paqr7,448,847,681,710,944,883,774,615,662,777,620,761
paqr8,19,14,33,11,44,16,35,17,25,12,32,20
paqr9,4019,2160,3870,3148,3375,4354,3058,3394,2089,3676,2105,4880
pard3,1468,1714,1592,1568,1757,1762,1486,1372,1592,1241,1447,1395
pard3b,219,172,218,159,266,199,234,222,226,211,241,276
pard6a,55,66,59,45,62,67,41,44,42,37,56,47
pard6b,88,109,93,74,74,126,56,79,79,74,92,86
pard6g,19,28,29,24,36,26,24,21,33,16,41,29
parg,669,735,739,643,839,732,668,544,652,636,602,472
park7,2275,2331,2577,1922,2588,2341,2078,2244,1903,2319,1941,2212
parl,449,537,552,447,618,482,510,430,467,418,498,386
parm1,13,28,7,15,14,19,17,13,38,10,24,19
parn,412,435,501,397,518,456,456,402,413,382,413,438
parp1,966,981,1026,736,1293,922,917,780,858,757,788,785
parp10,463,571,641,504,728,604,582,498,578,384,511,492
parp11,129,129,145,108,149,139,125,151,117,144,119,123
parp12,964,1060,1312,847,1372,992,929,856,925,817,949,940
parp14,1608,1453,2006,1372,2124,1932,1490,1400,1639,1294,1579,1236
parp16,250,511,267,326,462,382,342,243,396,216,371,268
parp2,216,168,239,120,174,200,185,160,148,165,166,157
parp3,594,627,690,449,621,619,561,671,437,604,442,627
parp4,296,483,358,437,412,398,401,337,421,239,381,426
parp6,187,203,231,182,281,188,225,172,269,197,186,195
parp8,99,47,100,50,102,46,64,61,92,51,67,52
parp9,1514,1750,1942,1606,1687,2287,1512,1566,1261,1752,1396,1531
parpbp,12,2,16,7,10,5,15,7,6,4,11,10
pars2,74,67,104,82,113,115,53,62,82,43,72,53
parva,1563,1476,1711,1399,1987,1518,1475,1416,1635,1258,1467,1620
parvb,79,44,63,27,74,44,68,39,62,34,61,71
parvg,78,19,73,22,89,47,66,46,74,24,48,52
pask,21,19,20,22,26,25,27,18,13,13,25,18
pate1,0,0,0,1,0,0,0,0,0,1,0,0
pate2,8,4,4,1,4,6,4,4,3,3,7,4
pate3,0,0,0,0,0,0,0,0,0,0,1,0
pate4,1,0,0,0,0,1,0,0,0,0,0,0
patl1,169,194,208,192,204,192,188,161,233,168,200,230
patl2,0,0,0,0,0,0,1,0,1,2,0,1
patz1,122,86,153,101,152,100,135,79,152,76,146,108
pawr,228,156,215,167,254,198,167,172,203,198,207,155
pax1,1,0,2,2,2,4,1,3,6,4,2,4
pax2,1,0,0,0,0,0,0,0,0,0,0,1
pax3,1,3,7,4,1,2,3,2,1,0,2,4
pax4,0,0,0,0,0,0,0,0,0,0,0,0
pax5,7,15,23,6,44,10,28,28,24,16,24,28
pax6,28,21,21,18,19,17,24,19,27,13,18,14
pax7,0,0,2,0,0,0,0,0,0,0,0,1
pax8,1,2,2,3,2,2,1,4,2,5,3,7
pax9,1,5,7,5,6,4,4,7,7,5,3,7
paxbp1,389,443,514,365,484,449,480,348,466,366,473,363
paxip1,231,319,283,271,361,334,304,263,308,227,277,279
pbdc1,257,256,245,209,297,281,255,224,224,208,208,174
pbk,5,9,23,22,22,13,14,8,10,4,22,11
pbrm1,1331,1449,1708,1567,1934,1638,1683,1417,1579,1438,1603,1538
pbx1,360,197,278,206,415,233,362,235,429,281,330,367
pbx2,265,271,337,259,382,298,290,232,318,214,289,241
pbx3,50,56,57,68,72,57,66,41,79,32,61,52
pbx4,4,4,9,1,6,2,1,5,4,4,3,3
pbxip1,346,246,352,245,467,303,349,258,377,210,325,317
pcbd1,3901,4586,4477,3266,4833,4238,3492,3944,3497,4279,3300,3630
pcbd2,194,263,313,190,292,261,208,190,197,222,237,203
pcbp1,789,787,756,669,837,874,773,566,710,542,646,929
pcbp2,684,638,889,671,1047,681,976,643,1124,593,806,1460
pcbp3,26,26,17,16,28,13,22,19,25,15,25,8
pcbp4,194,220,227,205,218,171,198,182,259,167,185,227
pcca,1267,1469,1817,1110,1565,1449,1190,1292,1349,1305,1384,1633
pccb,2545,2960,3011,2615,3466,2941,2641,2563,2541,2553,2682,2588
pcdh1,1200,1069,1328,967,1110,1173,986,963,1351,790,830,1704
pcdh10,2,4,6,5,3,5,11,0,6,5,1,6
pcdh11x,8,5,7,11,5,6,3,7,8,21,8,22
pcdh12,296,312,308,209,481,266,272,256,288,237,275,192
pcdh15,14,13,14,9,13,12,14,6,13,6,11,12
pcdh17,146,57,122,61,192,55,168,54,133,64,144,79
pcdh18,38,39,65,19,68,39,58,38,66,48,55,60
pcdh19,2,3,3,3,5,4,8,1,6,1,12,7
pcdh20,0,4,4,5,5,6,1,5,5,3,10,4
pcdh7,133,96,152,105,192,102,239,76,212,76,177,132
pcdh8,0,0,0,0,0,0,0,0,0,0,0,0
pcdh9,14,6,19,6,12,14,19,2,21,7,17,7
pcdha1,0,0,0,0,0,0,0,0,0,0,0,0
pcdha11,0,2,1,0,2,0,0,0,2,1,0,2
pcdha12,0,0,0,0,0,0,0,0,0,0,0,0
pcdha2,0,0,0,0,0,0,0,0,0,0,0,0
pcdha3,0,0,0,0,0,0,0,0,0,0,0,0
pcdha4,0,0,0,0,0,1,0,0,0,0,0,0
pcdha5,0,1,0,0,0,0,0,0,0,0,0,1
pcdha6,0,0,0,0,0,0,0,0,0,0,0,0
pcdha7,0,0,0,0,0,0,0,0,0,0,0,0
pcdha8,0,0,0,0,2,0,0,0,0,4,0,0
pcdha9,0,0,0,0,0,0,2,0,0,0,0,0
pcdhac1,0,0,0,0,0,0,0,0,0,0,1,0
pcdhac2,5,0,2,1,1,0,5,2,5,3,5,3
pcdhb1,0,0,0,0,0,0,0,0,0,0,0,0
pcdhb10,5,1,2,4,2,3,4,4,7,2,0,4
pcdhb11,12,4,11,4,7,9,9,5,5,10,14,10
pcdhb12,8,5,4,4,11,7,8,7,11,4,7,9
pcdhb13,3,3,3,5,5,4,6,6,5,1,3,6
pcdhb14,52,26,43,26,45,42,20,25,34,28,51,29
pcdhb15,2,0,4,1,3,1,5,0,6,2,0,4
pcdhb16,34,16,28,19,33,27,28,21,41,29,23,30
pcdhb2,1,0,2,0,0,1,0,0,1,0,0,0
pcdhb3,3,2,3,0,4,1,0,0,1,1,1,6
pcdhb4,9,2,5,2,11,6,6,5,7,7,4,5
pcdhb5,5,6,7,5,4,5,9,6,12,9,5,5
pcdhb6,4,3,2,0,2,1,0,1,3,1,3,3
pcdhb7,5,3,14,3,12,6,10,10,6,9,7,6
pcdhb8,6,0,4,2,6,7,7,2,5,1,4,4
pcdhga1,11,9,12,8,7,11,9,9,13,5,20,12
pcdhga10,12,16,12,13,20,19,16,22,15,18,23,19
pcdhga12,13,22,28,18,13,10,11,18,18,12,26,15
pcdhga2,6,11,7,8,9,4,18,4,12,3,8,0
pcdhga3,19,11,28,11,22,11,18,9,16,7,13,23
pcdhga4,8,15,16,13,22,10,18,6,19,1,10,9
pcdhga5,23,16,25,18,17,16,29,8,25,9,21,15
pcdhga6,16,32,31,8,27,22,34,8,27,12,26,27
pcdhga7,10,16,21,13,14,7,15,8,23,10,9,8
pcdhga9,17,5,9,16,7,5,17,9,11,2,4,7
pcdhgb1,13,7,15,8,18,15,16,8,17,11,10,22
pcdhgb2,52,48,42,35,89,22,39,50,62,37,56,41
pcdhgb4,31,32,29,28,35,25,27,24,15,39,20,34
pcdhgb6,21,33,32,34,54,32,23,26,25,15,24,33
pcdhgb7,18,11,17,17,22,14,21,14,19,14,18,16
pcdhgc3,289,186,213,165,338,179,222,133,259,144,239,237
pced1a,220,246,215,199,293,207,213,209,201,219,215,223
pced1b,23,15,27,22,29,42,26,33,24,24,21,35
pcf11,971,1055,1348,908,1203,968,1128,1086,1345,1094,1284,1165
pcgf1,87,79,128,64,87,123,78,78,105,69,87,82
pcgf2,27,24,32,19,30,27,34,19,28,16,31,18
pcgf3,476,725,718,587,744,783,669,532,736,504,647,592
pcgf5,164,198,231,197,251,211,210,162,241,148,222,185
pcgf6,178,168,187,200,211,245,188,175,183,185,148,158
pcid2,173,199,196,181,268,223,171,140,208,152,159,185
pcif1,430,428,491,347,538,419,476,332,530,316,417,401
pck1,60727,62075,36915,63295,63751,55313,47174,43000,67295,28387,78446,26233
pck2,112,76,103,86,169,81,138,48,249,47,114,53
pclo,29,43,28,22,35,31,44,38,72,42,34,58
pcm1,753,819,991,645,994,748,864,706,908,773,829,774
pcmt1,793,991,1037,887,1111,1040,833,903,881,1014,788,876
pcmtd1,3691,5039,5492,4857,5294,5462,4634,4652,5387,4899,4568,4541
pcmtd2,1026,1179,1557,900,1238,1067,1029,946,1106,1009,1197,1045
pcna,729,859,912,698,945,847,704,735,820,813,773,712
pcnp,1380,1584,1657,1263,1578,1712,1359,1341,1417,1558,1256,1250
pcnt,315,410,410,352,369,399,374,320,439,261,341,356
pcnx2,32,13,36,28,36,13,33,12,32,18,30,25
pcnx3,416,445,469,383,538,405,470,415,512,262,379,531
pcnx4,172,178,209,118,170,173,169,148,183,148,154,245
pcolce,217,179,231,160,331,172,218,139,229,108,243,181
pcolce2,82,72,96,76,127,91,67,65,79,54,66,86
pcp2,2,6,9,2,5,4,6,4,4,1,17,8
pcp4,0,0,0,1,2,1,0,6,0,0,8,2
pcp4l1,16,48,7,38,41,46,18,15,26,20,32,19
pcsk1,3,3,1,6,0,2,2,3,14,1,20,1
pcsk1n,0,0,0,0,0,0,1,0,2,0,1,0
pcsk2,6,19,24,16,16,22,10,9,32,9,15,8
pcsk4,56,200,183,236,365,180,246,118,349,136,274,146
pcsk5,312,306,277,212,306,273,244,248,264,184,470,237
pcsk6,1544,1870,1890,1558,2123,1792,1723,1736,1856,1721,1490,1812
pcsk7,640,722,799,726,810,767,702,700,713,588,657,682
pcsk9,904,1743,777,636,1979,1557,1304,1454,1375,1157,766,1213
pctp,861,1273,892,1058,1683,1175,961,1381,969,1816,1131,1337
pcyox1,3548,4254,4436,3351,5313,4077,4176,3630,4337,3522,3727,3546
pcyox1l,19,21,17,9,23,21,17,11,22,6,18,6
pcyt1a,1648,2323,2098,1896,2566,2283,2129,1786,2278,1784,2015,1739
pcyt1b,8,9,5,5,18,8,9,4,19,3,12,6
pcyt2,5942,7264,7420,5104,7511,6392,6313,6883,6448,5747,5621,6791
pdap1,727,935,902,770,1001,846,751,738,707,654,741,561
pdc,0,0,0,0,0,0,0,0,0,0,0,0
pdcd1,1,0,2,1,9,0,4,16,15,3,2,2
pdcd10,939,870,1049,768,1126,891,924,856,978,863,1014,822
pdcd11,586,760,740,723,1037,1011,763,620,805,583,671,581
pdcd1lg2,4,1,5,2,3,2,7,2,0,2,1,1
pdcd2,266,291,363,328,378,353,268,281,326,331,303,265
pdcd2l,145,202,211,208,260,202,219,169,221,176,196,163
pdcd4,2400,3060,3782,2447,2682,2964,2371,2490,2368,2743,2108,2665
pdcd5,525,606,663,527,631,560,512,587,580,597,529,553
pdcd6,1381,1648,1807,1542,1865,1644,1438,1314,1442,1522,1588,1436
pdcd6ip,1513,1673,1632,1497,1998,1878,1541,1472,1603,1436,1545,1781
pdcd7,119,137,165,125,160,145,152,139,122,119,141,130
pdcl,932,849,976,897,953,1222,773,823,704,887,706,801
pdcl2,1,0,0,0,0,0,0,0,0,0,0,0
pdcl3,346,337,392,260,388,338,332,308,309,292,314,309
pde10a,52,36,40,36,64,41,66,37,42,23,45,42
pde11a,0,2,1,2,2,0,3,1,2,1,4,1
pde12,323,322,387,355,405,450,345,289,302,322,273,306
pde1a,118,80,108,79,132,85,136,85,95,131,118,137
pde1b,44,22,35,19,27,22,34,30,28,27,42,34
pde1c,24,21,33,20,39,16,45,37,34,20,34,38
pde2a,634,573,776,525,857,631,660,521,689,418,639,554
pde3a,231,167,228,146,252,164,232,126,213,133,235,217
pde3b,1873,2364,2197,1902,2769,2118,2360,2223,2390,2117,2164,2006
pde4a,59,44,38,31,60,60,54,35,88,20,65,37
pde4b,512,374,724,222,399,442,485,663,385,598,432,658
pde4c,228,269,292,203,239,228,228,219,326,228,264,258
pde4d,88,62,96,88,93,88,124,99,92,126,100,141
pde4dip,2047,2938,2471,2481,2859,3165,2258,2228,2091,1920,2051,2438
pde5a,114,109,100,95,117,86,85,73,109,85,191,71
pde6a,2,23,17,11,18,22,19,20,76,11,10,12
pde6b,7,8,20,8,11,7,17,10,11,7,7,4
pde6c,6,19,13,22,19,14,11,9,16,6,20,17
pde6d,68,58,74,57,88,68,68,46,52,48,62,71
pde6g,5,15,13,11,19,16,10,9,13,9,8,9
pde6h,29,41,40,44,23,50,38,42,46,46,54,35
pde7a,182,214,223,178,266,204,255,183,260,173,285,232
pde7b,151,141,190,127,200,129,165,126,175,110,213,187
pde8a,517,685,668,641,841,719,560,713,719,654,598,713
pde8b,41,39,38,53,34,27,36,30,62,30,35,39
pde9a,454,287,565,243,194,352,270,310,178,291,221,439
pdf,280,221,309,209,357,291,275,217,229,212,249,222
pdgfa,127,130,170,100,259,136,129,120,180,94,129,117
pdgfb,55,23,57,35,53,32,49,25,36,34,43,45
pdgfc,164,90,98,54,115,103,86,86,101,58,122,106
pdgfd,90,68,124,60,129,75,110,85,108,80,110,95
pdgfra,648,333,705,433,794,425,830,359,758,349,655,467
pdgfrb,485,238,475,209,550,261,449,168,430,157,430,304
pdgfrl,33,28,22,17,28,18,24,24,39,12,38,20
pdha1,2749,3383,3833,2888,3541,3723,2862,2861,2948,3341,3189,3106
pdha2,0,0,0,0,0,0,0,0,0,0,0,0
pdhb,2469,3035,3362,2200,2957,2714,2323,2928,2375,2743,2332,2399
pdhx,661,989,928,713,819,967,734,753,752,709,665,694
pdia2,28,1218,33,1903,62,1460,528,523,3963,0,108,127
pdia3,8376,11004,7807,4967,8339,8866,6616,6338,5724,6098,6034,5838
pdia4,8090,10024,7192,4498,6481,8535,5402,6121,4328,6196,4519,5206
pdia5,702,816,706,677,844,1064,677,461,647,392,652,588
pdia6,7803,10682,7684,4933,6291,7937,5425,6344,5119,5914,4862,5299
pdik1l,303,395,469,371,450,431,380,391,463,424,361,323
pdilt,108,169,209,166,135,244,181,220,126,218,146,246
pdk1,1915,2277,2254,1751,2910,2149,1877,2340,2393,2780,2151,2458
pdk2,877,1221,1099,907,1437,861,996,753,1319,649,1149,941
pdk3,46,18,53,14,38,17,32,32,41,18,51,29
pdk4,138,69,106,55,151,70,77,67,66,110,102,160
pdlim1,596,631,618,426,696,547,550,489,421,375,507,435
pdlim2,56,34,81,32,76,40,45,34,71,28,68,52
pdlim3,28,27,14,18,23,23,10,37,30,15,52,46
pdlim4,62,25,50,25,78,20,54,35,56,21,40,42
pdlim5,1253,1450,1359,1412,1794,1433,1345,1306,1306,1299,1243,1336
pdlim7,61,66,77,70,113,105,84,51,71,39,64,79
pdp1,107,56,103,52,95,91,82,52,95,68,95,62
pdp2,514,795,844,467,687,943,581,609,639,793,604,776
pdpk1,1195,1396,1574,1379,1579,1462,1328,1168,1454,1090,1341,1201
pdpn,56,45,74,72,106,51,167,61,100,73,80,95
pdpr,577,688,831,751,912,807,714,618,769,572,691,651
pdrg1,368,370,502,335,477,403,362,319,345,341,306,290
pds5a,1928,1961,2289,1785,2163,2080,1975,1716,1986,1721,1841,1831
pds5b,695,692,783,676,805,732,738,676,773,642,708,751
pdss1,58,90,62,65,71,87,59,79,91,58,102,59
pdss2,214,244,282,181,278,233,201,208,209,199,243,247
pdx1,0,1,0,1,0,2,0,0,5,0,38,1
pdxdc1,2558,2715,2968,2353,3072,2906,2578,2260,2412,2389,2343,2265
pdxk,698,1226,799,966,1371,1090,1028,679,1191,575,1052,727
pdyn,0,0,0,0,1,0,0,1,0,0,0,0
pdzd11,365,449,446,333,436,435,371,365,339,337,299,281
pdzd2,51,43,30,43,75,50,45,59,71,29,58,59
pdzd4,20,14,24,14,15,3,19,5,12,21,12,19
pdzd7,8,6,3,1,2,4,7,2,9,1,7,1
pdzd8,1030,1228,1147,1200,1475,1409,1121,1075,1163,1018,1092,1138
pdzd9,10,19,19,10,13,12,9,9,9,13,12,8
pdzk1,1312,1729,1684,1272,1625,1641,1374,1667,1339,1659,1439,1438
pdzk1ip1,118,80,94,36,122,63,50,78,120,60,86,88
pdzrn3,67,76,59,115,114,159,93,70,98,112,77,100
pdzrn4,1,0,0,0,0,0,2,0,2,0,0,0
peak1,519,439,544,426,643,437,569,354,560,287,534,576
pear1,154,160,140,116,217,125,173,93,181,74,212,100
pebp1,2770,3230,3180,2745,3723,3264,2635,2928,2676,3015,2359,2643
pebp4,2,1,1,1,0,1,0,0,0,0,0,0
pecam1,879,687,874,625,1058,712,682,555,789,513,793,571
pecr,3102,3586,3851,2478,3844,3244,2891,3037,3057,3391,2709,2759
pef1,679,680,797,552,712,722,573,572,593,490,549,524
peg10,44,17,35,13,28,11,36,19,24,13,44,19
peg3,116,128,83,97,90,128,102,69,128,53,121,63
peli1,506,498,602,460,578,460,518,565,554,519,591,539
peli2,351,449,442,360,508,478,419,330,447,317,424,402
peli3,30,21,50,41,43,39,38,30,36,25,33,22
pelo,162,173,158,242,226,268,169,201,158,180,100,165
pelp1,143,152,154,122,172,157,148,117,145,96,135,143
pemt,4447,5310,4897,4045,5785,5172,4518,5060,4676,4588,3964,4620
penk,1,4,2,6,12,3,9,8,16,5,10,7
pepd,1061,1096,1263,937,1331,1013,1032,847,1055,879,1168,837
per1,171,367,207,424,507,347,364,327,779,175,568,162
per2,186,642,268,383,889,448,626,366,772,258,647,268
per3,214,810,639,644,1225,656,1136,612,1310,418,1248,353
perm1,4,8,6,8,11,10,6,8,11,8,5,35
perp,1760,1409,1976,1245,1985,1543,1626,1559,1698,1562,1544,1333
pes1,750,777,941,661,925,910,762,627,728,609,687,611
pet100,499,516,534,437,597,444,474,510,493,507,504,485
pet117,0,0,6,4,0,0,0,0,0,0,0,0
pex1,620,794,831,660,755,913,727,692,751,672,703,704
pex10,76,108,102,96,143,134,117,110,113,100,76,86
pex11a,452,786,533,944,705,878,583,702,541,833,485,636
pex11b,435,624,654,528,603,595,520,504,521,477,435,456
pex11g,937,1060,1106,860,1054,959,896,921,794,824,791,919
pex12,187,253,243,210,218,220,195,195,174,196,181,204
pex13,1346,1438,1683,1383,1624,1690,1349,1404,1294,1679,1329,1455
pex14,708,908,769,882,861,821,687,679,730,658,620,700
pex16,958,1394,1406,1185,1313,1315,1064,1238,1010,1222,977,1453
pex19,1744,2416,2081,2190,2522,2367,2040,2041,1872,2162,1770,2087
pex2,1545,1420,1725,1155,1605,1539,1312,1296,1286,1392,1263,1259
pex26,365,648,688,781,624,791,1066,433,607,367,469,408
pex3,567,695,810,690,779,819,641,619,622,712,617,655
pex5,2139,2654,2344,2080,2811,2468,2141,2282,2045,2224,1906,2388
pex5l,10,5,14,4,17,2,14,6,17,5,12,8
pex6,1054,1464,1260,1142,1508,1254,1232,1104,1325,987,1193,1099
pex7,1994,1853,2248,1516,2550,1839,2062,1820,2041,2119,1945,1902
pf4,55,29,59,29,72,38,93,33,71,26,57,44
pfas,333,397,354,248,402,297,366,270,362,217,378,275
pfdn1,677,724,792,598,817,635,613,675,700,700,553,637
pfdn2,386,510,480,411,554,451,408,381,421,343,488,423
pfdn4,169,145,179,144,187,160,186,152,190,135,137,151
pfdn5,1397,1461,1696,1274,1958,1356,1337,1295,1465,1417,1382,1282
pfdn6,379,502,491,448,531,473,434,405,381,405,368,354
pfkfb1,464,1129,396,816,524,1025,405,534,392,501,352,406
pfkfb2,473,655,493,668,631,758,569,547,676,428,606,361
pfkfb3,155,531,265,851,462,565,366,536,509,288,426,200
pfkfb4,98,28,79,42,88,45,82,36,74,35,129,60
pfkl,1053,780,894,687,1179,778,986,674,908,647,788,804
pfkm,287,379,432,318,461,323,361,316,396,297,376,498
pfkp,161,101,150,103,168,109,165,114,194,119,268,154
pfn1,2810,2634,2856,2164,3823,2465,2576,2304,2659,1936,2598,2139
pfn2,49,72,78,82,69,93,81,74,63,49,56,82
pfn3,0,1,0,0,0,0,1,1,0,0,0,0
pfn4,7,14,7,11,5,14,8,5,3,10,1,7
pga5,0,0,0,0,0,0,1,1,0,1,0,0
pgam1,3218,3495,3572,2884,3754,3286,2994,2542,2986,2413,2810,2463
pgam2,7,4,12,6,7,5,10,10,8,3,6,84
pgam5,387,503,496,416,560,593,446,399,356,369,369,376
pgap1,950,1233,1753,1672,1557,1600,1357,1287,1578,1577,1364,1260
pgap2,478,558,670,419,738,513,545,375,529,386,502,403
pgap3,35,32,22,20,35,28,33,32,33,31,38,29
pgbd1,21,20,23,10,23,20,20,7,15,8,12,9
pgbd5,2,3,2,2,0,0,1,4,3,0,4,1
pgc,0,0,0,1,1,0,1,0,1,0,17,0
pgd,654,532,643,371,778,558,553,602,533,456,529,630
pgf,1,8,4,9,4,6,11,5,13,1,5,4
pggt1b,374,387,457,330,458,425,388,303,314,325,317,328
pgk1,8674,9972,10083,7800,9597,9672,8198,8090,7803,8446,7404,7690
pgk2,0,0,0,0,0,0,0,0,0,0,0,0
pgls,790,942,1007,681,1040,817,861,776,857,771,695,812
pglyrp1,29,3,11,2,11,3,15,6,18,4,26,10
pglyrp2,1812,2044,2244,1793,2038,2201,1522,1908,1423,1627,1336,2054
pglyrp3,0,0,0,0,0,0,0,0,0,0,0,0
pglyrp4,1,0,0,0,0,0,1,0,0,0,0,0
pgm1,206,124,160,97,221,123,154,85,133,87,330,111
pgm2,3968,4502,4703,3865,5304,4643,4245,3918,4173,4251,3785,3906
pgm2l1,167,240,248,187,353,194,290,170,345,145,283,150
pgm3,497,484,440,514,459,701,383,393,277,359,388,383
pgm5,53,50,60,51,108,44,59,63,72,65,91,72
pgp,148,203,183,179,224,225,156,169,202,149,166,143
pgpep1,1500,1823,1818,1082,2308,1434,1544,1217,1772,1036,1363,1135
pgpep1l,8,7,5,3,4,5,10,3,9,3,12,2
pgr,2,6,1,0,4,7,3,1,9,0,6,5
pgrmc1,21121,24747,24676,21904,27846,24670,21702,21635,21542,24654,21933,20068
pgrmc2,798,842,851,625,974,842,652,774,755,839,681,834
pgs1,201,175,192,160,259,247,209,195,204,142,149,175
phactr1,24,34,25,24,40,32,28,24,22,21,37,37
phactr2,286,201,300,193,350,204,300,175,310,192,276,221
phactr3,1,1,4,2,3,1,2,1,3,1,1,2
phactr4,248,287,250,229,326,281,287,228,313,195,313,305
phax,476,489,594,465,557,567,471,382,472,456,435,428
phb2,2604,3283,3437,2826,3960,2986,2794,2694,3140,2473,2984,2770
phc1,38,23,40,28,32,47,45,24,41,22,37,38
phc2,390,320,393,265,421,350,294,287,359,238,315,397
phc3,711,734,904,696,902,825,845,617,916,556,811,859
phex,10,26,16,9,9,17,20,12,28,16,19,16
phf1,166,157,216,172,226,170,195,162,232,157,208,187
phf10,439,425,549,425,596,489,480,363,557,420,465,359
phf12,247,220,238,239,296,261,276,198,288,168,215,272
phf13,89,81,112,94,95,65,73,56,100,65,93,87
phf14,706,773,903,744,919,824,810,679,888,690,902,706
phf19,26,34,23,16,34,31,30,21,24,28,23,26
phf2,234,272,247,241,297,272,250,256,287,170,238,290
phf20,298,322,390,251,457,323,421,236,421,274,399,288
phf20l1,1168,1222,1389,1283,1559,1454,1294,1242,1299,1282,1168,1220
phf21a,309,246,323,226,284,273,286,257,272,236,261,273
phf21b,15,5,5,9,9,8,8,7,6,5,8,6
phf23,299,270,396,343,417,333,311,317,447,304,254,287
phf24,3,3,3,7,10,4,3,5,11,9,5,12
phf3,1621,1735,1814,1593,1903,1663,1529,1558,1967,1565,1645,1465
phf5a,419,515,517,410,550,539,409,392,408,352,344,362
phf6,366,342,367,267,362,349,289,319,278,301,275,273
phf7,144,174,208,181,238,211,199,128,208,143,193,171
phf8,291,382,411,364,379,407,404,305,306,220,260,247
phgdh,23,72,39,125,49,120,104,65,268,20,53,32
phgr1,0,0,0,6,0,0,0,0,1,0,90,0
phip,1261,1170,1605,1157,1553,1195,1334,1229,1423,1188,1400,1377
phka1,211,252,264,189,268,295,224,178,208,147,239,226
phka2,590,505,684,476,765,539,617,565,579,568,615,584
phkb,601,781,728,625,753,840,625,655,587,707,622,712
phkg1,47,58,87,37,46,64,76,53,65,57,54,63
phkg2,400,419,501,404,474,490,427,356,428,387,378,374
phlda1,394,169,667,118,259,168,649,522,166,253,371,929
phlda2,3,4,2,1,2,13,5,0,5,0,1,3
phlda3,62,24,54,27,95,28,39,24,57,37,48,46
phldb1,119,136,150,121,246,138,162,104,168,80,183,111
phldb2,1347,1205,1592,1275,1741,1430,1531,1356,1541,1413,1429,1508
phldb3,82,79,85,59,75,116,87,67,93,59,68,69
phlpp1,405,448,477,418,511,444,435,444,459,398,450,586
phlpp2,81,94,100,78,114,125,131,85,138,63,161,106
phospho1,27,26,29,3,24,43,10,41,17,68,25,71
phospho2,617,721,719,624,737,831,586,656,685,752,586,590
phox2a,0,1,0,0,0,0,0,0,0,1,1,0
phox2b,0,0,0,0,0,0,0,0,1,0,0,0
phpt1,223,251,265,234,310,251,246,212,226,205,221,222
phrf1,362,403,395,424,530,502,401,405,461,301,373,363
phtf1,200,165,221,142,235,200,183,174,189,151,191,178
phtf2,197,252,252,244,292,325,233,239,275,240,233,227
phyh,29662,39380,36443,34808,38266,37175,32945,29447,31699,30413,33404,30516
phyhd1,1180,1319,1469,938,1473,1164,1102,984,1160,1002,1050,989
phyhip,6,2,4,6,9,5,8,2,9,4,2,7
phyhipl,1,2,1,0,2,5,7,6,4,3,4,2
phykpl,358,416,439,351,407,406,430,338,416,387,390,324
pi15,86,85,93,77,85,100,109,79,128,70,111,78
pi16,41,22,26,13,37,15,26,16,26,13,17,47
pi4k2a,841,860,929,794,901,1062,665,751,785,685,643,924
pi4k2b,579,894,786,783,801,894,735,761,841,750,804,568
pi4ka,801,821,1025,916,1213,1001,969,675,1104,735,912,881
pi4kb,737,922,971,832,1095,961,852,873,920,750,780,835
pianp,2,4,6,3,3,6,8,5,2,5,4,16
pias1,371,363,484,328,440,401,354,327,376,361,347,350
pias2,538,650,664,631,708,705,622,630,740,546,653,602
pias3,72,85,136,78,132,114,115,84,134,76,88,100
pias4,192,228,285,205,251,237,236,180,251,154,200,184
pibf1,169,156,225,169,216,217,155,189,187,164,157,151
picalm,3456,3093,3664,2981,4283,3466,3551,3193,3405,3226,3542,2977
pick1,221,290,281,226,247,288,212,210,247,228,209,229
pid1,2760,1721,2261,1578,1453,2419,1450,1729,1187,1794,1108,2059
pidd1,16,22,27,10,27,47,16,19,21,12,20,21
piezo1,160,136,211,129,247,148,228,107,237,93,189,203
piezo2,51,49,70,59,72,50,70,39,88,46,85,54
pif1,2,3,8,9,7,6,4,3,6,4,9,1
piga,181,138,202,163,197,206,148,170,147,164,162,142
pigb,331,308,388,253,303,346,311,266,307,249,262,270
pigc,311,339,451,313,369,348,293,234,316,278,303,244
pigf,113,162,145,130,111,132,125,114,128,96,99,101
pigg,327,456,459,364,512,456,386,374,398,355,421,349
pigh,136,165,147,69,148,130,105,108,90,84,112,97
pigk,1138,1114,1269,937,1312,1165,1138,1130,1053,1138,964,1076
pigl,53,67,60,58,56,74,44,44,47,66,50,63
pigm,312,333,411,385,452,479,396,283,448,283,355,294
pign,1030,932,1181,834,1124,1034,1039,960,1119,893,1055,1157
pigo,182,226,219,147,201,202,198,155,179,110,157,167
pigp,360,272,320,270,368,330,324,237,354,313,318,298
pigq,569,589,751,524,756,644,586,515,591,440,532,574
pigr,34571,30041,39115,23717,37194,28690,29840,26802,31105,28913,32682,27805
pigs,351,409,429,279,469,366,376,280,371,180,323,333
pigt,334,322,329,274,414,308,317,288,366,194,285,378
pigu,267,289,263,222,276,286,261,256,274,216,243,247
pigv,144,140,172,121,190,146,128,132,146,106,151,122
pigw,79,83,105,67,95,103,78,60,89,64,53,66
pigx,309,261,339,283,339,324,300,276,365,287,343,271
pigz,20,10,23,15,16,7,16,8,9,6,12,7
pih1d1,565,592,719,560,690,622,569,497,593,547,554,545
pih1d2,17,14,17,8,13,16,13,13,21,13,14,14
pik3ap1,886,782,889,900,970,1139,727,792,864,657,689,760
pik3c2a,3339,2986,3297,2882,3482,3711,2858,2554,2988,2598,3460,2386
pik3c2b,180,176,212,109,214,170,172,155,176,114,169,147
pik3c2g,239,170,220,152,232,192,174,184,260,221,176,268
pik3c3,506,559,707,498,634,637,541,496,605,517,555,466
pik3ca,1306,1195,1530,1232,1502,1485,1366,1170,1454,1274,1311,1212
pik3cb,301,333,413,337,410,367,334,257,416,277,290,354
pik3cd,269,114,236,126,375,115,226,150,251,93,178,153
pik3cg,141,56,127,59,203,61,133,82,113,65,101,125
pik3ip1,29,24,39,21,38,22,33,25,56,15,56,37
pik3r1,1735,2554,2562,2499,3320,2221,2729,2325,2460,1927,2197,1948
pik3r2,289,280,308,254,360,298,304,259,306,203,284,324
pik3r3,75,53,86,72,92,137,62,81,52,56,46,66
pik3r4,546,580,677,574,683,601,542,485,535,428,522,547
pik3r5,137,54,116,81,180,68,165,66,115,74,115,95
pik3r6,53,29,47,20,70,32,59,35,50,13,34,30
pikfyve,1529,1655,1748,1368,1885,1853,1583,1712,1677,1568,1560,1551
pilra,294,131,214,102,300,134,182,119,186,99,165,120
pim1,437,430,658,306,487,448,441,306,334,382,291,564
pim2,55,60,55,56,50,63,49,44,60,38,47,31
pim3,676,1622,1176,1524,1654,1730,1192,1234,1910,830,1992,700
pin1,329,381,396,294,446,355,323,272,304,273,314,286
pin4,369,406,441,364,412,388,390,372,381,403,367,316
pink1,3530,3356,3907,3214,4065,3550,3240,3429,3613,3285,3303,3492
pinlyp,0,0,1,1,0,0,0,0,0,0,1,0
pinx1,47,58,57,59,71,73,69,71,41,39,44,50
pip,0,0,0,0,0,0,0,0,0,0,0,0
pip4k2a,298,157,211,143,334,144,209,158,220,139,216,167
pip4k2b,377,379,453,347,551,457,398,411,428,322,302,405
pip4k2c,374,429,456,403,490,438,411,327,439,317,412,360
pip5k1a,230,241,277,225,313,299,227,253,261,230,259,225
pip5k1b,13,10,13,14,5,16,10,9,18,8,54,6
pip5k1c,450,358,461,305,597,393,428,312,476,267,329,407
pip5kl1,0,0,0,0,0,0,0,0,0,0,1,0
pipox,4436,5465,6093,4483,6530,5137,5099,4895,5569,5311,5023,4552
pir,239,312,315,335,336,371,287,375,280,379,272,285
pirt,7,7,8,5,3,7,8,6,4,3,7,6
pisd,751,673,942,661,960,772,803,666,779,576,805,684
pithd1,330,405,405,360,320,369,285,335,322,360,293,349
pitpna,994,944,1062,769,1338,926,939,729,908,715,952,792
pitpnb,576,633,592,511,670,643,532,538,563,575,562,758
pitpnc1,599,682,663,693,1041,750,828,527,887,488,822,561
pitpnm1,319,137,282,135,265,174,224,151,260,159,205,223
pitpnm2,308,376,299,314,380,340,366,272,465,238,295,377
pitpnm3,3,2,4,0,4,4,5,2,1,1,5,5
pitrm1,689,754,965,598,929,842,760,645,844,720,657,714
pitx1,0,0,1,0,0,1,0,0,0,0,1,1
pitx2,0,0,0,0,0,0,0,0,1,0,1,1
pitx3,0,10,2,12,0,11,0,8,0,12,1,22
piwil1,1,1,1,1,0,0,3,1,2,0,4,0
piwil2,11,11,4,6,9,16,8,5,15,2,13,2
piwil4,5,11,5,6,8,6,5,3,6,5,4,1
pja1,1286,1700,1516,1331,1308,1520,1169,1370,1147,1265,1119,1273
pja2,1231,1090,1457,1112,1436,1518,1156,1147,1102,1216,1026,1221
pkd1,640,667,779,746,981,764,858,648,1107,465,766,841
pkd1l1,10,1,4,1,10,0,4,0,5,2,5,2
pkd1l2,2,4,2,1,5,4,4,3,7,2,4,0
pkd2,508,510,598,453,653,570,568,503,570,396,519,584
pkd2l1,0,0,0,0,0,0,0,0,0,0,0,0
pkd2l2,43,43,55,39,38,58,49,33,49,28,54,46
pkdcc,319,457,415,485,593,428,506,352,488,267,379,310
pkdrej,12,48,30,49,47,73,49,21,77,23,68,68
pkhd1,366,364,452,288,480,339,418,311,477,330,374,352
pkhd1l1,265,232,478,440,666,361,930,178,710,339,531,583
pkia,101,64,105,70,152,72,135,79,113,75,116,201
pkib,137,133,192,99,161,123,155,126,179,104,161,147
pkig,300,287,318,263,388,260,288,252,252,208,320,286
pklr,2551,3840,4898,3375,5611,3811,3873,3745,3270,2984,2852,3054
pkm,1378,593,1266,644,1658,777,1480,816,1278,704,1952,1070
pkmyt1,13,8,17,13,22,9,14,6,15,5,5,6
pkn1,510,408,511,396,644,410,528,405,561,350,514,447
pkn2,1609,1630,1932,1593,1984,1702,1638,1556,1728,1538,1819,1633
pkn3,23,16,31,25,31,16,13,21,22,13,25,17
pknox1,384,355,423,287,419,361,376,309,332,276,340,308
pknox2,16,7,14,11,10,10,13,12,18,8,19,13
pkp1,3,3,3,6,2,4,5,4,5,3,13,1
pkp2,740,612,648,572,607,791,540,672,589,741,601,774
pkp3,26,24,14,21,36,25,23,24,43,18,58,28
pkp4,1086,1445,1541,1246,1649,1340,1255,1342,1431,1172,1210,1330
pla1a,922,1262,1134,1016,1167,1197,986,1048,1095,851,941,1063
pla2g10,1,1,2,3,2,1,0,1,1,0,1,0
pla2g12a,174,192,230,305,260,252,211,232,257,296,212,236
pla2g12b,1047,940,1149,761,943,1045,710,881,740,932,674,905
pla2g15,492,415,478,320,778,419,454,384,499,283,386,384
pla2g1b,11,345,11,518,31,392,154,162,1099,0,21,31
pla2g2a,0,0,0,0,0,0,0,0,0,0,5,0
pla2g2c,0,2,0,2,2,2,1,1,3,1,1,4
pla2g2d,6,16,7,13,9,10,8,37,8,20,14,16
pla2g2e,0,0,2,0,0,0,1,0,1,0,0,0
pla2g2f,0,0,0,0,0,1,1,0,0,0,5,0
pla2g3,3,6,5,0,3,0,3,0,3,1,0,2
pla2g4a,201,68,186,103,240,118,177,113,154,84,145,116
pla2g4c,3,2,1,0,2,2,5,3,2,1,17,5
pla2g4d,0,0,0,0,0,0,1,0,0,0,0,0
pla2g4e,5,0,4,4,3,2,3,5,3,3,3,6
pla2g4f,0,1,0,0,0,0,0,0,0,0,0,1
pla2g5,1,2,0,1,0,1,0,1,0,1,9,3
pla2g6,259,540,432,345,471,400,432,465,409,454,332,545
pla2g7,461,217,497,219,585,227,467,157,446,179,300,246
pla2r1,240,236,282,184,328,244,274,222,289,195,269,259
plaa,1279,1288,1430,1289,1424,1719,1173,1244,1236,1288,1103,1196
plac1,0,0,0,0,0,0,0,0,0,0,0,0
plac8,655,268,528,427,683,337,464,397,474,254,3303,240
plac8l1,0,0,0,0,0,0,0,0,0,0,0,1
plag1,7,25,13,12,9,22,15,10,20,3,15,6
plagl1,76,35,52,30,102,35,67,23,97,13,86,24
plagl2,84,70,87,60,107,57,103,73,113,50,91,79
plat,105,32,120,47,112,66,99,49,82,34,87,92
plau,69,66,100,67,118,69,106,70,85,85,92,150
plaur,32,10,37,20,64,29,57,29,54,16,24,35
plb1,0,0,1,0,1,2,1,1,0,2,0,2
plbd1,484,1020,509,1008,580,911,320,830,370,736,363,801
plbd2,726,724,834,664,959,813,858,689,954,506,834,720
plcb1,441,769,598,580,771,658,781,637,783,599,658,562
plcb2,114,58,79,35,123,35,73,72,75,27,55,50
plcb3,385,350,385,320,444,389,406,314,375,262,608,334
plcb4,166,126,149,111,203,140,136,94,148,94,159,113
plcd1,34,18,32,21,42,17,44,14,40,12,41,18
plcd3,88,37,68,50,114,84,107,33,94,21,107,35
plcd4,11,19,16,14,18,17,15,31,18,12,22,9
plce1,473,488,476,441,709,493,596,385,596,344,583,438
plcg1,786,1151,1177,1141,1340,1177,1217,923,1224,753,1191,957
plcg2,178,78,202,84,266,92,160,112,168,82,153,134
plch1,2,1,3,9,6,7,5,1,5,4,27,5
plch2,0,0,1,3,2,2,1,0,1,2,9,2
plcl1,42,42,42,32,54,26,48,32,65,22,51,36
plcl2,444,344,516,372,504,470,454,415,523,414,442,426
plcxd1,22,27,18,48,30,38,33,29,26,29,20,19
plcxd2,2494,3858,5293,4389,3150,5056,4150,2795,2681,3036,2492,3080
plcxd3,8,13,5,3,4,12,11,9,6,10,12,9
plcz1,1,0,0,1,0,0,0,0,0,0,0,0
pld1,511,383,520,387,527,470,441,350,421,289,489,400
pld2,169,106,188,104,196,155,188,114,188,106,149,127
pld3,584,371,582,377,803,393,529,363,639,370,476,447
pld4,371,191,299,159,402,156,267,208,273,126,204,194
pld5,12,10,15,14,8,17,15,13,13,12,16,10
pld6,23,27,33,24,29,20,29,21,27,16,27,22
plec,1948,2289,2199,2237,2887,2858,2674,1566,2818,1284,2502,2398
plek,910,256,852,343,1235,393,945,452,862,431,505,531
plek2,26,20,26,13,17,13,20,9,20,9,55,6
plekha1,378,258,388,246,384,334,313,319,330,331,351,314
plekha2,241,157,291,137,378,175,260,174,252,142,253,187
plekha3,330,418,403,405,495,507,357,371,374,328,373,351
plekha4,25,15,21,20,26,25,25,20,26,13,24,22
plekha5,639,530,788,442,596,603,607,505,570,476,575,618
plekha6,863,707,1099,685,1132,953,925,773,1302,718,1103,993
plekha7,113,108,127,97,147,157,174,112,142,77,163,124
plekha8,566,857,699,848,1233,915,953,823,1029,781,949,658
plekhb1,260,322,351,305,319,478,328,687,382,692,191,539
plekhb2,494,413,561,334,599,421,427,392,433,337,595,421
plekhd1,5,3,5,3,3,2,4,5,7,3,1,4
plekhf1,168,240,206,243,314,218,202,253,199,252,186,246
plekhf2,439,457,576,406,599,536,480,482,583,479,496,454
plekhg1,235,168,298,177,370,209,242,157,249,166,251,190
plekhg2,88,77,89,68,92,74,90,60,96,47,79,78
plekhg3,485,678,609,595,718,666,637,614,899,481,702,571
plekhg4,1,1,3,3,4,5,2,4,6,2,2,5
plekhg5,78,93,122,98,129,118,97,74,125,56,109,119
plekhg6,167,224,265,232,281,269,227,158,255,129,245,212
plekhh1,20,15,17,14,12,10,14,8,28,3,101,11
plekhh2,57,49,59,46,71,73,69,55,71,45,60,82
plekhh3,112,156,161,129,182,159,153,147,197,117,113,159
plekhj1,211,243,264,197,280,246,215,218,212,213,196,178
plekhm1,276,251,294,255,335,287,279,208,317,190,248,347
plekhm2,309,234,276,229,388,258,260,217,272,167,215,242
plekhm3,154,117,197,88,243,142,197,100,195,94,175,133
plekhn1,6,6,6,6,17,4,12,4,10,3,13,8
plekho1,158,116,159,95,247,115,179,149,188,101,150,133
plekho2,303,174,343,178,511,207,322,191,330,190,309,251
plekhs1,2,3,1,1,1,1,0,1,2,2,2,1
plet1,54,95,59,60,61,80,56,52,44,48,70,57
plg,46206,40893,47367,35494,46779,43082,39710,36566,40788,33927,37787,40291
plgrkt,132,115,193,83,189,143,164,103,172,123,196,131
plin1,6,11,11,19,24,17,6,32,11,70,10,20
plin2,6186,6116,7903,6066,6076,10294,5164,6677,4190,11046,3903,8427
plin3,1302,1094,1562,1037,1316,1189,1023,845,1161,849,1032,913
plin4,54,163,82,260,129,229,112,225,138,350,112,230
plin5,622,678,586,830,530,694,470,509,413,588,382,525
plk1,6,10,16,15,10,3,10,11,9,5,22,4
plk2,501,479,504,313,601,419,424,306,745,388,435,416
plk3,483,691,905,487,517,529,1389,1016,739,496,1214,848
plk4,54,46,65,50,62,50,59,44,67,35,74,38
plk5,19,26,25,21,48,21,36,15,36,28,35,22
pllp,111,115,155,150,121,197,155,134,114,135,120,143
pln,52,74,49,57,49,87,52,59,52,33,84,54
plod1,1063,1057,1062,883,1265,1002,999,819,952,686,855,809
plod2,98,52,114,50,138,58,167,48,143,62,132,74
plod3,506,549,612,417,689,535,654,392,545,379,489,433
plp1,20,22,25,27,15,22,33,21,20,15,27,26
plp2,77,42,92,44,110,38,100,44,115,55,95,77
plpp1,424,477,476,374,510,483,351,393,365,393,417,388
plpp2,364,332,335,376,489,440,415,251,459,229,486,232
plpp3,1593,2631,1832,2586,3075,2801,1999,2317,2255,2456,2278,2579
plpp4,0,0,0,0,0,0,0,0,0,0,0,0
plpp5,319,155,208,200,264,358,215,191,211,169,203,161
plpp6,195,255,282,211,278,225,194,195,201,200,193,230
plpp7,13,10,7,8,12,12,11,8,11,2,8,17
plppr1,7,12,2,18,8,9,3,3,10,3,10,6
plppr2,44,40,50,30,39,43,40,32,32,21,36,19
plppr3,22,18,26,13,29,26,31,24,24,27,19,29
plppr4,2,4,5,5,3,4,0,2,3,0,2,4
plppr5,8,7,6,11,10,8,6,11,10,20,7,14
plrg1,781,660,829,587,753,910,627,698,619,736,570,651
pls1,77,6,20,30,31,20,11,6,24,3,1040,7
pls3,2381,1977,2477,1396,2602,2247,2166,2466,2091,2835,1777,2406
plscr1,432,347,416,260,379,482,349,205,351,254,376,251
plscr2,687,658,693,565,729,676,569,508,643,714,628,568
plscr3,97,85,98,82,102,83,119,57,82,53,87,70
plscr4,91,95,102,76,164,70,112,74,126,90,121,99
plscr5,1,1,1,1,2,0,0,0,2,1,0,0
pltp,810,732,725,750,1192,775,673,922,792,912,603,1149
plvap,641,578,581,433,992,535,554,374,607,321,544,429
plxdc1,16,18,23,16,24,4,14,13,32,11,26,22
plxdc2,109,55,124,100,217,69,174,61,179,81,144,136
plxna1,266,220,313,228,367,254,349,198,320,179,259,349
plxna2,942,589,1431,507,824,536,902,712,869,512,715,1126
plxna3,17,5,13,14,17,11,21,16,26,15,26,11
plxna4,319,173,288,187,343,175,332,151,385,166,331,286
plxnb1,1043,1024,1078,934,1290,1265,1134,849,1249,574,945,1057
plxnb2,3672,3770,4314,3292,4732,3757,3816,3072,3732,2439,3245,4121
plxnb3,11,6,5,4,16,5,11,8,11,1,8,9
plxnc1,1072,930,1032,846,1403,906,918,667,952,696,1061,734
plxnd1,642,581,687,498,866,577,706,377,776,325,711,559
pm20d1,1773,2222,2282,1666,2180,2221,1731,2090,1932,1938,1569,2134
pm20d2,57,45,80,31,41,54,39,55,57,53,21,56
pmaip1,85,27,67,44,61,25,63,54,58,39,112,33
pmch,0,0,0,0,1,0,0,0,0,0,0,0
pmel,6,7,10,7,8,6,5,2,5,6,9,2
pmepa1,45,26,52,23,55,37,60,29,51,22,63,53
pmf1,168,162,171,163,203,180,136,235,178,182,142,179
pmfbp1,1,0,0,0,0,0,0,0,1,0,0,0
pml,363,304,316,245,382,318,266,280,327,228,309,336
pmm1,46,57,35,58,60,76,53,77,56,113,45,78
pmm2,788,919,894,750,862,918,768,771,780,700,831,764
pmp2,0,0,0,0,0,0,0,0,0,0,0,0
pmp22,202,127,227,141,257,134,251,148,200,139,191,222
pmpca,1166,1387,1526,1147,1614,1371,1244,1219,1241,1273,1182,1164
pmpcb,2283,2630,2893,2231,2889,2750,2417,2142,2597,2325,2391,1991
pms1,269,325,417,316,280,426,320,279,273,296,314,306
pms2,85,71,112,104,116,118,70,77,84,74,88,76
pmvk,1045,1287,955,725,1135,1119,669,1548,823,1298,615,1362
pnck,4,5,2,2,4,1,2,1,5,4,9,5
pnisr,967,985,1317,838,964,1069,971,896,1085,862,1004,875
pnkd,789,825,788,564,649,656,505,709,539,651,513,852
pnkp,441,391,414,373,409,473,368,393,348,317,278,404
pnldc1,4,17,5,31,5,32,8,41,10,75,24,43
pnlip,685,39715,1276,59131,2762,45496,18892,15164,122717,1,3267,3716
pnliprp1,214,10507,433,14158,748,11205,5840,5385,31638,1,950,1162
pnliprp2,41,2203,86,3146,140,2495,1145,1064,6483,0,215,244
pnma1,2,2,4,2,4,5,3,4,6,2,9,0
pnma2,0,0,0,2,3,2,1,1,0,3,0,2
pnma3,0,0,0,0,0,0,0,0,0,0,0,1
pnma5,0,0,0,0,0,0,0,0,0,0,1,0
pnmt,0,0,0,1,0,0,0,0,2,0,0,0
pnn,406,648,589,479,616,693,488,549,487,473,460,360
pno1,622,781,734,570,647,804,563,599,551,672,529,590
pnoc,2,2,3,1,3,2,6,4,6,3,4,3
pnp,3504,3060,3365,1918,2451,3439,1972,2583,1751,2835,1679,2567
pnpla1,102,149,178,145,199,141,174,142,176,129,190,153
pnpla2,583,675,712,920,916,820,635,487,815,493,794,642
pnpla3,42,26,51,9,68,36,24,64,32,36,28,48
pnpla5,10,2,8,0,6,1,0,18,0,3,0,7
pnpla6,446,423,398,393,446,571,417,381,441,299,426,328
pnpla7,3197,3488,4232,2830,3022,3600,2291,3029,2611,2869,2544,3474
pnpla8,3847,4177,4852,3902,4680,4482,3973,3902,4054,4692,3894,3834
pnpo,3396,3004,3297,2491,3875,3444,2741,2581,2739,2671,2713,2596
pnpt1,819,958,995,673,863,914,804,813,830,868,809,719
pnrc1,970,791,720,461,740,604,605,575,666,618,672,828
pnrc2,1516,1156,1656,864,1247,1261,1109,925,1152,1074,1105,1032
poc1a,25,41,38,41,60,55,50,42,40,28,48,25
poc1b,79,80,88,79,84,87,77,85,64,68,83,108
poc5,114,137,223,140,153,167,121,128,144,122,123,124
podn,52,76,75,75,82,71,111,66,104,43,108,102
podnl1,5,6,7,1,10,2,8,8,12,8,10,7
podxl,266,216,220,180,344,224,261,189,236,134,273,212
podxl2,8,5,16,11,20,5,12,6,17,8,17,12
pof1b,5,3,2,2,2,6,1,2,7,1,58,3
pofut1,435,414,491,343,557,418,448,371,416,331,417,383
pofut2,265,257,287,286,393,308,263,212,357,192,266,206
pogk,145,208,240,245,274,313,231,191,290,202,202,207
poglut1,397,414,450,295,329,419,373,288,316,321,311,310
pogz,195,238,250,216,240,246,249,207,318,204,226,263
pola1,218,262,374,198,413,246,352,284,360,314,362,262
pola2,153,195,230,194,221,209,169,200,229,177,192,176
polb,474,533,579,411,526,516,440,493,463,537,456,563
pold1,79,69,89,57,110,73,71,73,78,42,64,62
pold2,173,180,172,173,222,236,160,180,186,185,125,174
pold3,210,239,266,220,288,285,241,179,249,192,268,169
pold4,334,292,316,224,421,234,279,194,299,175,281,252
poldip2,1600,1764,1925,1441,2219,1701,1669,1437,1734,1347,1510,1465
poldip3,930,908,1067,779,1193,981,851,884,903,781,760,807
pole,52,90,109,93,109,114,84,73,84,64,93,70
pole2,18,19,22,15,35,12,14,26,24,8,28,26
pole3,394,503,523,485,482,602,419,446,391,492,380,386
pole4,415,516,395,446,432,557,376,451,345,498,324,389
polg,848,969,1124,1074,1152,1154,962,833,986,723,886,884
polg2,154,211,238,159,263,183,215,178,247,176,268,198
polh,151,178,216,173,232,185,181,161,163,157,138,168
poli,72,110,150,87,152,128,152,92,122,64,112,92
polk,220,162,171,129,208,209,183,159,208,190,188,156
poll,179,177,227,140,202,158,130,139,131,98,148,162
polm,42,33,50,34,47,71,49,37,48,21,54,39
poln,5,7,5,8,8,8,5,3,10,4,7,10
polq,21,16,31,22,21,21,15,19,18,14,33,18
polr1a,490,675,628,644,871,800,652,517,645,438,547,484
polr1b,301,407,382,408,508,490,412,314,357,233,321,276
polr1c,377,468,534,385,574,518,403,337,418,338,379,334
polr1d,1066,1067,1310,995,1327,1165,1180,927,1212,907,1063,923
polr1e,109,101,108,71,130,149,94,85,59,82,81,79
polr2a,415,350,451,363,509,400,481,308,584,296,452,757
polr2b,1455,1972,1807,1571,2129,1823,1895,1480,1726,1589,1714,1395
polr2c,457,478,489,446,576,506,474,391,513,385,454,395
polr2d,91,106,96,87,127,106,77,73,100,74,75,86
polr2e,352,388,481,353,452,420,356,295,344,311,336,361
polr2f,239,298,328,244,292,268,239,242,255,215,222,225
polr2g,303,305,366,258,388,339,300,262,319,250,317,224
polr2h,228,270,308,209,382,291,315,225,286,236,278,199
polr2i,378,476,471,450,486,464,406,392,376,386,352,396
polr2j,354,370,422,344,475,445,355,313,357,315,366,320
polr2k,389,422,420,281,428,355,343,371,334,395,408,338
polr2l,446,490,517,402,601,418,444,353,337,325,376,373
polr2m,1025,1240,1334,1126,1605,1186,1196,1004,1358,983,1164,1044
polr3a,430,505,545,490,632,621,571,398,617,393,483,386
polr3b,418,453,538,340,498,532,432,391,396,373,393,372
polr3c,312,341,389,277,370,361,300,249,305,256,315,346
polr3d,93,106,143,140,147,167,116,122,101,91,89,106
polr3e,239,251,313,285,359,311,304,261,280,197,233,235
polr3f,331,446,479,425,460,462,436,383,458,384,431,336
polr3g,181,266,245,211,293,288,219,261,256,285,184,266
polr3gl,144,212,211,110,225,133,167,136,162,135,174,141
polr3h,154,194,200,200,235,249,193,189,190,150,177,188
polr3k,462,518,498,372,522,497,391,519,442,527,360,470
polrmt,311,359,321,332,368,381,303,274,317,191,260,342
pom121,72,88,88,83,92,93,88,85,102,57,74,132
pom121l12,0,0,0,0,0,0,0,0,0,0,0,0
pom121l2,0,0,0,0,0,0,0,0,0,0,0,0
pomc,0,2,2,2,0,0,0,2,1,2,1,3
pomgnt1,333,362,361,372,478,469,338,306,358,284,326,324
pomgnt2,45,47,52,45,65,53,53,34,60,26,38,43
pomk,171,203,174,158,189,193,132,135,135,118,131,160
pomp,2038,2737,2552,2144,2457,2793,1961,2272,1767,2312,1776,1967
pomt1,266,254,337,221,295,262,249,277,246,229,227,266
pomt2,444,523,586,460,644,626,507,462,506,383,480,414
pon1,22348,22147,27092,18230,28487,21504,22583,22035,24601,29769,21475,20166
pon2,1033,1074,1283,974,1196,1259,1079,1093,1063,1083,1035,931
pon3,1356,1436,1612,1220,1579,1490,1377,1441,1604,1642,1274,1592
pop1,120,137,127,130,118,187,77,119,75,122,97,120
pop4,287,374,366,270,332,362,295,306,269,360,255,334
pop5,505,746,648,622,665,645,555,555,546,499,511,495
pop7,84,96,93,78,94,96,82,103,84,92,73,96
popdc2,4,1,5,1,2,3,2,4,7,2,3,4
popdc3,1,1,1,0,1,2,0,2,0,1,0,1
por,3107,5955,3035,7208,8692,5959,7395,3160,7416,2757,7223,2152
porcn,40,27,57,44,48,44,47,54,54,32,51,38
postn,805,489,642,401,835,383,565,329,565,483,670,430
poteg,0,0,0,0,0,0,0,0,0,0,0,0
pou1f1,1,7,3,1,3,7,6,2,7,8,1,3
pou2af1,35,11,22,12,47,14,30,52,18,35,36,41
pou2f1,341,315,407,299,307,362,375,297,382,276,321,397
pou2f2,49,27,52,45,103,31,48,39,47,21,48,48
pou2f3,0,0,1,0,1,0,0,2,0,1,1,2
pou3f1,0,0,1,0,1,0,1,1,0,0,0,0
pou3f2,2,4,3,1,2,2,1,1,3,0,2,4
pou3f3,7,13,8,9,7,7,10,9,6,4,14,8
pou3f4,3,6,4,3,2,5,5,6,3,8,6,2
pou4f1,8,3,1,2,5,6,4,4,4,2,3,6
pou4f2,1,0,1,0,0,1,1,0,0,0,1,1
pou4f3,0,0,0,0,0,0,0,0,0,0,0,0
pou5f1,2,1,2,1,3,1,3,2,4,1,3,6
pou5f2,3,4,3,4,3,10,6,1,2,3,4,3
pou6f1,105,81,146,92,149,92,116,77,122,90,88,147
pou6f2,1,1,0,2,4,1,1,3,0,2,1,4
pp2d1,42,42,48,40,41,42,42,38,41,40,41,36
ppa1,3218,4040,3516,2544,3330,3622,2802,2604,2296,2741,2562,2263
ppa2,830,921,917,654,993,865,728,820,830,822,819,798
ppan,133,175,196,247,208,200,214,146,175,140,150,100
ppara,1952,3427,2796,3415,4412,3787,3261,2850,3783,2981,3017,3023
ppard,39,51,34,33,55,47,52,28,65,19,86,47
pparg,101,138,87,147,102,214,68,219,102,332,99,281
ppargc1a,315,201,264,226,238,199,235,166,314,175,389,224
ppargc1b,119,134,143,117,176,149,132,118,260,115,179,136
ppat,746,905,812,877,1147,947,996,988,1101,866,1006,649
ppbp,90,27,60,22,53,39,46,52,64,35,24,44
ppcdc,233,236,326,216,328,267,250,241,253,227,222,248
ppcs,315,425,420,360,457,510,358,354,343,385,289,266
ppdpf,657,752,700,542,791,649,559,676,576,582,485,692
ppef1,40,26,32,24,32,33,28,50,40,51,42,28
ppef2,2,8,1,0,4,3,9,7,1,2,4,4
ppfia1,554,648,660,564,712,733,646,525,657,484,540,498
ppfia2,37,23,30,16,39,20,40,27,28,29,31,25
ppfia3,3,2,2,2,2,2,7,2,4,3,6,3
ppfia4,67,26,54,24,79,24,40,38,47,24,35,30
ppfibp1,944,1015,1295,1019,1155,1067,931,1018,1001,996,997,966
ppfibp2,681,711,889,686,559,855,605,713,689,769,596,655
pphln1,317,449,421,378,477,466,400,386,329,361,300,352
ppia,10061,12169,13585,9729,13142,11690,10686,11222,11154,11040,10307,10151
ppib,6680,8180,6389,5494,6637,6729,5229,5952,5565,5057,4972,5908
ppic,169,85,195,79,330,108,206,72,217,68,218,70
ppid,746,1082,919,696,845,1089,775,774,688,809,671,672
ppie,236,269,309,193,263,244,278,213,227,243,215,228
ppif,435,634,552,508,815,606,584,502,591,406,461,447
ppig,624,631,773,573,729,677,627,519,604,525,624,529
ppih,211,182,251,191,235,217,150,172,199,196,182,186
ppil1,144,226,162,102,195,170,143,170,138,159,134,124
ppil2,1071,1028,1231,929,1286,1117,978,1007,927,1016,981,923
ppil3,283,290,334,239,336,313,288,255,269,287,294,301
ppil4,449,568,563,480,610,647,494,506,508,527,522,462
ppil6,10,21,18,9,7,13,5,3,14,9,11,4
ppip5k1,106,132,135,132,91,122,112,93,103,73,130,152
ppip5k2,1538,2189,2004,2542,1765,2319,1574,1694,1602,1626,1757,1593
ppl,544,498,485,379,1084,728,660,264,855,262,615,292
ppm1a,1721,1908,2270,1970,2407,2069,2006,1903,2261,2032,2030,1903
ppm1b,2587,2612,3242,2272,2917,2872,2278,2500,2464,2709,2241,2429
ppm1d,152,110,190,138,183,159,146,111,190,134,151,112
ppm1e,10,9,11,7,15,14,16,10,14,8,13,16
ppm1f,861,821,883,703,873,1031,730,841,678,702,567,875
ppm1g,707,852,868,836,968,992,753,701,807,586,638,613
ppm1h,204,127,163,125,212,115,191,100,193,81,179,116
ppm1j,3,4,3,5,6,4,15,3,7,3,34,10
ppm1k,4497,4078,4735,3097,4427,3746,4210,3321,4658,3974,4823,3675
ppm1l,296,341,279,307,364,401,325,316,332,311,259,338
ppm1m,209,293,278,222,298,265,248,278,244,231,216,228
ppm1n,5,0,6,3,9,0,2,3,3,0,5,1
ppme1,406,422,445,388,464,534,403,369,403,331,460,318
ppox,272,295,357,254,329,304,299,334,276,286,255,247
ppp1ca,2932,2205,3076,2180,3393,2455,2207,2257,2490,2252,2249,2461
ppp1cb,3337,3138,3646,2683,3755,3281,3156,2890,3149,3117,3315,3131
ppp1cc,1836,1620,2010,1609,2312,1668,1722,1305,1875,1433,1908,1289
ppp1r10,555,912,629,685,858,816,743,682,991,639,859,734
ppp1r11,560,652,645,529,580,601,519,538,541,521,444,473
ppp1r12a,590,631,693,520,711,573,603,585,667,555,719,566
ppp1r12b,245,230,248,180,231,207,255,180,280,179,305,233
ppp1r12c,475,427,499,406,577,472,538,390,557,357,418,407
ppp1r13b,226,226,252,212,286,250,235,217,300,171,246,256
ppp1r13l,18,29,11,15,18,20,15,17,23,7,21,12
ppp1r14a,42,49,51,29,65,44,48,47,53,26,52,53
ppp1r14b,232,264,341,261,394,305,332,212,313,183,266,208
ppp1r14c,3,3,4,3,5,5,5,4,6,3,9,9
ppp1r14d,0,0,0,2,0,0,0,0,0,0,37,0
ppp1r15a,216,258,239,234,255,260,212,221,266,201,217,177
ppp1r15b,1849,2593,2485,2249,3401,2751,2737,2168,3309,1995,2529,2128
ppp1r16a,336,473,402,361,481,417,405,338,470,293,419,331
ppp1r16b,165,149,184,117,223,123,181,157,192,140,184,171
ppp1r17,0,1,0,0,2,2,0,0,2,1,1,3
ppp1r18,129,70,145,88,229,100,138,89,143,74,119,101
ppp1r1a,0,1,0,1,1,1,1,1,2,2,3,16
ppp1r1b,53,111,64,72,110,78,113,65,129,85,149,70
ppp1r1c,6,6,5,2,3,6,5,4,5,1,6,3
ppp1r2,823,879,980,847,1101,958,844,797,912,780,919,819
ppp1r21,428,351,505,362,452,441,401,368,431,359,394,423
ppp1r26,7,10,16,9,13,5,14,2,14,9,11,5
ppp1r27,1,6,4,3,3,3,3,3,8,2,1,15
ppp1r35,129,134,149,121,160,118,118,107,119,135,94,109
ppp1r36,0,0,0,0,2,2,1,3,2,0,2,1
ppp1r37,825,1077,917,984,1143,1070,931,789,1005,730,810,823
ppp1r3a,9,2,8,2,10,6,9,13,7,16,13,66
ppp1r3b,2283,6034,1313,2459,4417,3433,2934,4239,3048,2950,1434,2081
ppp1r3c,1031,1031,1830,1838,820,1267,565,982,823,2117,502,1428
ppp1r3d,24,9,22,8,30,13,13,2,19,7,17,15
ppp1r3e,14,26,25,15,35,15,35,14,36,31,26,40
ppp1r3f,10,15,17,9,33,14,18,31,22,22,21,11
ppp1r3g,67,56,9,11,46,7,32,63,76,73,265,19
ppp1r42,11,1,4,1,9,6,15,0,8,1,19,3
ppp1r7,469,474,552,408,598,511,441,397,402,420,494,419
ppp1r8,277,295,336,230,323,347,291,267,259,243,272,253
ppp1r9a,421,392,584,280,428,285,415,398,408,379,513,426
ppp1r9b,381,199,314,197,479,221,359,234,366,163,303,202
ppp2ca,2973,3129,3397,2737,3355,3358,2727,2851,2751,3053,2630,2731
ppp2cb,502,441,559,463,553,527,468,421,480,442,425,423
ppp2r1a,1167,1145,1259,1027,1491,1174,1048,993,1053,869,905,1053
ppp2r1b,409,455,494,428,383,521,367,420,323,539,307,494
ppp2r2a,169,130,176,128,219,140,176,145,237,143,201,262
ppp2r2b,6,6,3,5,9,9,8,1,12,4,10,6
ppp2r2c,15,7,10,6,20,12,9,13,21,9,13,10
ppp2r2d,382,409,442,459,417,451,360,392,372,422,393,384
ppp2r3a,547,675,758,546,624,728,652,585,711,764,637,753
ppp2r3c,388,355,428,296,434,398,357,332,338,343,346,323
ppp2r5a,3875,3826,5134,3633,5040,3877,4087,4654,4733,4672,4288,4749
ppp2r5b,159,147,184,140,202,186,164,152,160,104,146,130
ppp2r5c,916,864,1139,835,1089,924,907,828,908,880,925,810
ppp2r5d,466,589,593,476,632,583,553,474,571,428,525,428
ppp2r5e,591,827,720,728,1019,729,787,773,889,704,691,872
ppp3ca,811,878,1013,826,1208,868,952,787,973,796,978,879
ppp3cb,635,628,705,538,859,663,665,556,747,594,645,623
ppp3cc,108,78,86,75,112,74,84,79,80,89,81,105
ppp3r1,852,809,959,856,1210,976,880,825,1037,867,904,809
ppp3r2,0,0,0,0,0,0,0,0,0,0,0,0
ppp4c,744,633,842,699,966,746,718,642,774,562,685,624
ppp4r1,510,482,550,484,668,609,528,405,506,387,480,467
ppp4r2,1080,1261,1331,1173,1438,1443,1243,1275,1300,1337,1176,1117
ppp4r4,246,245,230,230,240,286,287,240,264,185,195,253
ppp5c,461,627,576,517,696,586,607,436,604,483,543,488
ppp6c,1329,1501,1697,1413,1620,1664,1354,1421,1339,1514,1293,1404
ppp6r1,1627,2013,1950,1717,2274,1889,1745,1558,1784,1334,1607,1586
ppp6r2,537,662,699,532,748,684,519,558,598,550,549,607
ppp6r3,2066,2276,2452,1944,2423,2419,2042,2208,2054,2179,2105,2164
pprc1,92,120,148,163,148,161,172,134,165,73,121,129
ppt1,890,616,954,561,937,659,730,534,772,600,794,588
ppt2,414,417,388,318,474,377,367,336,401,252,300,331
pptc7,508,661,522,840,673,611,539,468,674,383,711,412
ppwd1,217,218,281,194,237,229,221,225,199,208,205,205
ppy,0,3,0,2,1,4,6,1,41,0,2,0
pqbp1,377,476,489,418,443,558,352,355,304,389,294,383
pradc1,94,105,103,107,122,124,104,111,110,102,101,100
praf2,43,61,60,45,60,59,60,47,61,63,66,60
pram1,40,17,31,29,33,27,29,16,30,13,26,25
prame,0,0,0,0,0,0,0,0,0,0,0,0
pramef12,1,0,3,0,0,0,1,0,1,0,0,0
pramef17,0,0,0,0,0,0,0,0,0,0,0,0
pramef8,201,166,267,182,262,224,210,172,197,176,170,194
prap1,1,2,0,156,3,1,1,4,2,1,4503,0
prb1,0,0,0,0,0,0,0,0,0,0,0,0
prc1,49,39,85,65,88,34,46,37,52,24,63,46
prcc,282,314,283,246,314,258,243,223,231,183,239,225
prcp,385,267,478,198,499,277,421,262,431,280,434,309
prdm1,23,20,35,12,24,21,38,19,34,14,29,28
prdm10,72,119,74,68,99,90,84,97,87,81,82,80
prdm11,88,101,105,74,95,89,95,92,143,81,96,84
prdm12,4,3,1,0,1,0,6,3,0,0,1,1
prdm13,0,0,0,0,0,0,0,0,0,0,0,0
prdm14,0,0,0,2,2,0,0,0,0,1,1,0
prdm15,129,154,165,135,170,142,152,193,170,153,155,121
prdm16,17,25,19,20,27,19,12,16,53,11,86,5
prdm2,391,529,532,542,450,433,478,429,454,376,435,493
prdm4,171,191,257,190,261,235,204,166,227,141,207,170
prdm5,30,18,36,19,44,20,30,18,36,21,33,23
prdm6,6,2,5,5,2,2,3,0,2,1,2,5
prdm8,3,6,9,1,4,3,3,6,6,4,4,3
prdm9,103,130,121,90,111,140,131,103,125,119,110,116
prdx1,23421,24585,27680,21853,25132,26303,23600,23101,23369,25941,22884,20906
prdx2,2557,2727,2948,2074,3253,2691,2455,2135,2513,2316,2412,2114
prdx3,3071,3219,3816,2536,3979,3231,2914,2776,3041,3205,2916,2598
prdx4,1939,2359,2475,2161,2377,2300,2276,2130,2351,2028,2029,1847
prdx5,4573,5116,5350,4205,4974,4689,4039,4159,4149,3934,3984,3936
prdx6,7974,10891,9969,8366,11856,10349,8470,9111,8864,9237,8859,8750
preb,1158,1216,1125,1257,1241,1748,1000,1056,977,933,911,1107
prelid1,2209,2332,2607,2015,2941,2247,2143,1948,2235,1806,2146,2120
prelid2,37,13,19,14,38,16,16,17,31,14,43,19
prelp,716,686,665,520,1022,536,659,422,646,392,731,645
prep,482,645,572,557,622,636,522,531,577,468,452,484
prepl,855,698,830,507,688,816,707,651,632,603,581,633
prex1,473,264,382,301,629,240,359,350,442,235,307,410
prex2,656,738,670,578,1011,656,757,574,712,551,919,607
prf1,9,10,5,6,16,5,7,10,8,6,12,7
prg2,49,1,2,19,4,0,4,1,1,2,5,5
prg3,3,0,0,0,0,1,0,1,0,1,0,0
prg4,367,169,253,164,353,297,321,135,301,183,241,324
prh1,0,0,0,0,0,0,0,0,0,0,0,0
prickle1,112,102,115,94,185,105,140,85,118,83,126,113
prickle2,146,72,114,69,123,91,95,63,111,65,142,81
prickle3,56,43,57,38,61,58,62,31,60,39,64,37
prickle4,16,17,37,13,16,24,8,17,16,10,25,18
prim1,85,140,108,74,101,109,87,76,66,77,78,100
prim2,111,99,133,106,119,119,110,112,140,139,106,129
prima1,0,0,0,0,0,0,0,0,0,0,0,0
primpol,161,171,185,95,198,163,154,148,145,144,143,165
prkaa1,437,428,576,361,562,504,492,422,510,467,414,420
prkaa2,1213,1791,2001,1445,2656,1644,2064,1392,2038,1469,1529,1558
prkab1,338,318,412,300,601,401,325,292,413,297,412,280
prkab2,75,48,69,47,75,62,74,46,72,52,85,57
prkaca,685,820,786,667,880,742,629,746,684,623,631,793
prkacb,1046,1257,1279,1089,1495,1192,1120,974,1192,970,1170,1062
prkag1,631,701,774,686,768,797,666,637,663,654,624,614
prkag2,363,418,405,334,402,352,383,322,381,224,385,357
prkag3,5,25,1,16,9,29,13,9,17,10,26,10
prkar1a,2003,1938,2164,2041,2254,2263,1945,2029,2004,1887,1834,2466
prkar1b,9,7,16,5,14,8,13,12,15,5,18,10
prkar2a,1436,1748,1674,1346,1637,1753,1365,1443,1458,1323,1392,1511
prkar2b,54,21,47,26,74,33,64,23,43,91,42,40
prkca,286,249,291,189,319,187,241,192,303,209,381,241
prkcb,192,92,202,111,300,103,224,117,171,91,197,138
prkcd,427,210,464,263,585,282,405,302,421,247,435,322
prkce,209,265,210,240,264,256,245,252,253,190,226,289
prkcg,14,8,10,8,7,15,7,10,14,6,13,12
prkch,194,154,185,137,274,118,182,110,218,99,182,132
prkci,357,363,452,381,502,394,370,335,383,315,439,360
prkcq,140,140,154,128,165,126,156,125,140,96,156,156
prkcsh,1459,1774,1707,1493,1737,1725,1408,1444,1368,1091,1337,1341
prkcz,414,661,517,505,525,600,418,311,433,334,436,418
prkd1,2,6,8,5,6,5,4,8,6,10,10,11
prkd2,131,128,139,68,159,120,110,86,135,73,115,120
prkd3,5028,6963,7672,6375,6686,7190,5204,6765,7216,8638,6571,7579
prkdc,493,549,716,479,552,642,510,572,433,493,471,573
prkg1,76,57,82,58,90,49,72,46,64,49,74,71
prkg2,8,12,17,28,29,7,47,24,39,15,121,20
prkra,433,425,574,329,516,394,454,457,476,453,434,507
prkrip1,145,140,129,120,127,135,111,129,126,101,105,126
prkx,178,108,223,151,283,160,200,120,204,112,177,137
prl,0,0,0,0,0,0,0,0,0,0,0,0
prlh,0,1,0,0,0,0,0,0,0,0,0,0
prlhr,0,0,0,0,0,0,0,0,0,0,0,0
prlr,1715,1277,980,1423,1809,1657,1283,1408,1167,1960,1375,1370
prm1,0,0,0,0,0,0,0,0,0,0,0,1
prm2,0,1,0,1,0,0,0,0,0,0,0,1
prm3,0,0,0,0,0,0,0,0,0,2,1,0
prmt1,176,193,204,189,238,194,200,170,206,146,234,217
prmt2,25,22,23,30,52,22,35,18,37,17,43,22
prmt3,233,223,250,227,315,273,262,242,255,227,206,201
prmt5,261,295,356,246,383,386,303,248,259,241,279,222
prmt6,154,149,188,144,183,219,168,120,129,115,113,124
prmt7,309,318,344,311,370,343,314,256,271,247,284,318
prmt8,1,3,3,1,1,1,1,1,3,2,3,0
prmt9,460,428,620,405,571,540,417,480,428,492,366,483
prnd,2,0,4,1,6,2,5,4,8,5,8,3
prnp,773,895,894,551,1102,657,796,727,790,625,697,765
prob1,176,169,132,160,157,181,102,101,123,72,106,117
proc,7797,9538,10327,8246,10717,9039,9250,8891,9329,7896,8127,8217
proca1,37,41,27,22,21,42,35,56,28,59,27,48
procr,49,7,48,25,63,32,29,27,33,18,27,25
prodh,4075,5984,5819,3731,6781,4748,4884,5013,5135,4139,3882,4500
prodh2,2989,3446,3501,2851,4139,3046,3220,2815,3425,2557,2878,2847
prok1,64,92,136,80,150,148,112,92,34,84,101,94
prok2,0,0,1,1,0,0,1,0,2,0,1,0
prokr1,7,4,6,5,11,1,10,5,4,3,4,9
prokr2,26,35,21,23,13,24,34,22,30,15,29,23
prom1,100,70,64,81,63,90,83,55,147,32,217,56
prom2,2,22,1,26,1,23,10,10,61,0,3,3
prop1,6,11,9,3,6,10,7,6,16,8,9,7
pros1,2249,1987,2540,2043,2621,2283,2298,1690,2165,1682,2012,1801
proser1,62,41,73,67,65,78,73,49,96,50,70,82
proser2,245,287,146,219,227,258,169,196,222,235,208,199
proser3,40,39,41,42,43,50,44,42,54,36,47,41
prox1,1635,1981,1451,1826,3498,2568,1681,1392,2832,1558,2220,2146
prox2,31,33,34,34,32,31,35,36,42,26,39,35
proz,8283,9083,9627,7622,10136,8904,8668,8421,8468,7902,7683,8043
prpf18,867,1037,1144,941,1046,1157,941,860,992,856,951,830
prpf19,1827,2036,2013,1653,2049,2198,1565,1771,1542,1646,1368,1465
prpf3,143,174,159,175,180,202,160,174,171,161,163,169
prpf31,325,406,414,327,402,448,337,270,290,254,261,251
prpf38a,338,348,393,286,393,363,336,331,327,310,322,362
prpf38b,705,815,763,718,768,875,719,780,784,688,728,565
prpf39,450,513,643,521,552,601,596,465,664,519,564,530
prpf4,316,372,406,376,424,511,335,359,349,321,308,324
prpf40a,1642,1732,1772,1483,2006,1829,1686,1744,1642,1711,1592,1612
prpf40b,167,170,155,154,187,168,156,165,165,119,141,144
prpf6,1290,1728,1715,1652,1707,2037,1492,1307,1315,1175,1214,1279
prpf8,3893,4905,5112,4108,5480,4568,4467,4212,4681,3948,4345,5037
prph,18,33,24,32,20,26,14,29,24,20,9,36
prph2,0,0,0,0,0,1,0,0,1,1,1,0
prps1,561,653,624,539,686,708,580,517,613,533,521,441
prps1l1,4,1,1,3,3,0,1,3,1,3,3,3
prps2,497,470,678,403,734,468,586,468,517,559,563,426
prpsap1,779,863,1053,959,1163,925,875,784,1072,742,948,908
prpsap2,320,332,296,240,319,335,248,289,243,264,237,259
prr11,11,14,15,9,20,6,14,6,14,8,26,4
prr12,51,50,64,41,63,56,84,43,66,30,61,99
prr13,471,445,492,366,553,475,425,332,379,314,388,333
prr14,367,427,366,345,450,440,366,331,398,278,326,341
prr14l,809,869,997,814,1049,959,880,770,964,791,817,902
prr15,43,17,47,40,74,34,75,29,76,37,183,66
prr15l,44,72,49,49,62,60,59,40,104,32,115,34
prr16,478,530,569,472,639,673,536,430,581,402,464,429
prr18,2,2,8,1,3,4,6,1,4,3,1,3
prr19,0,0,0,0,0,0,0,0,0,0,0,0
prr22,2,0,0,1,0,4,3,0,0,1,1,2
prr27,0,0,0,0,0,0,0,0,0,0,0,0
prr29,1,1,2,0,0,0,2,0,3,0,1,2
prr3,59,64,68,81,86,70,88,53,62,60,86,70
prr30,0,0,0,0,0,0,0,0,0,0,0,0
prr32,0,0,0,0,0,0,0,0,0,0,0,0
prr36,2,4,12,3,12,5,7,4,15,7,5,9
prr5,54,81,70,72,69,72,57,54,48,50,68,47
prr5l,68,51,67,47,95,61,56,49,68,45,72,55
prr7,1,1,0,2,4,1,1,0,2,0,3,1
prr9,0,1,0,0,0,0,0,0,0,0,0,0
prrc1,452,489,431,543,535,716,395,333,421,325,383,409
prrc2a,595,652,524,509,700,648,572,521,694,409,581,860
prrc2b,727,808,836,794,1078,930,862,768,1062,601,831,1163
prrc2c,1327,1227,1510,1279,1765,1447,1578,1186,1670,1054,1540,1529
prrg1,80,67,97,61,113,69,102,67,112,56,114,62
prrg2,331,364,335,273,391,323,314,286,350,295,268,305
prrg3,38,53,56,48,63,42,67,36,42,36,46,78
prrg4,26,11,36,10,27,25,41,9,77,10,38,12
prrt1,6,2,4,2,4,8,6,1,4,4,2,0
prrt2,1,2,4,1,0,0,4,1,3,2,3,1
prrt3,4,9,7,5,8,12,3,5,8,6,7,5
prrt4,1,2,0,0,2,0,0,0,0,0,3,5
prrx1,46,38,59,42,67,40,68,30,48,52,77,79
prrx2,0,0,1,2,1,0,4,1,3,0,1,1
prss1,0,1,1,3,0,3,0,0,7,0,0,0
prss12,26,14,33,27,43,28,41,32,32,21,38,35
prss16,1,0,0,1,3,1,1,1,3,0,2,0
prss2,444,22590,865,30881,1706,26371,11917,12332,69722,0,1647,2676
prss21,0,0,0,0,0,0,0,0,0,0,0,0
prss22,1,1,1,3,0,0,2,0,2,3,0,2
prss23,183,172,205,131,252,159,201,151,188,129,194,235
prss27,0,0,0,1,0,0,0,0,0,0,2,0
prss3,8,110,12,91,3,81,95,35,726,0,8,8
prss33,1,2,0,0,1,1,0,0,1,0,0,0
prss35,10,10,15,9,10,9,10,9,15,7,15,12
prss36,84,130,107,68,122,84,68,89,79,90,85,108
prss37,0,0,0,0,0,0,0,0,0,1,0,0
prss38,0,0,0,0,0,1,0,0,0,0,0,0
prss48,12,16,12,4,9,9,9,12,19,7,12,11
prss50,8,2,1,4,4,1,0,4,4,1,3,5
prss53,51,84,89,33,72,60,48,60,56,46,72,69
prss54,0,0,0,0,0,0,0,0,0,0,0,0
prss55,6,5,0,2,10,1,11,3,5,5,4,1
prss56,0,0,0,0,0,0,0,0,0,0,0,0
prss57,1,0,0,1,1,1,0,0,0,0,0,0
prss58,0,0,0,0,0,0,0,0,0,0,0,0
prss8,147,217,193,145,245,215,207,176,337,131,171,138
prtg,7,2,3,2,6,3,8,5,4,8,5,6
prtn3,176,8,13,14,16,69,16,4,7,3,4,10
prune2,53,25,54,38,70,34,75,35,52,34,46,55
prx,9,4,5,9,6,8,7,4,15,2,9,9
psap,11170,8359,12447,8428,16794,9427,11961,8744,12227,8143,10376,10163
psapl1,0,0,0,0,0,0,0,0,0,0,0,0
psat1,36,50,34,44,62,80,73,47,105,31,42,37
psca,0,0,0,0,0,0,0,0,0,0,0,0
psd,23,9,11,15,21,14,27,12,28,13,28,22
psd2,0,1,1,1,3,1,3,0,4,0,3,0
psd3,1535,2344,2321,1829,2352,1906,2241,1896,2342,1891,2085,2006
psd4,219,102,180,89,197,135,136,157,180,116,169,160
psen1,608,633,647,573,814,749,615,504,603,411,560,547
psen2,4104,2639,4033,1732,2802,2312,1645,2988,1708,2699,1681,3294
psenen,531,618,549,442,637,563,487,477,565,457,453,493
psip1,767,848,918,769,894,941,815,819,859,732,731,721
pskh1,500,616,720,611,727,615,600,534,648,495,522,536
psma1,2146,2732,2594,1919,2312,2519,1993,2347,1959,2618,1860,2090
psma2,1950,2224,2407,1755,2257,2290,1804,2071,1819,2384,1756,1947
psma3,3434,4019,4288,3305,3936,3991,3194,3810,3311,4259,3122,3454
psma4,3307,3865,3841,2699,3748,3666,3285,3500,3210,4026,3097,3006
psma5,1401,1840,1916,1565,1779,1915,1304,1620,1338,1810,1284,1515
psma6,1773,2259,2114,1849,2410,2225,1703,1822,1614,1992,1635,1693
psma7,2299,2654,2552,2040,2644,2518,2019,2417,2048,2337,1985,2159
psma8,32,35,19,25,20,13,15,21,32,21,16,22
psmb1,2704,3113,3368,2707,3277,3272,2571,2852,2651,2960,2606,2635
psmb10,674,716,774,617,984,695,740,633,875,509,713,499
psmb11,18,17,29,25,17,34,24,19,35,16,32,20
psmb2,1083,1348,1412,1093,1316,1401,1018,1171,1042,1168,940,1061
psmb3,1681,1970,2002,1590,1967,1937,1595,2013,1634,2065,1509,1780
psmb4,2562,3224,3155,2684,3152,3131,2385,2746,2361,2749,2421,2495
psmb5,1176,1562,1443,1308,1487,1596,1199,1275,1199,1240,1053,1268
psmb6,2076,2817,2768,2213,2762,2752,2220,2419,2221,2458,1941,2288
psmb7,2812,3538,3631,2956,3227,3382,2769,3110,2738,3359,2588,2871
psmb8,686,567,818,513,944,585,640,659,683,516,693,561
psmb9,329,351,429,216,453,286,288,301,274,228,326,283
psmc1,2132,2806,2694,2296,2402,2784,2040,2373,1952,2443,1798,2072
psmc2,1479,1878,1925,1534,1602,2079,1435,1790,1322,1761,1360,1755
psmc3,2320,3115,2976,2446,2780,2902,2341,2563,2101,2684,2112,2324
psmc3ip,7,13,28,8,15,15,16,15,11,12,17,12
psmc4,1564,2032,1892,1408,1788,1908,1461,1572,1232,1640,1233,1538
psmc5,1053,1487,1292,1035,1190,1502,913,1134,873,1109,833,951
psmc6,2521,2879,2927,2141,2485,2894,2338,2726,2163,3037,2401,2555
psmd1,2504,3002,2849,2346,2869,3129,2101,2725,2063,2923,1871,2513
psmd10,276,245,315,204,286,274,242,254,215,210,204,213
psmd11,1160,1401,1408,1260,1145,1539,1116,1386,1096,1499,932,1690
psmd12,1435,1684,1782,1588,1648,1914,1349,1589,1244,1664,1196,1422
psmd13,1479,1709,1615,1284,1722,1611,1360,1342,1332,1374,1268,1335
psmd14,1104,1621,1302,1026,1300,1501,877,1270,874,1374,815,1144
psmd2,3918,5277,4847,3884,4659,5357,3782,4229,3483,4073,3362,3888
psmd3,979,1295,1008,1053,1253,1212,907,1022,953,899,862,1087
psmd4,1717,2206,1999,1686,1801,2182,1507,1820,1385,1863,1311,1622
psmd5,981,1122,1099,839,1043,1163,917,1006,984,1112,817,939
psmd6,1792,2175,2344,1828,1955,2223,1710,1894,1735,2155,1549,1715
psmd7,910,993,1039,940,983,1272,764,994,772,964,758,895
psmd8,2301,2682,2906,2144,2897,2664,2289,2294,2200,2320,2200,2118
psmd9,593,837,741,844,785,911,627,607,666,594,664,651
psme1,1477,1499,1768,1316,2131,1638,1503,1572,1625,1477,1501,1483
psme2,1512,1627,1914,1246,1964,1796,1604,1544,1578,1562,1630,1322
psme3,783,800,726,681,896,888,680,639,667,597,585,582
psme4,3856,4396,4722,4066,4991,4754,4235,4003,4063,3817,3818,3891
psmf1,456,491,497,459,593,561,424,345,460,356,402,415
psmg1,361,421,420,290,416,393,337,301,329,350,313,324
psmg2,279,275,297,209,307,275,268,235,226,226,255,236
psmg3,212,285,252,238,304,309,216,212,206,205,186,196
psmg4,113,87,146,99,146,113,106,81,124,87,82,101
psors1c2,0,0,0,0,0,0,0,0,0,0,0,0
pspc1,162,179,214,214,208,298,162,211,173,192,168,241
psph,215,264,214,214,263,281,213,233,186,206,171,209
pspn,5,0,1,2,1,3,3,3,1,1,0,4
psrc1,16,10,9,9,18,6,6,11,14,7,11,7
pstk,191,239,329,200,301,269,236,235,253,196,232,238
pstpip1,49,14,61,20,64,30,69,36,58,35,51,40
pstpip2,206,193,167,77,266,144,106,209,138,227,112,244
ptafr,128,59,161,57,256,115,219,85,187,86,163,166
ptar1,130,115,153,119,164,138,112,107,160,121,119,116
ptbp1,1185,1525,1524,1369,1626,1834,1330,1354,1505,1257,1209,1406
ptbp2,255,203,337,249,319,274,306,271,296,303,338,310
ptbp3,3184,2835,3798,3118,4259,3323,3565,2687,3635,2818,3727,2855
ptcd1,271,318,313,272,393,367,311,252,293,208,285,262
ptcd2,498,493,488,404,590,630,422,368,430,393,398,317
ptcd3,2184,3059,2817,2388,2506,2988,2111,2797,2101,3252,2114,3155
ptch1,461,484,642,382,577,526,537,462,618,367,528,547
ptch2,10,10,19,11,17,8,18,16,23,5,23,13
ptchd1,0,0,2,0,2,1,2,1,2,1,2,0
ptchd3,0,0,0,0,1,0,0,0,0,0,0,0
ptchd4,0,2,5,1,2,3,1,1,1,2,0,2
ptcra,3,8,12,3,0,9,12,7,10,6,10,4
ptdss1,863,1164,1149,941,1165,1128,1013,1011,1062,1052,946,958
ptdss2,162,157,226,154,250,179,192,134,210,148,193,154
pten,5740,5499,6298,4746,7314,5725,5555,4993,5676,5054,5374,5507
pter,2490,1656,1809,1256,1567,2250,1411,1642,1463,1783,1290,1531
ptf1a,0,6,1,3,0,8,6,0,42,0,1,1
ptgdr,5,3,2,1,1,0,2,4,1,0,1,2
ptgdr2,0,1,0,1,3,2,3,0,2,0,2,0
ptgds,40,57,55,43,39,72,22,49,34,31,34,58
ptger1,154,125,116,96,193,97,118,65,139,61,125,97
ptger2,28,37,47,38,63,37,54,18,48,33,36,42
ptger3,20,58,27,99,25,81,66,41,192,13,22,33
ptger4,65,35,74,39,118,29,72,25,79,37,93,61
ptges,31,18,43,29,75,26,58,30,56,23,47,36
ptges2,453,442,520,389,560,470,454,391,498,373,435,383
ptges3,2752,3626,3011,2688,3347,3511,2621,2694,2503,2977,2685,2481
ptges3l,22,17,13,23,18,11,29,17,23,6,14,18
ptgfr,9,7,11,9,9,13,16,11,14,16,24,12
ptgfrn,185,129,174,114,295,136,239,90,244,75,280,145
ptgir,22,7,25,9,42,11,37,8,26,11,21,19
ptgis,98,85,122,138,216,108,306,87,177,79,179,151
ptgr1,125,96,128,88,160,105,152,90,149,71,377,69
ptgr2,1788,2243,2400,1726,2620,2026,1992,1737,1971,1937,2060,1677
ptgs1,684,526,686,490,958,469,622,453,653,349,516,440
ptgs2,5,2,5,3,4,6,15,10,13,9,8,14
pth,0,0,0,0,0,0,0,0,0,0,0,0
pth1r,150,176,151,145,206,130,142,116,137,107,128,164
pth2,0,0,0,0,0,0,0,0,0,0,0,0
pth2r,1,0,0,0,0,2,0,0,0,0,1,0
pthlh,0,0,0,0,2,0,1,0,0,0,0,1
ptk2,629,618,672,565,754,685,628,563,572,525,620,554
ptk2b,617,841,771,679,956,727,662,606,640,573,642,823
ptk6,76,108,85,31,41,88,41,32,22,39,50,57
ptk7,56,27,46,39,75,29,88,24,81,21,102,42
ptma,6762,7377,7639,4793,8302,6126,6616,4970,5603,4861,6121,4531
ptms,3886,5018,3994,3156,4402,3743,3094,3856,3613,3591,3007,3040
ptn,5,2,4,1,4,3,6,1,8,5,17,4
ptov1,359,465,388,356,479,370,400,369,428,293,362,404
ptp4a1,3081,5132,3161,4477,5794,4847,4013,3909,4916,3572,4865,2654
ptp4a2,3817,3191,4122,2937,4051,3512,3486,3389,3546,3796,3303,3471
ptp4a3,134,68,99,94,165,93,110,98,140,57,114,120
ptpdc1,41,30,46,22,36,33,36,37,36,22,24,31
ptpn1,637,408,498,384,760,561,511,393,498,307,366,383
ptpn11,1497,1651,1799,1531,1896,1946,1534,1407,1638,1368,1420,1418
ptpn12,492,435,534,361,642,443,487,413,542,410,483,501
ptpn13,109,83,122,120,172,112,177,85,222,80,146,126
ptpn14,101,86,86,83,127,85,136,85,161,68,126,125
ptpn18,150,55,137,75,156,74,114,79,131,74,112,75
ptpn2,313,311,377,294,383,336,282,295,290,289,323,265
ptpn20,3,2,2,2,2,1,2,0,2,2,4,0
ptpn21,164,221,199,164,229,236,179,189,266,161,227,227
ptpn22,72,52,73,46,91,53,55,68,79,59,71,67
ptpn23,103,107,126,100,111,113,106,109,137,93,114,226
ptpn3,1172,1199,1448,1052,1483,1461,1334,846,1268,831,1168,906
ptpn4,494,572,624,648,678,763,686,470,607,502,596,597
ptpn5,0,0,1,0,0,0,2,0,0,0,2,1
ptpn6,713,439,627,413,862,426,514,420,497,339,436,397
ptpn7,46,20,45,23,64,21,58,33,68,30,35,41
ptpn9,468,394,433,430,453,461,361,402,343,399,309,372
ptpra,834,777,989,637,1073,729,769,697,812,729,770,777
ptprb,3896,3692,3811,2963,4874,3236,3433,2442,3618,2440,3797,3000
ptprc,1896,692,1632,705,2120,805,1235,1001,1389,826,1126,933
ptprcap,29,14,30,10,44,9,22,28,25,20,25,28
ptprd,4173,5456,6031,5094,6910,5209,5527,5571,6677,6082,5554,5929
ptpre,137,67,164,69,162,76,130,77,133,66,113,111
ptprf,2645,2753,2871,2139,3315,2699,2714,2711,3165,2093,2752,3971
ptprg,832,813,893,743,1231,845,957,788,1073,774,1002,1010
ptprh,2,1,1,3,2,0,0,0,1,0,154,0
ptprj,2757,2411,2830,2093,3607,2175,2557,2270,2635,1905,2080,2401
ptprk,1491,1323,1768,1235,1512,1546,1313,1436,1532,1320,1359,1436
ptprm,197,145,178,182,226,167,155,110,165,79,144,124
ptprn,2,8,3,0,5,2,3,1,1,6,4,2
ptprn2,3,39,1,49,3,34,25,18,149,0,15,4
ptpro,85,37,96,30,90,46,48,53,77,36,59,64
ptprr,12,10,15,20,7,13,10,21,23,13,77,16
ptprs,214,124,236,126,367,137,271,153,299,133,292,273
ptprt,2,22,1,23,3,25,4,9,1,27,2,16
ptpru,34,18,32,9,45,13,35,14,51,13,31,19
ptprz1,1,5,4,4,1,4,0,1,7,6,3,4
ptrh1,12,13,11,7,23,12,13,10,11,4,23,12
ptrh2,370,430,474,416,497,520,397,365,350,422,345,401
ptrhd1,103,118,119,93,145,115,97,120,111,119,108,126
pts,564,613,767,550,752,627,549,646,610,729,543,718
pttg1,397,509,554,418,519,457,423,437,407,457,422,454
pttg1ip,3917,3816,4606,3228,4384,3814,3298,3597,3368,3495,3265,3724
ptx3,2,0,1,2,0,1,4,1,2,2,1,4
ptx4,0,0,0,0,1,0,0,0,0,0,0,1
puf60,1106,1270,1319,1150,1369,1309,1106,1004,1033,927,968,991
pum1,911,1071,1087,1040,1295,1150,984,994,1063,905,1102,1032
pum2,1463,1367,1727,1311,1717,1444,1551,1340,1694,1269,1660,1923
pum3,566,660,735,569,755,774,612,611,590,644,566,558
pura,391,457,459,423,546,520,448,352,464,344,416,371
purb,1153,1201,1327,1162,1750,1237,1340,1067,1459,1066,1465,1179
purg,24,27,33,24,36,28,39,27,22,18,21,15
pus1,249,327,312,262,392,338,262,252,270,199,254,273
pus10,600,680,725,610,761,767,623,629,605,732,642,596
pus3,168,138,206,157,188,182,132,129,151,142,117,128
pus7,210,320,233,233,369,335,318,201,260,160,226,180
pus7l,38,34,31,33,57,29,37,37,50,32,41,23
pusl1,59,75,89,80,111,84,65,78,100,59,75,58
pvalb,1,2,25,0,0,5,0,0,0,0,0,160
pvr,174,141,201,118,175,181,149,130,186,120,143,161
pwp1,419,386,519,433,501,572,397,434,402,443,373,401
pwp2,248,399,332,308,398,504,300,332,289,329,233,330
pwwp2a,165,138,171,170,180,165,160,163,185,145,168,156
pwwp2b,84,51,68,40,78,60,72,50,76,40,53,44
pxdc1,1046,916,949,617,1029,858,681,1029,850,942,733,1044
pxdn,525,300,647,297,820,296,508,271,535,304,476,387
pxk,490,458,535,509,629,613,454,396,502,375,488,355
pxmp2,2302,2925,3022,2287,3206,2506,2207,2119,2309,2145,2214,2177
pxmp4,1037,1166,1166,1076,1250,1188,914,910,955,1088,851,933
pxn,592,482,593,431,735,494,563,444,622,400,501,546
pxt1,0,1,1,0,0,0,0,0,0,0,0,0
pxylp1,158,124,185,91,150,128,133,96,153,79,130,123
pycard,150,83,157,85,225,96,182,112,153,86,292,129
pycr1,21,42,18,31,22,37,24,27,81,20,25,28
pycr2,150,91,151,113,168,183,127,95,126,76,97,98
pygb,426,208,362,189,521,216,342,193,378,165,315,211
pygl,12389,13426,17825,9767,13494,11938,10526,12068,10232,12112,10336,11280
pygm,28,19,48,18,57,29,30,23,32,13,29,215
pygo1,20,8,28,14,25,20,22,15,20,8,17,12
pygo2,227,197,255,244,283,276,254,210,265,177,232,218
pyhin1,155,74,187,81,240,95,145,131,134,108,142,112
pym1,122,141,127,136,181,170,150,144,159,107,113,135
pyroxd1,324,355,408,320,354,466,294,291,276,354,342,318
pyroxd2,650,327,646,274,687,318,458,338,540,274,524,346
pyy,0,0,0,1,0,1,0,0,7,0,1,0
pzp,121155,126458,128381,127390,128267,159345,119311,114715,116688,109330,103475,120610
qdpr,5915,7851,7535,5252,7440,7232,5365,7244,5569,7018,5091,7276
qpct,131,196,171,197,181,174,165,137,184,207,176,185
qpctl,198,217,232,177,234,256,201,183,226,138,180,190
qprt,3143,3450,3898,2535,3642,2865,2973,2814,2833,2582,2564,2869
qrfp,7,4,4,3,3,2,6,5,1,3,3,6
qrfpr,0,0,1,0,0,0,0,0,0,0,0,0
qrich1,1011,1034,1247,1051,1378,1302,1091,922,984,933,943,1041
qrich2,0,3,4,2,2,1,1,2,2,2,0,2
qrsl1,125,118,135,99,105,146,87,80,82,120,76,98
qser1,428,378,581,408,530,356,581,349,628,335,517,623
qsox1,10753,8081,9020,7326,6946,9393,6844,5672,5772,4586,5204,6383
qsox2,116,174,182,182,179,222,189,158,231,103,172,134
qtrt1,54,72,79,58,70,91,78,36,72,42,78,54
r3hcc1,178,173,223,168,234,223,153,139,134,132,126,145
r3hcc1l,481,463,520,346,471,512,456,394,433,409,415,376
r3hdm1,386,355,459,403,436,458,476,353,484,312,483,402
r3hdm2,356,399,447,375,530,385,521,379,473,347,420,645
r3hdm4,434,423,451,385,526,451,399,349,445,320,372,423
r3hdml,3,16,8,12,9,10,11,4,16,1,15,7
rab10,1723,1858,2078,1479,2203,1796,1631,1530,1782,1382,1677,1476
rab11a,1295,1125,1398,1072,1571,1306,1197,1055,1246,1181,1258,1151
rab11b,724,821,865,728,1021,807,776,720,823,657,751,672
rab11fip1,204,261,267,246,350,332,281,231,269,210,354,251
rab11fip2,250,274,301,232,383,267,282,246,284,254,274,275
rab11fip3,221,230,254,181,277,263,207,222,244,144,240,241
rab11fip4,185,144,173,181,93,239,120,126,137,148,112,189
rab11fip5,78,52,111,63,143,62,149,61,128,44,109,132
rab12,434,418,453,336,441,434,359,312,311,324,369,328
rab13,130,92,118,84,134,95,111,84,108,89,97,77
rab14,2376,2589,2789,2273,3024,2564,2361,2225,2409,2257,2277,2630
rab15,0,0,10,5,3,4,6,5,3,2,13,5
rab17,597,596,729,417,510,589,447,389,467,426,506,401
rab18,1388,1529,1427,1357,1599,1960,1278,1259,1276,1375,1249,1275
rab19,20,10,18,11,19,14,11,13,12,9,23,5
rab1a,3024,3262,3287,2814,3516,3700,2781,2835,2630,2796,2651,2289
rab1b,1575,1699,1828,1434,2298,1572,1673,1480,1674,1410,1443,1448
rab20,254,261,270,177,423,287,317,239,357,198,248,208
rab21,482,422,464,393,485,454,347,366,437,365,364,437
rab22a,621,687,742,645,872,684,670,598,728,576,646,629
rab23,232,267,237,147,239,275,207,189,192,138,192,215
rab24,509,623,650,523,613,613,563,488,595,479,485,513
rab25,5,7,4,7,3,9,5,3,12,2,46,0
rab26,9,14,9,15,7,14,12,10,26,9,8,5
rab27a,174,103,107,123,156,119,136,77,157,74,146,74
rab27b,99,82,75,59,80,71,85,72,109,54,144,56
rab28,343,387,403,287,421,338,351,301,365,303,312,344
rab29,238,258,258,199,275,247,214,214,237,204,203,221
rab2a,2292,2592,2899,2086,2762,2590,2192,2124,2309,2367,2184,2020
rab2b,49,54,61,48,59,61,54,57,72,46,72,52
rab30,188,118,167,160,138,194,123,100,166,210,207,146
rab31,399,217,454,210,563,245,414,233,427,226,399,255
rab32,985,702,938,608,1021,782,735,726,698,689,582,783
rab33a,1,0,2,1,1,0,3,0,0,0,2,0
rab33b,232,218,287,245,284,377,241,217,261,233,222,220
rab34,126,63,123,79,144,87,118,104,143,89,145,106
rab35,344,328,373,293,416,327,322,295,358,220,287,295
rab36,83,105,99,94,62,110,52,108,49,83,36,171
rab37,15,11,21,6,19,15,9,21,17,13,27,23
rab38,78,10,46,13,31,15,32,12,22,11,19,10
rab39b,2,3,3,3,2,6,5,5,13,6,8,5
rab3a,63,74,103,94,102,112,83,75,94,56,87,75
rab3b,29,6,12,8,13,7,10,7,8,5,9,5
rab3c,14,17,20,8,11,20,23,20,23,9,24,10
rab3d,316,262,292,259,366,243,348,221,563,141,336,182
rab3gap1,1394,1894,1864,1713,1699,1973,1634,1446,1524,1379,1594,1457
rab3il1,182,118,170,106,273,142,238,125,222,99,168,154
rab3ip,352,498,501,461,554,485,437,426,526,322,447,387
rab40b,11,13,11,14,22,12,15,16,11,12,19,25
rab40c,160,113,138,132,171,163,144,116,192,103,132,153
rab42,3,1,2,3,5,3,0,2,4,1,4,4
rab43,2099,2971,2836,2902,4139,2928,3060,2506,3503,2569,3347,2619
rab44,17,4,13,2,14,7,12,6,8,6,9,7
rab4a,278,358,300,300,351,370,263,275,297,237,340,263
rab4b,169,189,208,180,213,210,182,147,181,106,150,164
rab5a,1366,1317,1551,1376,1660,1728,1295,1258,1369,1344,1305,1275
rab5b,2267,2408,2728,1935,2751,2305,2143,2250,2276,2262,2007,2218
rab5c,1655,1682,1966,1436,2199,1659,1620,1484,1660,1357,1537,1402
rab6a,1132,1222,1243,1179,1411,1529,1053,1039,1143,1014,1116,1025
rab6b,32,27,31,30,56,34,36,19,68,26,47,38
rab8a,1385,1392,1533,1168,1549,1401,1278,1180,1121,1150,1244,1049
rab8b,438,230,479,254,589,281,466,259,453,274,383,301
rab9b,41,29,15,41,18,26,17,22,27,16,36,17
rabac1,940,924,1094,873,1136,924,1103,801,1113,792,873,868
rabep1,1565,1804,1850,1442,1823,1812,1459,1668,1650,1831,1631,1768
rabep2,182,133,185,142,174,177,147,124,215,156,155,145
rabepk,209,227,245,207,241,271,191,206,202,181,194,200
rabgap1,811,849,1023,732,980,870,906,826,953,814,864,854
rabgap1l,1134,1396,1583,1431,1802,1519,1360,1335,1677,1538,1759,1387
rabgef1,272,256,243,236,276,246,225,256,258,239,199,234
rabggta,413,595,560,437,730,548,629,449,576,439,523,465
rabggtb,1047,1014,1321,1098,1172,1244,944,1001,1091,1138,1014,902
rabif,330,369,381,309,410,425,350,292,318,305,318,263
rabl3,243,299,301,262,292,345,217,243,225,254,232,222
rabl6,370,508,424,465,721,558,569,424,675,352,469,359
rac1,2307,2401,2528,2096,3132,2531,2290,2090,2261,1902,2396,2167
rac2,349,141,319,188,401,142,263,202,311,117,225,212
rac3,28,22,28,13,36,19,17,15,22,9,23,14
racgap1,36,25,65,40,63,14,31,30,45,20,51,26
rack1,7828,8793,9546,7090,10524,7960,8120,7228,8416,6285,7493,6939
rad1,144,204,190,145,167,235,167,152,171,194,167,170
rad17,355,339,442,387,422,521,390,381,390,359,368,311
rad18,30,55,70,91,61,65,48,48,55,47,50,47
rad21,1035,1024,1315,1070,1240,1152,1067,934,1219,953,1147,1098
rad23a,445,526,564,529,692,591,492,543,491,519,484,556
rad23b,4239,5271,5178,4132,4888,5151,4038,4984,3740,5305,3484,4643
rad50,321,305,445,260,384,364,321,314,323,305,351,316
rad51,47,39,72,58,50,56,49,70,29,50,44,74
rad51ap1,9,7,14,12,16,14,14,13,14,7,9,14
rad51ap2,0,0,0,0,0,0,0,0,0,0,0,1
rad51b,4,3,1,3,5,3,0,0,5,2,5,4
rad51c,21,26,12,12,17,28,16,13,16,9,14,10
rad51d,253,257,297,207,285,262,219,238,249,252,225,243
rad52,162,142,212,135,169,162,152,135,185,118,162,143
rad54b,17,11,12,3,11,5,13,12,12,10,12,23
rad54l,21,31,25,25,33,39,19,16,52,42,41,19
rad54l2,684,1095,720,858,889,836,877,793,880,572,717,641
rad9a,52,62,51,39,77,76,64,59,67,49,60,56
rad9b,38,44,42,37,34,35,44,35,42,44,51,55
radil,0,0,1,0,2,3,2,1,0,2,0,3
rae1,310,340,361,386,455,429,337,281,321,273,343,295
raet1e,540,121,610,49,485,137,316,218,387,295,335,166
raf1,1662,1605,2111,1453,1906,1689,1595,1649,1821,1488,1555,1681
rag1,1,0,1,0,1,0,0,0,0,0,0,0
rag2,29,32,27,21,26,28,20,16,25,12,23,18
rai1,173,182,170,125,193,189,176,144,185,96,140,191
rai14,732,567,701,475,619,655,567,574,524,548,452,684
rai2,33,28,29,22,30,22,30,22,33,21,19,28
rala,577,531,760,485,839,612,582,522,598,599,652,540
ralb,363,339,452,321,558,396,420,336,406,322,335,324
ralbp1,656,584,689,504,816,598,590,498,596,421,542,462
ralgapa1,368,383,441,360,540,476,434,371,481,331,426,410
ralgapa2,1022,1395,1354,1483,1592,1482,1565,1272,1815,1101,1590,1193
ralgapb,666,671,810,665,944,778,692,644,735,520,670,671
ralgds,90,47,91,48,120,55,102,64,115,48,87,56
ralgps1,116,161,106,88,114,100,107,102,152,100,94,142
ralgps2,537,510,658,627,592,736,576,514,622,524,642,580
raly,1040,1080,1159,924,1314,1046,1034,876,1105,875,1007,937
ralyl,0,0,0,0,0,0,0,0,0,0,0,0
ramp1,77,90,74,91,105,96,96,66,125,69,86,81
ramp2,168,138,153,114,268,137,132,119,152,79,135,104
ramp3,6,3,1,4,7,3,6,0,9,1,5,5
ran,1768,2536,2105,1773,2168,2377,1716,1932,1530,1888,1538,1867
ranbp1,420,528,497,383,543,571,433,428,372,420,389,407
ranbp10,925,903,1210,899,844,1155,865,850,868,944,790,1349
ranbp17,6,9,14,8,5,11,11,12,14,6,6,9
ranbp2,4703,5007,5778,5762,6296,7301,5254,5383,5081,5871,4806,5570
ranbp3,450,487,556,458,656,611,509,477,523,428,451,435
ranbp3l,5,35,23,36,22,24,30,20,51,22,33,31
ranbp6,644,760,884,688,899,923,704,647,694,737,613,625
ranbp9,617,729,754,598,776,783,686,523,680,543,688,721
rangap1,990,1457,1038,1453,1260,1601,1015,919,927,689,866,763
rangrf,34,63,73,44,50,61,64,28,30,30,40,33
rap1a,1484,1397,1701,1102,1795,1441,1391,1325,1405,1455,1327,1317
rap1b,1845,1401,1892,1310,2444,1461,1670,1321,1723,1484,1576,1448
rap1gap,84,160,114,257,142,157,133,102,576,64,113,106
rap1gap2,114,61,83,120,113,80,83,47,251,26,90,65
rap1gds1,627,618,776,562,907,591,652,548,726,459,661,588
rap2a,397,654,571,568,802,593,691,518,632,461,612,492
rap2b,152,81,147,57,223,90,164,103,187,70,144,102
rap2c,949,706,990,682,1005,915,769,689,751,790,773,796
rapgef1,758,865,824,835,1305,974,1030,787,1077,599,837,844
rapgef2,797,693,832,658,1081,791,832,678,888,627,917,775
rapgef3,77,78,73,68,127,73,119,62,146,69,104,70
rapgef4,2496,4584,2628,4532,4316,4755,3611,2554,2876,2233,3722,1442
rapgef5,328,302,276,286,475,280,352,243,401,273,358,223
rapgef6,797,829,968,763,980,923,847,815,871,746,788,792
rapgefl1,10,13,8,9,8,11,10,8,13,13,27,12
raph1,1858,1577,1627,1167,1801,1363,1674,1250,1574,1112,1696,1617
rapsn,2,1,1,0,2,2,2,4,8,1,1,4
rara,294,261,274,212,386,334,297,218,386,200,277,286
rarb,206,138,257,127,252,129,214,124,295,122,251,122
rarg,141,100,120,77,149,85,131,78,149,44,118,79
rarres1,970,910,1582,866,867,854,599,824,594,558,598,1026
rarres2,9861,10004,12814,7311,13057,8287,9517,8783,10644,9175,8931,8949
rars2,353,340,406,313,380,490,319,325,347,306,309,280
rasa1,952,746,1028,802,1119,836,930,793,988,731,972,866
rasa2,138,128,170,117,187,151,162,141,179,138,211,150
rasa3,514,476,595,431,710,425,502,372,524,292,474,453
rasa4,118,52,136,73,166,59,124,93,118,57,86,94
rasal1,5,3,5,4,1,9,2,4,5,3,5,4
rasal2,528,564,610,505,684,601,707,349,611,386,592,418
rasal3,39,21,35,19,50,20,27,46,41,31,27,37
rasd1,7,3,3,17,11,13,7,4,11,5,10,4
rasd2,6,3,6,5,4,7,5,3,12,6,9,3
rasef,3,7,1,11,2,12,7,2,40,2,43,2
rasgef1a,6,2,3,1,5,2,0,4,0,1,5,2
rasgef1b,656,480,456,433,831,396,500,471,691,308,781,355
rasgef1c,0,0,0,0,0,0,0,0,1,0,0,0
rasgrf1,18,22,21,31,16,33,21,23,32,23,20,18
rasgrf2,33,37,55,49,93,27,57,33,47,46,83,67
rasgrp1,135,77,111,65,133,67,86,74,75,70,86,78
rasgrp2,403,291,382,181,361,263,267,261,291,265,297,316
rasgrp3,298,256,315,202,374,227,279,240,290,227,307,213
rasgrp4,35,7,17,11,22,23,24,15,16,7,11,9
rasip1,115,121,101,97,201,102,126,82,144,88,136,94
rasl10a,3,4,3,1,7,3,5,1,4,1,5,7
rasl10b,37,4,19,2,23,3,20,11,13,4,11,6
rasl11a,16,12,15,11,15,14,12,9,15,16,10,11
rasl11b,17,19,20,16,40,45,22,10,23,22,31,23
rasl12,15,20,10,7,7,15,15,24,23,11,20,12
rassf1,159,178,247,172,262,209,250,205,270,156,226,192
rassf2,209,157,199,202,245,180,269,228,226,153,217,248
rassf3,908,1403,1485,1449,1324,1593,952,1576,1402,1468,1176,1586
rassf4,463,245,475,274,604,239,328,243,416,230,342,376
rassf5,208,147,211,134,288,218,181,141,223,118,184,210
rassf6,251,319,351,201,362,293,249,285,286,294,220,230
rassf7,270,336,355,278,401,342,329,348,341,269,290,292
rassf8,686,737,901,713,835,889,739,737,853,670,647,867
rassf9,12,5,12,11,12,5,13,5,11,5,15,14
raver1,173,218,182,172,216,215,223,164,248,116,176,217
raver2,26,26,36,22,43,33,25,37,27,19,27,32
rax,0,0,0,0,0,0,0,0,0,0,0,0
rb1,322,258,352,276,364,319,287,231,292,223,360,305
rb1cc1,2053,2094,2833,2121,2594,2370,2255,1961,2599,2208,2319,2117
rbak,123,121,168,117,140,146,137,148,176,117,117,115
rbbp4,2403,2892,3083,2618,3508,3106,2983,2511,2601,2392,2640,2611
rbbp5,416,540,509,454,531,553,418,439,431,430,423,385
rbbp6,814,1055,1042,841,1041,855,1026,907,1072,921,991,1027
rbbp7,1618,1640,1893,1451,1902,1719,1547,1562,1544,1615,1549,1476
rbbp8,280,226,288,239,365,256,293,217,305,204,304,218
rbbp8nl,0,0,1,0,1,2,0,0,0,0,1,0
rbbp9,450,496,545,450,534,565,457,404,428,487,435,495
rbck1,686,780,835,701,1020,794,784,653,796,575,717,708
rbfa,447,494,579,446,634,498,513,423,503,411,474,413
rbfox1,1,0,4,0,7,0,0,2,2,2,1,11
rbfox2,503,435,512,444,650,502,538,514,539,439,510,510
rbfox3,14,15,16,10,25,12,12,13,15,14,8,13
rbks,169,167,205,126,191,146,170,164,171,154,189,152
rbl1,95,63,125,49,123,74,84,63,74,54,104,55
rbl2,882,1107,1286,985,1293,1197,1005,817,1135,789,1128,930
rbm10,502,456,546,410,654,676,469,467,472,397,392,394
rbm11,1,5,4,3,4,4,3,1,3,4,3,8
rbm12,227,223,290,264,266,317,268,247,248,228,240,277
rbm14,191,271,209,190,231,254,194,220,204,199,177,194
rbm15,476,589,628,510,672,623,604,565,559,482,550,584
rbm15b,356,345,391,427,547,478,417,366,489,302,348,364
rbm17,824,808,1013,768,965,924,768,706,810,746,763,644
rbm18,353,391,460,349,469,409,370,377,362,339,332,368
rbm19,265,296,340,258,350,404,306,276,273,248,220,219
rbm20,61,94,68,47,58,61,55,49,46,63,53,53
rbm22,297,282,313,266,395,313,254,254,287,224,292,253
rbm24,1,2,1,1,1,0,1,0,0,1,4,8
rbm25,1436,1934,1724,1470,1941,1842,1938,1624,1820,1564,1907,1314
rbm26,585,597,648,536,806,699,531,594,568,582,660,618
rbm27,489,567,561,479,711,560,566,432,522,428,524,429
rbm28,654,735,789,634,719,886,638,595,643,583,593,619
rbm3,1555,925,1557,1253,1974,1252,1560,1458,1728,1381,1658,1480
rbm33,727,964,909,879,928,833,958,862,1294,904,1043,1053
rbm34,223,234,274,243,322,306,264,207,268,271,263,224
rbm38,28,29,41,36,36,28,38,31,50,20,38,32
rbm39,3795,3504,4100,3211,4207,3957,3629,3658,3722,3668,3825,3359
rbm4,419,540,529,454,452,571,404,418,447,438,398,406
rbm41,149,164,243,116,175,163,158,152,196,148,166,153
rbm42,550,639,588,539,669,731,499,504,481,432,432,433
rbm43,146,99,147,85,188,146,127,112,111,107,121,129
rbm44,1,0,0,0,2,0,5,1,3,0,1,1
rbm45,280,288,285,224,319,325,255,247,222,213,243,209
rbm46,12,7,9,7,16,8,23,5,17,9,16,10
rbm47,820,1248,1699,1050,1285,1190,1619,985,1408,996,1247,1392
rbm48,109,123,120,101,141,164,108,98,132,125,114,91
rbm4b,423,600,506,388,466,513,456,424,540,450,504,438
rbm5,1134,1024,1180,926,1203,1015,1023,1010,1220,941,1178,969
rbm6,774,810,952,664,919,898,865,733,843,699,822,683
rbm7,1354,1122,1656,1180,1536,1362,1301,1261,1310,1310,1326,1274
rbm8a,514,523,557,465,558,591,451,501,441,473,456,395
rbms1,781,833,1033,830,1173,836,859,820,943,853,927,828
rbms2,216,182,223,203,306,216,288,152,245,137,254,255
rbms3,288,231,234,179,344,218,311,210,268,214,250,245
rbmx2,23,33,40,24,19,42,35,29,27,23,30,32
rbmxl1,313,320,317,315,406,390,336,335,290,350,267,314
rbmxl2,14,12,7,10,8,15,11,10,11,9,8,6
rbp1,497,336,470,293,674,350,412,249,486,194,423,310
rbp2,0,0,0,86,0,0,0,0,0,0,1268,0
rbp3,1,0,3,0,3,0,1,0,2,0,0,0
rbp4,20246,31227,27097,26007,28824,30032,23682,25593,26900,26378,25138,33969
rbp7,2,3,2,4,1,3,4,3,3,5,11,3
rbpj,562,566,781,487,787,599,787,457,723,527,630,652
rbpjl,2,84,3,91,9,78,51,17,387,1,13,12
rbpms,459,371,363,328,385,376,313,242,372,249,337,346
rbpms2,439,571,545,578,658,563,490,567,493,490,436,535
rbsn,428,425,458,404,515,500,380,380,418,346,421,391
rbx1,885,1097,1003,767,1074,1038,823,740,862,839,849,683
rc3h1,1125,1221,1536,1316,1668,1334,1412,1276,1649,1312,1426,1374
rc3h2,1064,1079,1293,1036,1354,1316,1077,1053,1129,1024,1148,1115
rcan1,427,420,367,390,758,463,411,413,494,274,364,286
rcan2,30,95,28,79,48,81,40,63,52,80,37,78
rcan3,70,55,81,43,97,47,71,50,94,40,69,65
rcbtb1,1325,1588,1757,1620,1853,1763,1559,1462,1715,1507,1532,1364
rcbtb2,1271,995,1378,728,1249,981,1022,1145,1000,1182,998,1175
rcc1,138,106,157,124,190,123,103,124,133,98,107,91
rcc2,411,447,450,430,638,526,514,423,536,324,378,377
rccd1,62,89,79,71,66,89,66,64,61,75,63,46
rce1,178,164,173,139,188,188,155,135,171,111,139,137
rchy1,486,517,547,444,582,568,451,490,541,540,442,529
rcl1,2319,2768,3501,3209,2554,3509,2395,2427,2449,2710,2238,2610
rcn1,292,268,328,268,412,314,362,237,345,243,305,231
rcn2,230,172,219,128,277,176,212,163,182,171,205,200
rcn3,145,130,195,131,307,143,264,121,217,104,158,207
rcor1,326,367,394,387,397,425,356,315,358,306,358,381
rcor2,1,1,5,0,2,1,4,2,2,1,6,1
rcor3,217,231,328,218,275,241,275,193,290,162,234,217
rcsd1,273,182,243,162,313,190,234,186,242,170,233,193
rcvrn,1,0,0,0,0,0,1,0,0,0,0,0
rd3,14,39,37,26,33,29,32,55,19,66,24,57
rd3l,0,0,0,0,0,0,0,0,0,0,0,0
rdh10,594,596,654,457,790,594,608,463,580,557,550,528
rdh11,1789,2667,1956,1101,1831,2329,1037,2740,1326,2514,894,2691
rdh12,13,18,22,7,25,14,27,15,26,6,16,19
rdh13,172,247,290,276,378,323,313,238,316,190,229,193
rdh14,477,429,577,477,561,468,498,477,509,476,454,510
rdh16,1139,1947,1234,1650,2023,2193,979,2478,1319,3434,1188,2336
rdh5,300,322,284,231,343,301,259,217,314,223,266,237
rdh8,0,0,0,0,0,0,0,0,0,0,0,0
rdm1,210,195,245,135,246,188,191,171,241,185,187,175
rdx,6608,7709,8953,6469,8478,7447,6472,6937,7867,7682,6702,6835
rec114,31,23,27,3,15,9,11,14,46,23,45,30
rec8,25,23,36,43,44,35,42,29,42,20,47,26
reck,75,110,93,93,114,101,94,112,103,70,102,95
recql,177,211,217,149,201,246,203,174,158,127,177,158
recql4,29,49,46,33,41,57,34,35,31,30,29,36
recql5,207,293,264,219,268,307,253,241,229,179,230,227
reep1,36,29,37,27,54,30,51,23,41,22,37,26
reep2,6,2,3,2,4,2,4,3,2,5,3,2
reep3,1994,2125,2269,1935,2458,2155,1895,1906,2067,1937,1856,1932
reep4,77,85,95,96,89,113,67,72,71,60,89,85
reep5,397,346,436,379,520,413,392,280,616,254,335,257
reep6,2453,3638,2568,2752,3728,3202,2731,2955,2965,2509,2601,3921
reg3a,0,21,4,20,21,30,149,8,111,0,40,10
reg3g,0,16,6,17,6,55,102,2,176,0,75,16
reg4,2,6,3,5,1,3,0,1,1,2,121,2
rel,184,112,204,90,194,145,171,161,208,154,174,199
rela,514,548,522,444,621,609,448,386,513,409,418,425
relb,123,31,110,48,138,48,75,61,98,50,70,61
rell1,363,243,515,231,314,298,301,279,311,248,260,369
rell2,1,1,2,3,2,5,7,2,2,4,1,0
reln,3136,2935,3496,2730,5124,2526,3683,2391,3373,2598,3749,3245
relt,42,11,28,18,33,11,22,15,29,9,16,16
rem1,17,15,16,7,25,7,20,7,19,5,16,12
rem2,1,2,0,0,1,1,1,1,1,1,0,0
renbp,151,64,141,82,150,68,136,67,157,91,112,99
rep15,13,23,25,19,11,16,24,20,26,15,41,23
repin1,773,836,834,580,902,746,688,671,747,602,514,769
reps1,260,297,318,287,275,341,260,273,282,238,287,302
reps2,1356,1446,1585,1420,1458,1622,1376,1145,1398,1200,1265,1338
rer1,2575,2698,3201,2202,3026,2756,2489,2311,2463,2531,2497,2178
rere,330,339,385,320,444,365,432,302,511,234,432,483
rerg,59,60,62,48,81,50,50,34,28,25,54,40
rergl,0,0,0,0,0,0,0,0,0,0,1,0
resp18,0,1,0,0,0,0,2,0,1,0,3,0
rest,747,770,875,723,981,779,726,720,771,691,671,772
ret,1,3,1,0,1,0,3,6,4,4,4,5
retn,6,13,6,8,14,10,11,12,3,37,4,18
retnlb,0,0,0,0,0,0,0,0,0,0,0,0
retsat,2486,3441,4243,3520,5072,3662,3471,3808,3879,4731,3682,3139
rev1,287,394,431,385,513,431,445,360,538,403,462,345
rev3l,823,700,1063,800,1000,806,883,701,1026,754,868,852
rexo1,246,288,306,253,374,310,265,234,310,210,210,288
rexo2,854,1105,969,793,925,1079,751,949,733,849,715,829
rexo4,403,442,419,365,484,506,404,411,450,427,349,354
rfc1,707,850,957,774,954,908,745,755,788,744,697,749
rfc2,471,457,538,353,473,501,405,401,434,410,365,406
rfc3,109,96,181,105,113,127,126,147,115,142,108,132
rfc4,95,110,110,81,115,122,94,86,121,106,107,84
rfc5,226,257,298,223,249,236,213,212,216,213,212,256
rfesd,266,282,358,269,303,289,271,257,295,257,253,259
rffl,507,427,577,362,584,629,447,444,569,481,465,543
rfk,895,932,1022,779,1111,1000,865,632,858,702,1164,621
rfng,134,167,126,113,168,149,129,119,150,94,144,136
rfpl4b,0,0,0,0,0,0,0,0,0,0,0,0
rft1,430,479,579,429,517,492,464,434,446,402,457,432
rftn1,113,67,119,62,189,73,141,79,137,54,131,117
rftn2,36,22,33,20,35,23,34,27,37,23,28,24
rfwd3,681,741,874,602,851,846,628,566,742,527,670,589
rfx1,90,126,112,85,109,124,86,91,111,86,111,102
rfx2,23,8,18,10,20,10,14,11,11,9,18,21
rfx3,102,121,147,79,120,142,120,92,145,95,124,139
rfx4,54,47,70,48,15,42,26,62,22,77,25,130
rfx5,246,204,304,237,254,325,211,209,296,182,237,214
rfx6,0,0,0,0,0,0,0,0,0,0,2,0
rfx7,420,398,460,376,488,401,452,420,490,355,460,513
rfx8,1,0,0,0,1,0,2,1,0,1,0,1
rfxank,287,232,268,159,219,278,171,211,166,188,180,254
rfxap,125,169,171,159,161,170,138,154,158,132,138,122
rgcc,11,2,5,6,13,6,6,5,14,8,5,17
rgl1,710,452,679,456,887,445,611,405,555,343,517,467
rgl2,247,212,254,167,319,213,254,185,278,154,259,169
rgl3,233,219,278,203,297,251,229,168,232,139,198,198
rgma,8,5,7,7,12,6,5,1,12,5,9,21
rgmb,52,42,58,42,68,46,59,39,83,26,71,53
rgn,29079,33967,36261,27932,42173,34088,31720,35564,33068,46983,31868,33955
rgp1,448,576,533,570,638,717,550,517,574,434,508,556
rgr,8,7,20,11,10,13,15,10,22,15,19,13
rgs1,151,179,178,140,197,169,258,298,329,197,318,194
rgs10,113,45,98,41,154,47,95,64,112,57,86,70
rgs11,21,35,20,29,16,46,25,20,72,16,19,16
rgs12,101,153,119,108,157,144,119,97,128,89,114,101
rgs13,9,1,1,1,2,0,1,31,3,1,10,3
rgs14,34,12,26,14,38,20,24,15,24,17,33,16
rgs16,223,1481,434,1423,1642,1279,427,591,1244,879,1304,432
rgs17,11,11,12,10,10,5,16,6,8,4,15,5
rgs18,32,5,36,9,43,13,30,27,22,20,21,23
rgs19,101,43,67,43,132,43,80,43,89,45,77,58
rgs2,421,173,316,155,361,218,246,200,252,169,208,229
rgs20,7,10,20,9,10,17,12,19,27,8,7,20
rgs21,1,0,0,0,1,1,0,0,1,0,2,0
rgs22,0,0,0,0,0,1,0,0,0,0,4,0
rgs3,231,267,803,239,364,282,576,609,247,332,370,630
rgs4,82,49,32,45,26,45,40,49,27,57,45,61
rgs5,3379,1444,1719,1324,2032,1294,1694,1193,1663,1369,2238,1235
rgs6,6,8,6,6,9,5,2,4,9,5,7,6
rgs7,16,17,3,8,3,15,8,7,11,8,4,8
rgs7bp,37,40,39,21,77,21,57,22,48,14,48,21
rgs8,9,12,13,7,13,21,3,5,9,9,6,12
rgs9,15,10,27,14,14,12,6,25,15,12,15,11
rgs9bp,5,13,6,7,13,10,9,9,9,4,19,4
rgsl1,6,4,7,2,3,2,7,7,4,3,6,4
rhag,8,7,11,8,2,5,3,6,4,3,6,1
rhbdd1,443,468,524,409,462,538,442,494,403,396,330,470
rhbdd2,182,228,170,327,315,267,265,175,257,182,284,185
rhbdd3,220,256,271,209,283,237,198,209,236,203,198,281
rhbdf1,124,83,136,89,154,112,124,73,149,73,137,95
rhbdf2,263,140,280,129,261,150,199,132,198,105,164,161
rhbdl1,17,35,38,26,36,15,41,38,40,33,14,32
rhbdl2,8,6,11,6,4,8,8,2,9,6,24,4
rhbdl3,24,5,22,14,36,7,21,7,20,5,19,16
rhbg,218,158,422,140,452,175,215,70,275,70,285,114
rhcg,0,0,0,0,0,0,0,0,0,0,0,0
rhd,4,3,4,0,2,3,2,1,2,2,6,0
rheb,800,992,958,753,923,874,795,788,816,802,812,712
rhebl1,12,17,30,11,14,20,18,10,24,9,26,18
rhno1,87,85,109,85,100,104,105,76,80,75,104,83
rho,2,0,0,1,3,1,2,0,0,0,1,1
rhoa,3135,2844,3483,2515,3753,2922,2817,2595,2921,2798,2751,2756
rhob,634,427,556,477,917,509,550,424,708,349,588,428
rhobtb1,844,1330,736,1190,2218,926,1303,824,1831,653,1525,717
rhobtb2,132,185,211,183,246,163,208,125,220,129,205,161
rhobtb3,194,252,291,204,270,233,226,195,230,210,274,236
rhoc,291,153,341,158,359,172,327,157,329,137,386,196
rhod,510,373,518,345,349,464,278,352,346,388,288,395
rhof,15,11,16,7,23,17,25,20,21,16,38,12
rhog,217,138,238,153,279,163,204,125,179,100,163,157
rhoh,63,33,59,36,82,47,65,55,48,37,59,54
rhoj,125,103,134,92,163,101,172,83,115,80,126,118
rhoq,396,291,441,341,549,334,361,264,497,266,363,309
rhot1,928,1152,1281,1053,1348,1300,1085,1031,1142,1057,1066,972
rhot2,399,598,551,485,681,585,511,427,547,358,453,452
rhou,1479,1337,1846,1043,1382,1481,1107,1648,1201,1556,1002,1562
rhov,2,1,0,3,2,3,1,0,5,1,1,1
rhpn1,1,1,0,0,3,2,1,0,1,0,1,1
rhpn2,313,345,269,205,270,426,293,324,360,330,292,361
ribc1,33,33,29,27,38,54,21,24,34,28,27,27
ribc2,0,0,0,0,0,0,0,0,0,0,0,0
ric1,1098,1268,1370,1230,1350,1193,1271,1020,1405,1032,1195,1083
ric3,30,32,35,22,31,36,23,73,39,64,33,71
ric8a,546,543,613,495,684,640,582,396,589,369,576,459
ric8b,222,215,266,206,284,282,224,252,250,238,230,218
rictor,888,982,1267,797,940,982,976,861,1025,832,922,899
rida,13244,11729,16775,9718,15666,11756,13896,12021,13966,14368,14562,9875
rif1,677,799,960,780,907,876,837,794,838,850,766,742
riiad1,1,0,2,0,0,0,0,0,3,2,2,1
rilp,290,345,350,267,388,332,309,300,289,280,296,326
rilpl1,70,62,78,54,94,63,66,45,80,49,82,72
rilpl2,199,210,272,208,298,268,250,185,259,174,219,181
rimbp2,64,63,54,34,57,77,44,39,76,43,64,43
rimbp3,0,0,0,0,0,2,1,0,1,0,1,0
rimkla,0,1,0,0,0,0,2,1,2,0,1,1
rimklb,2,0,1,0,3,3,0,1,1,2,4,2
rims1,3,2,4,5,4,3,1,1,9,3,8,3
rims2,8,3,3,1,3,2,1,0,8,0,14,1
rims3,59,44,63,49,67,36,43,34,60,22,47,37
rims4,14,6,6,5,9,10,5,8,21,4,9,2
rin1,9,13,9,11,25,10,21,5,14,4,12,10
rin2,412,322,502,305,514,320,502,337,409,308,464,421
rin3,202,190,203,147,221,212,245,131,216,146,176,216
ring1,241,209,308,206,256,254,229,204,228,174,209,197
rinl,68,43,60,29,83,43,47,46,56,40,52,37
rint1,515,652,563,528,641,784,454,484,506,459,453,417
riok1,177,198,233,185,231,236,168,183,203,163,162,187
riok3,2002,2331,2415,1924,2423,2366,2039,1830,2063,1972,2000,1730
ripk1,1075,947,1313,882,1251,1126,1079,883,1002,858,969,875
ripk2,137,174,265,207,252,213,198,194,262,176,199,192
ripk3,70,42,65,36,90,45,60,51,51,31,47,40
ripk4,159,190,159,184,242,205,200,96,227,97,214,86
ripply1,10,8,16,13,10,17,11,8,8,8,1,6
ripply2,0,0,0,0,0,0,0,0,0,0,0,0
ripply3,35,41,32,41,57,43,42,28,50,29,39,19
rit1,305,262,366,270,352,321,268,240,300,226,267,266
rit2,0,1,0,0,0,0,0,0,0,0,1,0
rita1,66,74,95,61,76,78,70,48,96,63,79,81
rlbp1,1,0,0,0,0,0,0,1,0,0,1,0
rlf,656,787,887,863,820,809,837,836,767,886,664,701
rlim,1968,2081,2387,2036,2426,2465,2157,1991,2187,2057,1946,1928
rln1,0,0,0,0,0,0,0,0,0,0,0,0
rln3,1,0,0,0,1,0,0,0,1,0,2,1
rmdn1,717,755,951,673,971,670,778,728,880,823,856,717
rmdn2,840,1412,943,1205,925,1309,764,1890,825,1918,782,1587
rmdn3,1091,1581,1468,1275,1613,1525,1328,1236,1227,1206,1194,1065
rmi1,319,331,446,261,352,328,343,303,313,385,352,313
rmi2,25,33,35,18,17,38,32,38,32,19,32,29
rmnd1,754,963,1082,620,1057,846,858,654,897,774,839,779
rmnd5a,3692,4333,5023,4110,5375,4548,3974,4163,4429,4217,4177,4266
rmnd5b,242,255,279,220,318,292,233,222,218,197,193,226
rnase1,127,7226,247,9028,431,7535,3415,3376,18338,1,506,760
rnase10,9,3,5,9,4,6,6,2,10,9,6,5
rnase11,0,0,0,0,0,0,0,0,0,0,0,0
rnase12,0,0,1,0,0,2,1,3,3,0,1,0
rnase13,0,1,1,0,1,0,0,0,3,1,1,0
rnase4,36890,32555,35324,28633,36464,37289,32881,21052,29833,25225,26013,22394
rnase6,32,19,40,16,50,15,23,35,28,33,23,30
rnase9,0,0,0,0,0,0,0,0,0,0,0,0
rnaseh1,114,116,138,98,133,145,103,95,118,79,96,98
rnaseh2a,321,404,514,390,519,438,447,326,440,340,388,333
rnaseh2b,154,168,193,163,230,162,233,136,226,154,221,131
rnaseh2c,451,627,637,536,616,624,573,696,581,682,530,592
rnasek,409,567,469,440,571,516,449,431,452,357,382,410
rnasel,228,145,227,124,283,146,215,139,210,129,284,135
rnd1,316,268,291,95,192,240,151,119,144,114,220,154
rnd2,195,195,188,137,270,218,150,208,175,168,163,176
rnd3,601,506,819,406,661,564,662,643,656,714,537,628
rnf10,1267,1281,1176,1123,1390,1343,1145,1005,1271,922,1037,1408
rnf103,2244,2828,2605,2068,2639,2314,1943,2436,2086,2485,2001,2552
rnf11,2316,2107,2242,1943,2569,2403,2007,2026,1976,2067,1877,2216
rnf111,482,511,578,422,632,581,562,488,587,441,508,555
rnf112,0,0,1,0,1,0,0,0,0,0,0,0
rnf114,1347,1358,1527,1250,1622,1506,1250,1156,1368,1081,1265,1244
rnf115,801,804,996,710,980,871,801,782,869,850,787,692
rnf121,368,457,434,399,442,535,400,426,382,400,379,398
rnf122,36,30,39,23,35,29,40,33,43,25,36,21
rnf123,773,1072,1040,912,1102,1011,920,885,981,650,797,1011
rnf125,2943,1384,3186,1053,1410,1350,1246,1560,1643,2076,1525,3047
rnf126,159,213,172,189,221,202,172,147,196,102,172,141
rnf128,1993,1992,2346,1887,2710,2126,2141,1794,2292,1961,2631,1928
rnf13,4350,4570,5663,4090,5504,4702,4516,4585,4907,5146,4630,4639
rnf130,1559,1425,1956,1317,1867,1468,1461,1263,1625,1398,1455,1328
rnf133,1,2,3,3,2,0,0,3,1,2,0,4
rnf135,222,162,288,178,248,178,230,172,174,186,157,163
rnf138,276,278,380,296,399,328,312,303,413,302,323,337
rnf139,1235,1427,1587,1174,1639,1483,1325,1205,1474,1319,1386,1313
rnf14,1261,1462,1630,1311,1761,1622,1314,1481,1563,1559,1420,1367
rnf141,1778,1895,2269,1484,1887,1812,1492,1773,1571,1867,1481,1884
rnf144a,237,78,119,86,138,68,88,66,92,89,96,110
rnf144b,745,766,664,580,556,994,559,631,458,550,367,643
rnf145,537,457,744,587,1270,800,890,527,1173,465,906,458
rnf146,601,668,728,537,700,639,619,573,674,642,648,539
rnf148,0,5,1,3,4,1,3,4,3,0,4,1
rnf149,2105,1837,2368,1723,2348,1987,1791,1647,1826,1623,1637,1585
rnf150,158,84,138,74,194,87,172,79,133,61,121,111
rnf151,0,0,1,0,0,0,0,0,0,1,0,1
rnf152,261,279,433,381,339,325,397,328,515,408,434,666
rnf157,54,29,57,43,69,40,53,46,63,19,51,48
rnf166,164,186,228,190,312,193,206,169,246,156,219,172
rnf167,734,797,806,648,814,807,659,676,716,690,657,733
rnf168,425,461,451,405,460,543,419,390,425,362,377,344
rnf169,1336,1563,1540,1472,1659,1250,1360,1186,1521,1084,1417,1252
rnf17,2,5,5,2,6,7,8,3,4,1,11,3
rnf170,680,672,775,537,710,823,662,645,601,673,606,642
rnf180,19,9,23,7,22,7,17,8,9,5,14,16
rnf181,1627,1616,1757,1257,1872,1548,1420,1408,1447,1313,1345,1255
rnf182,1,1,2,0,0,1,0,0,1,0,1,0
rnf183,0,1,1,0,0,0,2,1,2,0,1,0
rnf185,502,597,625,599,714,843,535,536,537,467,398,457
rnf186,47,89,121,56,175,134,211,189,115,135,125,154
rnf187,1317,1463,1506,1187,1705,1219,1328,1253,1328,1161,1169,1358
rnf19a,833,886,1066,879,1159,968,956,919,918,954,934,935
rnf19b,602,690,834,626,929,646,780,560,912,505,830,655
rnf2,553,438,645,476,571,487,530,524,559,578,570,495
rnf20,891,874,1023,779,964,1018,794,772,828,773,750,656
rnf207,6,10,12,12,6,16,10,12,13,11,7,3
rnf208,0,0,0,1,0,0,0,0,0,0,1,0
rnf212,5,5,12,3,7,7,7,6,14,6,3,13
rnf213,5151,5121,6836,4269,7363,5393,5667,4841,5388,3854,5110,4719
rnf214,421,469,525,437,460,487,456,362,525,384,466,461
rnf215,183,223,197,185,253,247,204,193,193,134,187,177
rnf216,430,407,437,387,571,459,401,376,453,312,385,407
rnf217,688,810,895,859,844,826,781,675,715,636,627,742
rnf220,258,230,263,195,290,268,244,220,287,173,247,247
rnf222,6,9,7,7,8,7,7,3,4,6,2,6
rnf223,0,1,0,0,0,0,2,0,0,1,0,1
rnf224,0,0,0,0,0,0,0,0,0,0,0,0
rnf225,52,62,54,58,76,53,54,77,65,53,62,76
rnf24,69,79,89,82,104,119,104,68,101,91,67,98
rnf25,241,233,268,253,330,292,256,224,233,202,193,213
rnf26,162,179,188,175,211,213,169,149,176,111,139,157
rnf31,244,231,246,239,291,254,254,229,304,173,260,199
rnf32,20,26,22,17,29,22,27,13,25,8,42,22
rnf34,286,276,353,251,316,328,265,234,287,230,300,255
rnf38,236,199,264,188,285,230,259,193,303,161,239,238
rnf39,52,45,91,73,69,82,66,66,83,65,56,66
rnf4,1985,2439,2531,2283,2488,2688,1996,2057,2071,2354,1924,2051
rnf40,530,618,678,551,749,689,633,559,603,434,544,507
rnf41,213,209,272,231,297,238,251,190,272,193,225,207
rnf43,283,481,441,399,721,641,443,510,636,481,503,453
rnf44,328,347,297,309,416,389,324,260,405,202,346,392
rnf5,374,504,500,384,501,449,390,407,426,366,451,390
rnf6,971,1087,1230,940,1163,1182,1029,1003,965,991,939,965
rnf7,583,614,649,491,682,612,573,517,481,557,468,487
rnf8,189,247,269,250,219,250,191,207,206,250,221,223
rnft1,818,800,982,746,947,958,736,785,798,823,779,843
rnft2,3,4,3,6,5,1,2,2,2,0,0,4
rngtt,306,338,402,276,391,355,313,300,278,270,315,292
rnh1,1930,1880,2222,1724,2639,2090,2044,1798,2094,1630,1830,1721
rnls,28,18,27,18,26,25,32,16,29,17,20,19
rnmt,415,459,481,408,461,501,411,409,413,428,379,371
rnpc3,394,444,550,377,492,486,399,409,426,478,420,411
rnpep,707,700,671,607,863,753,665,608,659,517,637,610
rnpepl1,585,752,590,544,816,654,651,483,720,368,607,721
rnps1,363,448,411,399,528,480,374,356,426,295,408,366
robo1,428,235,430,199,532,215,383,274,431,300,354,279
robo2,228,90,203,76,235,99,197,76,200,100,197,110
robo3,3,6,2,2,3,2,2,3,0,9,1,8
robo4,286,246,245,207,292,197,207,169,215,140,248,190
rock1,1690,1657,1903,1620,2019,1760,1663,1432,1645,1560,1770,1512
rock2,1003,983,1233,1057,1425,1033,1266,892,1161,963,1363,941
rogdi,148,187,185,104,228,169,118,127,152,105,109,113
rom1,50,39,53,34,51,23,37,49,49,25,27,29
romo1,736,876,912,719,921,750,712,747,708,739,647,765
ropn1,0,0,0,0,0,0,0,0,0,0,0,0
ropn1l,171,206,181,127,229,176,147,165,172,184,167,211
ror1,74,119,130,108,105,103,149,126,89,85,106,143
ror2,3,1,1,4,4,2,4,1,14,2,3,5
rora,2068,2413,2269,1780,2798,1913,2467,2411,2842,2501,2288,2546
rorb,4,10,3,2,7,20,6,11,9,3,12,4
rorc,709,1503,1065,967,1989,897,1581,773,1745,787,1605,755
ros1,0,0,0,1,0,0,1,0,0,0,17,1
rp1,1,0,0,1,1,0,0,0,3,0,1,0
rp1l1,0,0,0,0,0,0,0,0,0,1,0,0
rp2,558,425,627,393,686,416,533,373,546,363,513,356
rp9,629,611,780,588,794,685,604,473,596,551,561,467
rpa1,682,876,845,700,908,811,681,632,664,604,623,669
rpa2,115,162,158,147,141,189,118,106,140,129,111,119
rpa3,109,136,171,134,163,114,126,130,146,133,132,133
rpain,413,455,494,477,487,496,417,311,464,327,389,360
rpap1,144,186,198,152,192,190,179,166,134,144,174,165
rpap2,321,297,396,305,384,370,283,298,347,314,325,287
rpap3,236,253,236,170,245,269,214,154,177,172,186,176
rpe,966,1064,1160,844,986,1038,883,901,882,909,903,864
rpe65,0,0,0,0,0,0,0,0,0,0,0,0
rpf1,406,486,553,418,542,533,446,475,449,547,428,416
rpf2,179,253,216,209,229,310,198,206,210,207,157,175
rpgr,60,49,61,43,50,63,54,45,46,47,46,43
rpgrip1,21,36,25,18,29,24,19,24,32,32,19,26
rpgrip1l,99,149,130,93,136,136,139,88,111,102,109,86
rph3a,4,3,3,5,4,5,7,5,6,1,4,4
rph3al,25,17,30,30,35,40,38,40,60,27,34,35
rpia,125,143,125,94,170,151,143,154,172,123,171,116
rpl10,3783,4887,4801,3870,5310,4657,3893,3751,4185,4301,3861,3716
rpl10a,2762,3519,4060,3026,4018,3088,3084,3002,3266,2611,2860,2712
rpl10l,0,0,0,0,0,0,0,0,0,0,0,0
rpl11,4857,5451,5689,4654,6246,5478,4947,5179,5188,4960,4602,4534
rpl12,239,194,334,246,302,254,256,215,243,206,279,216
rpl13,5324,6051,6649,4975,6678,5696,5417,5292,5705,4940,5334,5024
rpl13a,10632,10704,11547,8761,12874,9766,10247,10137,11001,8700,10126,8712
rpl14,3970,4506,4646,3677,5209,4118,3838,3726,3790,3593,3831,3548
rpl15,5379,5836,6109,4673,6552,5613,5120,5299,5648,4897,5114,5036
rpl17,6268,6860,7517,5762,8730,6136,6081,5747,6629,5729,6538,5719
rpl18,3361,3910,4298,3191,4363,3852,3564,3230,3798,3040,3174,3144
rpl18a,5393,5583,6751,4743,6732,5175,5345,5138,5965,4650,5182,5098
rpl19,6397,7280,8011,6034,8283,6852,6394,5956,6703,5841,6161,5927
rpl21,5655,6014,7002,4878,6496,5867,5637,5863,5765,5791,5391,5358
rpl22,2936,2848,3512,2458,3677,2808,2800,2844,3027,2968,2982,2640
rpl22l1,1187,1144,1524,1106,1438,1146,1191,1127,1395,938,1414,1101
rpl23,6530,7169,8419,6027,7853,7134,6489,6522,6882,6766,6264,6064
rpl23a,4857,5288,6035,4309,5848,4895,4656,5027,5005,4804,4658,4714
rpl24,3522,3977,4386,3477,4487,4125,3544,3684,3823,3663,3337,3457
rpl26,7850,8215,9151,6677,9102,7324,7720,7832,7925,7651,7736,7356
rpl27,151,217,178,192,187,215,209,154,167,156,121,136
rpl27a,4655,5117,5780,4419,5590,4714,4303,4252,4484,4262,4362,4370
rpl28,1681,2194,2208,1619,2338,2008,1782,1741,1912,1410,1612,1690
rpl29,3075,3433,3768,2885,4083,3346,3133,3055,3308,2844,2924,2913
rpl3,6461,8830,8405,7020,9001,9255,6932,7168,6900,6519,6985,6754
rpl30,4833,4951,5832,4439,5320,4878,4643,4893,4911,5009,4775,4390
rpl31,4754,4790,5342,3861,5611,4014,4450,4679,4808,4118,4382,4470
rpl32,4793,5337,6118,4331,6389,4904,4671,4447,5025,4304,4681,4495
rpl34,3568,3528,3965,3018,4435,3461,3337,3407,3614,3264,3726,3385
rpl35,1508,1580,1818,1257,1789,1388,1452,1581,1665,1389,1513,1357
rpl35a,4777,5566,6587,4501,6057,5206,4921,4897,5212,5251,5376,4837
rpl36,2566,2680,3117,2475,3647,2754,2566,2537,2650,2411,2515,2511
rpl36a,2962,3116,3355,2645,3398,2913,2852,3230,3040,3142,3002,3027
rpl36al,3729,4150,4376,3598,4265,4374,3500,3733,3411,3897,3246,3299
rpl37,2853,3396,3794,2890,3616,3119,2969,2860,3023,2886,2645,2636
rpl37a,5141,5640,6209,4616,6359,5291,4948,4746,4971,4618,4601,4405
rpl38,3555,3633,4144,3058,4170,3429,3298,3652,3444,3510,3248,3245
rpl39,4057,4105,4485,3341,4654,3997,3729,3992,4050,3864,3915,3681
rpl39l,1,0,2,0,1,0,0,0,0,2,0,1
rpl3l,2,1,4,3,5,1,1,3,2,3,1,37
rpl4,11153,13060,13371,10815,13381,13082,11043,11561,11769,11021,10841,10585
rpl41,7660,8598,8916,7270,9408,7747,7583,7313,8386,6623,7228,7363
rpl6,5907,6751,7508,5655,7641,6727,6282,5464,6282,5286,5504,5221
rpl7,9834,10213,12319,8528,11675,10154,10055,9760,10562,10179,9833,8934
rpl7a,6542,7840,7969,6543,8810,7401,6741,6226,6789,6025,6397,6252
rpl7l1,1409,1660,1497,1354,1746,2066,1382,1494,1314,1447,1072,1236
rpl8,5167,6091,6125,5054,7224,5882,5368,5006,5519,4523,4987,4739
rpl9,5927,6367,6798,5423,7789,6429,5781,5453,5893,5563,5888,5039
rplp0,10291,10699,12042,8769,12799,10145,9874,8102,10246,7425,9280,8174
rplp1,7357,8526,9014,6746,9323,7801,6782,7103,7530,6293,6432,7558
rplp2,2514,2843,2877,2511,3665,2747,2416,2256,2475,1941,2365,2344
rpn1,3095,4179,3472,2708,3356,3951,2846,3441,2479,2756,2507,2842
rpn2,3527,3779,4175,3274,4215,3858,3162,3156,3214,2715,2997,3298
rpp14,331,417,429,374,415,456,345,329,362,412,346,312
rpp21,136,158,185,143,162,147,142,130,165,143,129,141
rpp25,2,3,11,6,15,8,22,2,15,1,7,7
rpp25l,209,252,242,203,258,317,188,233,215,224,184,235
rpp30,96,118,136,100,117,128,107,122,101,143,93,105
rpp38,60,69,100,73,70,92,88,51,63,68,54,47
rpp40,156,199,275,200,203,212,180,237,187,255,189,211
rprd1a,312,598,362,370,428,529,382,373,366,325,318,316
rprd1b,396,462,474,388,557,571,403,372,408,381,371,410
rprd2,394,471,521,455,566,500,446,411,483,429,485,530
rprm,0,0,0,0,0,1,1,0,0,0,0,0
rprml,0,0,0,0,0,0,0,2,0,1,0,0
rps10,3452,3674,3989,2992,4572,3398,3436,3106,3715,2730,3357,2997
rps11,3518,3752,4142,3081,4725,3410,3357,3129,3463,2812,3291,3066
rps12,0,0,0,0,0,0,0,0,0,0,0,0
rps13,2935,3398,3379,2808,4157,3275,2974,2814,3031,2544,2960,2552
rps14,7061,7290,8003,5896,8581,6638,6802,6619,7612,6121,6773,6463
rps15,3597,4247,4398,3451,5176,3731,3810,3472,4068,3137,3464,3466
rps15a,4137,4008,4987,3452,5071,4102,3925,3657,3994,3745,4131,3494
rps16,3552,3556,4283,3075,4348,3477,3440,3151,3665,2961,3746,3265
rps17,5684,6259,7116,5372,6764,5808,5507,5996,6112,5937,5735,5435
rps18,8520,9345,9971,7935,10829,8857,8645,8538,9465,7719,8213,8136
rps19,3377,3451,4069,3280,4336,3418,3257,3225,3599,3147,3191,3114
rps19bp1,171,189,195,176,246,222,181,186,165,158,145,153
rps2,11351,14935,14187,11942,15644,13659,11167,11665,11785,11024,10862,11765
rps20,3620,3964,4581,3335,4521,3638,3652,3610,3716,3623,3590,3290
rps21,2711,3186,3532,2754,3373,3049,2810,2543,2673,2459,2742,2362
rps23,4548,4901,5443,4036,5579,4574,4209,4607,4579,4566,4280,4122
rps24,7202,7585,8602,6314,8725,7057,6721,7030,7397,6906,7319,6398
rps25,6134,6884,7289,5650,7293,6361,5773,6120,6040,5994,5983,5619
rps26,2474,2595,2902,2223,2920,2535,2333,2367,2331,2337,2223,2220
rps27,5669,5298,6618,4918,7085,4905,5510,5118,5989,4984,5963,4738
rps27a,7217,7032,7945,5967,8300,6716,6975,6955,7419,6894,7553,6469
rps27l,3630,3598,4323,3134,4668,3549,3666,3711,3881,4387,3860,3571
rps28,3088,3654,3885,3003,3794,3164,3204,2933,3235,2840,3029,2745
rps29,5130,5671,6174,4603,6345,5292,4865,4986,5021,4651,4639,4629
rps3,9158,9610,10270,7966,10928,9367,8821,9120,9306,8678,8826,8859
rps4x,8141,9217,10580,7777,10350,9393,8439,8312,8666,8850,8236,7776
rps5,5098,5382,6238,4582,6379,4966,5022,4876,5384,4652,5056,4761
rps6,7886,9266,9496,7451,10149,8851,8189,7688,8416,7536,7686,6924
rps6ka1,299,230,296,211,447,266,336,243,348,199,353,174
rps6ka2,90,82,104,79,159,75,117,61,115,54,101,95
rps6ka3,469,291,498,377,659,366,537,299,578,307,476,543
rps6ka4,197,178,245,167,317,174,210,143,211,138,212,163
rps6ka5,64,70,68,68,77,62,65,74,72,79,118,80
rps6ka6,1,3,2,6,2,7,0,1,6,1,10,4
rps6kb1,798,908,1010,891,950,1038,884,899,994,878,812,796
rps6kb2,175,210,186,181,202,208,159,153,195,145,179,170
rps6kc1,301,292,380,240,401,345,309,244,281,190,293,307
rps6kl1,30,21,27,9,24,19,24,9,21,9,17,9
rps7,6516,6557,7551,5325,7726,5400,6397,6423,7132,5884,6497,5729
rps8,5783,6848,7243,5633,7609,6616,6045,5403,6198,5395,5826,5270
rps9,5213,5394,5821,4899,7187,5403,5299,4587,5439,4292,4839,4809
rpsa,9577,13161,12561,10210,12117,12149,10290,10495,10465,9386,9299,9854
rptn,0,0,0,0,0,0,0,1,0,0,0,0
rptor,572,657,608,550,726,661,580,548,577,459,544,742
rpusd1,21,21,45,22,46,26,29,25,29,15,22,23
rpusd2,42,37,50,40,49,42,50,26,49,27,38,37
rpusd3,278,277,321,215,295,286,282,198,240,206,215,229
rpusd4,139,125,193,113,168,140,136,117,134,109,126,105
rrad,18,4,12,3,16,8,9,11,10,6,13,10
rraga,442,414,474,401,516,574,401,408,354,385,368,426
rragb,3,0,12,6,9,4,4,4,4,2,3,4
rragc,724,936,985,723,1177,881,953,739,1069,731,845,737
rragd,102,92,109,82,136,78,108,77,145,85,185,87
rras,278,190,274,160,371,199,218,196,225,136,186,156
rras2,496,534,606,509,624,509,539,506,535,493,494,507
rrbp1,6153,7298,6013,6829,6901,9030,5399,5958,5681,4944,4980,4829
rreb1,513,500,575,462,769,703,643,490,713,407,559,886
rrh,10,24,17,15,13,21,21,9,16,11,13,7
rrm1,492,627,691,546,713,642,666,521,660,598,648,506
rrm2,99,169,173,157,157,119,103,121,124,80,105,87
rrm2b,113,143,166,114,173,142,146,102,187,90,158,103
rrn3,460,637,700,623,758,855,656,584,615,498,542,500
rrp1,1188,1325,1341,1070,1386,1364,1162,1102,1097,1046,968,936
rrp12,156,213,188,207,236,275,185,160,153,129,104,119
rrp15,207,285,287,250,288,334,239,226,210,244,200,224
rrp1b,104,147,135,126,135,178,122,105,116,66,77,109
rrp36,220,252,287,232,285,255,197,226,237,184,181,187
rrp7a,467,488,499,424,649,533,492,385,481,303,411,385
rrp8,180,259,288,276,326,362,243,222,235,222,191,193
rrp9,144,207,191,192,226,263,196,159,189,141,165,139
rrs1,278,274,336,359,323,306,306,290,340,239,262,187
rs1,8,17,8,10,10,17,22,19,23,7,19,11
rsad1,67,72,102,70,99,109,87,55,83,57,105,95
rsad2,747,302,453,230,385,327,316,270,277,345,301,277
rsbn1,363,312,434,327,417,375,393,330,413,364,361,397
rsbn1l,393,487,494,385,499,445,408,414,493,405,445,458
rsc1a1,167,178,188,95,290,331,232,168,138,98,86,230
rsf1,625,582,780,566,717,693,673,607,740,664,752,638
rsl1d1,1048,1169,1315,1130,1466,1534,1108,1092,1040,1190,996,999
rsl24d1,376,426,462,396,517,433,380,377,375,385,341,306
rsph1,2,1,2,2,3,8,0,3,2,1,3,4
rsph10b,0,3,3,1,1,0,1,0,9,3,3,2
rsph14,0,1,1,0,1,1,0,0,1,0,1,1
rsph4a,11,6,11,6,2,10,9,3,7,3,10,3
rsph6a,0,1,1,0,0,1,0,0,0,0,1,0
rsph9,13,19,27,16,15,20,25,10,21,8,20,15
rspo1,40,35,51,46,55,38,50,37,49,35,45,56
rspo2,0,0,0,0,0,0,0,0,1,1,0,0
rspo3,196,182,186,161,248,188,129,142,161,170,198,167
rspo4,0,0,0,0,0,0,0,0,0,0,0,0
rspry1,668,661,753,694,812,818,679,659,652,654,558,666
rsrc1,437,441,506,449,514,463,392,448,451,472,421,430
rsrc2,1103,1123,1267,842,1108,1063,1109,1032,1072,1054,1065,914
rsrp1,4350,4091,3493,3094,4079,3988,3723,2997,4264,2818,4123,3053
rsu1,528,443,546,383,591,469,492,408,558,422,438,440
rtbdn,5,14,10,8,9,9,7,5,9,4,8,6
rtca,205,224,278,204,285,238,211,185,218,194,192,185
rtcb,1833,1799,1933,1448,2068,1819,1655,1681,1625,1645,1469,1596
rtel1,275,257,325,240,332,286,275,275,290,254,275,282
rtf1,343,384,435,366,408,465,321,332,348,353,355,284
rtkn,145,167,217,181,241,225,193,143,269,99,220,131
rtkn2,1,4,2,1,3,1,2,4,1,2,1,1
rtl1,11,8,24,15,24,6,15,10,44,4,22,4
rtn1,43,30,35,24,62,35,51,17,23,24,38,32
rtn2,50,32,58,45,53,49,61,35,79,31,63,62
rtn3,1245,1236,1453,1173,1456,1448,1195,1155,1340,1069,1166,1142
rtn4,2622,989,2531,956,2791,1423,1970,1375,2330,1640,2078,1530
rtn4ip1,300,442,423,362,377,380,288,324,298,306,311,330
rtn4r,0,1,0,0,0,0,0,0,0,0,1,0
rtn4rl1,151,67,141,119,91,134,97,118,124,102,87,172
rtn4rl2,2,2,2,1,4,2,1,1,1,0,5,3
rtp1,0,0,0,0,0,0,0,0,0,0,1,0
rtp2,0,0,0,0,0,0,0,0,0,0,0,0
rtp3,359,379,445,273,454,392,343,306,322,361,327,438
rtp4,342,411,545,335,513,471,363,420,404,421,378,335
rttn,81,67,102,54,91,71,86,61,73,62,104,77
rubcn,426,482,470,410,575,512,464,409,443,341,432,420
rufy1,410,370,418,346,428,427,352,375,375,354,323,375
rufy2,174,168,254,145,205,209,233,150,208,143,200,179
rufy3,874,1111,1266,932,1139,1181,1140,948,1047,935,1143,988
rufy4,3,4,0,2,0,2,3,3,7,4,2,3
rundc1,137,156,150,133,162,170,144,119,155,119,153,162
rundc3a,211,193,219,192,234,218,213,150,201,142,200,162
rundc3b,5,9,15,16,29,16,17,11,17,15,54,3
runx1,49,34,68,29,82,48,76,37,79,38,78,70
runx1t1,25,16,25,14,18,13,20,9,33,11,28,14
runx2,25,12,22,15,21,9,27,11,29,12,34,24
runx3,12,7,10,5,14,10,17,11,23,4,19,12
rusc1,116,84,150,118,152,150,116,79,122,64,89,64
rusc2,253,309,183,202,310,226,253,162,260,146,313,181
ruvbl1,311,423,361,311,470,460,366,292,304,305,308,288
ruvbl2,244,225,211,219,280,272,224,170,224,147,200,189
rwdd1,587,637,747,506,663,621,546,569,556,520,511,551
rwdd2a,12,6,4,7,7,7,7,17,14,16,7,12
rwdd2b,207,190,223,192,201,217,173,194,176,181,219,176
rwdd3,117,105,125,62,87,60,82,112,90,108,84,132
rxfp1,7,14,10,7,3,12,1,11,12,7,7,10
rxfp2,0,0,0,0,0,0,0,0,0,0,0,0
rxfp3,1,2,0,0,0,0,0,0,0,0,1,1
rxfp4,0,0,0,0,1,0,1,0,0,0,0,0
rxra,6685,8144,7165,8002,9128,8901,7156,5964,7255,4949,6236,5907
rxrb,488,527,548,484,667,537,484,470,580,427,497,471
rxrg,82,67,106,73,79,84,76,71,81,99,61,92
rybp,346,373,404,357,471,382,421,399,346,351,441,430
ryk,717,882,860,733,942,863,868,697,865,630,806,662
ryr1,18,14,29,13,20,16,15,9,12,10,6,164
ryr2,5,5,3,7,4,4,3,9,11,2,7,4
ryr3,5,2,6,2,5,8,6,8,9,4,13,8
s100a1,1909,1955,2347,1403,2210,2040,1753,1856,1775,1979,1644,1722
s100a10,2441,1670,2132,1166,1566,2158,904,1589,848,1996,1120,1885
s100a11,127,59,101,58,120,64,92,47,118,54,105,92
s100a13,451,426,618,367,576,405,476,377,503,448,473,329
s100a14,2,0,3,0,2,4,4,0,1,1,6,0
s100a16,424,378,484,381,545,398,379,364,386,333,341,358
s100a2,0,0,0,0,0,0,0,0,0,0,0,0
s100a3,5,2,6,2,5,4,6,2,4,2,3,4
s100a4,180,48,270,90,336,86,263,75,247,89,135,152
s100a5,0,0,0,0,0,0,0,0,0,0,0,0
s100a6,283,100,298,144,321,204,346,125,282,167,270,245
s100a7a,2,0,1,1,3,2,4,0,1,4,4,0
s100a8,1957,47,177,93,212,123,220,52,180,83,123,106
s100a9,2594,75,270,124,360,167,319,84,264,110,149,134
s100b,6,5,2,0,5,3,0,1,3,4,6,3
s100g,10,0,1,98,2,4,3,0,14,2,4758,2
s100pbp,449,332,527,353,511,412,444,363,521,359,433,391
s100z,0,0,0,0,0,0,0,0,0,0,0,0
s1pr1,975,983,1249,942,1402,1233,1009,1176,1028,1112,700,1232
s1pr2,165,114,187,119,160,200,190,95,180,110,127,158
s1pr3,57,70,75,55,69,50,77,42,44,45,52,62
s1pr4,18,8,27,15,27,12,16,21,23,17,14,26
s1pr5,119,160,160,98,185,160,157,98,178,78,143,122
saa1,57501,3612,16203,2751,2272,20120,3413,742,1687,739,4605,1924
saa2,46638,1696,10595,734,615,14529,852,320,346,344,1252,608
saa4,7173,9373,4795,6113,5055,12587,4808,3716,3962,3465,3274,3616
saal1,151,169,151,116,188,142,166,111,152,104,154,115
sac3d1,70,77,71,88,120,82,71,64,71,54,57,66
sacm1l,2415,2775,2890,2188,2825,2686,2321,2406,2353,2543,2199,2445
sacs,150,190,228,204,266,256,248,127,335,97,229,163
sae1,404,423,447,323,457,413,340,324,330,327,346,316
safb,525,705,566,588,594,703,549,591,648,454,584,480
safb2,394,462,396,421,397,458,420,425,501,365,465,410
sag,59,70,75,50,58,73,71,68,75,60,80,56
sall1,207,244,122,184,310,233,157,187,334,163,187,164
sall2,91,70,119,69,115,109,134,50,115,48,67,72
sall3,0,0,0,1,0,0,0,0,0,0,0,0
sall4,0,0,0,1,0,0,0,0,0,0,0,0
samd10,29,43,26,22,26,30,22,8,43,13,23,18
samd11,3,2,1,3,0,7,3,1,1,2,6,3
samd12,3,1,4,5,9,1,2,2,2,2,5,7
samd13,4,0,3,1,4,2,3,2,4,1,1,3
samd14,22,25,17,13,32,26,42,12,27,6,34,22
samd15,2,6,5,6,5,9,13,3,8,6,10,15
samd3,9,1,3,3,4,2,6,5,9,3,6,4
samd4b,143,139,143,120,189,145,150,119,167,85,138,173
samd5,29,14,21,15,47,16,18,9,20,8,27,23
samd7,0,0,1,2,1,1,3,1,2,2,1,1
samd8,912,1051,1226,792,1437,1018,1082,970,1389,1059,1306,1208
samd9l,1458,839,1725,687,1811,1004,1344,1119,1342,1222,1466,1036
samhd1,584,439,671,374,798,524,576,484,550,413,600,545
samm50,1511,1624,2075,1344,2253,1720,1546,1539,1642,1329,1547,1316
samsn1,123,34,102,40,132,45,85,64,77,55,56,44
sap130,180,202,274,220,237,209,238,201,285,161,220,208
sap18,462,523,518,373,536,505,412,380,409,432,433,404
sap25,1,7,3,4,2,0,11,3,5,4,4,1
sap30,113,82,120,79,112,94,102,74,142,102,93,81
sap30bp,401,438,478,401,568,509,402,392,365,372,358,363
sap30l,259,320,332,289,336,299,265,256,293,293,264,263
sapcd1,2,2,2,0,2,4,1,0,1,1,0,0
sapcd2,5,0,4,2,1,3,2,3,3,1,1,0
sar1a,2057,2183,2438,2045,2523,2739,2182,1937,2037,1995,1817,1881
sar1b,3738,5065,4780,3544,4650,4345,4143,4321,3821,4901,3923,4235
saraf,2560,2729,2820,2270,2945,2723,2411,2500,2480,2458,2097,2414
sardh,11438,14930,13729,11730,16230,12551,10811,10683,12178,10190,10656,12998
sarm1,9,9,4,5,4,13,13,9,16,8,9,13
sarnp,621,727,748,537,690,808,670,679,598,710,598,648
sars2,161,170,189,132,173,193,134,168,152,140,132,158
sart1,459,504,560,454,603,585,417,422,429,383,457,385
sart3,239,234,298,236,344,285,249,215,295,187,220,231
sash1,1032,1059,1302,980,1293,1077,1052,733,1206,754,1102,929
sash3,146,48,113,38,137,60,85,79,96,59,76,92
sass6,65,65,76,48,60,52,68,57,69,54,64,55
sat1,2517,1649,2524,1752,2683,2034,2069,1904,2527,1886,2219,1793
sat2,188,198,227,183,198,233,193,147,190,188,169,184
satb1,40,24,43,30,46,14,43,32,41,36,40,50
satb2,8,13,10,14,17,9,10,7,12,6,14,14
satl1,3,0,1,0,1,0,1,1,2,0,0,1
sav1,282,241,315,213,336,251,274,221,310,197,292,248
saxo1,0,0,0,0,0,0,0,0,0,1,0,0
saxo2,20,6,12,13,14,23,13,13,18,5,23,15
saysd1,205,205,241,179,229,262,192,188,227,211,190,167
sbds,737,799,907,835,1015,925,803,778,839,897,810,732
sbf1,715,826,757,761,857,760,733,610,877,504,633,824
sbf2,956,959,1175,915,1243,940,1011,893,1097,852,1089,1025
sbk1,321,721,274,476,934,662,333,302,683,278,553,267
sbk2,1,1,4,2,1,1,3,2,1,0,0,6
sbk3,0,1,0,1,1,5,1,2,1,0,0,0
sbno1,1730,2104,2423,2080,2522,2410,2214,1876,2335,1897,1989,1848
sbno2,442,348,403,284,493,417,481,284,387,232,383,354
sbsn,8,15,20,20,30,20,24,9,27,15,15,29
sbspon,3,7,10,7,5,11,10,12,8,7,18,9
sc5d,10230,11244,12069,6291,13181,10976,8135,15963,9315,14559,7146,13248
scaf1,283,283,313,234,389,310,274,259,337,194,284,327
scaf11,1508,1662,1903,1594,2061,1841,1707,1610,1998,1701,1833,1795
scaf4,158,189,173,136,179,180,170,172,234,138,179,227
scaf8,496,520,562,548,654,610,550,516,596,499,516,580
scai,199,235,277,223,250,248,256,200,254,176,286,259
scamp1,1021,1355,1308,1774,1314,1566,1179,1286,1710,1328,1525,1269
scamp2,407,355,430,322,464,421,372,322,381,275,381,406
scamp3,330,446,391,316,388,387,361,335,331,268,256,285
scamp4,236,240,265,207,316,288,263,199,266,161,229,229
scamp5,382,296,310,272,350,291,314,271,265,203,380,250
scand1,299,265,364,226,378,221,274,211,299,235,276,244
scap,1583,2039,1773,2039,2026,2013,1545,2033,1885,1484,1562,2547
scaper,389,423,443,270,454,320,336,402,398,439,402,392
scara3,34,38,53,52,71,49,95,36,73,27,66,71
scara5,526,611,297,353,218,577,388,122,177,71,134,133
scarb1,2896,2161,2612,1859,2735,2006,1945,1446,2373,1168,2115,2010
scarb2,6089,7676,7576,7013,7980,8989,6565,6563,7103,6416,6512,5524
scarf1,202,197,214,125,254,177,212,164,249,139,208,182
scarf2,70,54,66,38,95,39,72,43,68,41,59,60
sccpdh,95,80,88,71,101,82,84,63,87,85,126,77
scel,1,0,2,2,3,4,2,3,4,1,2,4
scfd1,1730,1670,1809,1164,1526,1759,1294,1445,1139,1432,1328,1304
scfd2,246,269,314,243,264,373,262,242,209,214,257,209
scg2,1,5,0,5,2,6,6,3,18,3,18,2
scg3,1,3,0,1,1,3,0,0,5,1,1,0
scg5,0,2,0,2,1,0,1,1,1,0,5,1
scgb1a1,0,0,0,0,0,0,0,0,0,0,0,0
scgb1c1,1,0,3,2,2,3,1,2,0,0,3,2
scgb2a2,0,0,0,0,0,0,0,0,0,0,0,0
scgb2b2,0,0,0,0,0,0,0,0,0,0,0,0
scgb3a1,4,1,0,0,0,2,1,3,0,1,5,1
scgb3a2,0,0,0,0,0,0,0,0,0,0,0,0
scgn,0,1,0,0,0,0,0,0,1,0,4,0
schip1,34,22,33,24,60,22,38,33,38,35,31,38
scimp,34,26,30,18,35,33,28,35,35,27,24,30
scin,11,18,22,21,11,28,19,17,10,9,150,9
sclt1,205,218,256,214,240,238,223,233,256,232,264,203
scly,1551,1736,1481,1285,1846,1517,1303,1396,1307,1354,1164,1303
scmh1,149,125,168,116,135,121,142,119,156,107,136,189
scml2,8,4,5,1,2,1,6,2,4,1,7,2
scml4,17,21,19,16,30,27,19,17,41,12,56,26
scn10a,0,0,1,2,2,0,1,1,3,1,0,1
scn11a,0,0,0,0,0,0,0,0,1,1,1,0
scn1a,0,0,1,0,1,0,1,0,1,0,0,1
scn1b,93,61,85,59,123,57,94,76,100,37,78,88
scn2b,14,9,11,8,12,13,11,9,19,10,23,4
scn3a,26,14,19,14,36,13,30,13,19,10,33,20
scn3b,19,9,16,13,23,8,28,21,16,11,12,24
scn4a,0,1,5,2,2,1,1,2,3,0,2,24
scn4b,1,1,6,14,1,6,2,0,12,0,2,41
scn5a,2,2,2,0,0,2,1,0,0,0,0,4
scn7a,48,37,57,66,83,62,88,48,89,46,114,58
scn8a,59,19,33,9,33,20,19,10,37,19,21,19
scn9a,3,2,4,2,1,3,1,1,2,2,1,3
scnm1,170,203,196,175,200,236,154,163,176,156,137,147
scnn1a,119,217,156,98,146,133,156,175,166,139,145,241
scnn1b,0,0,1,0,0,0,3,1,5,0,3,3
scnn1g,0,0,0,0,0,0,0,0,0,0,0,0
sco1,348,359,393,316,447,405,328,344,307,334,311,288
sco2,585,290,693,344,156,458,120,484,193,540,208,758
scoc,275,269,289,184,316,316,217,195,210,237,306,243
scp2,115413,127202,154657,109496,106509,130253,107976,111176,98309,114631,102005,111194
scp2d1,0,0,0,1,0,0,0,0,0,0,0,0
scpep1,893,921,1043,694,1104,950,745,773,867,682,702,809
scrg1,0,0,0,0,0,0,0,0,0,1,0,0
scrib,340,322,356,327,397,406,315,277,412,232,272,321
scrn1,16,7,22,15,24,19,42,13,28,13,19,47
scrn2,497,633,606,569,728,611,591,591,561,522,576,588
scrn3,1278,1883,1702,1422,1577,1845,1388,1659,1260,1817,1245,1627
scrt1,0,0,0,0,0,0,0,0,1,0,0,0
scrt2,0,0,0,0,0,0,0,0,0,0,0,1
sct,1,0,0,0,0,1,0,0,0,0,26,0
sctr,0,0,1,0,0,1,0,0,1,1,0,1
scube1,109,9,37,6,59,13,42,4,52,4,62,10
scube2,0,0,2,0,0,0,0,1,5,1,0,2
scube3,10,10,6,8,7,10,12,12,11,4,15,13
scx,0,1,6,4,1,3,3,7,7,2,0,5
scyl1,734,776,903,782,926,864,739,604,747,537,671,674
scyl2,911,987,1176,997,1240,1155,964,841,960,953,938,846
scyl3,474,560,616,613,621,682,491,449,597,472,487,590
sdad1,343,364,424,375,500,542,375,367,413,309,340,298
sdc1,4658,4693,3574,3586,5288,4613,3878,4724,4134,4127,3764,3738
sdc2,3317,4046,3877,3376,3623,3934,3168,3590,3236,3709,3085,3607
sdc3,1812,1188,1596,1262,2536,1038,1394,1134,1495,786,1188,1297
sdc4,11553,10875,10643,9087,10884,10595,8344,9534,7591,7623,7035,8475
sdcbp,3286,2294,3410,2190,3882,2578,3128,2562,3003,2483,2998,2391
sdcbp2,9,4,2,7,6,1,4,6,4,9,123,3
sdccag8,250,238,290,243,305,290,258,242,262,229,285,215
sde2,199,277,293,254,301,306,261,209,251,167,203,194
sdf2,779,841,1053,692,898,849,750,666,742,692,726,744
sdf2l1,1010,1379,682,436,635,850,421,533,380,391,387,473
sdf4,2540,2852,3194,2413,3291,2734,2501,2454,2556,2613,2484,2582
sdha,9527,11361,12745,9613,12615,12126,9755,9705,10030,9840,10254,9744
sdhaf1,199,243,263,242,331,315,236,167,275,160,194,168
sdhaf2,548,649,632,496,702,669,528,476,522,537,501,456
sdhaf3,192,199,223,164,238,212,200,195,200,181,181,172
sdhaf4,381,401,451,313,471,348,392,329,384,347,374,359
sdhb,3867,5142,5862,4038,5655,4654,4304,3764,4759,4099,4378,3859
sdhc,2761,3202,3515,2625,3854,3216,2835,2542,2951,2545,2845,2391
sdhd,4635,5769,6248,4738,6487,5450,5338,4944,5708,5412,5123,4545
sdk1,12,8,17,14,16,13,29,12,26,12,19,14
sdk2,55,29,46,18,52,20,65,18,44,21,39,29
sdr16c5,1,0,0,0,0,0,0,0,0,0,0,0
sdr39u1,272,307,346,208,279,312,273,232,274,211,297,310
sdr42e1,1994,2362,2585,2321,2269,2383,1803,2107,1222,2206,1516,2205
sdr9c7,1271,1872,1702,1333,1060,1621,1384,1933,1197,1840,820,1690
sds,5027,4642,6787,4183,7755,4622,5297,3711,6651,2263,6400,2558
sdsl,219,224,246,185,258,275,234,205,216,146,166,189
sec11a,1094,1174,1293,871,1110,1227,979,888,976,933,984,905
sec11c,785,772,830,666,754,834,676,874,743,799,637,730
sec13,1421,1845,1905,1411,1625,1870,1366,1326,1203,1391,1264,1238
sec14l1,312,299,339,236,489,288,348,212,350,182,299,229
sec14l2,10226,9305,12030,6937,12690,8825,8230,9029,8106,9434,8248,9424
sec14l3,2,0,1,1,0,0,2,1,1,3,1,1
sec14l4,2153,3672,2957,3764,3338,3545,3017,3482,2731,2862,2349,2953
sec14l5,1,2,1,2,0,0,1,0,2,0,1,4
sec16a,2332,2398,2598,2596,2900,3346,2215,1983,2368,1738,1955,2334
sec16b,1700,2064,1999,1672,2147,2159,1707,1827,1622,1718,1531,1924
sec22a,481,425,529,434,575,544,464,443,441,446,451,463
sec22b,1206,1332,1273,1100,1137,1697,908,1026,849,1110,806,930
sec22c,120,150,134,184,179,202,165,118,127,108,132,189
sec23a,2918,3274,3416,3041,3444,3830,3032,2793,2935,2947,3134,2418
sec23b,1613,1315,1412,1494,1450,2452,1094,1254,936,1186,880,966
sec23ip,564,562,666,616,807,839,603,585,650,554,555,530
sec24a,1599,2075,1826,1777,2214,2015,1853,1527,1911,1508,1917,2491
sec24b,259,233,275,236,374,257,275,179,317,182,293,336
sec24c,1683,1636,1686,1723,2005,2023,1541,1300,1334,1320,1414,1488
sec24d,1982,1490,1522,1724,1530,2484,1333,1229,972,1130,1106,1193
sec31a,2122,2412,2195,2283,2653,2789,2138,1878,2052,1599,1998,1910
sec31b,84,108,104,109,105,94,110,97,123,88,110,84
sec61a1,4275,5013,4550,4174,5085,5568,3782,3976,3712,3105,3454,3410
sec61a2,79,83,76,65,79,84,88,76,88,63,99,93
sec61b,1350,1443,1353,1155,1397,1384,1036,1023,1040,1062,1054,1057
sec61g,375,411,347,329,337,408,278,359,210,323,266,268
sec62,3135,3623,4213,3228,3505,3998,3296,3223,3327,3561,3040,2659
sec63,2156,2352,2484,2173,2602,2744,2114,2052,2299,2127,1965,2627
secisbp2,321,306,366,291,345,381,287,323,276,290,258,289
secisbp2l,1725,1757,2054,1701,2291,2270,1755,1736,1796,1612,1672,1796
seh1l,811,973,1093,852,1054,1089,851,855,898,863,786,796
sel1l,3400,3627,3354,3461,3803,4353,3066,3009,3882,2582,2502,2916
sel1l2,0,0,0,0,0,0,0,0,0,0,0,0
sel1l3,337,329,500,374,397,582,311,329,480,255,379,340
sele,4,2,4,4,11,5,2,5,8,4,4,2
selenbp1,7595,8678,8468,5971,10427,7032,7515,7029,9169,6729,7048,7524
sell,235,69,212,85,252,77,139,109,137,98,122,113
selp,168,174,199,156,205,167,185,126,184,167,180,156
selplg,199,85,201,90,250,100,175,106,173,90,131,155
sema3a,50,27,44,36,57,35,63,18,39,29,49,34
sema3b,10,26,30,29,24,36,28,22,35,23,58,36
sema3c,120,119,155,73,221,128,165,91,227,127,159,139
sema3d,222,203,258,216,318,206,234,236,240,260,276,297
sema3e,10,12,10,10,9,17,10,10,9,7,11,8
sema3f,172,139,99,116,200,128,146,99,137,93,139,110
sema3g,9,13,17,12,18,8,17,5,15,8,8,12
sema4a,823,763,798,559,900,850,727,695,822,584,695,895
sema4b,184,138,158,101,222,186,174,118,143,100,196,165
sema4c,104,73,82,61,123,107,114,68,100,58,102,82
sema4d,110,44,111,52,174,82,118,81,141,44,92,92
sema4f,5,5,4,1,5,5,6,4,4,1,5,4
sema4g,1651,2243,2128,1545,2339,1834,2041,1726,2485,1241,2125,2356
sema5a,66,50,87,85,115,61,110,34,117,39,146,86
sema5b,10,7,10,13,4,15,15,26,12,48,7,35
sema6a,218,178,248,158,326,169,237,142,227,120,308,174
sema6b,145,91,127,91,137,95,117,78,97,59,116,96
sema6c,15,23,22,14,28,17,29,10,18,17,17,14
sema6d,626,505,478,476,731,438,502,439,520,398,516,496
sema7a,9,18,17,19,13,18,14,13,70,4,13,12
senp1,230,287,301,267,315,294,285,223,312,229,249,275
senp2,486,516,578,493,632,613,478,432,538,460,477,469
senp3,547,565,623,574,726,691,563,480,578,460,491,448
senp5,377,412,482,443,483,501,393,392,419,408,391,455
senp6,1296,1240,1516,1202,1351,1372,1323,1191,1317,1268,1256,1142
senp7,375,398,516,315,439,457,469,385,418,350,414,409
senp8,81,99,104,51,84,71,70,52,57,69,54,56
sephs1,647,726,878,760,832,876,752,743,742,690,637,700
sephs2,21279,25278,27400,19621,28773,22610,19440,18906,21637,18278,19654,19935
sepsecs,1379,2107,2246,1560,2418,1838,1915,1813,1878,1785,1792,1754
serac1,89,95,109,94,106,115,80,78,102,92,82,96
serbp1,4348,5319,5555,4254,5050,5229,4635,4320,4482,4519,4336,3820
serf2,3729,4019,4138,3156,4606,3686,3517,3277,3392,3011,3372,3077
sergef,69,100,85,69,118,82,87,71,75,70,91,71
serinc1,5915,6331,7227,6111,6762,7056,5866,6051,5937,6720,5784,5907
serinc2,92,53,46,41,73,65,61,74,83,59,92,73
serinc3,6812,7487,8044,7977,7960,8580,7062,6114,7732,5778,7209,5455
serinc4,5,2,4,0,5,7,5,2,1,0,0,1
serinc5,1172,1246,1503,1142,1464,1307,1153,1232,1236,1238,1030,1345
serp1,8488,10211,8672,7560,9505,10291,7532,7045,7601,6529,6704,6183
serp2,3,1,2,1,3,0,3,0,1,2,0,1
serpina10,8273,8146,7092,5712,6310,11037,6134,4502,4895,4715,4688,4288
serpina11,1447,1354,1397,1344,1097,1503,1287,1094,952,822,959,1195
serpina12,1667,2054,3981,1550,1794,1977,1440,2642,824,1640,1467,2695
serpina5,10,24,18,13,2,11,11,7,9,1,6,17
serpina6,2931,3680,3935,2293,9505,3521,6376,4073,8222,5209,5698,3018
serpina7,1377,1099,417,1115,729,1956,514,1564,563,2796,565,2949
serpina9,13,69,79,117,28,150,99,48,32,25,47,37
serpinb10,5,5,13,2,23,4,8,1,8,4,2,6
serpinb11,0,0,0,0,0,0,0,0,0,0,0,0
serpinb12,0,0,0,0,0,0,0,0,0,0,0,1
serpinb13,13,6,9,5,7,2,9,6,6,3,8,2
serpinb2,45,13,47,30,150,32,170,4,96,25,26,57
serpinb5,1,0,0,2,0,2,0,0,1,2,10,0
serpinb7,3,2,5,4,8,5,1,7,2,1,2,1
serpinb8,113,57,142,91,148,89,137,104,187,127,110,112
serpinb9,459,283,467,240,416,312,277,370,315,397,311,409
serpinc1,36064,40891,42279,33201,43234,41826,34326,37740,35479,35520,30783,35316
serpind1,14531,15428,18614,11713,16898,14095,14058,13569,14632,13366,12680,12993
serpine1,41,23,60,75,138,71,157,52,104,44,55,59
serpine2,210,453,219,448,191,452,212,433,172,337,239,547
serpine3,11,15,14,3,9,9,11,6,7,12,4,8
serpinf1,8269,9296,11183,7912,11353,9423,8300,8215,9042,7184,8021,8154
serpinf2,19649,16152,17494,14754,16513,19485,13245,14145,14140,12931,12497,15219
serping1,14624,12698,15258,11227,13696,13527,13494,11229,13039,10312,11541,11809
serpinh1,796,538,719,332,952,565,942,343,662,385,630,447
serpini1,20,24,31,25,34,32,32,22,64,8,44,9
serpini2,5,534,18,737,44,758,283,281,1833,0,58,55
sertad1,135,110,165,108,210,142,130,134,199,160,162,145
sertad2,309,374,473,344,517,428,447,322,545,343,418,385
sertad3,82,75,100,76,106,121,75,78,102,72,56,59
sertad4,4,9,8,6,7,7,8,3,8,9,7,15
sertm1,0,0,0,0,0,2,0,0,1,0,2,0
sesn1,609,457,645,446,686,525,494,407,535,401,616,461
sesn2,158,109,79,89,162,115,97,79,140,81,160,110
sesn3,857,940,1131,709,961,812,828,678,932,609,763,986
sestd1,98,89,144,109,169,108,149,80,178,111,162,127
set,2259,2620,2682,1939,2699,2415,2171,2080,2117,2030,2061,1680
setbp1,46,23,40,25,49,21,37,39,75,27,50,51
setd1a,145,167,177,174,184,215,187,175,232,142,163,229
setd1b,95,87,73,118,110,152,133,130,206,89,138,249
setd2,1338,1266,1576,1256,1772,1440,1520,1181,1649,1138,1544,1391
setd3,1862,2132,2179,1928,2408,2069,2017,1743,2233,1771,2008,1709
setd4,83,239,101,230,178,256,118,272,235,219,181,130
setd5,786,777,979,893,1079,985,932,826,1110,807,924,837
setd6,258,267,299,243,301,309,264,269,321,274,220,217
setd7,346,214,386,177,472,240,357,140,418,114,345,165
setdb1,597,668,777,583,820,705,696,585,757,551,640,635
setdb2,445,478,469,658,430,578,416,412,486,458,440,423
setmar,87,124,79,89,96,87,85,66,52,82,68,74
setx,1383,1239,1775,1470,1905,1749,1479,1206,1436,1194,1475,1375
sez6,1,7,5,3,4,0,3,2,0,2,7,8
sez6l,2,5,2,7,6,2,16,2,10,2,9,6
sez6l2,3,5,5,5,3,2,4,1,7,3,6,3
sf1,734,771,830,754,874,926,751,770,906,670,783,782
sf3a1,402,427,391,380,539,550,409,354,443,297,348,311
sf3a2,73,114,80,88,115,124,79,102,104,76,69,100
sf3a3,432,493,531,414,536,653,411,419,411,433,403,367
sf3b1,4484,4853,5438,4659,5511,5190,5045,4447,4859,4380,5173,4187
sf3b2,1921,2365,2379,1964,2734,2272,2196,1769,2141,1646,1910,1646
sf3b3,933,1005,1161,952,1117,1242,991,861,861,785,872,887
sf3b4,119,136,127,119,172,157,115,116,142,101,80,110
sf3b5,353,405,457,315,400,368,334,295,350,335,301,314
sf3b6,801,825,823,598,901,809,808,703,706,783,712,641
sfi1,524,494,693,386,613,549,597,516,559,395,620,402
sfmbt1,568,618,745,624,742,784,678,588,720,639,631,816
sfmbt2,11,11,9,15,16,12,18,7,9,7,13,8
sfn,21,18,17,9,30,22,24,25,26,9,54,15
sfpq,1029,1030,1055,958,1210,1124,1061,928,1086,844,1005,955
sfr1,720,720,909,724,873,871,698,639,759,635,673,590
sfrp1,66,45,53,40,79,41,72,52,70,62,125,126
sfrp2,6,4,10,15,28,3,25,18,30,15,20,34
sfrp4,2,1,1,2,6,3,5,0,1,3,2,4
sfrp5,1,1,0,1,3,4,4,1,3,2,7,1
sfswap,344,386,440,299,367,360,343,346,424,287,356,340
sft2d1,509,565,562,569,714,494,566,523,637,566,600,494
sft2d2,1506,1594,1891,1368,2177,1496,1715,1414,1717,1287,1751,1327
sft2d3,97,99,154,107,124,112,120,89,123,94,110,120
sfta2,0,2,1,1,0,0,0,1,0,0,0,0
sftpa1,11,15,7,4,22,11,19,10,22,7,47,8
sftpb,2,0,2,2,2,2,1,3,2,0,1,0
sftpc,1,2,1,0,0,0,0,0,1,0,0,0
sftpd,38,20,18,16,13,22,14,15,28,15,23,15
sfxn1,2320,2270,2912,1539,3212,2047,2691,1691,2560,1593,2543,1441
sfxn2,852,1225,1034,909,1158,1078,928,847,915,753,852,708
sfxn3,39,19,46,34,53,32,56,27,72,35,51,41
sfxn4,18,19,22,12,21,11,27,17,24,21,27,15
sfxn5,773,842,924,643,928,709,809,723,751,612,687,720
sgca,0,0,0,0,1,0,0,0,0,0,3,12
sgcb,65,66,98,57,103,75,81,69,72,61,75,82
sgcd,12,4,13,13,9,6,17,13,16,12,21,10
sgce,256,93,263,73,291,118,204,101,196,105,253,96
sgcg,1,1,0,0,1,2,0,0,2,0,1,13
sgcz,0,0,0,1,1,1,1,0,0,0,0,0
sgf29,214,300,255,245,276,302,252,236,272,242,230,216
sgip1,204,209,233,202,211,314,200,172,222,188,263,137
sgk1,622,536,635,611,844,704,670,549,1179,582,1136,462
sgk2,960,930,1023,667,634,845,589,1267,578,1519,433,1501
sgk3,487,448,651,445,589,522,571,468,640,542,548,477
sgms1,403,349,490,408,503,387,462,379,499,403,506,356
sgms2,1329,1656,2108,1390,1747,1544,1424,1497,1852,1799,1536,2015
sgpl1,1950,1382,2079,1252,2154,1640,1687,1752,1743,1592,1553,1920
sgpp1,1543,1701,1744,1387,2004,1733,1463,1728,1623,1819,1345,1806
sgpp2,6,5,5,14,12,14,14,16,16,8,49,12
sgsh,190,150,199,180,248,200,171,136,170,100,143,185
sgsm1,81,73,51,45,76,87,54,77,87,51,64,59
sgsm2,128,86,103,66,117,81,86,115,132,93,98,132
sgsm3,157,172,185,176,151,200,132,140,174,118,123,133
sgta,635,800,776,695,919,824,703,681,764,595,618,742
sgtb,42,89,71,79,70,105,58,60,74,87,68,84
sh2b1,304,321,334,346,405,402,339,285,379,277,356,341
sh2b2,60,41,73,51,76,51,80,41,55,29,37,47
sh2b3,348,347,395,299,523,326,440,268,480,207,418,270
sh2d1a,3,3,7,5,5,4,12,10,8,14,12,5
sh2d2a,8,9,20,9,12,7,9,23,13,9,16,8
sh2d3c,116,108,126,101,178,89,125,83,121,72,116,106
sh2d4a,337,221,373,152,354,205,301,165,379,139,302,158
sh2d4b,1,4,4,5,3,2,5,1,1,2,3,8
sh2d5,3,5,5,0,1,2,4,2,7,2,3,6
sh2d6,1,0,0,0,0,1,1,0,2,0,4,0
sh2d7,3,1,0,0,0,1,2,0,1,0,7,0
sh3bgr,8,3,7,4,2,3,9,4,11,1,11,34
sh3bgrl,3623,3107,4162,2939,4187,3407,3407,2850,3406,3076,3423,2993
sh3bgrl2,695,1065,905,959,815,1247,726,1063,873,1333,705,1102
sh3bgrl3,242,124,268,157,380,131,273,166,275,118,256,174
sh3bp1,61,34,50,28,85,23,68,25,73,20,47,41
sh3bp2,407,440,462,428,506,523,455,303,399,254,372,306
sh3bp4,51,30,42,38,51,51,46,31,73,17,62,62
sh3bp5,1000,829,1041,822,1188,997,836,722,821,615,848,839
sh3bp5l,278,358,395,277,491,459,356,268,342,289,315,276
sh3d19,1372,1639,1670,1609,1902,1781,1490,1328,1881,1272,1733,1620
sh3d21,27,24,32,23,29,30,25,17,34,15,42,18
sh3gl1,316,277,321,255,441,317,342,282,330,188,286,250
sh3gl2,23,30,17,12,9,13,22,15,31,20,29,16
sh3gl3,0,1,1,0,1,0,0,6,0,5,4,2
sh3glb1,1708,1464,1807,1395,2360,1526,1740,1304,1756,1249,1805,1340
sh3glb2,368,311,422,311,455,364,360,358,389,322,338,392
sh3kbp1,176,72,171,99,272,113,171,95,176,108,147,127
sh3pxd2a,866,519,1001,572,611,546,569,840,514,700,488,1126
sh3pxd2b,130,65,113,70,192,73,155,50,148,51,107,114
sh3rf1,156,140,154,106,196,119,157,92,160,95,185,122
sh3rf2,9,11,5,5,6,12,8,5,16,5,17,21
sh3rf3,22,19,20,15,13,27,21,21,32,22,34,14
sh3tc1,253,238,287,183,353,211,250,151,232,169,250,201
sh3tc2,47,47,33,39,58,45,54,44,39,27,41,38
sh3yl1,90,119,122,112,180,129,113,77,118,106,130,72
shank1,9,21,12,14,3,10,25,24,67,4,19,14
shank2,256,231,173,110,146,124,140,213,192,176,151,287
shank3,88,88,77,63,113,76,98,52,103,38,100,88
sharpin,446,514,550,468,649,518,484,434,471,406,482,462
shb,450,452,262,388,644,497,291,361,433,252,351,353
shbg,0,0,0,0,0,0,0,0,0,0,0,1
shc1,1398,1227,1354,1071,1546,1445,1158,1228,1171,1070,1002,1241
shc2,27,19,18,20,19,19,23,13,22,11,39,18
shc3,0,0,0,0,0,0,0,0,0,0,0,0
shc4,7,6,6,2,2,6,1,2,8,3,7,5
shcbp1,36,44,65,43,48,36,30,39,47,23,39,38
shcbp1l,3,3,6,6,8,15,3,4,5,6,5,3
shd,1,0,3,0,4,0,2,3,2,0,0,1
she,137,139,161,132,197,155,142,134,162,100,132,117
shf,80,107,140,109,141,95,97,98,156,67,104,101
shh,1,4,8,3,7,3,6,3,10,5,8,4
shisa2,20,7,6,4,15,9,7,4,20,2,20,12
shisa3,22,10,47,2,33,7,24,6,23,7,31,7
shisa4,1,6,5,4,9,2,6,2,18,5,6,10
shisa5,681,638,851,590,1040,562,770,704,748,598,720,673
shisa6,3,8,3,2,2,2,5,1,4,1,7,4
shisa7,0,3,3,1,0,4,2,2,1,1,1,2
shisa8,1,0,1,2,3,2,3,1,1,2,0,0
shisa9,12,10,12,12,16,3,11,2,13,3,21,5
shkbp1,117,133,134,90,157,101,123,104,110,78,109,106
shmt1,3233,4554,4362,3093,4530,4377,3193,4068,3125,3946,2901,3892
shmt2,2443,3214,2702,2288,3297,2719,2232,2504,2235,2188,2173,2493
shoc2,838,861,1147,865,1103,1050,963,871,948,953,963,901
shox2,0,0,0,0,0,0,2,0,0,0,0,2
shpk,1024,1457,1387,1192,1720,1280,1220,1135,1209,1094,1157,1023
shprh,731,860,1067,907,1000,988,934,833,995,912,938,941
shq1,126,185,176,140,178,183,163,135,170,146,126,140
shroom1,375,531,444,346,457,493,388,400,453,340,334,466
shroom2,555,710,705,502,613,598,470,460,494,481,430,597
shroom3,230,181,166,181,246,227,252,201,252,122,333,238
shroom4,72,55,65,51,93,48,60,48,80,29,63,51
shtn1,761,893,990,812,915,980,706,757,696,692,601,673
siae,1117,1078,1541,972,1445,1149,1164,996,1242,1014,1195,980
siah2,134,238,153,226,239,290,163,212,234,192,198,151
siah3,0,0,0,0,0,0,0,0,0,0,0,0
sidt1,8,4,6,4,6,2,3,4,7,1,6,5
sidt2,1720,1918,1997,1788,2300,2108,2053,1421,2010,1186,1762,1674
sigirr,355,304,339,235,397,315,358,261,332,262,264,247
siglec1,432,384,458,363,607,333,479,341,439,224,425,393
siglec15,0,0,1,0,0,0,0,0,0,0,0,1
sigmar1,1711,1238,1755,1024,1552,1226,1006,1629,1159,1276,941,1865
sik1,220,512,208,195,338,486,453,217,543,129,652,211
sik2,469,537,671,504,556,613,551,584,609,440,552,594
sik3,511,741,646,611,604,629,554,502,574,451,480,671
sike1,305,304,424,261,386,339,350,227,323,247,333,279
sil1,938,1250,1197,932,1154,1204,959,1097,965,1061,914,1044
sim1,1,1,4,0,1,1,2,1,2,1,2,2
sim2,0,0,2,1,1,0,2,0,1,1,0,1
simc1,166,240,258,242,246,254,220,259,271,246,214,204
sin3a,685,669,891,613,849,710,740,668,781,616,694,689
sin3b,803,763,913,735,1007,870,823,808,796,804,825,775
sipa1,234,190,258,159,326,167,249,190,241,165,199,181
sipa1l1,502,518,547,449,552,544,490,454,550,382,450,663
sipa1l2,130,164,166,215,325,187,238,145,290,149,295,202
sipa1l3,95,134,121,94,111,126,123,138,125,90,176,155
sirpa,1749,518,1581,617,2424,546,1349,659,1380,474,1051,784
sirt1,335,401,504,288,419,388,382,335,410,332,422,347
sirt2,568,625,712,494,726,666,617,533,641,478,536,508
sirt3,1347,1676,1956,1626,2019,1591,1672,1464,1977,1652,1769,1677
sirt4,104,101,111,84,132,103,109,84,79,73,109,92
sirt5,232,256,374,208,359,250,232,244,235,228,257,257
sirt6,40,28,33,36,53,41,41,39,40,24,24,37
sirt7,755,690,914,585,878,738,738,683,822,608,696,677
sit1,0,1,3,0,5,1,1,4,4,3,1,5
siva1,107,121,132,67,161,88,97,100,99,120,106,98
six1,1,1,3,0,0,1,1,0,1,1,0,12
six2,3,15,5,5,6,10,3,7,7,6,3,6
six3,7,4,4,1,0,3,2,3,4,2,1,2
six4,4,12,11,8,11,10,22,9,26,12,9,10
six5,62,47,53,44,54,56,60,30,48,39,59,28
six6,6,13,3,8,5,8,8,6,1,5,5,12
ska1,3,5,1,5,8,2,3,4,4,1,5,0
ska2,59,56,78,53,69,68,48,49,68,77,75,62
ska3,9,10,18,13,12,8,8,9,17,3,14,4
skap1,21,17,15,9,19,9,17,15,18,16,17,22
skap2,1106,844,1086,776,1161,1066,974,691,870,783,844,774
ski,453,368,360,314,521,414,382,345,417,288,367,436
skida1,41,17,39,16,58,16,32,7,49,13,22,11
skil,785,438,698,525,821,660,682,551,693,479,696,576
skor1,0,1,0,1,0,0,1,0,0,0,0,0
skor2,0,0,0,0,0,0,0,0,0,0,0,0
skp2,55,48,68,66,80,97,75,52,86,51,68,46
sla,323,136,252,172,380,145,230,164,244,117,193,168
sla2,7,8,29,11,16,9,15,13,23,15,13,16
slain1,9,4,5,6,7,6,7,7,10,5,5,7
slain2,819,873,912,853,1126,878,801,797,792,761,820,786
slamf1,13,7,10,3,8,5,8,13,12,11,12,4
slamf6,41,18,46,27,49,31,40,46,48,30,40,47
slamf7,61,30,58,19,67,31,74,75,67,51,77,55
slamf8,39,24,51,18,73,28,35,43,62,24,34,27
slamf9,52,12,63,28,68,19,54,34,61,27,36,33
slbp,400,460,511,387,577,462,496,391,448,381,446,345
slc10a1,9062,11967,15031,10144,12451,11624,10534,11308,10986,11995,9363,11667
slc10a2,2048,1175,1394,611,1921,1567,1438,1504,1616,1333,1470,905
slc10a3,91,120,140,122,175,182,126,101,141,100,119,105
slc10a4,0,0,0,0,0,0,0,0,0,0,0,0
slc10a5,1849,2253,2662,1512,2656,1961,2254,2156,2288,2050,2170,1860
slc10a6,20,15,9,20,17,8,8,15,10,8,18,18
slc10a7,221,283,276,257,285,306,261,226,264,217,212,240
slc11a1,354,222,338,201,447,252,272,188,294,158,262,231
slc11a2,787,622,676,582,709,977,595,615,571,490,701,594
slc12a1,0,0,0,0,0,0,0,1,0,2,0,0
slc12a2,310,371,364,355,406,425,337,239,325,296,573,336
slc12a3,0,2,1,1,2,3,0,4,3,4,4,0
slc12a4,322,319,383,357,477,448,401,297,418,224,359,301
slc12a5,28,47,42,42,50,42,43,41,43,32,50,40
slc12a6,571,637,791,466,759,583,637,480,732,391,671,579
slc12a7,841,1038,1096,879,1197,1178,1079,916,1176,757,984,1215
slc12a8,20,28,28,33,23,32,32,26,69,16,64,34
slc12a9,113,111,123,95,131,87,143,92,123,73,123,106
slc13a1,18,23,21,39,16,19,39,33,34,20,1123,17
slc13a2,4,17,13,6,2,5,5,4,23,8,31,28
slc13a3,182,265,106,188,125,280,92,271,114,204,75,207
slc13a4,9,10,8,11,8,18,9,19,13,11,10,16
slc13a5,59,33,32,9,32,43,15,14,9,6,26,19
slc14a1,10,2,14,12,16,7,16,11,15,10,9,19
slc14a2,0,0,0,0,0,0,0,0,0,0,0,0
slc15a1,14,20,25,26,22,16,14,25,22,21,394,8
slc15a2,87,74,6,61,59,78,78,88,149,68,140,46
slc15a3,276,155,264,145,289,168,197,195,251,144,169,212
slc15a4,721,746,606,486,883,526,504,539,886,496,976,416
slc15a5,91,126,130,89,76,117,59,121,68,120,66,143
slc16a1,1703,1041,1716,1084,1340,1524,1020,1231,1068,1308,923,1342
slc16a10,1455,2451,1682,2017,1976,2811,1520,1453,2045,1451,1852,1592
slc16a11,76,106,79,69,109,117,65,116,92,103,60,89
slc16a12,1425,2393,1486,1575,3076,1773,2416,1836,2702,1788,2498,1395
slc16a13,14,20,9,20,16,26,19,16,21,20,13,20
slc16a14,1,0,1,0,0,1,1,1,1,1,1,0
slc16a2,1313,1378,1464,1203,1876,1294,1346,1341,1601,1162,1275,1762
slc16a3,85,18,88,54,131,63,127,30,88,54,72,68
slc16a4,42,58,68,47,51,48,69,31,94,47,65,54
slc16a5,120,117,74,139,271,178,158,83,213,121,273,48
slc16a6,143,94,127,91,99,157,88,76,117,40,117,62
slc16a7,1219,1218,1583,1135,2591,1396,1919,1268,2666,1613,1996,1230
slc16a8,0,0,0,1,2,3,4,2,2,2,1,1
slc16a9,138,124,145,105,175,118,119,118,140,99,269,120
slc17a1,381,220,268,178,236,250,322,206,317,302,218,213
slc17a2,4215,4212,5457,3929,4874,4721,6127,4069,5598,4270,4700,3773
slc17a3,1084,1569,1313,815,1180,1323,1357,1211,1104,1229,963,1150
slc17a4,757,583,774,513,556,793,289,520,504,723,409,661
slc17a5,527,546,805,613,713,642,636,562,683,497,577,584
slc17a6,0,0,0,1,0,0,0,0,0,0,0,0
slc17a7,0,1,0,0,0,1,0,0,0,2,1,0
slc17a8,99,154,178,237,181,221,120,227,153,327,152,305
slc17a9,107,107,85,58,100,111,75,62,60,48,53,58
slc18a1,62,71,79,64,88,81,70,50,85,60,58,68
slc18a2,61,70,70,63,83,54,65,52,89,52,83,50
slc18a3,0,0,0,0,0,0,0,0,0,0,0,0
slc18b1,58,50,56,44,61,48,58,44,57,36,79,47
slc19a1,96,136,117,155,136,152,132,98,164,61,143,78
slc19a2,2375,2395,2286,1646,2580,2331,1832,2616,2445,2644,1922,2802
slc19a3,1,0,1,3,0,1,1,1,1,2,27,0
slc1a1,10,8,5,2,2,8,7,6,9,13,18,10
slc1a2,859,6824,1624,6382,2720,7136,2263,4505,2890,4671,2500,4406
slc1a3,19,24,18,27,35,32,13,31,29,17,38,26
slc1a4,249,83,104,38,149,74,86,109,111,73,75,75
slc1a5,98,96,121,130,172,132,181,91,224,82,151,111
slc1a6,2,2,1,0,0,1,1,2,1,0,2,4
slc1a7,12,16,29,11,14,19,17,16,21,14,20,24
slc20a1,638,898,1000,908,1265,1355,817,786,1338,863,966,646
slc20a2,1188,1310,1600,1240,1522,1349,1212,1263,1313,1084,1154,1297
slc22a1,5174,5883,5763,4962,6798,6097,4817,5107,5198,5369,4878,5090
slc22a12,2,0,0,2,1,0,1,5,0,9,1,2
slc22a13,1,0,1,3,0,1,3,1,5,1,8,3
slc22a14,3,1,1,0,1,2,1,3,0,0,1,1
slc22a15,206,211,225,127,190,179,156,180,170,204,158,271
slc22a16,0,0,0,0,0,0,0,0,0,0,0,0
slc22a17,12,14,14,10,17,16,17,12,28,15,11,19
slc22a2,0,0,1,0,0,0,0,2,0,1,0,1
slc22a23,1230,1423,1296,1410,1857,1614,1499,1397,1594,1134,1172,1472
slc22a3,7,56,13,63,15,102,12,86,26,57,32,70
slc22a4,38,72,48,50,67,69,57,73,65,62,80,81
slc22a5,286,344,371,395,488,495,363,360,372,485,543,371
slc22a6,0,0,0,1,0,0,0,1,0,14,0,0
slc22a7,492,439,506,377,396,531,339,533,285,303,353,837
slc22a8,3,3,1,0,1,2,3,9,1,1,4,0
slc23a1,1215,1499,1555,1030,1408,1399,976,1481,1047,1165,964,1489
slc23a2,429,479,606,527,485,581,446,497,577,528,805,608
slc23a3,4,7,5,4,11,4,12,3,14,2,6,1
slc24a1,1,1,4,3,1,3,0,1,7,2,4,5
slc24a2,0,0,1,2,0,0,0,1,2,0,1,4
slc24a3,11,5,12,13,21,10,19,16,21,15,20,12
slc24a4,3,6,10,5,2,1,2,6,5,7,2,6
slc24a5,41,45,41,29,47,52,44,46,37,66,32,42
slc25a1,2983,3645,3204,2874,4439,3499,2877,3551,3088,3060,2712,3493
slc25a10,1731,2495,2020,2023,2926,2378,2047,2110,2053,2192,1894,2288
slc25a11,1327,1754,1838,1341,2103,1366,1574,1437,1636,1253,1575,1423
slc25a12,401,468,586,431,569,440,500,329,500,285,426,387
slc25a13,4437,6524,5826,5795,6664,6343,5365,4947,5573,5784,5761,4331
slc25a14,44,50,79,52,60,65,63,64,62,60,53,45
slc25a15,7871,8437,7886,6192,7946,8433,5588,6869,5737,6250,6553,6702
slc25a16,1272,1491,1683,1436,1805,1571,1408,1365,1469,1576,1350,1257
slc25a17,1050,1475,1348,996,1392,1270,1173,1087,1075,1125,1119,1116
slc25a18,4,6,18,4,7,7,12,14,11,9,17,14
slc25a19,231,220,223,176,284,262,226,201,221,193,191,194
slc25a2,5,3,5,4,3,4,5,2,6,8,7,7
slc25a20,1692,1819,1957,2059,2085,2170,1750,1724,1701,2083,1680,1689
slc25a21,234,241,279,231,286,266,175,334,237,295,225,283
slc25a22,1072,1462,1044,1701,1191,2007,858,1128,1111,1060,1204,1064
slc25a23,1463,1777,1678,1320,1953,1727,1603,1733,1868,1507,1374,2229
slc25a24,102,53,113,67,161,76,109,52,99,55,264,73
slc25a25,2266,4722,3925,1893,1680,5375,5268,4113,5014,2481,5929,2760
slc25a26,98,127,119,103,142,132,108,103,110,83,111,107
slc25a27,28,19,34,12,32,23,42,21,32,14,36,10
slc25a28,270,287,344,266,380,260,261,204,294,207,277,228
slc25a29,36,28,32,43,50,66,47,22,60,17,47,16
slc25a3,3589,4882,4749,4043,5152,4568,3984,3731,4170,3680,4631,3659
slc25a30,180,198,507,299,179,326,310,156,160,197,142,359
slc25a31,3,17,2,2,1,0,3,1,4,6,5,1
slc25a32,486,597,517,631,676,567,527,500,615,501,598,413
slc25a33,257,302,292,225,239,252,248,220,282,227,283,237
slc25a34,97,116,119,76,117,95,113,98,123,113,121,112
slc25a35,5,20,12,20,17,26,6,10,25,5,7,12
slc25a36,294,190,274,195,422,207,314,166,359,160,443,246
slc25a37,1060,665,600,529,786,615,737,524,896,548,633,546
slc25a38,295,372,340,269,377,407,289,246,313,232,293,234
slc25a39,4155,5187,4857,4260,5802,4771,4453,4100,4733,3546,3913,3927
slc25a4,308,207,390,215,413,231,356,234,323,201,283,673
slc25a40,127,130,156,92,190,123,141,121,144,126,138,126
slc25a41,1,1,0,0,0,0,1,1,1,0,0,0
slc25a42,253,333,381,288,296,374,313,270,359,247,317,622
slc25a43,15,12,14,14,14,6,14,10,7,5,14,8
slc25a44,1123,1558,1232,1065,1766,1484,1090,1347,1247,1060,938,975
slc25a45,479,536,524,355,399,567,357,415,275,330,410,406
slc25a46,953,1136,1400,1146,1215,1220,1049,1009,1214,1224,1080,1095
slc25a47,9069,12551,8418,10383,11101,12643,7060,8888,10433,11325,10415,9046
slc25a48,94,107,133,68,161,89,120,125,121,76,73,164
slc25a5,7592,9194,10857,7652,11155,8866,8241,7439,8523,8138,9299,7175
slc25a51,1273,1573,1241,1340,1721,1444,1218,1091,1771,838,1726,773
slc25a53,74,54,84,57,87,65,65,46,68,52,79,56
slc26a1,3629,5740,4908,4197,5449,4529,4225,4422,4767,3465,3492,4234
slc26a11,133,126,144,135,157,172,145,120,148,90,140,109
slc26a2,236,211,282,223,345,360,287,199,287,195,443,199
slc26a3,32,21,29,31,19,21,24,24,33,15,402,18
slc26a4,0,2,3,3,5,8,4,28,0,51,1,21
slc26a5,0,0,0,0,0,0,0,0,0,0,0,0
slc26a6,126,113,101,73,81,81,110,51,82,37,685,58
slc26a7,0,2,0,0,1,0,2,2,1,0,0,1
slc26a8,2,2,1,1,1,1,1,1,0,2,5,1
slc26a9,2,0,1,2,1,6,0,1,3,1,3,0
slc27a1,132,108,141,146,148,121,157,83,179,108,111,151
slc27a2,21050,22316,27699,25060,26652,24804,22357,17158,24483,20071,24451,20908
slc27a3,10,12,8,10,14,12,11,20,9,7,13,7
slc27a4,566,644,636,524,740,606,627,579,563,507,809,565
slc27a5,27677,24599,34356,20887,32914,25484,28404,22942,30654,23834,25481,22985
slc27a6,4,11,13,11,19,11,13,11,11,7,12,10
slc28a1,0,8,10,13,4,11,12,17,8,28,66,30
slc28a2,120,47,107,68,125,56,94,80,111,72,593,81
slc28a3,11,25,15,10,9,12,11,7,24,11,29,13
slc29a1,3242,4034,3403,3287,4075,3607,3024,3353,3699,2685,3038,2702
slc29a2,8,11,10,7,12,8,12,3,11,8,7,13
slc29a3,166,161,209,149,201,205,178,169,219,162,126,163
slc29a4,0,0,0,0,0,0,1,0,1,0,0,0
slc2a1,183,191,219,173,265,231,233,109,230,121,168,167
slc2a10,12,7,8,8,16,11,15,9,12,3,8,11
slc2a12,3,4,4,5,5,7,4,2,9,3,4,6
slc2a13,29,20,17,16,23,11,25,8,24,20,22,20
slc2a2,7345,11655,11597,9213,13521,9682,8769,10343,11433,10391,11749,9661
slc2a3,96,42,68,36,47,47,56,46,53,39,59,43
slc2a4,4,17,22,5,42,17,10,23,31,16,11,51
slc2a5,89,256,218,217,225,166,150,147,188,142,384,207
slc2a6,66,15,73,26,97,20,49,34,45,17,27,26
slc2a7,0,0,0,4,0,0,0,0,0,0,41,0
slc2a8,221,263,278,221,321,223,237,207,259,135,241,175
slc2a9,805,933,1208,691,1349,751,1155,876,1285,916,1089,985
slc30a1,941,1318,1157,1046,1350,1350,1085,1140,1376,1159,1123,1024
slc30a10,977,677,726,490,257,1083,210,766,193,814,588,993
slc30a2,0,4,0,10,1,6,1,3,31,0,40,1
slc30a3,2,11,4,7,3,5,12,7,10,4,3,6
slc30a4,601,549,702,557,730,741,606,466,680,459,658,527
slc30a5,1065,1160,1126,1389,1261,2012,1045,973,983,973,955,872
slc30a6,234,291,307,205,317,282,247,231,224,210,220,199
slc30a7,840,758,990,820,965,1066,849,816,842,802,729,883
slc30a8,7,6,4,5,7,5,3,3,6,2,3,4
slc30a9,1427,1855,1987,1464,1981,1952,1640,1531,1650,1478,1501,1457
slc31a1,3405,4456,3973,3582,4151,4657,3570,3497,3765,3647,3466,3300
slc31a2,276,250,292,251,297,296,250,200,278,188,208,212
slc32a1,0,0,0,0,0,0,0,0,0,0,0,0
slc33a1,2053,2471,2510,2023,2442,2801,2038,2048,1765,2013,1653,1798
slc34a1,0,0,0,0,0,1,0,7,0,31,0,0
slc34a2,33,13,10,8,10,9,10,11,4,7,2,17
slc34a3,0,0,0,0,0,0,0,0,0,1,0,0
slc35a1,462,556,568,419,560,612,467,514,426,553,468,451
slc35a2,196,211,211,201,235,278,190,187,215,168,182,168
slc35a3,1746,2074,2252,2035,2281,2431,1855,2037,1987,2221,2044,1951
slc35a4,171,200,241,237,290,272,227,174,250,167,169,152
slc35a5,564,571,724,493,761,659,673,534,658,683,662,558
slc35b1,1216,1497,1249,963,1120,1539,912,937,743,1014,848,849
slc35b2,833,755,957,697,1015,678,843,685,854,638,882,769
slc35b3,308,252,333,209,300,237,253,225,290,244,254,254
slc35b4,304,354,336,343,489,478,328,339,309,317,286,347
slc35c1,130,118,143,111,172,156,123,103,138,58,135,128
slc35d1,554,735,820,685,833,844,879,689,942,655,675,1584
slc35d2,1019,814,1210,576,1000,820,726,893,833,953,788,939
slc35d3,0,0,0,0,1,0,1,0,0,0,0,0
slc35e1,906,1012,929,895,1021,1177,830,739,863,540,723,752
slc35e3,290,404,220,465,246,571,234,386,251,367,224,373
slc35e4,21,22,33,20,40,23,25,14,23,12,24,24
slc35f1,4,2,1,3,4,1,6,2,3,1,1,2
slc35f2,13,2,22,11,8,15,7,0,18,5,54,8
slc35f3,1,0,2,1,0,2,3,1,1,0,2,1
slc35f4,1,1,1,2,0,5,0,2,2,1,0,2
slc35f5,1080,879,1188,879,1260,1156,956,899,1084,966,990,926
slc35f6,499,446,598,464,635,624,498,457,495,431,429,492
slc35g1,393,451,391,570,496,566,365,555,586,500,618,357
slc35g2,9,14,14,13,16,16,12,11,16,9,19,5
slc35g3,0,1,1,2,0,1,2,2,0,0,0,0
slc36a1,383,461,450,368,542,454,446,317,433,245,344,447
slc36a2,0,1,6,4,7,0,8,3,3,13,2,6
slc36a3,0,0,0,0,0,0,0,1,0,0,1,0
slc36a4,297,321,421,355,458,469,380,270,378,249,336,310
slc37a1,167,77,130,63,43,139,77,41,49,24,72,74
slc37a2,162,58,134,80,168,87,131,61,152,72,370,132
slc37a3,429,379,450,412,381,527,404,371,457,351,334,457
slc37a4,4129,6139,5363,5359,6327,5764,4776,3493,5393,2937,4611,2547
slc38a1,131,67,104,74,183,69,120,72,134,69,140,102
slc38a10,1887,1822,1998,1776,2559,2061,1905,1743,2087,1304,1626,1710
slc38a11,13,16,17,6,11,16,12,18,18,16,23,14
slc38a2,2686,3358,2542,3881,2804,2815,2984,3571,3271,2678,4032,2853
slc38a4,31954,39389,47510,32195,45200,35629,37501,34501,43861,33962,41524,33474
slc38a5,8,70,3,98,2,75,33,21,140,6,3,7
slc38a6,2168,2278,2449,1835,2631,2548,2156,1842,2211,2125,2709,2065
slc38a7,262,310,306,290,301,331,273,303,303,233,229,323
slc38a8,0,0,3,2,2,2,3,3,9,2,5,2
slc38a9,222,252,306,209,265,328,260,199,307,236,261,225
slc39a1,2357,2017,2440,1915,2593,2583,2172,1810,2010,1721,1801,1717
slc39a10,212,134,162,101,214,191,183,165,133,142,116,168
slc39a11,604,545,635,459,684,512,478,509,572,454,499,475
slc39a12,4,1,6,2,7,4,4,1,1,0,7,2
slc39a13,142,176,180,121,187,192,144,103,171,97,159,122
slc39a14,4018,4151,3837,4989,4525,6879,3970,3471,3275,2814,3330,3087
slc39a2,22,38,20,19,27,38,31,28,30,18,45,32
slc39a3,172,189,221,162,233,196,209,184,183,150,173,170
slc39a4,874,651,1357,538,1163,1075,928,428,1025,380,858,400
slc39a5,9,95,8,137,25,106,48,29,354,2,93,11
slc39a6,65,66,81,57,86,101,84,73,71,67,67,68
slc39a7,1711,1619,1798,1905,1861,2470,1467,1469,1441,1305,1189,1288
slc39a8,876,764,947,719,948,818,734,754,766,822,677,885
slc39a9,875,889,874,807,889,1104,822,784,821,728,801,968
slc3a1,4284,1645,3063,954,1834,1974,2319,1758,2116,1585,1911,1865
slc3a2,518,576,528,502,757,658,566,516,695,431,544,480
slc40a1,5620,4209,7401,4993,7352,4576,6161,5292,6694,4871,7377,4677
slc41a1,170,187,217,178,184,263,205,161,382,84,137,166
slc41a2,1855,1182,1119,670,810,2319,929,869,599,877,552,1155
slc41a3,45,43,62,98,74,73,62,24,42,22,79,47
slc43a1,242,326,381,282,341,305,356,172,306,125,267,142
slc43a2,602,360,567,366,625,410,432,292,525,240,662,358
slc43a3,618,917,791,717,977,812,695,611,879,574,810,607
slc44a1,1666,1140,1631,998,1759,1314,1272,1488,1326,1478,1289,1614
slc44a2,316,250,350,217,439,207,329,185,329,189,321,274
slc44a3,200,184,198,146,220,184,152,155,237,141,197,135
slc44a4,8,9,2,9,7,8,7,8,16,4,79,2
slc44a5,1,3,1,2,1,2,1,1,0,1,1,0
slc45a1,1,0,0,3,0,1,3,2,0,1,2,1
slc45a2,0,2,2,0,2,0,0,0,0,1,0,0
slc45a3,571,618,349,299,328,426,300,343,212,218,213,368
slc45a4,179,156,182,145,176,176,149,149,158,100,135,197
slc46a1,669,734,769,556,887,645,652,655,703,527,888,588
slc46a2,0,1,0,1,0,0,1,1,0,0,1,0
slc46a3,1182,1583,1305,1016,1614,1149,1377,840,1513,767,1127,987
slc47a1,1533,2095,2035,1636,2387,1909,1774,1892,1801,2114,1720,1914
slc47a2,0,3,0,0,0,1,1,8,0,2,0,2
slc48a1,833,730,849,597,924,692,661,688,791,598,610,715
slc4a1,315,27,54,31,40,27,51,22,42,18,25,23
slc4a10,4,12,9,7,6,6,11,4,10,6,19,8
slc4a11,6,17,14,7,9,8,5,9,9,5,13,7
slc4a1ap,345,430,444,377,407,530,346,333,382,378,320,298
slc4a2,482,570,644,533,712,619,625,472,661,414,587,543
slc4a3,13,15,16,14,16,18,24,11,20,6,17,16
slc4a4,2300,1275,2084,1654,1878,2115,1322,1458,1649,1932,1787,2057
slc4a5,5,3,6,3,4,3,3,2,0,1,39,2
slc4a7,326,387,516,518,552,471,457,381,462,368,3084,414
slc4a8,12,24,39,15,24,16,19,26,38,12,30,26
slc4a9,3,5,9,3,10,4,4,6,6,7,4,10
slc50a1,103,139,181,105,167,127,119,126,166,95,110,103
slc51a,5,2,6,13,7,2,6,3,9,6,81,2
slc51b,13,12,9,5,6,6,2,9,2,7,26,11
slc52a2,82,127,137,122,139,152,91,97,100,88,120,107
slc52a3,12,11,11,3,13,9,14,16,11,7,45,12
slc5a1,23,29,24,91,22,23,22,16,22,14,3096,14
slc5a10,1,0,2,1,0,5,0,0,0,1,0,1
slc5a11,7,6,7,7,11,5,4,8,2,1,68,6
slc5a12,2,4,0,2,1,4,0,5,2,5,1,0
slc5a2,1,0,3,1,0,2,5,3,1,3,3,4
slc5a3,287,239,301,217,386,318,302,281,331,210,244,233
slc5a5,0,0,0,0,0,0,0,0,0,0,0,1
slc5a6,117,208,256,316,444,353,330,161,494,181,394,160
slc5a7,0,0,0,0,0,0,0,0,0,2,0,0
slc5a8,2,0,1,5,1,1,1,4,2,7,2,0
slc5a9,1,0,0,1,3,0,1,0,3,0,18,0
slc6a1,3,5,7,2,7,0,4,4,7,2,7,3
slc6a11,0,0,0,1,1,0,2,0,1,0,0,0
slc6a12,1288,1592,1604,1113,1512,1491,1109,1574,1241,1494,1069,1615
slc6a13,4325,4194,5340,3414,5073,4432,3769,4471,4107,4127,3156,3612
slc6a14,3,1,3,1,2,0,1,0,1,2,1,2
slc6a15,0,1,1,5,0,4,1,3,10,1,2,1
slc6a16,9,7,10,12,11,4,9,17,9,17,15,13
slc6a17,8,11,8,7,7,5,11,2,13,5,11,9
slc6a18,14,19,22,12,14,21,6,20,22,18,19,20
slc6a19,3,0,2,21,3,2,1,4,1,8,671,1
slc6a2,2,1,2,5,1,8,4,3,4,6,4,3
slc6a3,0,0,0,0,0,0,0,0,0,0,0,0
slc6a4,14,7,15,12,18,14,21,13,22,8,60,13
slc6a5,6,6,4,4,4,17,8,9,5,7,6,10
slc6a6,2011,1982,2524,2197,3121,2532,2874,2119,3510,1839,2627,2113
slc6a7,8,1,3,2,1,0,7,1,9,2,5,1
slc6a8,183,118,213,151,208,120,213,64,226,71,571,111
slc6a9,281,304,374,335,364,343,430,261,555,197,353,242
slc7a1,47,56,62,60,77,82,99,63,162,56,88,74
slc7a10,0,3,1,3,3,3,1,3,0,2,0,0
slc7a11,108,99,103,85,157,165,166,95,198,66,121,117
slc7a13,2,1,2,2,1,2,4,6,4,5,2,1
slc7a14,29,35,37,23,27,39,33,28,39,32,53,34
slc7a2,15379,18981,23274,17787,29415,14237,22817,18197,33461,14477,27107,16253
slc7a3,2,9,2,4,3,7,7,6,18,0,4,3
slc7a4,34,19,25,22,40,38,24,24,34,15,36,18
slc7a5,80,101,60,73,95,128,84,60,206,41,72,63
slc7a6,26,17,30,29,31,35,47,37,49,18,38,25
slc7a6os,284,261,338,286,332,316,289,210,277,243,275,208
slc7a7,156,86,145,70,161,102,109,84,134,53,229,76
slc7a8,131,126,140,139,152,125,142,75,247,61,141,103
slc7a9,0,0,3,8,0,0,0,2,1,2,160,1
slc8a1,163,74,178,86,222,103,164,121,160,75,138,144
slc8a2,2,0,0,0,1,0,1,0,1,0,0,0
slc8a3,7,17,6,11,4,12,4,10,5,15,15,8
slc8b1,1229,987,1628,1152,1009,1085,1012,747,1472,816,1064,1055
slc9a1,106,92,104,81,115,87,131,81,139,51,118,136
slc9a2,1,0,0,8,1,1,0,0,5,3,147,3
slc9a3,0,0,0,0,0,1,0,0,9,0,39,0
slc9a4,2,0,4,2,2,0,9,1,17,1,8,4
slc9a5,5,6,11,6,9,14,9,8,14,3,12,2
slc9a6,295,293,344,294,329,418,293,291,306,351,279,361
slc9a7,36,42,67,43,56,51,46,40,58,31,40,26
slc9a8,544,513,602,463,726,571,499,469,513,398,550,567
slc9a9,298,190,264,168,295,165,272,200,261,190,221,184
slc9b1,1,6,2,1,4,3,6,2,4,2,6,5
slc9b2,47,64,37,24,30,50,41,41,41,24,39,26
slc9c1,0,0,0,0,0,0,0,0,0,0,0,1
slco1c1,0,2,4,0,6,4,5,3,2,1,5,3
slco2a1,620,935,708,782,827,835,686,835,713,526,675,989
slco2b1,2763,3731,3135,2610,3802,3109,2651,2844,2687,2426,2486,3054
slco3a1,105,83,88,83,134,121,72,89,86,50,69,102
slco4a1,2,8,2,7,4,5,0,3,12,7,7,1
slco4c1,10,1,2,1,5,0,7,2,2,3,3,5
slco5a1,4,12,26,17,8,7,15,12,3,2,14,15
slf1,124,182,182,176,204,185,155,141,197,124,202,147
slfn14,5,1,0,0,0,0,0,0,0,1,0,0
slfn5,600,452,658,423,876,463,617,463,575,513,511,399
slfnl1,0,0,1,0,0,1,3,3,2,0,2,0
slirp,803,855,954,686,985,891,724,788,763,852,772,737
slit1,5,4,2,10,4,2,3,2,5,6,3,9
slit2,21,18,32,23,26,18,31,31,33,14,39,60
slit3,43,35,61,53,104,30,137,24,122,31,83,158
slitrk1,0,0,0,1,0,0,0,0,0,0,0,0
slitrk2,3,5,3,7,9,12,9,8,8,6,6,7
slitrk3,1,1,1,0,1,0,0,2,1,0,1,1
slitrk4,8,3,8,11,8,6,15,12,10,11,12,8
slitrk5,0,0,0,0,0,0,0,0,0,0,0,0
slitrk6,0,0,0,1,0,0,0,1,0,0,29,0
slk,1310,1218,1621,1204,1573,1372,1388,1150,1257,1176,1289,1152
slmap,1179,1315,1469,1257,1708,1303,1389,1160,1445,1186,1388,1467
sln,0,0,1,0,0,0,0,0,0,0,0,29
slpi,489,200,473,324,936,172,797,264,821,303,408,494
sltm,612,636,754,670,760,873,708,714,720,711,694,546
slu7,626,720,753,609,767,828,674,610,604,664,584,618
slurp1,2,2,0,2,5,3,4,0,1,0,3,2
slx1b,127,171,145,149,182,157,130,126,171,98,148,126
slx4,79,93,75,80,105,94,84,75,101,65,92,91
slx4ip,112,122,114,82,139,116,100,98,97,86,86,58
smad1,350,351,365,301,481,361,334,326,399,328,356,353
smad2,349,449,462,365,560,452,392,385,467,410,437,383
smad3,427,350,390,315,527,410,374,446,484,368,427,433
smad4,655,690,828,672,834,729,651,563,812,570,725,788
smad5,902,855,1158,805,1248,1081,957,941,1015,896,961,897
smad6,160,96,146,83,170,127,138,109,141,120,96,130
smad7,162,153,258,127,221,188,221,238,379,125,211,166
smad9,161,217,341,366,187,278,398,354,344,224,313,172
smagp,367,197,344,166,309,222,187,213,240,235,217,282
smap1,449,398,470,369,551,448,371,348,446,332,440,382
smap2,419,470,488,416,545,404,396,338,436,320,453,475
smarca1,4,9,11,12,10,4,14,13,16,3,8,14
smarca2,1758,2875,2366,2062,3054,2417,2658,1818,2646,1739,2652,1752
smarca4,834,1065,854,736,1038,1009,785,738,746,564,651,879
smarca5,1630,1450,1823,1494,1917,1763,1559,1520,1642,1489,1572,1433
smarcad1,557,644,632,490,745,704,558,527,600,534,560,507
smarcal1,305,273,377,244,353,336,279,340,296,235,266,280
smarcb1,289,326,300,250,353,376,282,306,274,232,245,259
smarcc1,471,537,561,470,637,623,499,476,538,419,503,567
smarcc2,961,1021,1035,888,1133,993,993,903,1059,826,885,1033
smarcd1,86,63,72,49,74,69,62,60,77,42,70,82
smarcd2,989,1284,1154,1024,1439,1215,1127,948,1111,872,938,849
smarcd3,46,43,45,38,44,53,45,44,54,50,59,48
smarce1,882,862,1045,757,912,950,817,766,716,772,719,773
smc1a,1609,2004,1987,1472,1852,2205,1645,1751,1523,1747,1455,1420
smc1b,21,11,20,17,19,21,9,17,24,15,10,17
smc2,181,152,221,155,251,149,168,154,150,126,205,128
smc3,734,876,938,688,890,857,713,720,762,720,732,640
smc4,601,507,840,499,759,488,648,385,643,439,696,449
smc5,638,643,877,571,653,686,600,666,674,647,674,638
smc6,838,920,1219,834,1084,832,904,808,1013,865,927,831
smchd1,863,789,972,636,1084,942,868,742,819,727,848,811
smco1,3,2,2,5,6,1,9,0,6,1,2,0
smco2,0,0,0,0,0,0,0,0,0,0,0,0
smco3,2,0,0,0,0,0,0,1,0,0,0,0
smco4,159,128,132,96,120,144,102,97,92,91,105,97
smcp,0,0,0,0,0,0,0,0,0,0,0,0
smcr8,788,980,1041,806,903,934,838,859,948,697,636,901
smdt1,958,1014,1112,837,1222,1040,856,849,829,818,787,900
smg1,1839,1873,2184,1850,2538,2038,2225,1903,2465,1746,2269,2070
smg5,601,694,783,754,894,992,716,712,781,646,649,643
smg6,481,478,626,489,654,550,542,508,604,440,532,524
smg7,582,804,861,746,933,813,820,639,792,587,646,651
smg8,178,222,241,213,257,198,188,186,243,144,193,187
smg9,142,142,160,139,192,117,153,124,132,100,138,138
smim1,150,106,137,86,227,99,186,100,181,85,130,86
smim11,202,213,241,198,282,247,192,221,215,212,185,187
smim12,271,325,313,310,380,353,259,243,257,240,258,221
smim13,626,639,677,676,647,793,590,606,646,599,574,695
smim14,1604,1816,2065,1426,1833,1904,1486,1568,1541,1570,1322,1484
smim15,599,512,653,473,751,676,515,562,594,635,638,446
smim17,0,0,3,0,0,2,1,0,3,1,2,0
smim18,0,2,0,0,2,0,3,2,3,1,1,3
smim19,277,296,342,234,377,227,270,304,304,346,289,360
smim20,414,500,582,417,600,539,427,385,464,407,424,443
smim22,100,41,106,36,94,49,55,30,72,27,97,16
smim23,0,0,0,0,0,0,0,0,0,0,0,0
smim24,17,16,26,72,34,19,23,14,78,20,1381,13
smim3,23,12,30,16,28,26,23,13,33,16,24,14
smim5,10,6,15,10,12,12,18,7,12,12,17,7
smim7,1300,1392,1580,1190,1649,1485,1286,1261,1264,1253,1251,1246
smim8,216,253,246,179,225,187,192,177,193,186,211,170
smim9,2,4,5,9,9,9,5,5,7,4,7,3
smlr1,585,585,741,562,610,706,572,557,510,662,485,633
smn1,56,59,60,71,72,69,63,53,66,52,56,52
smndc1,278,254,305,229,315,271,269,210,264,216,282,234
smo,233,224,234,177,253,248,217,206,220,167,201,270
smoc1,1295,1361,1368,1247,1458,1421,1173,1163,1340,1004,1214,1301
smoc2,234,143,222,123,284,142,242,136,248,141,262,215
smox,101,46,58,40,74,50,43,47,74,34,50,37
smpd1,870,1179,1231,885,1197,1202,1049,846,1046,782,891,881
smpd2,603,655,684,566,662,634,560,436,621,399,550,433
smpd3,224,117,176,71,174,159,138,45,111,47,154,108
smpd4,246,280,319,269,302,303,291,246,292,233,241,299
smpdl3a,1757,1197,1985,1261,2170,1363,1483,1195,1724,1327,1733,1260
smpdl3b,29,13,35,11,52,17,28,17,25,10,132,8
smpx,1,0,10,0,0,0,0,0,0,2,2,23
smr3a,0,0,0,0,0,0,0,0,0,0,0,0
sms,94,120,144,108,178,142,135,131,140,94,124,94
smtn,91,111,101,91,128,83,120,64,113,64,120,121
smtnl1,0,0,2,0,0,1,0,1,0,0,0,23
smtnl2,41,30,42,19,42,29,56,20,83,21,49,30
smu1,1660,1806,2084,1583,1905,2045,1535,1809,1532,1864,1451,1594
smug1,210,241,283,189,259,219,218,220,226,199,225,173
smurf1,305,332,398,366,413,397,367,312,472,344,329,446
smurf2,1339,1335,1514,1293,1440,1448,1341,1258,1354,1217,1321,1337
smyd1,117,82,100,66,91,81,74,68,58,85,69,132
smyd2,305,294,393,275,419,336,394,327,335,247,291,300
smyd3,90,79,90,85,108,77,97,87,121,94,103,125
smyd4,93,103,104,69,100,96,75,92,88,70,85,84
smyd5,228,199,250,237,286,258,202,210,196,163,162,217
snai1,12,7,4,6,11,11,11,2,5,3,6,5
snai2,105,100,76,69,143,63,80,68,77,56,96,57
snai3,0,3,1,1,3,7,3,2,3,3,6,2
snap23,946,944,1065,728,1083,990,869,744,766,776,780,686
snap25,6,3,7,4,1,3,1,0,4,5,14,0
snap29,793,857,970,678,1163,907,811,678,846,697,791,667
snap47,1337,1826,1653,1380,1622,1765,1400,1299,1125,1294,1085,1459
snap91,6,8,5,3,4,8,4,7,4,3,5,6
snapc1,96,106,143,88,123,119,113,111,108,105,96,103
snapc2,156,148,206,163,223,233,150,148,149,117,125,155
snapc3,219,191,210,195,240,219,208,193,204,151,211,186
snapc4,128,140,158,139,138,184,160,149,177,115,138,137
snapc5,315,313,376,261,356,293,280,251,260,306,302,256
snapin,361,420,503,379,404,413,397,303,360,374,360,414
snca,630,83,165,81,99,80,180,91,125,99,94,52
sncaip,9,9,19,8,18,6,14,13,17,3,17,20
sncb,0,0,0,0,0,0,0,0,0,0,0,0
sncg,3,4,4,1,5,2,5,7,6,19,10,6
snd1,3203,4064,3576,2927,3830,3730,3420,2801,3160,2322,2861,2882
sned1,234,204,296,190,256,213,242,224,282,200,257,287
snf8,476,587,504,458,630,553,441,439,416,405,411,410
snip1,223,253,324,294,300,318,265,265,257,242,227,250
snn,73,40,94,45,144,56,83,65,77,58,67,79
snph,1,1,2,0,1,1,0,1,0,2,9,1
snrk,1334,1963,1543,1551,2323,1695,1506,1550,1661,1406,1520,1385
snrnp200,2669,3123,3374,2597,3310,3084,2913,2691,2697,2519,2610,2667
snrnp25,74,65,67,54,74,49,53,52,60,43,65,60
snrnp27,353,314,473,294,421,364,391,310,359,348,313,288
snrnp35,91,126,124,94,120,101,86,76,99,100,73,61
snrnp40,202,176,238,188,235,245,192,167,198,168,163,165
snrnp48,321,378,467,333,370,357,310,288,336,336,371,289
snrnp70,1206,1252,1393,1012,1264,1431,1239,1108,1283,1024,1199,849
snrpa,261,446,351,343,376,388,328,252,293,207,239,249
snrpa1,248,328,355,243,315,276,300,275,255,214,278,216
snrpb,944,1054,1110,917,1308,1117,999,857,990,833,898,833
snrpb2,435,342,476,351,480,447,414,405,408,403,388,345
snrpc,313,362,344,296,427,348,300,299,323,284,273,294
snrpd1,330,301,334,224,317,363,230,260,215,298,236,238
snrpd2,530,624,613,468,708,639,489,471,569,513,511,497
snrpd3,498,570,564,422,480,532,416,470,484,483,417,454
snrpe,620,647,840,583,828,647,661,592,651,655,726,632
snrpf,122,171,195,119,139,169,114,136,115,127,132,103
snrpg,290,335,306,248,361,290,200,242,259,261,250,230
snrpn,197,177,207,139,249,302,183,158,182,181,178,160
snta1,303,334,350,241,401,290,341,234,312,204,272,251
sntb1,915,1216,1231,922,1171,1160,969,989,948,1112,812,997
sntb2,207,175,259,184,337,222,287,189,269,148,237,211
sntg1,35,34,51,44,79,42,64,41,60,35,56,49
sntg2,221,256,289,200,314,275,289,131,229,133,262,137
sntn,0,0,0,0,0,0,0,0,0,0,0,0
snupn,148,140,181,114,173,147,136,151,135,118,109,119
snurf,9,5,2,2,12,14,3,5,4,0,9,2
snw1,759,1006,1006,824,1220,996,922,825,1021,825,904,653
snx1,665,495,708,473,775,631,558,488,591,488,523,532
snx10,1321,1345,1395,1268,1570,1798,1311,972,1225,944,1130,867
snx11,179,165,179,180,229,207,148,175,178,121,125,129
snx12,222,163,253,173,243,201,190,150,196,166,195,156
snx13,1231,1268,1528,1207,1662,1364,1263,1152,1432,1259,1387,1271
snx14,617,660,786,560,720,663,698,576,692,532,659,575
snx15,137,136,132,110,163,149,99,109,108,101,93,119
snx16,146,121,159,88,122,128,140,123,125,106,138,106
snx17,342,301,371,341,460,342,374,315,367,255,367,280
snx18,721,622,706,545,931,673,658,583,794,554,646,671
snx19,683,747,774,621,813,793,602,629,587,614,527,631
snx2,1391,1375,1907,1253,1992,1420,1472,1355,1668,1520,1458,1356
snx20,73,30,91,33,87,43,71,51,79,38,58,50
snx21,260,175,256,168,251,206,197,128,239,176,209,207
snx22,28,23,7,25,21,41,14,18,29,17,16,13
snx24,289,192,339,187,223,255,255,215,239,197,187,286
snx25,455,459,563,436,587,498,510,407,503,356,597,345
snx27,567,645,737,562,777,719,637,559,659,528,647,597
snx29,171,258,229,160,242,201,157,191,211,154,197,244
snx3,792,1005,892,715,1129,833,772,717,784,682,705,683
snx30,267,310,386,303,318,375,316,280,371,209,289,316
snx31,1,0,0,0,1,1,2,0,1,0,3,0
snx32,61,48,60,46,42,49,60,53,56,37,35,56
snx33,491,356,549,384,567,484,457,352,536,323,421,409
snx4,835,752,1054,703,1094,891,850,778,859,884,833,831
snx5,2037,1529,2066,1517,2511,1823,1975,1525,1904,1503,1922,1446
snx6,587,473,605,387,650,595,507,429,511,462,505,421
snx7,528,450,549,343,486,495,409,426,405,472,470,444
snx8,256,327,262,276,445,268,335,183,331,155,252,230
snx9,799,987,944,853,1124,985,801,785,852,780,924,815
soat1,490,260,543,303,716,329,537,260,518,270,474,323
soat2,468,470,575,430,641,469,528,636,662,569,554,562
sobp,2,6,9,6,5,8,9,3,11,8,14,7
socs1,4,11,13,3,9,6,9,12,10,5,7,8
socs2,143,212,686,445,260,507,483,227,153,188,219,189
socs3,413,209,548,189,271,333,552,629,235,165,223,291
socs4,527,626,701,576,722,630,686,552,730,572,717,709
socs5,153,152,223,93,266,164,227,169,228,157,199,162
socs6,495,396,575,395,490,495,453,455,449,414,396,466
socs7,298,444,441,395,429,432,393,407,492,356,345,378
sod1,10832,14563,13723,12608,14798,14428,11565,12398,11369,13889,11139,11772
sod2,3628,4794,4840,4032,5071,4736,3959,3732,3950,3953,3684,3373
sod3,399,279,318,195,496,229,286,162,357,151,276,262
sohlh1,0,0,0,0,0,0,0,0,0,0,0,0
sohlh2,0,0,0,0,0,0,0,0,0,0,0,0
son,4974,5152,6718,5155,6319,6255,5592,5344,6255,4950,5514,5169
sorbs1,320,617,563,577,571,595,478,484,515,548,480,641
sorbs2,1096,1300,1384,1131,1151,1228,1032,1369,1089,1015,986,1493
sorbs3,370,403,379,343,378,343,383,280,423,207,389,281
sorcs1,2,2,0,0,1,3,3,0,0,0,4,1
sorcs2,7,4,7,3,15,6,9,7,17,4,11,9
sorcs3,1,1,2,0,2,0,1,1,1,1,0,1
sord,21104,32828,30162,28007,40466,30969,31696,25297,33250,26627,30423,24082
sorl1,347,127,222,101,298,149,229,172,240,118,234,184
sort1,258,510,494,483,545,533,422,655,439,515,442,902
sos1,674,782,778,763,933,888,775,763,754,797,720,982
sos2,527,471,486,426,598,493,541,446,604,460,696,455
sost,0,1,1,1,1,0,3,0,0,0,1,1
sostdc1,0,5,0,8,0,4,1,2,19,2,0,3
sowaha,5,3,3,9,4,5,5,3,18,0,18,6
sowahb,86,72,104,58,124,130,74,83,104,62,81,69
sowahc,325,252,356,213,450,289,322,244,324,235,250,218
sowahd,1,0,1,0,0,1,0,0,0,1,0,0
sox1,1,1,1,3,0,4,5,3,7,5,2,1
sox10,1,2,1,0,0,3,0,0,0,0,1,1
sox11,0,3,4,2,3,1,1,3,2,2,2,2
sox12,29,33,41,45,66,45,59,24,62,24,59,34
sox13,86,104,89,101,92,111,100,69,147,65,129,88
sox14,0,0,0,0,0,0,0,0,0,0,0,0
sox15,2,0,1,3,0,1,1,0,1,0,2,1
sox17,37,34,31,20,42,25,39,27,56,15,30,13
sox18,71,57,65,42,76,52,63,41,51,23,42,69
sox2,0,0,0,0,0,0,0,0,0,0,0,0
sox21,0,0,0,0,0,0,0,0,0,0,0,0
sox3,0,0,0,0,0,0,0,0,0,0,0,0
sox30,0,0,2,0,0,3,0,0,0,0,0,2
sox4,89,47,133,41,169,61,117,50,114,49,111,91
sox5,303,349,421,332,323,293,409,408,409,375,339,526
sox6,364,419,498,423,509,479,411,452,559,446,484,534
sox7,32,33,39,31,68,45,47,27,48,19,50,30
sox8,3,2,1,0,1,2,5,1,4,1,4,1
sox9,44,41,40,25,66,58,41,43,57,21,24,70
sp1,1244,1218,1642,1238,1547,1448,1349,1137,1427,1190,1250,1410
sp100,343,238,352,223,420,294,308,263,354,273,376,258
sp110,103,64,118,71,139,51,109,121,110,86,97,84
sp140,192,84,196,81,252,123,172,172,213,129,168,173
sp2,25,35,42,24,36,30,26,21,52,29,33,37
sp3,1611,1491,1923,1351,1873,1626,1627,1556,1765,1844,1725,1681
sp4,295,265,421,239,310,262,328,247,329,263,340,339
sp5,5,15,21,12,21,24,12,12,17,12,14,20
sp6,0,3,1,3,1,4,4,0,1,2,11,4
sp7,1,0,1,0,0,0,1,0,0,1,0,0
sp8,1,4,0,1,1,0,2,1,2,3,3,3
sp9,3,1,4,1,1,5,4,2,4,2,3,1
spa17,15,9,15,6,13,9,8,3,4,3,6,13
spaca1,2,4,0,0,6,1,2,3,1,3,2,2
spaca3,0,0,0,0,0,0,0,0,0,0,0,0
spaca4,0,0,1,0,0,0,0,0,1,0,0,0
spaca5,0,0,0,0,0,0,0,0,0,0,0,0
spaca7,0,0,0,0,0,0,0,0,0,0,1,1
spaca9,0,2,7,3,5,0,1,2,0,5,2,2
spag1,31,35,32,22,39,32,43,36,61,42,29,29
spag11b,0,0,0,0,0,0,0,0,0,0,0,0
spag16,3,3,2,2,2,3,9,1,1,2,5,2
spag17,2,3,2,1,2,0,2,1,2,2,4,3
spag4,16,28,21,14,23,28,22,20,28,14,25,21
spag5,29,24,43,31,41,23,20,26,22,9,51,24
spag6,2,1,0,2,0,0,1,1,1,1,2,0
spag7,418,536,514,399,497,527,423,404,400,443,360,404
spag8,7,11,11,6,3,8,7,6,7,8,6,6
spag9,3201,3564,4282,3130,4647,3308,3859,3689,4131,3828,3544,3735
spam1,2,1,1,4,4,1,2,4,4,3,0,2
spanxn4,0,0,0,0,0,0,0,0,0,0,0,0
sparc,2046,1298,2314,1228,3263,1423,2593,829,2155,927,2396,1337
sparcl1,508,206,437,158,587,168,580,180,527,236,591,294
spast,658,817,912,773,991,953,823,746,876,761,759,760
spata13,932,688,1061,742,889,1005,764,758,953,726,780,939
spata16,0,0,0,0,0,0,0,0,0,0,0,0
spata17,9,3,7,4,4,4,5,6,3,1,2,6
spata18,0,0,0,1,0,0,0,0,0,0,0,0
spata19,0,0,0,0,0,0,0,0,0,0,0,0
spata2,146,180,176,174,198,192,185,163,228,111,178,159
spata20,0,0,0,0,1,0,0,0,0,0,0,0
spata21,1,1,5,0,1,2,3,3,4,1,2,0
spata22,128,53,129,71,62,73,75,117,71,141,72,123
spata24,36,31,44,33,30,39,14,42,33,33,28,53
spata25,0,2,3,0,2,0,1,4,1,2,2,2
spata2l,395,557,370,677,661,544,325,452,511,302,443,290
spata3,3,14,7,4,2,9,9,4,6,6,6,6
spata32,0,0,0,0,0,0,0,0,0,0,0,0
spata33,3,3,3,0,3,8,3,4,1,2,4,0
spata4,0,0,0,0,0,0,0,0,0,0,0,0
spata45,1,1,0,1,1,2,1,2,0,1,1,2
spata6,71,52,102,45,112,46,93,44,95,50,83,57
spata7,40,45,77,35,52,67,44,33,67,23,64,61
spata9,5,10,12,7,4,6,11,7,8,11,10,11
spatc1,1,13,5,12,7,20,8,10,5,5,3,4
spatc1l,41,65,56,33,57,48,46,59,44,33,37,62
spats1,1,2,3,2,0,6,2,1,1,0,1,1
spats2,148,150,170,131,190,172,154,108,157,106,126,140
spats2l,77,38,89,43,125,38,70,27,50,25,79,32
spc24,156,337,281,198,315,237,211,229,247,245,217,224
spc25,86,79,144,108,119,105,142,80,192,73,136,63
spcs1,1723,1804,1966,1490,1981,1682,1616,1523,1752,1626,1733,1395
spcs2,2357,1752,1989,1562,1788,2560,1393,1587,1297,1511,1418,1429
spcs3,2232,2463,2302,1851,2451,2555,1869,2005,1923,1922,1706,2035
spdef,0,4,0,8,2,9,3,4,32,2,16,0
spdl1,14,10,22,21,24,16,8,15,15,13,26,19
spdya,27,30,32,45,52,57,39,40,39,29,26,29
specc1,176,92,131,100,156,97,129,66,135,66,156,93
specc1l,635,605,785,565,773,673,554,555,614,528,690,628
spef1,22,21,25,13,28,21,28,21,26,15,27,14
spef2,3,4,1,3,7,5,8,1,6,3,3,5
speg,25,22,35,13,24,31,32,21,35,20,31,40
spem1,0,0,0,0,0,0,0,0,0,0,0,0
spen,316,305,315,283,368,324,409,336,436,250,337,526
spesp1,0,0,0,0,0,0,0,0,0,0,0,0
spg11,675,627,786,538,805,697,659,612,720,619,668,644
spg21,659,505,699,476,718,590,575,435,674,514,599,555
spg7,660,714,721,600,799,757,625,621,682,604,658,591
sphk1,16,12,23,6,25,18,17,14,24,13,20,9
sphk2,998,729,839,529,664,739,527,647,460,550,485,882
sphkap,1,1,0,1,1,1,1,3,3,0,5,1
spi1,244,106,206,101,332,131,194,113,209,77,134,124
spib,20,14,26,14,57,17,35,29,23,34,41,25
spic,161,88,146,93,145,73,106,115,143,68,85,89
spice1,81,95,116,50,84,85,72,51,85,58,77,59
spidr,188,181,203,138,175,189,157,149,142,168,151,171
spin1,1716,1710,1717,1868,2039,2277,1745,1560,1656,1386,1792,1529
spin4,23,20,38,21,44,30,36,18,30,12,23,11
spink1,37,572,33,846,53,719,278,282,2023,3,429,65
spink13,0,0,0,0,0,0,0,0,0,0,1,0
spink14,0,0,0,0,0,0,0,0,0,0,0,0
spink2,1,2,2,0,0,1,0,1,2,1,2,2
spink4,29,0,1,33,0,6,3,1,6,0,247,1
spink5,25,33,33,31,12,32,38,11,29,19,28,17
spink6,0,0,0,0,0,0,0,0,0,0,0,0
spink7,0,0,0,0,0,0,0,0,0,0,0,0
spink8,0,0,1,0,0,0,0,1,0,1,1,0
spint1,14,32,9,34,17,35,25,14,89,4,235,7
spint2,981,938,988,848,1235,966,900,824,1022,617,1052,785
spint3,1,0,0,1,0,0,1,0,0,0,2,0
spint4,0,0,0,0,0,0,0,0,0,0,0,0
spire1,37,34,37,27,71,31,56,32,44,18,33,39
spire2,12,1,3,7,5,3,1,3,4,6,11,1
spn,172,31,132,41,178,45,57,89,104,48,56,79
spns1,320,431,457,431,457,452,393,353,421,313,376,337
spns2,465,649,498,374,555,566,396,351,393,247,402,495
spns3,13,6,10,5,8,10,10,12,12,12,13,11
spo11,1,1,2,2,4,2,3,6,3,3,1,1
spocd1,0,0,0,0,0,0,0,0,0,0,0,0
spock1,1,1,3,0,1,1,1,1,0,0,1,0
spock2,52,39,46,42,52,43,53,39,45,25,68,64
spock3,4,6,5,7,5,10,3,4,5,4,4,9
spon1,109,50,76,54,124,73,109,84,112,45,97,131
spon2,229,83,168,57,86,80,77,133,68,134,77,239
spop,1264,1481,1440,1217,1428,1624,1225,1316,1203,1368,1095,1313
spopl,437,444,594,408,565,480,566,504,572,519,513,488
spp1,1399,996,2928,1270,3085,1357,3857,706,3030,1456,1791,1797
spp2,1228,2129,1527,1735,1595,1860,1135,1757,1196,1786,1352,1806
sppl2a,6576,5677,8006,5614,7225,7165,6564,6122,6591,5742,5716,5379
sppl2c,0,0,0,0,0,0,0,0,0,0,0,0
sppl3,302,324,364,253,364,304,319,285,340,213,347,270
spr,1601,1829,2098,1641,2220,1854,1774,1731,1847,1629,1667,1656
spred1,598,507,720,400,898,476,731,489,638,500,610,555
spred2,85,108,121,73,129,104,103,91,119,92,123,149
spred3,16,5,9,8,12,5,23,9,15,10,7,19
sprn,43,29,61,36,80,30,54,22,52,22,52,21
sprr1a,3,1,0,1,1,14,0,0,1,1,0,0
sprr1b,0,0,0,0,0,0,0,0,0,0,0,0
sprr2b,1,0,0,0,0,1,0,1,0,0,0,1
sprr2d,0,0,0,0,0,0,0,0,0,0,0,0
sprr2e,0,0,0,0,0,0,0,0,0,0,0,0
sprr2f,0,0,0,0,0,0,0,0,0,0,0,0
sprr2g,0,0,0,0,0,0,0,0,0,0,0,0
sprr3,0,0,0,0,0,0,0,0,0,0,0,0
sprr4,0,0,0,0,0,0,0,0,0,0,0,0
sprtn,104,138,162,135,133,128,137,94,172,103,130,122
spry1,68,69,51,62,81,64,58,56,67,40,68,58
spry2,34,26,44,29,53,28,52,31,41,33,40,32
spry3,1,0,0,0,2,0,4,0,1,1,4,4
spry4,86,132,90,59,235,87,151,93,129,72,128,141
spryd3,308,328,316,349,339,418,303,259,250,216,266,254
spryd4,704,727,822,722,912,965,729,475,704,502,600,439
spryd7,638,737,728,513,685,753,565,690,511,785,477,682
spsb1,50,35,37,45,83,23,78,41,46,35,62,62
spsb2,231,216,302,192,263,235,223,215,249,196,212,226
spsb3,279,237,275,186,276,216,172,239,201,174,156,249
spsb4,58,89,82,47,79,67,87,76,73,62,52,79
spta1,227,14,38,22,17,22,27,13,22,22,14,13
sptan1,4782,4244,5484,3580,5882,4698,4974,3568,4776,3372,4947,3940
sptb,58,44,43,62,37,64,43,36,57,34,39,66
sptbn1,3980,4021,4465,3464,5473,4050,4328,3083,4057,2976,4744,4009
sptbn2,1832,2401,2790,2284,2577,2339,2339,2030,2706,1802,2295,2448
sptbn4,1,0,1,3,3,2,3,1,4,3,2,0
sptbn5,2,4,1,3,2,1,6,3,5,1,6,0
sptlc1,611,670,780,582,870,800,679,612,648,628,651,602
sptlc2,869,752,901,624,1065,804,783,555,747,570,820,626
sptlc3,0,0,0,1,0,0,0,0,0,1,0,0
sptssa,1406,1074,1428,1075,1711,1181,1362,1196,1503,1169,1441,1122
sptssb,5,0,0,4,2,6,0,0,1,1,11,0
spty2d1,499,490,515,592,692,607,471,543,500,523,472,469
spx,1,2,6,4,2,4,7,7,4,0,10,2
spz1,0,0,0,0,0,0,0,0,0,0,0,0
sqle,2074,3408,1375,1347,2068,3310,1247,2120,1222,1515,845,1855
sqstm1,6963,6604,6993,6377,5665,8883,4692,6818,4644,6984,4554,7536
sra1,1326,1759,1737,1456,1546,1740,1527,1436,1354,1277,1330,1175
srbd1,433,637,592,447,697,547,507,433,501,419,509,450
src,155,69,138,62,188,61,128,48,127,40,167,54
srcap,513,495,527,499,538,600,662,509,795,367,500,826
srcin1,5,2,2,2,4,8,3,1,1,5,4,3
srd5a1,1250,2394,1765,1465,1482,1597,1054,1499,1220,1110,1437,1785
srd5a3,169,138,164,131,181,171,171,126,190,133,153,158
srebf1,4833,5109,6000,2609,12121,4549,7653,6403,9991,3815,6028,5417
srebf2,539,570,455,405,573,618,419,466,406,415,339,683
srek1,586,639,638,541,664,760,637,556,715,582,610,503
srek1ip1,330,352,419,277,369,353,336,323,333,341,305,297
srf,168,175,205,179,193,190,190,177,208,154,191,178
srfbp1,137,162,164,144,159,174,130,123,135,142,118,122
srgap1,25,13,32,17,31,8,31,11,27,17,28,27
srgap2,342,324,424,298,504,372,443,309,440,293,361,365
srgap3,21,54,28,55,23,55,31,131,35,90,20,130
srgn,448,300,506,377,688,361,653,330,484,388,402,372
sri,728,824,828,639,1027,787,845,873,766,795,960,776
srl,21,21,26,7,21,14,29,27,25,24,21,116
srm,269,429,288,353,541,492,409,249,354,209,297,210
srms,22,15,12,7,4,30,6,8,2,11,1,16
srp14,761,803,846,629,844,791,748,714,703,703,649,641
srp19,442,416,485,385,438,553,320,401,360,383,311,270
srp68,750,702,762,802,862,1100,672,627,652,589,549,648
srp72,2561,2706,2850,2376,2993,3211,2405,2527,2322,2524,2237,2350
srp9,1978,1896,2089,1696,2011,2256,1819,1904,1794,2048,1714,1644
srpk1,670,732,724,650,726,804,607,513,641,525,637,522
srpk2,574,602,807,505,660,556,560,516,649,476,595,511
srpk3,17,12,23,14,18,16,24,18,16,6,16,12
srprb,440,416,422,518,586,649,398,450,352,311,308,342
srpx,25,19,57,25,68,19,63,16,44,23,38,26
srpx2,54,52,60,30,65,48,55,40,73,45,65,48
srr,1376,1867,1759,1280,1771,1749,1467,1733,1384,1930,1243,1751
srrd,106,120,138,76,127,100,89,86,73,78,86,88
srrm1,434,489,504,458,526,545,454,430,555,341,519,586
srrm2,1994,2011,2365,2024,2671,2459,2506,2115,3274,1865,2257,3334
srrm3,9,15,8,14,6,10,9,15,9,8,8,14
srrm4,57,75,49,41,38,82,46,63,37,37,45,59
srrt,672,751,687,629,722,895,587,665,642,549,516,603
srsf1,2275,2693,2531,2088,2500,2875,2316,2200,1803,1990,1927,1815
srsf10,1040,933,1065,869,1183,1080,1022,983,963,1044,890,918
srsf11,918,966,1089,864,1122,1027,940,886,1028,848,971,884
srsf12,7,6,1,5,9,0,2,6,4,7,5,3
srsf2,1301,1497,1560,1370,1449,1571,1357,1420,1358,1281,1269,1251
srsf3,1996,2237,2139,1487,2045,2359,1964,2045,1557,1928,1561,1845
srsf4,383,424,380,550,491,484,398,449,524,385,452,406
srsf5,3812,3912,5944,4211,4410,5181,4761,3942,5041,4430,4362,3941
srsf6,1576,1791,1863,1590,1856,1973,1758,1563,1910,1468,1571,1498
srsf7,582,758,814,728,867,913,729,789,645,828,670,659
srsf9,269,308,348,308,381,363,309,298,301,265,290,283
srxn1,785,763,914,661,901,1199,644,714,635,691,708,722
sry,1,0,0,1,0,0,0,1,0,0,2,0
ss18,685,742,861,742,1009,933,754,775,696,678,699,725
ss18l1,94,124,127,89,116,112,103,123,111,99,106,111
ssb,1617,1573,1848,1348,1646,1704,1478,1610,1333,1607,1380,1397
ssbp1,604,650,759,592,654,692,568,629,586,674,583,583
ssbp2,215,213,237,196,193,235,242,206,242,179,270,258
ssbp3,475,486,571,457,594,470,613,439,553,398,495,420
ssbp4,142,73,107,81,163,59,117,58,131,46,84,68
ssc4d,66,59,41,61,62,51,49,40,39,47,33,52
ssc5d,23,4,14,4,19,6,13,6,14,3,21,15
ssh1,233,188,207,187,239,244,215,145,290,161,213,225
ssh2,965,965,1050,815,1158,921,1060,776,1108,648,1064,935
ssh3,266,185,268,190,287,233,252,184,290,163,225,221
ssmem1,3,1,1,5,3,1,1,4,0,6,1,0
ssna1,297,276,372,280,361,353,295,267,284,314,257,279
sspn,63,76,56,46,110,67,91,55,77,42,94,80
ssr1,3045,3361,3094,2532,3241,3887,2492,2798,2358,2510,2216,2514
ssr2,1362,1468,1484,1159,1498,1581,1152,1203,1150,1073,1092,1008
ssr3,8176,8601,8623,6322,8469,9114,6307,7331,6590,7663,6246,6643
ssr4,2011,2496,2172,2118,2317,2293,1873,2116,1955,1935,1729,1922
ssrp1,1158,1250,1374,1119,1379,1397,1226,1070,1146,989,1085,1022
sst,0,6,0,1,1,1,1,0,6,0,14,0
sstr1,0,2,1,0,0,1,1,0,3,2,2,4
sstr2,30,25,17,18,21,40,38,27,29,13,17,39
sstr3,0,1,0,0,0,1,2,0,1,0,0,0
sstr4,1,0,1,0,2,1,2,0,2,0,0,1
sstr5,0,0,0,0,0,0,0,0,0,0,1,0
ssu72,1009,1017,1156,844,1130,1027,896,855,866,911,935,896
ssx2ip,197,232,254,271,252,302,226,175,277,178,236,196
st13,4160,5461,5174,3918,5367,4974,4492,4157,4247,4212,4124,3562
st14,5,19,10,22,12,16,16,11,30,5,166,10
st18,3,1,3,1,2,2,4,1,8,5,9,5
st3gal1,1064,905,880,846,903,1249,731,656,655,680,598,815
st3gal2,70,47,76,42,73,49,72,44,66,35,67,47
st3gal3,1004,1222,1253,1358,1170,1375,1054,1026,1050,834,896,1196
st3gal4,1904,1605,1901,1638,2670,2482,1901,1315,1746,1124,2343,1100
st3gal5,1346,1891,956,2330,1975,1479,1559,1130,1524,910,1472,696
st3gal6,89,64,68,53,112,81,80,91,107,73,152,82
st6gal1,2840,1770,2479,1706,2737,2800,1859,1633,1898,1686,1584,1623
st6gal2,1,4,0,1,1,4,0,0,2,3,0,3
st6galnac1,1,1,1,1,0,1,0,2,0,0,3,0
st6galnac2,32,34,26,34,41,29,15,17,73,24,66,40
st6galnac3,50,29,65,30,47,30,30,42,51,39,34,43
st6galnac4,58,51,70,54,94,55,83,46,111,36,58,35
st6galnac5,4,6,2,4,1,3,4,3,3,4,2,1
st6galnac6,930,963,1003,663,915,907,831,716,715,693,673,703
st7,152,177,182,163,217,188,145,142,171,124,142,139
st7l,597,682,817,614,717,748,632,598,654,588,653,569
st8sia1,13,12,9,12,10,13,8,13,18,7,23,15
st8sia2,0,0,1,0,2,0,1,1,1,0,4,3
st8sia3,27,30,28,27,17,34,22,21,15,13,32,28
st8sia4,232,111,254,116,350,140,322,167,312,181,290,199
st8sia5,0,0,0,0,0,0,0,0,0,0,0,0
st8sia6,6,4,5,1,12,3,16,14,13,12,28,12
stab1,1624,1785,1823,1584,2638,1533,2145,1196,1974,1039,1893,1660
stab2,2963,2595,3040,2485,3574,2482,2337,1793,2490,1869,2469,2139
stac,1,0,0,2,0,0,2,2,3,0,0,2
stac2,4,2,11,6,6,2,6,1,5,2,7,10
stac3,6,12,12,4,6,2,9,5,4,4,4,21
stag1,1156,1009,1205,851,1240,1103,1024,907,946,921,1032,986
stag2,3081,2970,3916,2710,3827,2803,3504,3089,3892,3319,4026,3239
stag3,5,5,8,2,2,5,7,2,4,3,4,0
stam,536,493,589,458,550,514,511,453,548,533,498,498
stam2,395,420,503,458,536,536,430,407,452,423,429,435
stambp,96,89,127,79,120,116,93,77,109,80,116,153
stambpl1,19,17,36,19,43,15,28,17,31,18,37,24
stap1,104,62,89,66,144,57,94,57,84,62,109,76
stap2,684,803,722,706,865,877,782,564,701,510,734,478
star,70,79,126,102,179,102,178,70,147,90,137,91
stard10,10528,13843,11350,11777,14026,12389,10510,10861,10815,10219,10044,10614
stard13,894,710,800,474,586,821,504,620,595,594,493,766
stard3,335,308,351,271,419,295,341,265,413,230,319,279
stard3nl,233,226,288,166,301,216,209,203,186,186,195,204
stard4,2091,3840,3170,2713,4528,3913,3223,3348,3271,3200,2980,3515
stard5,1632,2171,1895,1929,2407,1880,2073,1596,2051,1478,1886,1458
stard6,6,7,14,5,11,8,13,4,11,5,5,8
stard7,2793,3916,4158,3589,4375,3750,3420,3419,3826,3570,3342,3466
stard8,304,304,321,273,473,246,340,232,357,190,346,269
stard9,316,222,331,227,422,236,380,210,404,188,381,248
stat1,1545,1731,1881,1320,2239,1725,1456,1746,1669,1457,1464,1404
stat2,775,923,832,693,993,1130,801,786,770,580,680,676
stat3,3130,2647,2350,2670,2413,3938,2201,1944,2125,1732,1827,1952
stat4,31,13,29,14,34,20,23,25,33,31,41,32
stat5a,279,184,296,146,246,282,175,187,208,196,175,307
stat5b,1634,1033,1597,856,1198,1071,961,1121,1116,1099,953,1424
stat6,1435,1484,1619,1415,1780,1641,1496,1329,1450,1140,1295,1315
stau1,942,935,1000,873,1079,1071,812,875,926,814,897,995
stau2,108,98,131,100,149,93,100,110,129,115,135,122
stbd1,1694,2051,1979,2574,2505,2597,1840,2524,2541,2714,2308,1705
stc1,4,2,6,6,5,2,6,3,7,2,8,1
stc2,10,9,9,15,17,13,15,6,45,2,18,6
steap1,9,3,4,0,4,5,6,1,3,4,5,2
steap2,498,164,548,169,530,242,462,183,553,221,443,166
steap3,318,220,234,163,257,192,169,212,196,182,193,327
steap4,6284,4975,4471,3724,5779,12779,4352,3505,3151,2958,2893,2963
stil,9,7,26,23,23,17,15,10,17,3,16,5
stim1,556,643,638,600,707,694,669,531,672,392,583,617
stim2,413,629,507,406,840,496,641,543,601,367,600,431
stip1,1374,1932,1156,968,1434,1552,1135,1136,880,1008,867,817
stk10,272,158,246,123,372,153,262,144,237,108,174,164
stk11,865,992,1135,909,1134,1046,964,856,981,689,892,858
stk11ip,155,153,179,113,221,155,141,109,161,121,150,147
stk16,904,1081,1127,924,1119,1149,936,909,901,898,851,900
stk17b,550,314,543,306,656,378,453,489,530,370,585,401
stk24,357,333,439,336,455,346,396,290,353,308,370,368
stk25,924,990,1125,957,1209,1039,993,883,1025,726,1066,904
stk26,88,41,94,73,129,39,125,64,139,69,97,102
stk3,320,314,418,308,389,354,347,286,316,322,286,298
stk31,0,0,0,0,0,0,1,0,0,0,0,0
stk32a,1,8,3,2,1,3,4,4,3,3,3,7
stk32b,2,3,1,0,0,2,0,0,2,3,1,1
stk32c,4,3,4,4,10,4,2,6,3,5,3,8
stk33,0,1,0,0,0,3,1,0,0,0,0,0
stk35,200,408,314,311,379,348,377,262,489,215,366,238
stk36,15,15,14,13,14,11,14,11,15,3,13,11
stk38,838,893,972,792,1113,975,938,767,951,760,794,825
stk38l,461,610,462,425,573,750,480,655,503,660,363,556
stk39,92,63,75,85,137,75,114,62,104,64,116,63
stk4,652,659,798,519,874,701,683,592,726,591,648,622
stk40,338,301,259,356,386,431,283,384,375,394,262,404
stkld1,14,10,15,6,9,22,12,19,22,6,17,9
stmn1,102,121,182,161,206,102,121,130,133,82,152,79
stmn2,7,13,9,3,15,8,21,6,9,3,9,24
stmn3,0,1,1,1,2,4,3,2,1,2,1,1
stmn4,0,0,0,0,0,1,0,0,0,0,0,0
stmnd1,0,0,0,0,0,0,0,1,0,1,3,3
stom,1506,1069,1525,1092,1417,1446,1050,1208,1254,1295,990,1377
stoml1,84,56,115,54,115,81,104,68,88,65,85,90
stoml2,1153,1410,1455,1086,1319,1307,1144,1229,1188,1298,1060,1227
stoml3,5,2,5,4,4,5,10,5,9,4,3,4
ston1,126,103,120,95,171,113,135,107,152,96,121,168
ston2,143,178,141,85,126,166,127,124,103,111,100,185
stox1,10,7,10,4,14,9,8,6,14,7,8,5
stox2,53,49,55,50,86,49,60,31,75,26,64,57
stpg1,1,5,3,0,0,1,1,0,3,2,0,1
stpg2,1,0,0,0,0,0,0,1,1,4,0,1
stpg3,1,0,1,0,0,0,0,0,0,0,0,1
stra6,2,3,1,0,1,0,2,0,0,1,1,5
stra8,1,1,2,1,2,0,0,0,1,0,2,2
strada,72,48,63,47,73,65,70,44,58,44,63,74
stradb,659,793,883,612,841,771,719,617,689,601,642,561
strap,1663,1762,2032,1729,2218,1985,1884,1829,2042,1739,1718,1393
strbp,1105,1377,1534,1262,1271,1316,1328,1129,1373,1217,1252,1138
strc,3,5,4,6,8,2,3,4,3,4,8,5
strip1,286,238,314,234,338,326,283,237,266,217,228,252
strip2,11,12,19,13,29,20,21,10,33,23,39,23
strn,580,667,738,567,805,733,639,607,619,501,663,604
strn3,1129,1222,1288,1109,1541,1276,1166,1174,1280,1280,1220,1087
strn4,650,615,742,577,810,714,657,621,696,539,590,598
stt3a,2988,2927,3433,2403,3329,3474,2492,2568,2341,2436,2540,2243
stt3b,2504,2141,2365,1902,2628,2572,2020,1859,1930,1892,1877,1903
stub1,599,656,632,569,814,641,625,562,646,561,571,569
stx11,55,17,43,22,79,30,37,25,40,30,27,28
stx12,514,618,769,560,758,686,623,539,695,572,685,592
stx16,458,521,568,421,553,541,436,459,479,360,442,401
stx17,504,543,691,524,648,580,564,462,565,532,539,528
stx18,432,330,392,336,434,453,292,245,320,292,274,317
stx19,10,14,13,7,7,22,10,10,10,10,16,12
stx1a,9,7,8,8,10,4,12,5,6,4,7,6
stx1b,46,55,52,36,36,54,41,58,38,85,38,95
stx2,268,280,304,230,358,298,273,226,265,208,267,265
stx3,227,214,251,202,290,224,240,186,247,178,265,176
stx6,259,239,336,177,296,291,243,212,255,178,223,219
stx7,578,446,641,461,712,482,521,408,481,373,503,464
stx8,392,363,460,288,429,330,383,356,364,336,362,343
stxbp1,42,49,49,29,77,27,56,31,60,24,49,44
stxbp2,640,569,737,500,773,545,648,531,689,493,619,519
stxbp3,714,688,871,585,737,768,665,692,720,708,697,718
stxbp4,80,103,98,76,112,116,105,82,91,61,94,97
stxbp5,371,409,459,379,527,422,460,400,470,346,456,431
stxbp5l,5,13,7,5,9,4,8,7,5,8,11,9
stxbp6,323,318,343,232,319,332,307,228,232,231,248,250
styk1,118,173,130,120,134,163,136,175,157,125,234,166
styx,24,17,25,15,34,26,29,8,20,21,15,12
styxl1,8,15,11,9,9,11,16,11,14,8,15,11
sub1,1354,1281,1446,1079,1465,1379,1137,1389,1084,1392,1161,1270
sucla2,3360,3878,4519,3256,4216,3848,3465,3590,3633,4029,3698,3581
suclg1,3101,3716,4411,3230,4297,3931,3261,3131,3698,3471,3799,3161
suclg2,7134,5708,7279,4879,7674,6208,5671,5188,6233,6042,5742,5051
sucnr1,437,979,815,718,717,713,458,2004,729,1986,479,1985
suco,670,620,810,721,911,918,674,630,728,631,741,662
suds3,1594,1641,1849,1587,1871,1615,1580,1409,1739,1276,1602,1460
sufu,57,81,79,71,80,92,74,44,86,39,63,91
sugct,443,554,493,446,528,572,395,589,446,646,368,541
sugp1,162,190,197,231,254,233,208,166,234,152,186,196
sugp2,238,227,263,173,217,254,269,222,214,151,213,223
sugt1,712,804,829,653,819,855,663,657,640,729,720,615
sulf1,207,151,247,167,356,191,365,136,310,183,288,269
sulf2,305,282,315,223,459,204,336,200,388,204,412,275
sult1a1,4711,8029,4788,5238,7299,7954,3829,5669,4878,6566,5569,5101
sult1b1,735,1120,914,1016,1001,929,658,831,752,1156,1498,1082
sult1c2,146,126,201,107,208,140,150,161,250,227,206,189
sult1e1,42,8,21,7,4,9,11,4,1,7,2,6
sult2a1,1,0,2,0,1,0,2,0,2,0,3,0
sult2b1,2,2,1,3,4,3,1,3,4,2,76,1
sult4a1,6,0,2,0,2,1,0,0,1,0,7,1
sult6b1,5,4,9,3,4,4,3,5,4,5,2,6
sumf1,635,671,742,581,767,674,635,549,602,552,571,562
sumf2,174,180,196,151,188,203,173,187,185,164,138,144
sumo1,924,1013,1257,943,1534,933,1305,981,1310,1035,1292,833
sumo3,1514,1397,1555,1047,1281,1297,1034,1291,1078,1262,954,1317
sun1,396,430,529,461,467,521,469,397,562,361,474,414
sun2,1067,1452,1451,1939,1436,1753,1247,1130,1407,1116,1235,1286
sun3,2,8,4,8,14,5,7,9,9,12,5,10
sun5,0,0,0,0,0,0,0,0,0,0,0,0
suox,3152,2816,3302,1868,3086,2715,2254,2828,2279,2934,2007,2625
supt7l,213,209,266,178,229,261,203,192,179,164,145,163
supv3l1,323,435,421,368,506,422,375,313,423,325,370,321
surf1,680,792,902,633,861,770,709,666,748,719,679,647
surf2,220,282,280,289,303,335,298,240,308,223,279,208
surf4,5146,5253,5398,4730,5772,6317,4365,4552,4101,3896,4254,4276
surf6,268,304,325,369,408,360,305,231,286,234,257,207
susd1,162,193,183,217,301,199,219,173,242,172,222,169
susd2,102,49,81,51,128,60,97,41,100,17,82,49
susd3,23,6,27,7,29,9,26,11,19,5,16,11
susd4,30,681,37,676,50,731,32,680,29,460,41,823
susd5,0,0,0,0,0,2,1,0,1,1,1,2
susd6,852,965,825,987,1218,768,820,694,1052,634,893,749
suv39h1,110,115,156,137,170,125,120,127,138,116,154,116
suv39h2,21,32,39,40,23,31,26,30,23,30,33,28
suz12,735,706,908,650,880,728,773,691,811,646,814,706
sv2a,6,5,4,4,8,4,9,3,18,3,11,8
sv2b,1,0,9,3,1,5,1,4,2,2,4,6
sv2c,15,12,21,22,16,19,10,20,16,14,18,16
svbp,99,78,138,77,125,101,78,97,96,81,91,81
svep1,198,69,145,71,254,69,190,82,160,57,189,129
svil,853,818,1028,621,984,777,1036,912,959,742,904,1111
svip,420,488,529,334,528,499,437,450,403,530,477,450
svop,1,2,4,1,0,0,1,1,2,0,4,1
svopl,4,7,10,7,3,7,8,9,10,8,11,2
swap70,316,361,431,275,499,312,406,331,447,283,411,310
swi5,1913,2047,2142,1634,2277,2113,1737,1914,1821,1900,1654,1749
swsap1,123,107,142,105,170,160,108,98,93,88,77,95
swt1,580,691,689,600,674,740,628,634,643,543,635,631
syap1,1169,1247,1396,1175,1523,1315,1192,1308,1279,1482,1243,1146
sybu,9,7,2,4,8,9,9,5,17,7,10,5
syce1,0,1,0,0,1,2,1,0,1,2,1,0
syce1l,0,0,0,0,0,0,0,0,0,0,0,1
syce2,112,89,131,113,138,95,94,99,116,97,116,78
syce3,2,3,0,1,2,0,1,2,2,1,4,0
sycn,67,3216,112,4435,204,3287,1404,1932,9211,0,191,413
sycp1,24,34,39,37,26,44,48,44,47,28,43,49
sycp2,9,3,5,1,1,1,2,0,1,2,3,2
sycp2l,0,0,0,0,0,0,1,1,0,0,0,0
sycp3,9,9,9,6,9,15,5,7,8,8,9,6
syde1,57,48,50,45,81,51,60,51,60,42,47,70
syde2,139,259,206,241,343,264,254,237,415,155,292,164
syf2,817,847,1015,817,1004,977,840,794,868,845,801,729
syk,476,231,473,228,656,193,413,285,425,213,387,342
sympk,956,1311,1050,915,1229,1088,1023,805,1047,698,979,972
syn1,8,19,12,7,7,7,8,10,15,9,4,5
syn3,27,28,27,12,26,29,42,27,36,20,14,22
sync,11,9,8,4,4,7,5,8,6,2,8,5
syncrip,1468,1435,1652,1449,1773,1827,1547,1565,1486,1594,1404,1527
syndig1,0,0,0,0,0,0,0,0,0,0,0,0
syndig1l,0,0,1,1,0,0,2,0,0,0,0,0
syne1,710,450,763,468,503,497,586,436,576,437,494,637
syne2,1817,2225,2562,2359,2427,2725,2483,2120,2930,1867,2591,2399
syne3,120,131,243,184,201,234,209,156,244,190,212,185
syne4,111,115,73,64,63,94,59,28,105,26,69,31
syngap1,14,11,17,10,22,13,29,10,24,15,19,20
syngr1,17,12,21,9,28,24,20,7,27,14,18,30
syngr2,913,985,1123,874,1325,944,1080,871,1073,724,930,882
syngr3,2,0,2,1,2,0,2,3,1,0,6,2
syngr4,4,3,1,1,1,0,5,2,0,0,1,1
synj1,313,244,343,270,406,260,321,251,367,206,284,346
synj2,114,139,114,102,144,179,129,114,170,95,109,161
synj2bp,1945,2489,2534,1873,2384,2409,2076,1921,1948,2260,2090,1824
synm,55,44,37,33,63,54,54,49,95,34,92,86
synpo,106,104,93,66,139,113,126,70,115,63,157,109
synpo2,64,47,38,36,58,44,46,56,96,38,115,123
synpo2l,7,3,6,6,3,3,5,1,8,6,8,11
synpr,3,2,0,0,0,0,2,0,2,0,1,1
synrg,410,445,502,417,528,488,475,395,464,387,450,463
syp,36,27,26,24,33,19,26,28,22,28,36,36
sypl2,4,2,3,2,2,3,2,2,4,1,4,16
sys1,574,780,658,623,708,745,569,566,587,520,511,509
syt1,172,364,245,364,247,233,186,255,279,277,323,373
syt10,0,0,0,0,0,0,0,0,0,0,0,0
syt11,93,91,83,53,117,61,89,75,69,57,82,69
syt12,106,47,79,63,92,117,58,49,70,52,59,53
syt13,6,9,10,10,5,4,10,6,11,6,11,6
syt14,5,3,1,1,2,0,1,1,3,0,3,3
syt15,18,30,15,23,16,22,25,25,42,18,23,18
syt16,0,0,0,0,0,0,0,0,0,0,0,0
syt17,4,7,5,3,5,5,5,7,7,7,9,2
syt2,6,0,1,3,0,5,4,3,0,5,2,5
syt3,57,58,78,48,69,52,70,71,56,61,56,63
syt4,2,3,0,3,0,1,1,0,3,0,5,0
syt5,1,0,2,1,1,1,1,0,0,0,2,0
syt6,0,0,0,0,0,0,0,0,0,0,0,0
syt7,17,22,25,8,25,21,15,12,32,14,25,13
syt8,2,0,1,0,0,1,0,1,1,0,1,0
syt9,29,13,24,13,30,15,29,19,29,24,25,30
sytl1,158,178,243,163,225,182,215,181,250,148,177,175
sytl2,75,23,61,19,71,17,46,30,57,32,127,42
sytl3,7,6,6,7,6,8,3,8,8,5,24,6
sytl4,74,85,84,69,100,91,81,76,77,87,65,62
sytl5,35,13,26,7,26,19,15,41,42,17,17,28
syvn1,500,504,348,433,480,694,333,382,402,349,275,521
szrd1,1392,1549,1619,1258,2005,1459,1490,1481,1527,1178,1206,1409
szt2,232,264,233,198,187,278,266,205,261,160,209,305
taar1,0,0,0,0,0,0,0,0,0,0,0,0
taar2,0,0,0,0,0,0,0,0,0,0,0,0
taar5,0,0,0,0,0,0,0,0,0,0,0,0
taar6,0,0,0,0,0,0,0,0,0,0,0,0
taar9,0,0,0,0,0,0,0,0,0,0,0,0
tab1,112,117,147,97,161,116,101,83,131,65,88,88
tab2,976,647,972,704,782,791,664,632,818,685,665,829
tab3,213,193,331,257,230,264,257,206,264,236,236,245
tac1,1,0,0,1,0,4,0,0,0,0,4,0
tac4,3,0,4,2,1,1,3,5,7,3,4,1
tacc1,1542,1815,1915,1233,2048,1814,1843,1168,1436,1133,1284,1219
tacc2,429,308,324,257,297,361,279,251,339,231,314,451
tacc3,30,27,36,47,70,32,27,35,37,22,39,37
taco1,395,468,480,362,443,484,407,367,352,398,291,352
tacr1,1,0,7,2,3,3,7,3,1,2,6,4
tacr2,0,1,0,0,0,0,0,0,0,0,0,1
tacr3,0,0,0,0,2,0,0,0,0,0,1,0
tacstd2,2,0,0,0,2,2,2,1,2,0,1,1
tada1,364,441,508,365,372,421,336,414,405,529,344,465
tada2a,91,103,120,85,99,147,92,95,105,77,93,112
tada2b,303,395,352,453,513,578,380,358,428,301,319,326
tada3,146,124,143,88,165,140,135,108,121,95,112,138
taf1,776,662,803,550,808,909,687,713,645,693,653,627
taf10,841,1030,1057,829,1019,833,917,851,843,853,790,839
taf11,220,268,254,236,268,278,238,219,225,219,195,213
taf12,313,302,387,270,362,351,287,249,294,281,268,249
taf13,338,338,416,354,410,419,371,362,342,347,356,345
taf15,384,452,418,389,408,473,392,311,396,363,443,391
taf1a,103,108,101,145,110,149,120,115,115,114,108,104
taf1b,189,140,230,130,180,137,159,132,144,141,158,156
taf1c,43,33,44,32,58,43,42,23,39,28,36,38
taf1d,246,236,293,202,281,263,272,232,331,267,302,203
taf2,453,546,560,635,581,604,523,506,445,458,446,495
taf3,87,97,90,86,113,100,80,99,97,68,86,94
taf4,124,148,174,112,150,139,158,97,175,100,167,142
taf4b,74,104,78,90,94,112,90,92,111,73,78,89
taf5,101,121,161,118,143,128,108,101,133,100,104,95
taf5l,290,295,327,241,367,311,276,238,358,209,287,263
taf6,323,351,400,260,394,344,320,308,256,253,244,270
taf6l,311,332,428,281,383,354,330,301,350,264,315,270
taf7,127,134,195,146,203,190,140,199,185,203,143,179
taf7l,0,0,0,0,0,0,0,0,0,0,0,0
taf8,168,167,226,157,216,215,162,142,219,146,185,143
taf9,27,42,37,18,24,30,8,21,35,19,31,22
taf9b,37,47,52,46,67,54,31,39,64,48,53,70
tagap,44,22,55,17,74,38,41,40,66,24,41,37
tagln,268,287,200,187,218,280,152,205,242,185,311,316
tagln2,332,141,378,178,464,220,397,153,400,175,322,229
tagln3,0,3,2,0,0,1,0,3,2,3,3,3
tal1,31,30,38,24,49,28,29,13,27,13,36,17
tal2,1,1,2,1,2,0,0,0,0,2,0,1
taldo1,2028,2176,2259,1776,2267,2271,1859,1805,1798,1804,1764,1826
tamm41,55,50,78,51,63,57,64,46,75,52,75,47
tanc1,392,408,447,344,504,429,401,365,418,296,405,362
tanc2,204,195,175,189,223,239,202,180,210,144,166,236
tango2,566,660,567,669,678,675,559,435,604,360,573,419
tango6,145,149,175,157,193,188,173,133,165,108,143,145
tank,506,530,602,489,661,633,509,509,465,509,387,495
taok1,2707,2639,3371,2626,3529,2982,3009,2560,2919,2805,2912,3011
taok2,634,721,668,694,784,750,682,649,873,516,710,695
taok3,649,623,733,666,813,706,652,642,836,677,729,794
tap1,460,515,627,470,694,549,478,465,510,363,471,528
tap2,372,380,442,350,543,445,392,366,412,273,395,374
tapbp,1599,1495,1883,1271,2259,1421,1563,1466,1721,1064,1590,1333
tapbpl,474,415,487,379,537,452,424,371,419,337,380,319
tapt1,1474,1405,1769,1576,1805,1946,1671,1603,1738,1763,1592,1528
tarbp2,224,235,306,223,314,288,207,200,254,196,214,238
tardbp,1588,2112,1928,1469,1686,1979,1725,1574,1433,1772,1417,1506
tarm1,8,10,3,2,4,7,12,3,10,2,2,2
tars2,514,590,594,477,620,566,485,449,489,448,435,435
tas1r1,5,3,3,2,4,5,5,1,3,2,6,3
tas1r2,0,0,0,0,0,0,0,0,0,0,0,0
tas1r3,19,34,34,20,26,33,32,28,41,20,37,28
tasp1,251,295,272,237,290,324,271,285,229,302,222,256
tat,36233,42109,17566,31746,41489,32537,23908,35732,37732,21336,43644,20048
tatdn1,163,166,188,164,202,163,132,133,175,160,168,149
tatdn2,556,640,706,629,802,786,712,560,758,597,647,600
tatdn3,120,133,177,89,138,111,127,93,123,125,111,107
tax1bp1,4385,4719,5403,4500,4952,5349,4105,4170,3998,4659,4281,4099
tax1bp3,277,246,317,214,476,293,330,241,313,244,298,256
tbata,9,8,5,4,9,7,6,5,6,5,8,6
tbc1d1,362,374,384,290,412,314,356,237,393,240,347,279
tbc1d10a,296,292,353,246,405,418,272,295,382,248,273,293
tbc1d10b,230,176,219,194,316,224,244,181,277,155,241,175
tbc1d10c,36,23,35,12,37,24,32,55,45,26,48,52
tbc1d12,294,281,337,277,301,340,290,292,299,317,269,322
tbc1d13,626,831,848,685,888,731,755,560,674,511,618,585
tbc1d14,282,246,278,214,290,308,284,232,308,181,291,344
tbc1d15,767,708,879,918,808,1037,872,680,1068,790,870,1184
tbc1d16,428,418,459,532,647,562,528,417,633,369,461,422
tbc1d17,670,635,721,583,720,644,653,499,641,494,552,594
tbc1d19,84,76,112,56,116,62,98,85,89,63,100,93
tbc1d2,32,21,20,22,27,51,23,25,28,11,16,39
tbc1d20,599,606,809,766,884,795,647,594,905,611,749,696
tbc1d21,0,0,1,0,0,0,0,0,0,0,0,0
tbc1d22a,426,337,505,377,583,398,382,358,429,342,391,418
tbc1d22b,63,94,67,59,99,74,67,66,62,56,91,61
tbc1d23,332,317,410,331,430,407,349,310,364,311,428,359
tbc1d24,745,642,906,614,957,697,756,659,949,603,650,627
tbc1d25,55,42,54,43,58,61,49,49,50,36,37,51
tbc1d2b,810,863,879,926,1402,760,1032,919,1168,642,917,786
tbc1d30,246,376,453,407,259,453,283,209,389,147,425,255
tbc1d31,179,132,233,135,178,149,128,145,146,149,176,136
tbc1d32,344,389,485,333,497,328,345,352,370,434,386,354
tbc1d4,151,132,152,141,190,119,135,158,181,141,177,209
tbc1d5,393,374,402,288,477,342,382,311,392,287,430,378
tbc1d7,139,150,152,91,141,136,101,117,110,131,105,101
tbc1d8,324,341,334,392,349,335,324,253,313,181,348,212
tbc1d8b,839,864,913,777,850,1021,761,719,749,859,721,796
tbc1d9,105,49,105,69,120,63,99,67,109,55,100,83
tbc1d9b,1085,1237,1324,1029,1529,1220,1163,1124,1262,928,1056,1254
tbca,1120,1168,1338,1001,1304,1104,1065,1120,1118,1225,1128,1070
tbcb,417,497,469,330,520,428,369,352,369,348,324,372
tbcc,166,160,209,162,197,189,135,117,145,130,110,162
tbccd1,449,513,598,424,566,611,463,420,432,378,385,379
tbcd,739,814,856,676,977,865,761,694,711,628,663,694
tbce,471,445,588,389,467,503,418,580,491,583,450,528
tbcel,976,1193,1573,1493,1502,1463,1206,1435,1675,1296,1387,1451
tbck,636,612,727,579,768,711,568,540,543,514,566,652
tbk1,663,702,768,667,774,886,681,681,726,699,689,628
tbkbp1,86,67,66,61,115,65,94,70,108,49,93,69
tbl1x,1137,1144,1396,849,1520,1004,1359,1040,1332,961,1111,1077
tbl1xr1,1553,1290,1593,1127,1431,1464,1343,1137,1214,1214,1223,1245
tbl2,295,385,417,390,529,541,388,312,370,242,298,287
tbl3,474,555,535,422,558,528,449,417,394,384,343,390
tbp,255,339,374,275,356,371,300,305,302,265,303,280
tbpl1,200,191,239,167,246,227,239,193,231,200,228,185
tbpl2,0,0,0,0,0,0,0,0,0,0,0,0
tbr1,1,8,2,3,1,5,2,4,3,1,3,0
tbrg1,875,989,969,815,1010,1165,742,708,681,711,661,697
tbrg4,403,599,539,545,620,553,548,517,542,455,438,488
tbx1,5,0,4,1,0,2,3,3,1,0,0,3
tbx10,0,1,2,1,0,0,0,1,1,0,0,0
tbx15,0,0,4,0,0,0,0,0,0,0,0,6
tbx18,22,19,34,11,27,20,32,13,40,16,22,16
tbx19,0,0,0,0,0,1,0,0,0,0,0,0
tbx2,59,75,72,70,101,55,80,46,82,27,98,48
tbx20,231,120,244,109,249,106,268,121,247,126,225,151
tbx21,7,4,1,2,4,3,2,8,3,4,9,6
tbx22,0,1,0,0,1,1,0,0,0,0,1,0
tbx3,143,321,170,231,269,517,170,173,316,261,231,377
tbx4,4,1,3,2,4,3,4,3,5,4,7,2
tbx5,11,11,5,7,6,10,12,8,13,7,14,2
tbx6,10,10,11,3,7,4,11,7,2,4,3,7
tbxa2r,13,22,20,26,43,31,28,38,33,18,24,29
tbxas1,230,133,278,142,297,165,280,165,245,142,189,231
tc2n,145,99,147,125,110,153,127,131,240,115,165,127
tcaf1,159,109,180,111,179,124,180,98,160,97,165,113
tcaf2,33,38,38,36,59,43,32,41,34,31,55,33
tcaim,546,847,738,699,683,868,668,705,555,622,559,623
tcap,3,2,22,0,2,2,4,4,2,3,8,173
tcea1,1748,1910,2197,1953,2090,2329,1820,1959,1840,2063,1752,1676
tcea2,38,26,32,20,24,16,30,17,30,16,22,32
tcea3,1063,1103,1306,765,1652,833,1143,834,1152,790,1224,936
tceal1,52,28,47,16,34,25,29,23,26,18,29,38
tceal3,1,0,2,0,2,1,1,3,2,2,4,2
tceal5,1,0,0,0,0,0,0,0,2,3,0,0
tceal6,0,0,0,0,0,0,0,0,0,0,0,0
tceal7,1,0,1,0,0,0,0,0,0,0,0,2
tceal8,707,254,584,239,589,391,446,120,419,185,387,129
tceanc,79,75,98,68,77,71,65,74,60,69,69,65
tceanc2,231,331,327,283,340,324,269,260,271,230,279,235
tcerg1,219,256,292,284,319,317,331,229,272,262,268,288
tcerg1l,0,0,0,0,1,0,0,0,0,0,0,0
tcf12,747,665,772,603,836,772,672,589,738,545,688,622
tcf15,0,0,0,2,1,1,2,0,0,2,0,2
tcf19,48,67,76,55,70,44,61,53,80,37,71,45
tcf20,1540,1699,1861,1534,1718,1790,1579,1588,1715,1526,1390,1633
tcf21,101,58,87,50,137,51,95,62,132,74,106,66
tcf23,2,4,6,4,2,4,5,5,1,1,4,2
tcf24,55,7,26,5,43,12,90,10,54,7,139,10
tcf25,2459,2893,3074,2764,3153,2925,2732,2534,3011,2317,2583,2434
tcf3,194,214,206,194,247,216,202,195,237,162,193,211
tcf4,637,524,700,449,750,542,724,525,644,437,694,588
tcf7,42,42,32,63,69,71,46,51,48,47,52,49
tcf7l1,34,37,25,20,26,27,38,25,44,20,27,49
tcf7l2,132,144,142,102,170,143,134,128,146,111,139,207
tcfl5,0,0,1,1,0,0,0,0,0,0,0,0
tchh,6,40,12,17,17,29,19,45,10,9,6,18
tchhl1,0,0,1,0,0,0,0,1,0,0,0,0
tchp,47,37,37,29,52,44,34,30,72,24,29,31
tcirg1,878,747,1034,582,1133,767,1022,722,1090,578,855,634
tcn2,2003,1898,2290,1627,2842,1770,1977,1585,2111,1545,2193,1600
tcof1,120,117,136,110,140,113,125,84,109,92,90,128
tcp1,3518,4946,4529,3570,4537,4612,4010,3672,3601,4208,3744,3397
tcp11,0,2,1,0,1,1,0,0,1,0,1,0
tcp11l1,101,103,94,66,109,83,61,72,73,68,86,97
tcp11l2,651,461,717,390,455,448,482,452,548,493,552,557
tcp11x2,0,0,0,1,1,0,1,0,0,1,1,1
tcta,396,381,451,322,423,422,355,309,318,319,264,354
tctn1,105,68,102,77,101,70,80,61,108,57,104,86
tctn3,29,22,59,26,32,45,30,22,34,20,36,23
tdg,231,289,293,296,374,364,271,289,294,256,258,300
tdh,1,11,0,19,1,26,6,6,44,0,1,4
tdo2,52207,61862,67605,54970,61110,53986,55256,50026,62446,52304,54332,49923
tdp1,56,41,67,34,84,63,54,42,50,29,58,40
tdp2,442,484,543,405,603,493,458,491,564,637,588,519
tdrd1,3,0,0,1,1,1,2,0,1,1,6,2
tdrd12,1,3,1,0,1,0,1,3,8,2,1,1
tdrd3,358,327,368,326,397,362,334,308,396,311,310,353
tdrd5,1,4,5,0,2,4,2,0,4,2,2,3
tdrd6,0,0,0,0,1,0,0,0,0,0,2,0
tdrd7,955,846,1115,818,1021,984,808,771,790,797,851,844
tdrd9,0,1,0,0,0,0,0,0,3,1,1,1
tdrkh,37,50,43,22,42,39,42,65,37,51,42,71
tdrp,183,222,168,238,194,239,144,190,152,194,193,156
tead1,194,109,167,117,213,124,169,96,225,82,183,177
tead2,22,53,34,75,48,62,46,30,157,22,29,28
tead3,101,130,139,102,124,154,118,109,131,94,150,123
tead4,6,11,11,2,14,8,8,6,15,3,10,7
tec,404,512,456,342,456,466,390,475,419,553,423,459
tecpr1,303,243,287,196,324,294,261,224,376,181,289,311
tecpr2,270,257,247,228,300,287,238,230,248,217,210,253
tecr,1830,2206,2180,1756,2349,2245,1846,2069,1989,1621,1641,1859
tecrl,0,0,0,0,1,0,0,0,0,0,0,0
tecta,0,0,1,0,0,0,0,0,0,0,2,1
tectb,5,7,5,2,4,2,4,1,5,1,3,3
tef,1699,4128,3370,3586,6031,3865,4582,2997,5539,2615,4733,2245
tefm,282,358,366,275,327,305,277,231,260,256,254,228
tek,678,581,708,428,780,499,464,380,487,410,567,394
tekt1,0,0,0,0,1,1,1,0,1,0,2,0
tekt2,4,0,0,0,2,1,1,0,1,1,2,0
tekt3,0,0,0,1,1,0,0,0,0,0,0,0
tekt4,0,0,0,0,0,2,0,0,0,0,0,0
tekt5,1,0,0,0,0,0,0,0,1,0,0,0
telo2,142,144,152,106,164,150,145,142,145,78,135,125
ten1,48,64,41,47,61,43,53,42,46,39,43,50
tenm1,37,30,21,20,26,28,30,49,17,23,16,26
tenm2,0,0,0,2,0,1,0,0,1,0,0,3
tenm3,51,401,37,469,73,413,58,448,70,524,58,513
tenm4,9,1,11,7,12,5,17,4,20,15,11,15
tep1,468,399,574,297,567,407,457,407,443,294,475,502
terf1,211,245,263,221,258,238,197,245,269,250,241,211
terf2,131,136,188,116,143,166,151,106,162,113,116,137
terf2ip,256,307,341,307,351,380,284,251,315,258,291,257
tert,71,117,120,115,139,114,129,113,118,100,101,172
tes,146,98,144,81,138,118,134,62,125,45,216,66
tesc,6,7,12,10,12,14,24,2,11,8,16,10
tesk1,182,177,152,189,230,195,203,158,225,106,159,196
tesk2,313,364,371,346,422,403,391,361,369,343,367,337
tespa1,5,3,8,6,14,9,4,10,9,8,7,9
tet1,22,19,16,6,19,13,21,6,28,9,20,12
tet2,464,350,544,287,424,416,484,343,501,265,490,367
tet3,386,382,441,394,448,414,461,337,637,286,514,524
tex10,206,220,298,197,258,263,242,204,256,245,229,202
tex101,0,0,0,0,0,0,0,0,0,0,0,0
tex11,2,1,0,1,2,1,0,0,0,4,0,0
tex12,9,31,22,15,9,20,18,28,9,33,12,31
tex13a,0,0,0,0,0,0,0,0,0,0,0,0
tex14,10,11,14,9,16,10,16,5,6,10,10,11
tex15,5,2,1,1,2,1,5,2,3,2,3,3
tex2,3396,3576,3870,2927,3593,3805,2847,3413,2732,3202,2481,3383
tex22,1,4,3,0,1,0,1,0,1,1,0,0
tex26,2,0,0,0,0,0,1,0,0,0,0,0
tex261,1072,1271,1398,1111,1541,1279,1323,1123,1313,960,1070,1074
tex264,994,1029,1194,901,1269,1066,1064,941,1042,954,888,980
tex28,0,0,0,0,0,0,0,0,0,0,0,0
tex29,1,0,1,2,0,0,0,0,0,2,1,0
tex30,109,138,144,109,126,134,147,138,166,147,126,127
tex35,0,0,0,0,0,0,1,1,0,0,0,2
tex36,0,0,0,1,0,0,0,0,0,0,0,0
tex38,0,1,0,2,0,0,2,0,2,1,1,0
tex9,13,19,39,22,22,30,34,22,34,27,34,21
tfam,907,1026,1146,1061,1203,1147,1005,991,1107,1111,958,874
tfap2a,15,31,8,7,13,13,19,21,14,8,13,13
tfap2b,0,12,7,6,10,10,7,6,17,4,0,5
tfap2c,1,0,0,0,0,0,1,0,0,1,3,1
tfap2d,0,0,0,0,0,0,0,0,0,0,0,0
tfap2e,1,1,1,1,0,1,1,0,1,0,0,0
tfap4,53,63,78,57,57,73,72,53,71,47,54,47
tfb1m,197,206,265,205,215,214,186,162,165,199,164,177
tfb2m,598,707,804,646,775,807,714,603,682,694,660,628
tfcp2,136,106,159,138,152,155,112,127,112,106,119,119
tfcp2l1,171,137,145,135,167,183,142,177,154,188,137,219
tfdp1,402,499,493,480,537,590,417,402,439,367,381,390
tfdp2,519,586,692,640,592,560,571,506,711,459,622,517
tfe3,393,324,359,300,402,358,292,289,351,268,346,345
tfeb,107,168,170,154,190,157,183,122,168,103,142,116
tfec,159,93,102,94,155,84,108,106,140,95,93,61
tff1,25,30,37,36,41,42,34,35,19,27,23,32
tff2,17,573,21,746,48,542,262,217,1595,3,892,72
tff3,137,115,134,212,68,100,63,37,46,7,822,63
tfg,1014,886,952,892,1001,1246,770,958,732,926,796,790
tfip11,350,374,405,356,483,372,369,339,350,266,340,405
tfpi,418,236,367,203,429,243,345,208,342,208,363,210
tfpi2,1728,1760,1767,1165,1310,1837,1027,1934,1083,2292,944,1941
tfpt,104,141,155,142,124,178,121,126,136,115,91,102
tfr2,7152,6563,6527,6208,7244,7425,6666,6004,6431,5395,5179,6257
tfrc,860,940,585,742,1650,1265,776,904,736,779,783,591
tg,0,1,3,1,0,1,3,1,4,1,1,8
tgds,689,668,827,632,747,758,650,551,755,689,748,622
tgfa,286,440,398,364,372,454,265,358,337,315,300,393
tgfb1,135,73,113,67,171,87,119,67,140,52,104,94
tgfb1i1,35,20,34,24,39,26,24,18,40,14,31,33
tgfb2,36,15,41,20,59,20,45,16,45,15,41,26
tgfb3,87,49,89,45,92,47,77,46,99,52,78,87
tgfbi,1041,934,1020,863,1668,1031,1098,777,1086,761,1199,1012
tgfbr1,1263,1088,1569,1137,1712,1445,1451,1242,1486,1167,1361,1262
tgfbr2,913,921,1175,867,1653,823,1113,709,1235,603,1106,865
tgfbr3,444,416,456,486,628,452,547,340,501,308,499,473
tgfbr3l,29,33,41,28,33,28,27,39,37,33,44,41
tgfbrap1,521,672,679,601,727,657,581,535,632,449,524,643
tgif1,308,240,253,156,334,238,213,193,239,205,230,237
tgif2,51,38,54,34,63,42,46,23,38,28,52,30
tgm1,239,333,373,413,620,637,594,144,330,135,334,109
tgm2,3980,2984,3928,1963,4178,3715,3595,2652,3172,2396,2552,2800
tgm3,17,20,16,11,10,22,21,15,15,12,16,21
tgm4,14,8,13,17,11,6,10,8,15,9,9,3
tgm5,0,2,0,0,2,1,2,2,1,1,1,1
tgm6,0,0,0,0,0,0,0,0,1,0,0,0
tgm7,1,1,0,0,0,0,1,1,0,0,0,0
tgs1,348,348,396,303,398,423,370,302,339,325,365,318
th,0,0,0,0,0,0,0,0,1,0,0,0
thada,296,304,304,325,371,367,337,260,269,272,249,318
thap1,145,145,154,144,167,138,117,124,121,116,125,124
thap11,289,304,413,338,421,367,321,276,353,312,303,290
thap2,140,199,170,139,164,158,140,143,182,141,150,101
thap3,103,98,122,82,107,111,117,95,112,93,101,86
thap4,236,216,237,202,247,236,214,170,225,182,219,204
thap6,178,172,229,165,192,213,156,128,146,145,142,172
thap7,185,226,222,223,244,232,179,144,183,124,156,179
thap8,7,9,5,8,4,7,9,1,9,4,7,7
thbd,201,143,198,169,316,181,238,137,201,90,211,193
thbs1,380,121,319,151,417,284,548,170,359,187,292,411
thbs2,248,67,268,89,378,84,216,104,231,112,205,206
thbs3,17,15,21,16,35,22,27,10,22,6,35,28
thbs4,1,1,7,2,1,1,6,3,5,0,2,22
them4,328,405,344,304,395,378,331,403,439,478,385,392
them5,0,10,3,4,2,1,0,2,2,0,1,4
them6,36,39,41,26,45,47,44,26,22,20,24,49
themis,31,50,25,31,22,25,14,68,35,95,26,111
themis2,222,150,197,128,345,123,169,143,191,106,174,132
thg1l,49,54,80,61,78,86,62,55,79,68,61,74
thnsl1,161,162,159,136,170,216,128,103,113,97,152,114
thnsl2,970,1208,1285,1078,1301,1284,965,1191,1103,1216,924,1175
thoc1,701,721,780,652,785,854,611,731,640,724,653,642
thoc2,1174,1282,1469,1071,1434,1300,1294,1185,1141,1199,1227,1095
thoc3,520,567,607,487,714,593,543,432,468,443,481,472
thoc5,397,394,403,376,454,399,348,344,262,328,267,327
thoc6,114,114,135,90,127,120,123,130,121,105,98,105
thoc7,701,729,840,649,872,677,790,638,759,719,828,650
thop1,175,263,204,162,243,202,183,187,170,137,153,160
thpo,87,68,78,59,61,107,74,80,62,44,55,76
thra,262,212,248,152,264,217,218,192,235,200,226,274
thrap3,1805,1509,2343,1865,1980,1909,1702,1805,1970,1777,1733,1899
thrb,929,1063,1058,836,1252,1050,966,935,1105,1006,961,1049
thrsp,4028,15636,5718,2721,12460,6183,7273,12022,5891,6560,4058,4077
thsd1,82,85,86,61,121,84,68,61,104,53,60,63
thsd4,74,66,98,76,100,63,129,54,156,69,90,93
thsd7a,60,39,32,30,55,32,38,15,42,24,42,32
thsd7b,14,15,17,8,12,15,22,17,16,10,23,13
thtpa,520,650,618,518,598,632,487,534,488,526,455,548
thumpd1,433,486,577,510,610,613,448,463,437,443,387,404
thumpd2,70,66,81,49,68,64,50,48,64,56,67,59
thumpd3,493,542,577,505,622,656,524,438,525,520,484,437
thy1,33,19,31,14,38,29,23,31,30,22,30,52
thyn1,261,258,278,234,269,321,216,289,203,320,213,278
tia1,349,300,316,260,376,285,323,261,402,257,331,277
tial1,646,713,809,655,846,761,756,657,815,656,731,767
tiam1,69,43,53,39,111,39,87,48,99,32,74,43
tiam2,508,412,657,273,496,551,484,476,487,448,389,492
ticam1,197,165,178,211,260,261,167,169,174,124,200,154
ticam2,39,16,51,26,39,31,40,22,34,24,37,26
ticrr,11,9,10,5,8,9,15,14,13,11,6,8
tie1,412,342,364,301,578,307,389,236,408,183,413,251
tifa,1080,658,1205,514,918,1014,722,596,956,795,767,789
tifab,128,56,96,59,151,77,85,55,109,50,90,80
tigar,153,202,213,212,225,283,185,205,255,210,155,177
tigd2,345,354,505,360,412,387,363,283,422,342,370,345
tigd3,5,5,5,1,6,4,9,8,5,2,9,4
tigd4,4,3,8,3,3,4,7,4,7,2,5,5
tigd5,68,85,85,82,113,98,54,43,97,53,89,63
tigit,37,99,39,60,45,74,36,27,69,56,40,69
timd4,382,211,429,380,530,260,193,318,161,184,171,203
timeless,112,122,140,110,131,155,100,71,95,57,108,76
timm10,275,408,422,370,517,388,357,283,415,257,305,196
timm10b,483,525,570,495,579,565,450,453,515,414,453,395
timm13,793,1062,1036,839,1104,992,864,798,841,742,730,833
timm17a,645,850,933,861,927,908,863,673,838,699,799,675
timm17b,598,676,667,577,744,685,604,537,600,532,521,522
timm21,470,515,609,426,559,515,481,434,537,512,484,416
timm22,316,321,307,224,326,293,251,241,256,249,213,247
timm44,725,917,1099,863,1097,899,876,730,933,743,875,693
timm50,477,521,569,411,654,453,487,413,518,408,454,388
timm8b,986,1154,1168,920,1174,938,1036,982,1051,993,967,990
timm9,355,514,503,473,549,560,434,372,472,431,374,381
timmdc1,589,826,810,629,846,770,713,703,720,654,599,686
timp1,38,33,62,63,66,58,125,12,72,67,32,50
timp2,459,294,506,373,736,304,685,313,556,286,583,631
timp3,845,1102,1039,851,1690,845,1516,764,1539,704,1694,886
timp4,3,2,0,4,3,9,2,2,1,6,5,5
tinag,16,1,22,6,17,8,23,6,25,4,32,2
tinagl1,313,472,427,378,615,475,378,331,420,295,447,318
tinf2,172,248,236,251,238,292,218,202,250,219,213,222
tiparp,338,249,346,189,406,304,327,241,340,262,284,244
tipin,111,133,148,100,133,138,99,106,138,126,108,110
tiprl,355,391,472,378,465,466,371,396,431,417,424,357
tirap,449,515,545,542,534,729,485,468,443,419,398,419
tjap1,62,51,52,48,86,64,46,45,66,50,56,73
tjp1,1265,1189,1441,1046,1554,1279,1281,983,1329,991,1347,1095
tjp2,462,379,433,286,390,442,331,347,336,303,368,443
tjp3,452,218,365,216,238,238,195,226,171,228,185,331
tk1,325,739,588,456,780,337,757,474,829,356,784,388
tk2,361,284,384,309,410,331,331,294,335,277,306,361
tkfc,4046,5262,4618,4989,5288,5880,3657,4124,3689,3489,3676,3533
tkt,2592,2807,3008,2210,4041,2884,2606,2688,2816,2386,2431,2538
tktl1,0,0,0,0,0,0,0,1,0,0,1,1
tktl2,0,1,0,0,0,0,0,0,0,0,0,0
tlcd1,619,708,765,461,894,643,702,819,845,711,647,662
tlcd2,2020,2284,2371,1418,2167,2081,1498,2973,1664,2604,1328,2799
tldc2,0,0,0,4,0,0,2,0,0,0,4,0
tle1,767,1143,1087,1156,1196,926,1089,1254,977,1038,1105,1165
tle2,65,75,88,48,66,63,101,75,102,52,75,88
tle3,231,238,267,139,315,214,320,198,300,208,204,337
tle4,293,307,331,247,510,294,345,241,355,231,326,239
tle6,28,39,32,27,24,32,42,26,74,17,23,23
tlk1,1027,1077,1210,1051,1235,1005,1120,1059,1157,1125,1091,1209
tlk2,622,639,695,567,669,755,626,643,660,696,615,618
tll1,23,17,12,22,24,9,24,18,24,14,16,37
tll2,0,1,0,0,0,0,0,1,0,0,2,0
tln1,3512,2886,3523,2737,4310,3058,3223,2363,3093,2188,2765,3160
tln2,269,463,282,299,400,332,357,305,319,342,319,419
tlr1,149,47,112,53,164,64,132,96,151,59,111,61
tlr2,281,111,313,105,402,159,208,145,231,109,148,127
tlr3,176,155,234,110,237,188,177,134,200,134,169,165
tlr4,347,199,362,211,483,250,356,285,400,273,323,254
tlr5,33,96,56,100,70,138,81,106,39,115,34,157
tlr6,63,25,45,27,58,29,45,25,43,15,32,27
tlr7,230,126,174,93,278,125,183,118,193,95,162,123
tlr8,221,96,191,96,260,110,189,133,187,130,149,135
tlr9,17,7,11,5,23,4,19,10,13,8,16,26
tlx1,0,0,0,0,0,0,0,0,0,0,0,1
tlx2,0,2,0,0,2,2,0,0,0,2,0,0
tlx3,0,0,0,0,0,0,0,0,0,0,0,0
tm2d1,271,274,364,250,333,270,303,286,320,287,303,247
tm2d2,944,1073,1088,866,1184,1022,933,847,920,816,840,820
tm2d3,505,558,610,511,559,579,483,505,505,513,416,506
tm4sf1,498,390,546,263,561,319,476,420,468,421,470,498
tm4sf19,3,0,7,1,11,0,6,2,6,3,5,4
tm4sf20,3,1,4,20,4,10,6,4,2,3,667,1
tm4sf4,2957,1748,2194,1325,2100,1942,1652,1407,1988,1554,2112,1568
tm4sf5,6,0,8,12,6,1,5,4,7,5,374,3
tm6sf1,198,93,170,96,236,118,174,102,167,90,147,125
tm6sf2,389,355,294,298,458,437,300,400,332,389,477,329
tm7sf2,2053,2900,2489,2222,2840,2995,1814,2195,1957,1979,1817,2413
tm7sf3,1345,1518,1552,1254,1852,1604,1302,1297,1373,1198,1293,1305
tm9sf1,995,1102,1173,910,1286,1133,997,1025,1044,824,974,884
tm9sf2,3640,3845,3930,3736,4770,4624,3718,3246,3698,3323,3760,3207
tm9sf3,5670,5748,6400,5481,6586,6525,5527,5306,5371,5384,5408,5058
tm9sf4,856,944,1056,809,1123,1026,834,786,920,674,800,868
tma16,138,212,217,150,177,173,182,196,147,172,148,165
tma7,852,942,961,736,992,799,725,796,756,748,773,762
tmbim1,876,1032,1151,930,1216,1055,1049,831,959,788,956,966
tmbim4,980,1031,1207,797,1149,1119,932,942,977,1087,1003,902
tmbim6,18534,19971,21440,16431,25776,18970,18423,18200,19113,16508,17807,17148
tmc1,0,0,1,0,1,0,0,0,0,0,0,0
tmc2,0,0,0,2,0,2,1,2,2,1,1,1
tmc3,102,26,116,69,141,38,53,52,108,36,59,49
tmc4,28,29,25,27,34,27,37,33,67,25,142,22
tmc5,61,20,30,16,14,21,14,13,15,5,144,9
tmc6,188,129,190,145,273,166,226,123,232,106,184,137
tmc7,73,159,50,168,114,138,89,129,113,79,134,63
tmc8,40,31,45,25,44,24,43,29,41,19,52,31
tmcc1,963,1439,1068,1071,1343,1170,1194,1194,1313,1081,1205,1088
tmcc2,125,94,101,92,141,79,77,62,77,60,82,49
tmcc3,409,306,425,291,510,341,392,325,421,292,429,419
tmco1,1885,2089,2400,1700,2316,2021,1922,1719,1985,2032,1925,1672
tmco2,0,0,0,0,0,0,0,0,0,0,0,0
tmco4,254,289,312,303,456,340,329,287,375,230,333,252
tmco6,182,160,161,102,153,204,131,129,116,141,121,135
tmed1,239,241,356,264,367,324,267,227,322,249,239,281
tmed10,1933,1963,2166,1725,2251,2090,1766,1669,1822,1612,1810,1699
tmed2,5045,5453,5568,4536,6070,5670,4642,4426,4591,4542,4427,3897
tmed3,634,403,563,545,644,793,468,380,507,373,398,373
tmed4,811,1027,1061,980,1066,1111,882,940,939,875,901,883
tmed5,1782,2122,2304,2487,2277,2803,2156,1749,2024,2042,2110,1915
tmed6,3,155,6,227,10,179,97,75,459,5,9,14
tmed7,3994,3692,3947,3198,4240,3966,3414,3206,3274,2963,3227,3323
tmed8,168,165,220,161,257,240,256,185,220,153,253,149
tmed9,1324,1459,1224,1180,1244,1864,979,1127,833,963,878,1032
tmeff1,5,7,6,8,8,4,4,4,12,6,12,7
tmeff2,18,26,29,28,22,32,37,26,31,18,35,38
tmem100,16,22,9,20,20,2,16,5,11,5,11,10
tmem101,76,112,142,63,135,95,119,98,123,71,75,96
tmem102,103,125,142,115,139,149,92,102,100,88,107,107
tmem106a,232,177,278,151,320,150,226,125,186,145,215,196
tmem106b,6851,6552,8530,6463,8740,7605,7104,6170,8360,7238,6763,6643
tmem106c,281,251,270,201,311,234,228,236,296,231,232,242
tmem107,25,33,29,28,45,41,25,15,22,15,28,20
tmem108,17,4,6,7,11,5,12,10,7,6,4,9
tmem109,331,399,342,290,407,371,350,341,363,277,286,329
tmem11,332,316,443,335,451,362,344,253,343,288,322,288
tmem114,0,0,1,0,0,0,0,0,0,0,0,0
tmem115,439,435,452,435,522,488,407,381,475,332,344,371
tmem116,6,13,7,13,10,8,12,7,17,5,7,4
tmem117,6,6,3,7,5,3,2,4,6,3,28,10
tmem119,76,39,69,71,133,55,156,43,95,31,87,71
tmem120a,863,1091,997,915,1021,1219,826,607,789,663,909,668
tmem120b,42,97,95,89,120,116,90,60,76,63,67,62
tmem121,0,1,1,0,2,0,0,0,0,2,2,0
tmem123,1178,932,1241,745,1401,997,1101,924,1077,936,998,1006
tmem125,77,85,115,97,101,151,87,107,76,73,90,97
tmem126a,657,825,868,656,941,753,767,646,769,762,722,671
tmem126b,666,754,780,662,906,721,716,669,752,703,704,598
tmem127,969,942,1169,950,1307,1088,1045,872,1079,816,949,991
tmem128,444,357,546,343,507,412,408,401,448,414,444,387
tmem129,330,424,441,345,504,474,336,281,387,266,314,311
tmem130,7,11,11,10,5,12,4,7,7,8,7,7
tmem131,558,561,580,551,681,518,613,472,703,403,615,690
tmem132a,68,51,65,42,83,58,63,55,74,26,57,46
tmem132b,5,0,1,3,5,1,0,3,7,0,6,2
tmem132c,3,5,4,3,1,0,4,1,2,0,3,3
tmem132d,5,3,8,6,8,7,10,5,13,8,16,6
tmem132e,92,76,80,54,103,48,76,39,83,36,83,54
tmem134,491,626,514,579,696,568,476,561,508,523,496,500
tmem135,2056,2065,2509,1540,2493,2096,1860,2046,1915,2138,1817,2116
tmem138,37,35,37,28,43,55,35,29,38,32,27,27
tmem139,4,2,3,2,0,1,1,0,4,3,29,0
tmem140,847,616,839,467,719,588,485,507,639,554,611,589
tmem141,376,239,350,145,336,241,265,258,275,215,229,256
tmem143,339,399,404,381,437,356,323,263,319,268,324,319
tmem144,78,132,124,91,102,131,89,140,88,129,90,130
tmem145,0,0,0,0,0,0,0,0,0,0,0,0
tmem147,1427,1701,1766,1203,1642,1531,1275,1524,1255,1345,1038,1398
tmem14a,109,138,111,88,161,101,158,108,119,160,129,90
tmem14c,2115,2692,2637,1776,3230,2296,2243,2244,2259,2137,1998,2085
tmem150a,1119,1196,1268,693,1367,831,1296,1114,1209,839,948,1067
tmem150b,8,4,7,9,11,5,7,3,6,2,41,9
tmem150c,6,7,12,14,13,12,10,8,7,12,15,20
tmem151a,10,8,17,23,32,24,43,6,26,16,17,21
tmem151b,4,9,6,4,7,8,4,6,9,8,5,5
tmem154,44,18,34,17,45,41,46,30,36,24,41,44
tmem156,18,7,7,8,19,9,10,11,8,5,9,11
tmem158,10,7,7,10,7,7,10,7,4,2,3,7
tmem160,290,310,330,256,339,249,286,255,273,275,209,267
tmem161a,313,291,357,290,334,328,316,322,268,240,287,272
tmem161b,221,285,303,266,263,297,233,233,283,244,337,257
tmem163,7,0,12,6,7,7,6,10,18,9,11,6
tmem164,387,219,418,236,474,232,391,238,433,183,381,227
tmem165,318,227,380,209,424,293,345,238,352,247,330,332
tmem167b,1072,958,1172,883,1132,1136,893,819,825,880,873,871
tmem168,863,873,1157,818,1001,952,861,817,820,952,753,872
tmem169,3,6,7,1,3,3,4,4,2,2,2,7
tmem17,15,4,23,12,26,9,17,28,15,26,18,21
tmem170b,562,790,775,682,827,804,660,707,840,675,639,768
tmem171,2,0,2,3,0,1,1,3,1,0,8,1
tmem174,0,0,0,0,0,0,0,1,0,1,0,0
tmem175,221,235,260,191,219,180,171,205,215,136,209,193
tmem176a,5046,2668,4403,2398,4764,3006,2992,2637,2964,2333,2303,2392
tmem176b,7444,3778,6707,3432,6827,4370,4733,3496,4691,3161,3583,2910
tmem177,186,217,245,181,234,241,175,180,166,178,149,183
tmem178b,9,5,16,23,8,19,23,10,15,13,7,11
tmem179,0,0,1,2,3,0,1,0,0,1,1,2
tmem18,347,465,564,388,510,537,422,390,399,427,379,401
tmem182,1,0,1,1,0,2,0,0,0,4,2,41
tmem183a,2441,3040,3336,2637,3374,3195,2902,2597,2800,2638,2702,2520
tmem184a,156,206,220,205,225,237,183,174,252,193,198,212
tmem184b,140,252,204,205,293,249,234,181,271,124,182,231
tmem184c,458,364,489,240,488,383,378,308,356,272,310,347
tmem185b,206,239,293,197,281,279,209,215,214,173,206,202
tmem186,250,308,346,275,401,381,300,230,269,235,192,253
tmem19,1856,2571,1630,2048,1652,2932,1534,2515,1592,2259,1185,2274
tmem190,2,4,2,1,3,5,1,8,3,2,2,2
tmem192,155,157,208,138,208,184,147,143,183,129,174,165
tmem196,0,0,1,0,0,0,0,0,0,0,0,0
tmem198,0,0,0,1,2,0,0,0,0,0,2,1
tmem198b,46,61,70,53,93,72,71,44,106,50,62,65
tmem200a,1,0,7,3,2,3,0,0,2,2,1,0
tmem200b,96,41,79,31,115,42,84,43,81,27,87,26
tmem200c,0,0,1,0,1,0,0,0,3,0,0,0
tmem201,167,252,260,219,265,229,235,194,245,132,234,217
tmem202,2,0,6,1,3,0,1,2,5,2,4,0
tmem203,88,95,108,85,122,106,120,84,88,83,108,103
tmem204,319,393,382,311,494,316,327,343,363,264,361,316
tmem205,7152,8879,8767,6838,8710,8111,6910,7134,7202,7313,6583,7013
tmem207,2,0,2,0,1,0,1,2,2,2,1,0
tmem208,763,831,980,680,866,801,703,698,705,677,733,634
tmem209,301,311,391,268,361,361,292,276,320,289,256,278
tmem210,0,0,0,0,0,0,0,0,1,0,0,0
tmem212,0,0,0,0,0,0,0,0,0,0,0,0
tmem213,0,0,0,0,0,1,0,0,0,0,0,0
tmem214,1113,1213,1100,1085,1180,1462,905,950,945,724,762,848
tmem215,7,5,1,0,6,2,2,3,2,3,1,4
tmem216,72,84,84,68,87,95,73,69,64,67,61,55
tmem217,0,0,1,0,0,0,0,0,0,0,0,0
tmem218,75,64,108,45,69,46,53,69,52,70,62,90
tmem219,547,729,659,550,731,695,618,666,680,746,575,595
tmem220,173,221,228,132,239,187,182,155,177,194,181,177
tmem221,21,9,12,12,20,6,11,10,30,6,10,14
tmem222,339,447,438,374,479,396,361,379,390,300,355,376
tmem225,0,0,0,0,0,0,0,0,0,0,0,0
tmem229a,45,37,35,16,51,45,50,19,38,27,53,25
tmem229b,74,59,75,47,105,59,80,48,75,37,119,50
tmem230,307,336,402,264,382,361,323,265,278,306,292,336
tmem231,10,3,8,8,18,8,10,4,22,4,14,5
tmem232,0,0,0,0,0,0,0,0,0,0,0,0
tmem233,0,0,0,0,0,1,0,0,0,0,0,1
tmem234,942,993,1122,888,1126,923,960,775,965,777,924,776
tmem235,0,0,0,2,0,0,0,0,0,0,1,0
tmem236,1,8,9,4,2,9,7,10,2,3,198,5
tmem237,95,67,95,42,104,59,97,50,96,66,70,61
tmem238,167,244,225,187,228,159,195,172,206,179,162,178
tmem239,1,4,1,1,0,0,1,3,3,1,2,0
tmem240,5,6,2,5,11,7,9,5,4,2,10,7
tmem242,771,822,901,619,906,722,674,708,713,732,706,653
tmem243,1119,1245,1142,1174,1249,1303,1007,920,1071,1034,1048,1045
tmem245,668,877,925,916,970,901,963,786,1246,832,957,1205
tmem247,0,0,0,0,0,0,0,0,0,0,0,0
tmem248,1180,1087,1070,1388,1429,1702,943,1044,1024,1017,827,1009
tmem25,344,591,490,357,636,405,442,454,589,414,513,417
tmem252,12,14,15,13,20,10,19,19,21,21,34,11
tmem253,32,37,29,20,17,44,29,28,35,26,45,27
tmem255a,21,9,36,22,28,14,34,13,32,13,32,29
tmem255b,3,1,2,2,5,0,2,4,4,4,5,4
tmem256,1288,1665,1448,1154,1623,1442,1370,1344,1320,1416,1197,1355
tmem258,832,906,967,648,919,795,652,751,682,679,725,653
tmem259,1003,1032,1213,1084,1269,1166,1196,920,1336,804,1043,881
tmem26,173,83,144,122,191,69,85,122,114,69,66,83
tmem260,545,654,705,528,720,623,563,588,545,517,503,598
tmem263,318,297,370,284,341,458,294,248,262,241,356,274
tmem266,15,22,9,14,31,18,15,23,23,10,30,18
tmem33,1544,2179,1747,1491,1741,1998,1572,1613,1375,1548,1298,1356
tmem37,687,1007,632,648,888,840,747,821,678,687,575,760
tmem38a,46,43,53,28,49,51,59,43,60,50,41,113
tmem38b,6033,5201,5596,4034,5935,4878,4125,5427,6208,5391,6960,11678
tmem39a,216,218,197,326,368,490,196,299,231,235,163,199
tmem39b,31,39,46,34,45,34,24,27,32,18,22,43
tmem40,7,1,3,1,6,0,1,1,2,1,1,4
tmem41a,120,154,132,147,144,171,162,88,133,93,127,69
tmem41b,670,829,809,675,917,998,717,923,793,916,703,697
tmem42,101,134,145,109,137,115,115,120,109,117,103,112
tmem43,347,249,346,236,423,362,318,193,263,215,287,245
tmem44,58,46,66,48,62,67,52,37,55,27,54,51
tmem45a,29,12,21,19,28,12,34,10,21,13,23,18
tmem45b,15,9,4,16,18,13,12,23,13,43,246,21
tmem47,267,191,279,174,381,195,250,155,253,157,277,192
tmem50a,1355,1465,1616,1178,1792,1494,1550,1229,1605,1139,1390,1196
tmem50b,116,97,128,128,188,161,132,113,156,114,133,106
tmem51,271,187,261,156,269,218,222,148,253,124,188,167
tmem52,0,1,0,1,0,0,0,0,1,0,1,5
tmem52b,1,3,5,2,1,1,4,3,3,4,2,1
tmem53,269,286,309,273,415,287,322,269,345,335,285,307
tmem54,4,2,0,5,0,0,2,1,2,4,105,4
tmem59,3736,3811,4403,3457,4686,3879,3886,3277,4049,3361,3884,3184
tmem59l,0,0,0,2,0,0,0,0,0,0,1,2
tmem60,222,252,279,237,333,261,260,201,295,231,254,184
tmem62,361,388,405,336,331,506,284,310,300,293,245,321
tmem63a,273,317,347,286,376,292,312,293,365,242,291,300
tmem63b,599,918,870,776,1064,789,910,777,1081,672,836,857
tmem63c,0,2,0,0,0,0,2,0,0,1,1,0
tmem64,848,825,962,767,1033,916,834,921,955,898,788,938
tmem65,286,174,328,234,380,228,301,215,301,217,337,250
tmem67,119,131,154,88,111,152,124,94,106,106,91,147
tmem68,229,263,330,261,306,256,263,251,283,262,305,236
tmem69,257,281,297,225,272,324,237,233,238,197,254,220
tmem70,837,856,942,729,995,870,801,687,835,771,808,731
tmem71,124,41,107,39,119,50,65,56,79,49,58,59
tmem72,3695,4200,4417,3547,4239,4615,4417,4099,4975,3495,4583,4562
tmem74,1,0,0,0,0,0,2,0,0,0,0,0
tmem74b,2,0,1,4,1,2,0,2,2,2,0,1
tmem79,24,25,37,29,35,33,25,34,28,29,42,23
tmem80,122,149,177,100,128,114,99,105,141,95,105,123
tmem81,36,38,55,36,59,32,31,47,54,25,33,30
tmem82,223,268,301,234,258,286,233,218,242,207,244,179
tmem86a,211,132,232,130,284,149,227,140,266,110,196,164
tmem86b,630,733,709,523,723,645,559,567,503,582,526,617
tmem87a,498,425,593,396,534,491,497,427,533,456,501,451
tmem87b,751,820,924,887,1015,1106,886,763,938,733,907,763
tmem88,51,71,72,52,79,49,74,45,63,38,61,49
tmem89,0,0,0,0,0,0,0,0,1,0,3,0
tmem8b,28,34,32,39,41,34,29,25,28,22,39,32
tmem9,279,273,331,262,384,264,262,236,350,222,264,269
tmem91,4,16,9,9,9,13,15,14,19,7,8,7
tmem92,1,3,3,4,0,1,1,4,1,1,9,3
tmem94,467,417,501,338,600,399,487,405,530,327,457,473
tmem95,1,0,2,0,0,0,1,0,0,1,0,0
tmem97,1634,2251,2070,1704,2431,2138,1673,1721,2172,1754,1581,1529
tmem98,112,96,90,89,123,124,91,116,124,146,156,154
tmem9b,452,504,549,373,535,442,441,404,476,414,411,423
tmf1,1558,1662,1804,1570,1892,2031,1574,1435,1723,1444,1483,1332
tmie,321,271,353,165,163,217,126,246,120,252,110,290
tmigd1,7,11,9,10,0,13,18,5,8,13,5,12
tmlhe,418,404,522,292,545,370,359,333,465,393,481,343
tmod1,3,11,11,6,3,9,5,3,7,4,6,11
tmod2,12,16,17,22,17,15,14,10,20,12,25,18
tmod3,898,749,956,677,1017,902,787,755,761,766,847,709
tmod4,5,3,12,1,4,2,1,4,5,6,2,47
tmpo,1093,1167,1246,1083,1554,1416,1161,1083,1151,1049,1066,1070
tmppe,106,126,160,156,168,160,160,122,177,96,151,146
tmprss11a,63,76,65,47,52,45,31,48,35,77,75,94
tmprss11b,43,45,60,35,41,60,46,38,45,36,46,36
tmprss11d,7,12,11,5,6,10,13,10,17,3,11,11
tmprss11e,0,3,0,1,0,0,1,1,1,5,2,3
tmprss11f,1,0,0,0,0,0,0,0,1,0,0,0
tmprss12,0,0,0,0,0,0,0,0,0,0,0,0
tmprss13,2,0,5,0,1,1,1,2,0,1,0,0
tmprss15,0,0,0,9,0,0,2,0,0,0,771,0
tmprss2,176,76,106,81,62,117,77,64,92,67,222,90
tmprss3,0,0,1,1,2,2,3,0,1,0,1,1
tmprss4,37,29,35,37,32,18,12,19,21,14,138,23
tmprss5,0,1,1,3,1,0,0,1,1,1,2,0
tmprss6,7102,8323,8770,7177,9722,7933,7859,8151,8289,6740,6617,7929
tmprss7,0,0,0,2,0,2,0,2,0,1,3,2
tmprss9,6,9,8,5,9,8,8,7,9,4,6,12
tmsb10,286,178,342,179,461,174,327,238,350,206,343,246
tmsb15a,0,0,1,0,0,0,0,0,0,0,0,0
tmsb4x,7974,3229,7768,3328,9132,3570,5472,4871,6080,3808,5415,4250
tmtc1,114,97,93,105,141,95,128,80,138,65,110,94
tmtc2,140,196,151,306,250,298,177,121,299,156,257,197
tmtc3,289,318,401,315,427,336,367,324,420,331,327,290
tmtc4,119,152,170,132,206,151,142,153,186,127,192,119
tmub1,99,106,118,90,121,113,101,84,101,63,102,95
tmub2,476,445,496,431,596,454,445,404,447,392,449,418
tmx1,1311,1323,1539,1167,1483,1480,1183,1191,1149,1264,1213,1181
tmx2,1011,1456,1363,870,1213,1312,959,1083,930,1180,853,1048
tmx3,909,786,1024,676,1028,900,910,916,982,923,941,956
tmx4,696,1032,1293,1004,1052,1201,1069,904,1013,886,772,945
tnc,247,54,219,42,306,115,186,44,186,44,192,108
tnf,24,8,28,9,39,16,19,10,22,7,11,14
tnfaip1,851,713,824,619,1022,801,698,604,772,538,742,645
tnfaip2,712,431,755,287,811,608,530,396,579,392,390,570
tnfaip3,189,88,242,115,301,139,207,121,214,88,147,154
tnfaip6,8,6,5,2,3,9,8,8,13,3,13,9
tnfaip8,249,124,209,122,330,123,218,144,247,129,187,185
tnfaip8l1,384,536,538,601,448,769,369,483,255,583,315,616
tnfaip8l2,117,37,95,52,160,68,77,47,92,49,52,64
tnfaip8l3,11,18,40,9,23,20,24,16,28,23,34,25
tnfrsf10b,56,41,65,35,49,39,68,29,67,38,73,47
tnfrsf11a,70,54,89,59,127,73,84,69,104,56,134,78
tnfrsf11b,188,155,195,139,254,173,189,114,146,127,160,152
tnfrsf12a,65,83,91,116,91,169,93,102,100,77,73,76
tnfrsf13b,31,11,35,10,47,9,33,20,29,26,36,22
tnfrsf13c,28,33,37,16,39,33,41,53,35,33,44,37
tnfrsf14,77,61,84,53,110,73,69,61,90,72,64,89
tnfrsf17,3,1,0,1,3,0,2,2,0,2,6,9
tnfrsf18,17,19,28,10,19,19,23,18,16,15,21,29
tnfrsf19,166,139,264,114,373,157,169,215,232,193,222,213
tnfrsf1a,1108,992,957,898,1266,1374,872,761,961,679,818,828
tnfrsf1b,952,805,816,713,1195,749,775,672,990,520,894,837
tnfrsf21,256,152,222,159,303,175,188,179,214,143,231,178
tnfrsf25,3,10,6,4,4,8,9,10,4,6,3,5
tnfrsf4,1,7,6,1,2,7,12,5,4,5,3,10
tnfrsf8,2,1,5,0,4,1,4,7,1,4,1,7
tnfrsf9,5,2,5,3,3,6,6,7,8,3,3,1
tnfsf10,240,262,380,180,412,305,287,199,371,175,351,212
tnfsf11,1,0,1,2,2,0,5,5,2,2,0,1
tnfsf12,97,93,105,102,151,97,116,66,123,60,86,62
tnfsf13,87,63,62,31,69,44,58,39,62,36,95,46
tnfsf13b,18,21,25,16,14,16,22,6,24,15,29,19
tnfsf14,11,11,8,5,12,11,9,8,6,6,7,7
tnfsf15,7,6,18,5,11,9,6,18,12,18,7,9
tnfsf18,2,1,0,0,2,0,2,0,1,1,2,1
tnfsf4,0,0,0,0,0,0,0,0,1,0,0,0
tnfsf8,5,1,3,1,5,1,7,7,11,10,7,13
tnfsf9,2,0,2,0,3,0,9,6,3,2,4,3
tnik,83,87,102,89,113,95,87,132,107,80,214,121
tnip1,220,148,219,126,289,160,217,140,180,110,168,169
tnip2,155,110,189,139,145,178,134,124,151,87,132,113
tnip3,27,5,34,17,58,12,41,12,43,14,25,41
tnk1,3,7,4,3,5,7,7,3,13,1,21,3
tnk2,207,176,207,171,170,219,157,241,204,144,148,252
tnks,677,805,783,715,821,806,748,626,789,600,760,802
tnks2,2170,2210,2941,2032,2715,2265,2264,2232,2637,2234,2468,2172
tnmd,0,0,1,0,0,0,0,0,0,0,0,3
tnn,0,0,2,0,0,2,1,0,0,0,0,1
tnnc1,8,26,20,13,18,15,27,6,26,4,20,41
tnnc2,7,4,62,0,0,17,0,0,0,0,0,506
tnni1,0,1,6,0,0,2,2,5,0,1,18,28
tnni2,11,2,90,1,8,11,5,0,2,2,3,578
tnni3,5,3,3,3,3,1,2,3,5,4,7,2
tnni3k,0,0,0,0,0,0,0,0,0,0,0,0
tnnt1,12,13,28,19,38,18,10,18,15,23,14,56
tnnt2,26,34,18,18,29,25,24,29,45,25,53,22
tnnt3,7,13,156,0,0,31,1,1,1,0,2,975
tnp1,0,0,0,0,0,0,0,0,0,0,0,0
tnp2,0,0,0,0,0,0,0,0,0,0,0,0
tnpo1,3513,3615,4521,3202,4545,3973,3795,3493,4036,3823,3676,3677
tnpo2,859,877,1086,854,1036,922,822,783,895,710,781,884
tnpo3,1279,1414,1567,1309,1487,1659,1397,1276,1287,1271,1253,1223
tnr,22,21,28,15,10,20,25,12,30,22,12,7
tnrc18,366,291,313,319,428,345,336,330,463,211,371,492
tnrc6a,900,994,1222,867,1022,1008,954,928,1198,861,1120,1009
tnrc6b,1208,1279,1459,1318,1444,1369,1416,1264,1706,1190,1335,1631
tnrc6c,424,488,555,427,634,479,469,447,629,383,556,484
tns1,1255,1640,1319,1337,1652,1499,1535,1194,1578,952,1318,1570
tns2,677,678,805,629,776,876,725,665,859,560,663,1056
tns3,1100,1163,1368,993,1883,1120,1607,937,1586,803,1578,1211
tns4,30,20,19,17,37,22,23,10,25,10,34,13
tnxa,0,1,0,0,0,0,6,0,0,0,1,1
tnxb,496,346,357,321,669,312,695,275,705,232,758,533
tob1,1346,1420,1533,899,1580,1359,1598,1369,1789,1245,1630,1382
tob2,558,786,565,744,923,799,556,666,1001,528,679,503
toe1,199,219,275,208,249,283,208,234,204,235,171,231
tollip,929,1280,1235,1109,1538,1214,1225,1059,1279,931,1090,1114
tom1,386,505,451,427,509,493,437,431,502,365,342,403
tom1l1,481,652,721,565,686,650,551,596,654,625,676,541
tom1l2,480,565,614,538,606,630,465,522,534,437,530,586
tomm20,1486,1676,1730,1419,2067,1615,1548,1281,1453,1302,1502,1222
tomm20l,0,1,0,1,1,0,1,1,0,0,2,0
tomm22,888,1015,1078,889,1101,1034,916,803,912,804,878,792
tomm34,206,218,242,139,257,205,182,159,213,162,186,206
tomm40,456,656,512,512,701,611,579,371,502,309,434,374
tomm40l,465,693,523,445,691,538,567,409,624,405,517,464
tomm5,513,582,680,492,799,523,551,471,593,495,608,491
tomm6,743,846,842,682,892,826,691,723,695,609,622,605
tomm7,1271,1357,1610,1164,1542,1303,1167,1266,1177,1406,1258,1217
tonsl,845,808,1053,671,999,819,816,667,828,642,763,694
top1,1417,1553,1389,1389,1911,1798,1484,1432,1334,1286,1292,1145
top1mt,383,296,387,275,412,360,255,233,274,296,248,280
top2a,286,251,479,276,435,270,344,304,313,208,430,246
top2b,2130,2006,2536,1987,2641,2259,2329,1814,2247,1848,2289,1760
top3a,110,163,180,137,187,179,156,132,178,123,125,171
top3b,505,435,562,430,499,607,423,422,462,408,408,421
topaz1,0,0,1,0,0,0,0,0,0,0,0,0
topbp1,417,433,491,382,527,468,411,402,405,361,428,415
topors,926,1054,1241,912,1052,1192,943,924,1060,1099,939,930
tor1a,665,867,884,798,1161,920,995,724,942,799,865,769
tor1aip1,912,907,1044,854,1213,1103,946,846,1079,825,914,958
tor1aip2,3707,4519,4876,3836,4638,4860,3911,4006,4057,4172,4068,4225
tor1b,719,1091,1096,1089,1239,1354,1134,902,1045,959,948,906
tor2a,679,557,711,515,776,671,579,545,645,514,549,565
tor3a,213,124,203,131,302,155,168,132,185,133,155,126
tor4a,243,150,219,138,321,161,199,137,190,113,182,153
tox,21,88,12,75,24,64,37,64,60,68,33,43
tox2,2,0,0,1,0,0,4,2,5,0,4,4
tox3,2,1,1,1,2,3,0,0,3,1,9,2
tox4,979,973,1139,1032,1247,1303,929,866,954,862,928,825
tpbg,3,0,3,11,6,2,4,3,9,5,7,6
tpbgl,113,175,98,129,171,136,120,73,143,60,126,114
tpcn1,418,550,523,489,609,529,527,397,447,270,430,482
tpcn2,86,70,110,60,131,84,110,72,108,62,96,86
tpd52,517,369,518,391,581,529,485,333,560,335,706,349
tpd52l1,135,163,142,142,167,140,125,147,136,175,132,149
tpd52l2,893,1013,1006,798,1194,995,976,771,984,812,950,800
tpgs1,231,175,267,175,244,226,215,206,181,185,155,223
tpgs2,145,152,178,94,171,161,119,157,144,116,148,131
tph1,2,8,2,6,2,6,13,2,3,3,40,4
tph2,0,0,0,0,0,0,0,0,0,0,0,0
tpi1,8345,8888,8646,6491,8582,8411,7534,7908,6914,7795,6653,7594
tpk1,501,461,575,379,614,520,447,489,449,559,507,550
tpm1,900,654,861,481,925,726,720,552,775,454,1003,1145
tpm2,95,99,132,79,81,91,66,137,110,128,176,584
tpm3,1777,1578,1801,1331,2301,1725,1632,1479,1486,1330,1616,1434
tpm4,1043,665,1177,619,1265,877,1109,803,1042,777,967,793
tpmt,816,1063,985,812,839,974,739,952,766,1005,682,967
tpo,1,2,0,0,0,1,0,0,0,0,1,0
tpp1,1150,1290,1460,1147,1396,1256,1358,1066,1326,1048,1060,1188
tpp2,1551,1707,2029,1606,1995,1962,1727,1609,1738,1565,1580,1590
tppp,182,520,362,378,479,478,553,269,427,308,403,294
tppp2,0,1,0,0,0,0,0,0,2,0,0,0
tppp3,43,11,51,14,36,21,38,23,25,15,39,40
tpr,2876,2642,3312,2623,3343,3072,2728,2407,2963,2492,2774,2681
tpra1,311,278,390,308,379,279,328,220,303,176,292,219
tprkb,2932,3168,3981,2345,3962,3532,3027,2885,3279,3130,3148,3216
tprn,47,49,61,50,46,52,37,51,60,20,76,49
tpsab1,2,0,0,0,0,0,1,3,1,1,0,2
tpsb2,6,8,14,20,14,13,20,18,5,20,3,49
tpsg1,0,0,0,0,0,0,0,0,0,0,6,0
tpst1,318,502,457,452,491,502,485,442,496,365,445,410
tpst2,497,435,453,332,587,394,426,428,456,269,374,419
tpt1,14781,14583,16733,11866,16749,14729,13943,13110,16310,13089,14626,13484
tpte,17,10,11,5,9,8,13,10,9,3,18,4
tpx2,41,26,60,45,70,27,47,25,30,16,45,27
tra2a,656,527,530,315,478,532,490,503,402,425,497,388
tra2b,1110,884,1069,795,1263,992,969,1236,903,1111,928,1023
trabd,1758,1599,1626,1907,2094,2383,1684,1419,1670,1277,1324,1275
trabd2b,14,8,11,7,13,5,12,5,11,12,14,9
tradd,244,188,281,238,339,249,263,205,245,196,263,214
traf1,29,17,31,13,42,17,38,29,40,19,28,39
traf2,248,237,299,245,306,280,254,231,256,255,198,211
traf3,304,235,262,235,347,299,235,254,209,173,175,252
traf3ip2,72,63,72,56,65,71,73,43,76,55,59,82
traf3ip3,43,27,63,17,54,34,38,60,63,24,54,43
traf4,494,627,671,552,687,643,613,594,770,574,523,549
traf5,345,453,452,344,400,423,416,417,441,317,457,441
traf6,397,415,546,468,511,489,465,404,495,381,424,450
traf7,269,251,344,211,373,328,274,230,323,205,294,238
trafd1,839,786,1068,748,1066,799,851,740,1007,680,891,748
traip,9,5,8,10,13,12,5,6,7,14,10,11
trak1,792,1008,893,788,1201,1081,937,893,1048,786,933,1031
trak2,648,746,734,664,926,912,718,570,781,478,660,540
tram1,5055,5377,5198,4225,5341,5835,4090,5308,4121,4290,3870,4562
tram1l1,3,3,6,3,1,7,6,8,10,3,10,4
tram2,91,101,87,148,117,113,125,84,136,71,117,209
trank1,1,0,3,6,4,5,3,1,5,2,4,5
trap1,3035,3916,4028,3138,4057,3865,3241,3209,3412,3380,3291,3270
trappc1,559,558,682,392,636,578,500,442,504,499,445,478
trappc10,547,541,612,635,770,693,604,610,627,493,558,546
trappc11,1169,1376,1529,1089,1382,1436,1230,985,1034,896,1061,1052
trappc12,561,548,680,499,723,546,522,485,425,466,499,551
trappc13,904,1084,1034,857,1061,1142,860,826,761,854,773,777
trappc2,214,177,210,139,180,202,173,182,179,214,150,182
trappc2l,290,288,377,332,401,318,327,277,324,269,304,291
trappc3,727,731,863,651,828,774,579,658,709,608,617,605
trappc3l,0,0,0,0,0,0,0,0,0,0,0,0
trappc4,423,376,487,341,507,480,380,403,367,387,394,377
trappc5,399,470,472,410,507,484,385,349,398,329,374,366
trappc6a,244,236,251,183,257,221,211,176,215,162,181,201
trappc6b,492,533,586,493,635,550,524,475,468,483,499,434
trappc8,1400,1300,1604,1250,1528,1389,1325,1193,1279,1306,1303,1386
trappc9,299,313,305,260,365,290,278,257,307,180,270,318
trat1,1,3,2,0,3,1,0,6,1,3,3,2
trdmt1,201,160,140,125,196,135,191,252,135,116,157,154
trdn,2,2,8,1,1,6,0,2,1,1,2,63
treh,47,29,24,30,21,20,20,15,20,14,263,33
trem1,32,3,27,7,27,9,36,2,18,5,5,6
trem2,273,138,344,134,382,181,406,146,369,175,344,244
treml1,3,1,4,4,4,1,6,6,3,2,6,3
treml2,40,10,29,6,42,9,31,23,26,8,23,11
treml4,271,83,222,117,284,120,147,106,167,64,116,98
trex1,126,116,166,95,202,158,155,134,162,145,133,156
trex2,0,0,0,0,0,1,0,1,0,0,0,0
trh,0,0,0,0,0,0,0,0,0,0,1,0
trhde,32,92,91,32,54,42,38,131,41,130,34,161
trhr,8,5,5,9,7,7,4,7,7,7,10,6
triap1,270,283,304,230,311,313,227,208,241,220,243,200
trib1,718,848,713,622,832,752,701,729,746,619,723,815
trib2,75,80,64,50,129,69,78,69,99,43,86,78
trib3,201,77,207,131,114,174,61,110,193,132,149,158
trim10,33,4,11,4,10,6,7,3,4,4,2,4
trim11,283,357,417,309,430,408,391,264,387,231,339,325
trim13,68,53,79,35,55,49,52,50,44,57,46,69
trim14,280,282,367,250,327,337,234,213,227,225,204,307
trim15,2,4,8,2,4,4,9,3,8,1,34,3
trim16,13,19,20,19,15,18,25,10,39,14,24,23
trim17,20,27,52,22,25,26,33,25,27,12,18,23
trim2,1105,663,1001,671,688,900,617,673,569,681,633,846
trim21,240,236,328,222,302,311,262,294,299,242,240,251
trim23,677,582,831,496,686,618,549,545,590,595,603,615
trim24,453,553,555,616,770,643,592,457,751,433,691,378
trim25,1045,1145,1376,1414,1701,1667,1292,1036,1384,1044,1335,1245
trim26,496,543,630,468,727,601,540,501,608,450,533,512
trim27,340,360,394,436,487,455,325,289,396,293,340,301
trim28,987,1072,1086,1004,1510,1131,1128,885,1361,805,1152,928
trim29,0,0,1,0,5,2,3,0,2,0,3,4
trim3,152,132,206,158,198,199,176,125,182,121,173,142
trim31,0,0,0,6,0,0,0,0,0,0,119,1
trim32,190,149,210,151,218,200,176,182,169,168,150,147
trim33,621,616,742,618,812,642,602,669,690,605,678,636
trim35,257,170,239,165,381,178,289,154,274,150,211,203
trim36,19,6,17,15,22,11,22,16,21,11,31,18
trim37,380,426,485,304,513,375,442,296,394,277,437,298
trim38,1,1,0,2,1,0,0,1,0,1,5,0
trim39,247,225,240,238,253,365,215,226,288,202,221,197
trim40,0,0,0,1,0,0,0,0,0,0,24,0
trim41,502,548,499,506,684,522,568,401,573,342,515,381
trim42,0,0,0,0,0,0,0,0,0,0,0,0
trim44,1252,1179,1449,1084,1433,1246,1209,1023,1156,1034,1067,1019
trim45,18,27,32,17,34,23,21,17,14,13,18,14
trim46,6,5,4,7,5,3,4,2,14,6,6,1
trim47,131,94,113,64,184,87,134,66,108,46,108,75
trim5,111,88,116,75,97,69,94,103,112,88,90,103
trim50,1,1,2,1,1,4,1,2,3,1,2,2
trim52,28,29,47,29,29,28,32,28,39,25,40,33
trim54,0,0,1,0,0,2,0,0,0,0,0,14
trim55,0,0,0,0,0,0,0,0,0,0,0,4
trim56,761,822,948,701,1009,923,824,701,831,681,802,676
trim58,0,1,1,1,1,0,0,0,0,1,1,0
trim59,32,9,31,21,47,15,36,23,29,11,38,26
trim6,18,38,29,17,18,18,17,22,28,23,32,22
trim60,0,0,0,0,0,0,0,0,0,0,0,0
trim61,0,0,0,0,0,0,0,0,0,0,0,0
trim62,15,14,26,10,15,9,13,17,32,12,20,22
trim63,10,6,10,8,8,9,5,2,6,7,10,19
trim65,166,226,214,155,249,221,223,201,192,161,192,204
trim66,1,3,5,3,2,1,2,1,2,1,0,9
trim67,8,15,11,4,12,14,13,7,10,7,10,4
trim68,46,40,46,38,38,37,32,32,73,40,32,19
trim69,0,1,0,3,1,1,3,4,5,1,2,0
trim7,199,198,230,121,253,212,170,178,186,149,153,173
trim71,7,3,9,4,10,2,11,5,8,4,6,3
trim72,2,7,9,9,1,9,2,2,3,2,2,25
trim8,325,382,384,422,542,476,420,362,473,289,343,331
trim9,6,1,2,3,7,5,1,2,5,1,1,4
triml1,13,32,29,19,24,36,50,28,54,24,22,38
triml2,5,6,4,7,4,5,7,4,5,0,5,7
trio,686,568,749,590,680,672,682,571,697,478,605,747
triobp,267,303,386,282,425,305,289,253,333,213,288,264
trip10,106,130,147,120,161,128,155,97,152,82,150,99
trip11,1177,1167,1244,1186,1444,1532,1215,1138,1209,1095,1167,1127
trip12,3873,4332,4583,4141,4921,4561,4288,3731,4149,3557,3917,4283
trip13,19,15,33,28,29,19,28,12,28,11,24,17
trip4,1500,2035,2069,1861,1600,2338,1747,1748,1748,1917,1576,1950
trip6,238,188,255,251,288,255,256,219,244,179,226,231
triqk,17,13,12,12,15,6,3,8,24,20,15,21
trit1,200,329,320,289,249,339,220,225,229,248,212,220
trmo,73,89,120,97,94,135,76,90,103,97,74,91
trmt1,387,514,498,410,644,509,523,363,480,341,428,415
trmt10a,120,167,145,149,165,179,125,159,142,136,109,140
trmt10b,110,109,129,66,137,104,79,97,93,95,98,72
trmt10c,597,594,674,597,732,730,628,577,662,710,541,452
trmt11,228,193,269,198,306,272,212,229,208,243,212,237
trmt112,358,419,422,383,458,462,382,398,387,335,317,406
trmt13,84,81,138,127,107,134,121,86,98,128,116,102
trmt1l,374,475,376,362,473,503,365,340,349,313,301,320
trmt2a,335,356,369,335,475,399,336,257,321,253,282,310
trmt2b,889,974,1120,817,1172,941,974,928,1044,876,1007,890
trmt44,87,101,108,82,99,105,94,81,110,98,94,57
trmt5,150,196,197,158,201,264,161,177,146,184,133,152
trmt6,315,299,350,244,324,312,268,295,245,273,241,288
trmt61a,78,115,95,119,172,156,84,92,66,70,63,61
trmu,153,149,173,145,182,171,167,128,155,125,109,127
trnau1ap,481,410,544,340,550,335,453,387,486,419,443,399
trnp1,2,1,2,2,1,4,4,2,1,4,11,4
trnt1,690,702,939,681,926,815,679,705,817,806,744,692
tro,19,27,8,31,40,33,36,21,43,16,39,38
troap,1,0,3,3,4,3,4,1,1,0,1,1
trpa1,0,0,0,0,0,0,0,0,0,0,15,0
trpc1,20,12,21,22,27,14,24,20,20,15,25,21
trpc2,3,0,3,0,0,0,0,0,0,0,0,7
trpc3,9,15,18,18,24,11,16,14,21,9,13,11
trpc4,3,1,2,0,3,2,0,2,1,0,2,1
trpc4ap,1597,1660,1837,1526,1915,1933,1540,1402,1592,1333,1369,1590
trpc5,0,0,0,0,1,0,2,0,0,4,0,1
trpc6,15,5,4,3,9,5,6,7,9,6,6,8
trpc7,1,3,2,1,0,2,3,2,4,4,2,5
trpm1,6,2,4,7,5,2,11,11,6,7,2,4
trpm2,349,246,283,241,375,246,250,209,204,173,208,212
trpm3,0,3,2,2,4,3,0,2,5,0,2,1
trpm4,58,39,51,47,65,47,57,31,78,24,128,49
trpm5,2,6,5,1,3,7,5,3,7,1,14,2
trpm6,5,13,8,16,10,15,11,7,17,6,11,14
trpm7,1595,2014,2594,2050,2452,2242,2365,1748,2582,1877,2379,2003
trpm8,0,1,1,1,2,1,6,4,4,5,7,6
trps1,191,94,206,87,241,97,192,113,180,91,174,132
trpt1,51,55,60,63,57,61,62,38,62,53,53,49
trpv1,0,2,3,0,2,2,1,1,1,2,0,0
trpv2,98,58,83,49,128,50,79,65,83,50,62,66
trpv3,2,7,4,4,7,6,6,7,6,5,15,2
trpv4,19,10,22,8,27,22,12,17,12,13,19,17
trpv5,0,0,0,0,0,0,0,0,0,0,1,0
trpv6,2,1,0,3,0,2,2,2,7,1,54,0
trrap,872,781,966,775,1000,878,942,854,1066,731,934,1231
trub1,242,329,297,286,324,344,273,255,273,269,267,214
trub2,209,301,306,232,358,362,295,220,208,228,227,249
tsacc,41,40,50,31,55,41,26,37,40,45,42,24
tsc1,664,805,1059,569,695,685,642,684,883,623,712,823
tsc2,582,689,731,605,854,697,710,562,757,500,680,760
tsc22d1,1151,1195,1203,984,1185,1040,871,1585,952,1467,1080,2757
tsc22d2,539,626,654,649,579,593,629,615,731,496,658,649
tsc22d3,2430,3320,1472,2601,3906,2663,1744,1990,2522,1676,2236,884
tsc22d4,202,146,177,198,250,200,202,148,241,91,199,156
tsen15,104,150,146,111,184,156,100,149,106,107,119,116
tsen2,134,133,174,132,180,211,146,119,116,138,128,114
tsen34,487,467,507,393,685,413,523,442,484,366,462,374
tsen54,134,125,138,106,166,144,130,104,141,72,103,106
tsfm,216,231,222,197,276,273,194,215,207,170,170,166
tsg101,687,722,815,655,795,761,650,683,631,622,665,584
tsga10,85,52,74,39,77,57,64,63,74,47,74,65
tsga10ip,1,3,2,3,1,5,3,4,4,1,4,2
tsga13,1,1,1,1,2,0,1,0,1,1,3,1
tshb,19,16,14,16,12,23,19,22,15,8,18,16
tshr,1,4,0,2,6,0,1,4,1,4,0,0
tshz1,295,345,410,381,450,343,359,310,383,272,335,382
tshz2,376,317,308,311,394,357,313,271,344,229,325,338
tshz3,39,17,21,22,32,16,34,12,27,10,29,30
tsks,0,0,1,2,1,0,0,0,4,0,0,2
tsku,231,1668,347,1623,2301,1461,1235,1572,1688,1236,766,808
tslp,4,3,7,4,3,2,7,4,2,4,2,1
tsn,1105,1150,1360,1019,1262,1322,1005,957,965,966,929,922
tsnax,718,754,894,689,945,808,735,686,758,696,673,753
tsnaxip1,3,0,0,1,0,1,1,0,1,1,1,0
tspan1,2,5,5,5,2,2,3,2,5,2,32,5
tspan10,0,2,1,0,1,0,1,5,0,1,0,1
tspan11,0,1,2,0,1,4,0,1,1,1,1,1
tspan12,3764,4423,5370,4167,4995,4794,4206,4369,4738,4894,4388,4330
tspan13,72,39,48,57,90,49,58,57,92,37,200,46
tspan14,531,459,535,371,532,521,442,454,452,396,410,431
tspan15,154,103,107,93,149,126,98,70,120,67,167,103
tspan17,53,34,48,42,69,20,36,49,52,37,28,31
tspan18,86,85,87,53,89,81,72,80,96,55,86,92
tspan2,75,65,78,57,112,60,69,37,87,56,78,60
tspan3,128,88,152,108,223,123,170,121,164,102,349,118
tspan31,3321,4047,4162,3549,4092,4182,3274,3014,3200,2820,2972,2988
tspan32,63,23,47,17,56,14,47,32,53,26,40,47
tspan33,162,245,172,165,138,243,154,163,143,124,115,156
tspan4,907,1239,936,1160,1786,1433,1609,885,1290,685,1216,715
tspan5,25,24,35,43,72,46,54,28,85,29,61,34
tspan6,17,13,28,13,34,11,22,11,24,15,31,17
tspan7,626,548,620,420,799,488,513,309,561,327,597,317
tspan8,69,33,30,46,48,71,28,26,73,37,443,38
tspan9,841,856,871,666,897,883,754,701,781,542,672,710
tspear,3,0,3,3,3,1,0,1,2,2,2,0
tspo,1167,996,1169,954,1359,978,1033,1051,1087,978,916,977
tspo2,12,4,5,3,5,2,3,2,2,3,7,2
tspyl1,592,540,694,619,710,695,579,545,563,552,520,540
tspyl2,124,105,117,106,99,177,102,99,117,74,91,73
tspyl4,92,176,126,88,96,150,87,158,75,104,70,158
tspyl5,9,13,8,12,19,18,15,12,10,24,9,24
tsr1,403,555,566,510,622,832,447,517,393,510,378,410
tsr2,182,229,221,170,273,212,197,197,174,227,164,200
tsr3,238,282,314,236,282,298,222,248,196,224,182,238
tssc4,253,244,214,240,265,337,180,213,181,176,153,186
tssk2,0,1,0,0,2,1,1,4,0,0,5,1
tssk3,0,0,1,1,0,0,1,3,2,2,3,1
tssk4,3,5,3,2,6,0,5,2,4,2,2,3
tssk6,3,4,2,2,5,2,2,4,7,1,2,3
tst,3587,5442,4658,4014,5390,4216,3992,4164,3900,4221,3833,3874
tstd1,268,225,350,184,365,288,203,358,223,292,339,310
tstd2,474,478,540,470,621,576,473,439,509,414,436,428
ttbk1,3,25,9,8,7,11,7,10,8,8,3,14
ttbk2,268,235,389,217,290,257,221,217,273,226,233,256
ttc1,328,398,449,379,480,495,351,381,397,382,315,339
ttc12,19,7,28,12,21,5,22,11,23,10,16,24
ttc13,585,630,737,542,712,689,554,567,621,555,537,560
ttc14,877,851,1097,792,853,1052,925,808,863,792,809,861
ttc16,4,3,4,2,2,8,4,4,2,5,1,3
ttc17,481,623,577,512,668,663,557,497,601,473,572,569
ttc19,245,405,404,337,415,429,315,313,371,297,384,336
ttc21a,2,1,3,1,2,1,0,2,2,1,2,1
ttc21b,119,136,159,101,187,123,106,115,124,143,131,110
ttc22,2,0,2,0,0,0,1,1,1,1,12,0
ttc23,771,1259,1020,786,1499,841,1021,833,1188,840,1023,723
ttc23l,0,0,0,0,0,1,0,0,0,0,0,0
ttc24,0,0,0,0,0,0,0,0,0,0,0,0
ttc27,322,352,383,246,379,342,303,270,298,291,278,277
ttc28,81,67,72,46,117,47,80,38,102,37,78,89
ttc29,0,0,0,0,0,0,0,0,0,0,0,0
ttc3,870,793,954,811,1040,971,831,689,1045,891,916,853
ttc32,252,281,293,186,280,272,253,239,201,258,224,218
ttc33,603,591,757,520,633,716,563,520,512,576,439,523
ttc34,0,0,0,0,0,0,0,0,0,0,0,0
ttc36,8357,9771,9719,8010,11713,8798,8500,8023,8555,8144,8200,7928
ttc38,1601,2461,2337,1683,2579,2115,2014,1813,1998,1577,1776,1740
ttc39a,85,63,60,36,118,71,93,10,157,10,107,14
ttc39b,695,1307,1092,1229,1197,1544,1047,1318,1076,1263,1128,1184
ttc39c,5724,11159,10323,9742,9706,9747,10078,8615,8652,6525,8302,8759
ttc4,458,541,608,515,612,574,532,436,502,482,482,428
ttc5,225,213,241,147,229,188,229,169,216,192,197,214
ttc6,43,42,54,44,39,50,47,46,45,41,42,59
ttc7b,200,331,329,323,362,362,285,306,317,248,216,354
ttc8,113,114,122,92,130,111,118,118,109,110,109,121
ttc9,5,1,9,3,4,4,16,0,11,5,12,7
ttc9b,0,0,0,3,1,1,1,0,0,0,1,1
ttc9c,514,494,595,404,607,561,440,415,539,459,426,441
ttf1,308,326,336,248,325,350,283,227,272,205,282,219
ttf2,173,135,219,144,184,190,162,141,137,118,140,143
tti1,289,348,347,293,363,394,301,288,296,256,268,290
tti2,223,280,285,260,313,324,234,221,242,228,225,231
ttk,5,12,13,11,12,3,13,11,8,2,12,7
ttl,108,130,154,127,167,135,163,126,165,120,106,118
ttll1,88,82,88,53,65,84,69,55,64,53,54,69
ttll10,1,5,0,2,0,2,2,1,8,1,4,2
ttll11,2,2,6,7,4,11,8,4,1,4,1,2
ttll12,173,149,139,104,188,160,108,117,127,106,96,167
ttll13,9,18,13,10,19,18,10,14,11,12,12,18
ttll2,1,1,1,1,0,0,1,0,1,0,5,0
ttll3,30,27,25,23,35,24,26,25,35,16,42,22
ttll4,456,608,508,641,717,805,531,518,619,385,510,486
ttll5,219,245,263,265,324,265,263,198,300,211,268,243
ttll6,0,0,1,0,0,0,0,0,2,0,0,0
ttll7,84,94,115,78,143,100,99,76,95,78,92,83
ttll9,4,8,5,5,4,3,0,7,5,3,4,3
ttn,134,109,441,29,37,226,30,50,67,32,26,3134
ttpa,14166,11577,12330,11828,14077,15218,10059,11026,11513,14305,10576,10324
ttpal,601,537,557,586,632,853,570,531,492,380,429,433
ttr,108670,130374,141351,114338,152408,135521,126351,120109,131783,124736,112515,114662
ttyh1,44,131,86,92,62,108,63,80,111,64,54,67
ttyh2,1350,1432,1372,1339,1661,1483,1240,1385,1313,1042,1213,1374
ttyh3,155,97,114,93,175,87,137,74,161,62,153,125
tub,3,5,5,5,8,5,11,3,9,8,8,10
tuba1a,275,223,348,160,437,298,290,263,255,213,274,271
tuba1b,1456,1626,1872,1212,2115,1664,1511,1818,1495,1430,1274,1552
tuba1c,1777,2550,1596,1678,2383,3032,1295,2310,1337,1898,917,1694
tuba4a,1947,3947,2235,2224,2260,3525,1710,3682,1890,3316,1157,2826
tuba8,54,35,71,49,66,58,53,8,80,10,39,21
tubal3,1,1,2,5,2,4,0,3,5,4,94,2
tubb1,37,8,34,10,26,11,20,16,22,15,12,28
tubb2a,1224,757,659,464,461,1285,312,1555,339,1394,355,1214
tubb2b,6,2,12,4,13,7,11,10,10,5,19,17
tubb3,4,1,4,0,7,3,6,2,3,0,7,2
tubb4a,3,4,12,4,8,4,6,3,7,3,8,6
tubb4b,1775,2701,1605,2001,1801,3207,1078,2783,1097,2528,1066,2083
tubb6,219,176,283,196,297,332,278,160,262,134,156,150
tubd1,80,85,92,88,96,99,76,57,68,60,55,72
tube1,24,30,45,12,33,17,34,35,41,28,22,35
tubg1,331,421,371,301,390,397,328,302,331,248,238,313
tubg2,2,2,3,1,8,4,3,2,4,3,1,5
tubgcp2,244,268,348,231,324,265,250,239,230,254,241,304
tubgcp3,399,364,512,364,448,409,415,353,452,337,384,384
tubgcp4,538,589,605,449,573,526,510,490,538,455,494,493
tubgcp5,175,187,222,193,246,349,215,195,261,189,197,196
tubgcp6,285,343,349,332,362,448,348,317,361,241,288,298
tufm,1710,2257,2355,1705,2455,2049,1676,1573,1752,1442,1761,1574
tuft1,103,195,243,209,143,257,183,135,91,72,113,124
tulp1,17,15,7,1,4,26,9,12,14,12,23,13
tulp2,13,15,13,9,10,13,10,17,14,8,15,11
tulp3,83,41,81,58,70,75,68,49,75,44,78,63
tulp4,1096,1341,1311,1180,1516,1287,1432,1191,1471,1056,1225,1378
tusc1,34,33,40,36,40,38,34,32,32,24,31,34
tusc2,514,556,614,562,659,744,513,527,572,495,438,490
tusc3,271,279,342,282,401,302,342,320,362,317,319,295
tut1,240,250,281,314,274,331,249,247,244,197,208,209
tvp23a,15,15,16,9,15,14,6,11,17,8,15,11
tvp23b,652,535,677,491,736,586,595,566,593,611,586,527
twf1,1458,1251,1461,1294,1569,1711,1207,1079,1205,1130,1191,1132
twf2,139,97,155,75,196,86,130,91,121,81,115,130
twist1,7,7,15,10,12,10,9,9,6,9,10,7
twist2,5,1,3,2,4,2,1,0,3,0,5,0
twsg1,1019,957,1201,925,1348,1145,1163,895,1140,901,938,1106
txk,28,31,33,27,32,32,36,37,46,21,46,26
txlna,549,573,594,602,750,905,487,511,564,466,449,502
txlnb,12,8,17,4,13,8,13,16,14,6,8,47
txlng,702,826,885,729,915,1025,700,620,713,780,736,701
txn2,1639,2451,2147,1780,2406,2166,1880,1832,2007,1696,1840,1853
txndc11,564,570,654,692,840,902,511,639,618,516,582,515
txndc12,631,586,728,469,716,661,545,545,591,557,536,510
txndc15,1592,1813,1994,1458,1734,1737,1562,1719,1589,1765,1359,1710
txndc16,309,292,426,191,495,193,360,194,399,209,413,192
txndc17,1075,1090,1281,931,1242,1059,1074,946,1120,1048,1191,961
txndc2,0,0,0,0,0,0,0,0,0,0,0,0
txndc5,3378,3518,3173,2920,4245,4104,3198,3225,3010,2917,2959,2971
txndc8,0,0,0,0,0,0,0,0,0,0,0,0
txndc9,1092,1201,1245,1001,1196,1284,1021,1023,1035,1136,943,925
txnip,2254,3616,3128,1812,4029,2692,3085,2279,3276,3427,3006,2769
txnl1,2250,2589,2517,1978,2416,2708,1990,2309,1957,2592,1877,2077
txnl4a,223,297,300,233,276,288,217,221,229,236,202,187
txnl4b,213,259,247,200,289,261,220,226,234,241,231,182
txnrd1,2326,2803,2607,2638,3111,3364,2436,2445,2347,2221,2240,2097
txnrd2,412,455,521,408,566,484,455,529,490,459,468,446
txnrd3,142,190,178,151,241,194,182,195,183,167,151,184
tyk2,532,404,554,485,691,522,501,442,543,356,475,461
tymp,1888,1263,2164,1348,1104,1641,759,1418,839,1707,972,2171
tyms,327,340,398,285,421,374,340,338,335,305,380,364
tyr,3,9,10,7,10,8,11,5,10,6,7,12
tyro3,6,17,8,13,8,8,16,8,28,4,16,7
tyrobp,1424,605,1191,571,1656,610,1086,733,1204,534,811,732
tyrp1,0,0,0,0,0,0,0,0,0,0,0,0
tysnd1,764,818,680,788,893,872,638,620,613,577,609,562
tyw1,424,467,495,391,540,479,435,427,455,455,432,438
tyw3,37,46,48,32,40,52,41,33,41,25,32,22
tyw5,243,196,293,156,249,174,175,262,215,283,198,289
u2af1,690,821,794,680,748,962,602,684,586,669,498,563
u2af1l4,228,222,252,169,241,264,221,196,226,202,209,211
u2af2,795,956,1028,848,1225,961,790,840,786,754,806,768
u2surp,1141,1310,1573,1228,1541,1529,1290,1272,1323,1341,1284,1262
uaca,268,287,296,235,353,265,248,160,273,200,302,232
uap1,696,818,822,978,958,1229,709,943,696,926,622,758
uap1l1,253,126,257,138,321,146,255,138,300,119,271,132
uba1,3873,4095,4412,3490,4805,4330,3595,3545,3560,3274,3288,3504
uba2,842,819,932,705,1015,843,767,715,806,720,758,701
uba3,970,988,1082,871,1121,1136,898,915,912,980,910,854
uba5,787,942,768,641,866,959,631,715,633,701,566,625
uba52,4954,5957,5919,4945,6108,6039,4911,5081,5010,4911,4477,4824
uba6,510,401,524,400,536,577,399,415,379,437,430,405
uba7,435,350,455,293,560,381,393,347,403,274,419,316
ubac1,307,421,488,369,520,392,416,339,491,295,424,265
ubac2,408,479,471,437,566,501,425,427,468,357,373,401
ubald1,196,161,173,144,158,155,135,167,177,133,134,145
ubald2,468,371,531,376,516,406,387,349,384,315,388,355
ubap1,654,762,796,754,789,805,681,705,705,703,606,624
ubap1l,0,3,3,3,2,1,4,2,4,0,1,5
ubap2,142,185,163,146,197,174,176,129,180,118,151,193
ubap2l,792,827,865,695,922,860,885,690,863,636,763,855
ubash3a,14,7,10,1,10,7,8,10,12,7,8,14
ubash3b,104,59,110,80,182,67,113,56,134,73,94,71
ubb,9213,10379,9425,9635,10120,10906,8355,7025,8836,7266,9361,7557
ubc,27567,28244,20539,13177,28574,25399,25145,20985,11953,15133,17205,22418
ubd,48,13,33,12,39,21,8,33,37,19,24,19
ube2a,398,394,388,300,473,377,385,329,345,312,359,309
ube2b,1525,1552,1850,1309,1666,1517,1387,1419,1537,1656,1626,1733
ube2c,32,17,28,25,36,21,12,16,15,13,28,17
ube2d1,109,87,121,79,161,89,96,90,132,81,94,95
ube2d3,5783,6280,6868,5342,7090,6388,5921,5763,5826,6129,5816,5195
ube2d4,0,0,0,0,0,0,0,0,0,0,0,0
ube2e1,645,702,766,538,785,690,591,618,572,645,540,529
ube2e2,239,214,215,203,274,247,190,216,231,289,195,201
ube2e3,544,610,619,582,654,592,557,511,566,543,510,548
ube2f,753,825,834,675,828,910,699,735,773,602,554,576
ube2g1,987,1208,1313,1051,1348,1183,1185,1013,1170,1089,1185,982
ube2g2,624,487,551,570,629,646,490,491,444,424,352,410
ube2h,1525,1704,2063,1448,1911,1488,1662,1451,1772,1488,1648,1696
ube2i,1118,1234,1383,1033,1454,1188,1164,1164,1181,1109,1144,1056
ube2j1,1054,1033,1290,1096,1237,1386,1061,991,1102,927,1005,897
ube2j2,411,512,491,526,614,579,414,454,488,420,462,403
ube2k,795,845,879,771,810,949,725,730,774,795,703,696
ube2l3,1484,1485,1616,1121,1638,1468,1264,1262,1389,1290,1151,1280
ube2l6,1875,1338,1497,928,1482,1305,1275,1358,1246,1369,1277,1108
ube2m,477,568,584,487,690,526,501,485,466,415,486,388
ube2n,769,844,915,634,936,839,725,725,663,698,652,670
ube2nl,0,0,0,0,0,0,0,0,0,0,0,0
ube2o,565,226,251,198,239,257,223,191,238,165,174,225
ube2q1,654,651,793,636,903,729,685,579,742,561,720,609
ube2q2,681,717,884,746,942,796,740,657,746,634,679,590
ube2ql1,1,5,2,0,0,7,3,1,2,0,4,4
ube2r2,1340,1515,1535,1247,1755,1410,1357,1261,1429,1305,1355,1370
ube2s,392,455,480,474,581,564,500,383,446,329,437,356
ube2t,22,33,33,40,31,38,21,32,35,14,31,14
ube2u,115,85,75,73,48,106,48,61,27,76,29,83
ube2v1,790,920,831,687,1062,916,799,741,736,609,726,690
ube2v2,641,670,738,576,751,747,678,687,589,750,598,695
ube2w,579,654,662,589,673,736,591,638,617,674,556,539
ube2z,940,734,961,819,1127,880,859,811,848,708,827,780
ube3a,3040,3406,3793,3320,4011,4628,3433,3589,3741,3710,3430,3533
ube3b,760,910,971,853,1153,892,877,767,986,653,785,920
ube3c,1483,1640,1913,1432,1813,1765,1511,1451,1483,1523,1445,1471
ube4a,1537,1961,1969,1618,1912,2228,1697,1550,1834,1501,1530,1707
ube4b,703,984,900,877,973,909,793,654,994,591,916,811
ubfd1,1006,978,1012,862,1060,1261,840,883,726,810,717,747
ubiad1,147,219,208,181,234,274,160,181,165,146,159,178
ubl3,1208,1290,1338,1234,1652,1309,1237,1086,1369,1096,1190,1069
ubl4a,381,469,415,422,578,549,390,365,403,337,360,367
ubl4b,0,0,0,0,0,0,0,0,0,0,0,0
ubl5,958,1020,1082,813,1140,943,819,895,818,820,886,850
ubl7,323,370,361,320,403,332,326,267,316,281,306,326
ublcp1,679,770,814,660,850,823,704,659,634,665,635,613
ubn1,733,815,867,743,980,867,778,686,871,731,736,772
ubn2,621,621,626,631,740,672,653,600,702,515,610,693
ubox5,137,155,170,137,135,194,157,108,132,107,109,150
ubp1,790,1020,916,825,1058,1043,902,843,898,826,828,790
ubqln1,2454,2886,2637,2186,2617,2662,1947,2182,2003,2129,1815,2169
ubqln2,177,157,164,121,186,148,162,96,174,104,181,203
ubqln3,0,0,0,0,0,0,0,0,0,0,0,0
ubqln4,393,431,399,451,543,543,438,365,436,333,417,377
ubqlnl,0,0,0,0,0,0,0,0,0,0,0,0
ubr1,832,938,1070,900,1059,1070,881,822,922,884,856,963
ubr2,1303,1829,1536,1570,1862,1726,1762,1532,2043,1353,1561,1585
ubr3,2620,3057,3466,2967,3517,3214,2858,2890,2977,3079,2874,3428
ubr4,2777,3143,3068,3048,3332,3440,3100,2970,3616,2555,2877,4456
ubr5,2977,3475,4004,3512,4135,4030,4049,3037,3942,2995,3670,3041
ubr7,490,544,639,556,676,596,546,413,574,436,535,400
ubtd1,165,158,183,155,218,158,171,117,171,120,131,147
ubtd2,15,17,21,5,15,20,15,7,26,7,19,19
ubtf,1099,978,1474,988,1431,1153,1102,1045,1102,944,1002,952
ubxn1,1558,1284,1916,1298,1475,1535,1117,1394,1268,1484,1131,1465
ubxn10,5,7,3,4,3,3,2,2,2,2,3,3
ubxn11,3,4,6,0,11,10,9,10,12,7,9,4
ubxn2a,652,751,703,644,679,893,624,618,617,734,653,602
ubxn2b,151,170,169,121,175,159,150,142,156,129,163,111
ubxn4,2547,2403,2389,2111,2364,3066,1708,2247,1506,2143,1524,1779
ubxn6,787,831,876,752,977,767,834,619,862,604,783,718
ubxn7,1225,1407,1683,1322,1504,1490,1383,1255,1470,1332,1405,1344
uchl1,2,1,5,4,4,2,1,0,4,2,4,3
uchl3,283,334,368,265,330,364,280,324,284,356,266,321
uchl5,347,403,464,323,451,425,380,341,428,371,371,310
uck1,581,649,655,581,651,779,507,650,466,746,412,693
uck2,207,407,264,334,288,380,247,217,337,142,264,211
uckl1,373,376,430,318,480,383,429,335,380,293,360,322
ucma,0,0,0,0,0,0,1,1,1,1,0,0
ucn,0,0,0,0,0,0,0,0,0,0,0,0
ucn2,1,3,1,0,1,3,3,0,2,2,1,0
ucn3,0,0,0,0,0,0,0,0,0,0,1,0
ucp1,0,0,0,0,24,0,6,0,1,106,0,0
ucp2,540,311,487,328,728,332,587,272,529,219,689,469
ucp3,0,0,1,1,0,1,0,2,0,3,1,11
uevld,435,422,562,355,548,455,471,386,471,505,442,426
ufc1,1399,1422,1517,1237,1657,1561,1244,1190,1241,1232,1211,1183
ufl1,951,818,1062,1058,1087,1414,811,911,752,916,771,846
ufm1,1273,1375,1439,1143,1345,1545,1146,1161,1069,1129,1083,1038
ufsp1,42,47,51,39,69,62,46,46,56,44,43,40
ufsp2,1014,1199,1329,939,1199,1184,1037,934,966,1010,949,913
ugcg,549,515,712,597,744,718,657,496,729,575,832,513
ugdh,3186,3736,3350,3466,3381,4727,2949,3803,3758,4333,3300,3758
uggt1,2821,3182,2997,2542,3141,3480,2581,2401,2378,2007,2128,2266
uggt2,130,103,139,99,154,120,138,77,149,84,144,95
ugp2,9050,12388,14898,11322,14530,11652,10206,10503,14669,13424,11841,10539
ugt1a1,9034,11668,11296,9528,15257,11996,10173,10204,12484,12543,10595,8697
ugt1a10,23,49,17,54,32,56,28,25,19,57,34,20
ugt1a8,0,16,2,18,10,29,4,4,16,9,35,0
ugt1a9,3324,1833,5151,2118,4783,2370,3113,1280,3453,924,3853,406
ugt2a1,2,0,0,0,0,0,0,0,0,2,0,0
ugt2a2,4,5,6,1,4,3,7,7,1,1,3,6
ugt2a3,8294,11210,12777,10568,12188,10273,11909,11489,11673,12235,10444,10018
ugt3a1,1539,2390,1883,1979,1633,2323,1420,2638,1536,3394,1474,3090
ugt3a2,8628,10582,11550,9266,9816,10840,8959,9665,9018,11535,8219,9835
uhmk1,1701,2054,2041,1850,2371,2398,1868,1768,1925,1712,1798,1880
uhrf2,985,965,1173,881,1264,1124,1008,938,1121,926,914,922
uimc1,478,503,611,434,525,526,458,434,524,468,471,427
ulbp1,17,10,27,13,31,18,13,18,17,10,16,17
ulk1,732,867,798,625,762,814,565,730,854,569,706,948
ulk2,1625,1859,2061,1611,2127,1874,1606,1632,1613,1484,1497,1924
ulk3,111,106,99,97,83,125,107,80,117,64,105,112
ulk4,17,17,36,16,19,22,25,18,21,12,29,17
umod,0,0,1,0,0,1,2,4,2,4,1,0
umodl1,1,0,0,3,0,1,1,1,0,3,0,1
umps,753,961,1011,657,1177,940,802,739,863,701,799,644
unc119,160,55,111,73,148,93,78,87,116,68,104,105
unc119b,777,560,698,595,723,844,629,576,569,535,510,617
unc13a,34,68,51,42,65,48,63,40,56,25,52,48
unc13b,359,440,300,345,328,532,320,477,372,493,317,503
unc13c,1,0,2,0,1,0,2,0,2,1,3,3
unc13d,69,41,73,27,82,50,59,57,65,32,53,55
unc45a,262,316,271,194,276,301,225,173,228,150,201,205
unc45b,48,25,43,35,47,32,65,29,62,29,30,67
unc50,698,606,850,634,749,680,622,609,642,724,703,556
unc5a,34,47,28,28,43,23,29,20,55,15,32,22
unc5b,107,68,104,72,187,82,148,59,165,59,169,77
unc5c,28,37,32,23,17,25,24,19,35,18,47,31
unc5cl,1,4,3,2,4,5,2,3,4,6,24,3
unc5d,11,8,19,10,9,10,17,9,12,11,13,15
unc79,7,27,20,11,11,10,5,8,30,13,8,7
unc80,8,10,8,5,12,10,10,12,5,5,10,12
unc93a,29,39,32,41,33,32,36,53,37,41,47,67
unc93b1,1059,791,1103,695,1330,796,913,753,997,527,841,741
uncx,5,5,2,4,1,3,5,3,6,2,8,2
ung,87,103,114,157,148,209,132,58,137,69,118,52
unk,119,126,147,101,137,126,125,96,133,97,102,107
unkl,215,376,321,391,320,489,322,356,297,367,210,339
uox,84545,76062,86987,61071,95412,74649,88316,72878,94274,77468,88347,68183
upb1,5424,7820,7325,6319,8198,7326,6040,6444,6294,6802,6229,6420
upf1,791,1098,804,824,1177,1043,897,654,879,573,809,814
upf2,426,486,566,424,551,604,491,461,580,484,494,435
upf3a,247,252,297,278,253,311,253,238,238,213,237,221
upf3b,222,254,364,259,268,305,249,260,278,291,268,226
upk1a,0,0,2,1,2,1,1,0,0,0,3,0
upk1b,47,45,89,71,82,40,107,53,110,64,66,89
upk2,0,0,0,0,0,0,0,0,0,0,0,0
upk3a,0,0,0,0,0,0,0,0,0,0,0,1
upp1,40,38,75,37,79,38,41,36,58,46,155,29
upp2,9884,25415,19249,16280,33086,12232,26633,15229,34136,11320,30447,10237
uprt,73,64,77,79,95,92,89,68,84,54,92,59
uqcc1,655,930,861,726,1156,950,859,684,883,678,762,641
uqcc2,381,446,450,323,483,394,371,391,362,395,330,363
uqcc3,396,371,523,328,431,365,367,296,353,309,335,312
uqcr10,2125,2711,3052,2326,2876,2507,2272,2240,2358,2439,2122,2129
uqcr11,3061,3929,4110,3322,4373,3799,3070,3550,3289,3582,2950,3458
uqcrb,2977,4025,4251,3366,4096,3790,3107,3656,3330,4353,3342,3531
uqcrc1,3699,4650,4696,4199,5958,4245,3957,3420,4081,3341,4285,3528
uqcrc2,5733,6787,7926,5850,7248,7084,6276,5949,6689,6880,6726,5640
uqcrfs1,4052,4611,5435,3999,5671,4606,4287,3862,4673,3913,4715,3757
uqcrh,4458,5282,5742,4419,5585,5088,4504,4768,4794,4921,4816,4344
uqcrq,2838,3233,3135,2405,3281,2833,2499,2692,2442,2701,2483,2782
urad,482,855,661,724,689,697,663,474,456,388,498,390
urb1,95,132,148,136,196,185,182,135,195,123,135,166
urb2,219,290,292,261,369,350,327,218,282,212,240,231
urgcp,458,645,613,606,744,685,506,568,605,495,501,555
uri1,529,702,778,738,916,878,731,664,854,719,792,609
urm1,204,239,288,268,332,272,262,211,300,183,217,188
uroc1,9281,8017,11615,6689,12840,8243,9824,7069,9827,6773,8443,6718
urod,1376,1618,1740,1380,1789,1560,1447,1431,1598,1449,1449,1360
uros,426,531,486,348,456,475,377,407,321,396,331,381
usb1,177,174,212,176,221,209,173,134,195,146,148,142
use1,989,991,1188,850,1246,959,890,969,998,934,897,945
usf1,416,413,426,393,494,421,364,309,466,320,400,348
usf2,743,782,959,858,1029,884,840,673,1046,655,770,693
usf3,810,1058,1184,1134,1258,1156,1077,1010,1271,1059,1042,1287
ush1c,0,1,3,2,0,1,0,0,1,2,147,0
ush1g,8,9,10,3,11,10,11,8,14,5,8,14
ush2a,2,5,0,4,0,2,4,3,3,1,5,0
ushbp1,248,204,259,201,313,226,254,187,274,180,246,171
uso1,1005,1167,1124,1021,1076,1346,996,877,1012,876,865,1446
usp1,589,515,630,546,724,653,545,464,579,465,560,496
usp10,834,953,905,870,1081,1062,840,842,898,797,773,930
usp11,40,22,38,27,44,11,38,20,33,21,32,29
usp12,772,821,866,679,1102,793,766,743,811,688,830,691
usp13,6,3,9,4,10,10,8,3,3,6,11,31
usp14,946,1202,1103,920,1105,1305,948,1080,918,1075,842,1035
usp15,1355,1311,1566,1249,1543,1500,1262,1232,1342,1456,1229,1331
usp16,817,964,1169,1093,1198,1260,1006,932,1068,989,1001,846
usp18,278,349,547,291,417,368,350,234,470,219,389,213
usp19,1130,1193,1380,1197,1531,1406,1294,1023,1313,911,1104,1104
usp2,70,529,236,479,864,392,615,224,948,166,715,93
usp20,143,182,177,145,190,172,158,150,201,116,153,125
usp21,161,162,190,171,219,184,163,142,209,115,192,147
usp22,531,587,657,627,929,700,651,576,743,494,670,566
usp24,2441,2784,3121,2611,3312,3129,2869,2669,2998,2487,2488,2999
usp25,1048,901,1175,999,1377,1088,1110,932,1170,822,990,918
usp26,0,0,0,0,0,1,0,0,1,0,0,0
usp27x,38,18,32,17,21,25,16,21,27,20,15,18
usp28,143,176,196,162,213,150,197,164,232,159,221,175
usp29,68,73,67,64,53,79,69,69,79,51,62,62
usp3,812,743,944,679,938,778,744,713,825,721,856,735
usp30,291,336,409,324,416,344,334,312,318,282,313,287
usp31,239,243,239,233,278,260,245,211,296,183,231,191
usp32,788,906,996,772,938,924,914,840,1040,813,868,976
usp33,1115,1382,1401,1190,1415,1433,1176,1192,1215,1232,1255,1106
usp34,1630,1784,2062,1782,2045,1876,2014,1738,2172,1813,1867,2484
usp35,41,25,63,32,49,41,41,34,49,32,43,29
usp36,153,247,204,261,274,310,252,228,321,197,216,236
usp37,300,326,341,315,346,335,322,325,314,310,353,250
usp38,706,813,875,766,1002,1024,768,687,796,638,673,707
usp39,441,438,496,416,615,565,434,374,420,365,347,351
usp4,1803,1926,2358,1788,2320,2124,2056,1792,1982,1775,1667,1840
usp40,781,950,905,826,1100,1043,900,820,922,876,870,780
usp42,131,158,150,171,189,222,167,178,192,141,158,165
usp43,5,5,8,3,17,3,11,2,16,0,10,0
usp44,1,1,0,1,0,0,1,1,6,5,2,3
usp45,552,650,706,628,715,752,617,609,675,618,583,594
usp46,343,395,460,370,493,483,412,394,436,386,372,335
usp47,2862,3274,3702,3072,3405,3874,3087,3233,3143,3527,2935,3095
usp48,818,900,939,788,995,1013,857,760,845,692,784,706
usp49,83,102,131,84,106,112,110,66,113,50,98,89
usp5,1278,1445,1419,1159,1704,1482,1209,1307,1126,1117,1065,1232
usp50,406,450,443,337,478,462,382,394,350,339,367,349
usp51,0,0,0,1,1,1,0,0,0,0,0,0
usp53,384,413,520,385,478,527,491,402,491,407,410,406
usp54,132,141,159,132,132,166,146,123,122,106,132,156
usp6nl,507,536,622,638,654,654,507,511,525,543,494,487
usp7,1453,1516,1754,1503,1848,1816,1506,1490,1569,1463,1444,1495
usp8,1277,1409,1573,1237,1509,1517,1301,1199,1274,1208,1228,1165
usp9x,8172,8817,10137,8326,9518,9800,8183,8188,7921,8620,7850,8641
usp9y,0,0,0,0,0,0,0,0,0,0,0,0
uspl1,525,547,579,436,577,606,544,550,482,505,475,448
ust,49,27,43,36,61,24,53,18,56,23,32,34
utf1,0,0,0,0,0,0,0,0,0,0,0,0
utp14a,496,610,850,585,658,652,580,636,645,666,580,675
utp15,231,288,299,268,285,313,245,230,271,230,242,210
utp18,329,352,393,415,513,474,342,311,357,382,320,258
utp20,658,698,849,620,880,931,737,701,653,730,632,661
utp23,137,138,181,144,129,207,142,135,144,129,120,111
utp3,593,629,795,646,758,795,602,607,623,716,586,494
utp6,973,1086,1014,849,988,1109,854,850,806,925,803,792
utrn,1766,1810,1948,1677,2271,1857,1968,1587,2120,1429,2102,1760
uts2,0,0,0,0,1,2,1,0,1,0,2,0
uts2b,0,0,0,0,0,0,0,0,0,0,0,1
uts2r,0,0,0,0,0,0,0,0,0,0,0,0
uty,979,955,1215,855,1136,1000,981,927,1074,978,1085,934
uvrag,693,908,851,853,986,857,904,771,983,660,819,746
uvssa,322,317,417,348,416,407,402,320,431,272,384,362
uxs1,203,222,230,213,247,266,200,251,201,233,174,199
uxt,408,446,466,361,497,428,390,377,408,441,343,353
vac14,250,421,322,285,461,359,362,276,382,269,285,298
vamp1,148,151,223,118,153,170,176,142,206,136,180,181
vamp2,80,97,88,108,119,117,120,70,141,64,104,119
vamp3,490,496,572,427,707,488,471,435,585,396,634,436
vamp4,337,292,370,268,402,343,343,258,362,290,344,250
vamp5,184,186,218,108,249,169,145,154,199,111,141,136
vamp7,1545,1540,1654,1251,1589,1653,1382,1429,1267,1502,1467,1458
vamp8,2507,2527,3069,2178,2930,2506,2368,2204,2641,2289,2363,2159
vangl1,199,176,235,140,246,172,192,147,204,98,161,170
vangl2,26,25,25,29,18,19,24,30,29,17,29,30
vapa,1418,1666,1820,1476,1738,1574,1395,1366,1467,1439,1530,1349
vapb,1287,1414,1492,1251,1820,1392,1199,1241,1327,1278,1220,1189
vars2,341,392,433,325,406,388,365,277,335,291,308,300
vash1,35,20,30,19,63,21,32,26,29,18,22,15
vash2,2,0,4,6,2,1,2,3,4,1,4,0
vasn,187,176,157,269,309,297,163,235,287,143,186,200
vasp,441,261,460,323,642,326,357,293,430,205,429,282
vat1,668,482,708,509,946,554,710,553,693,504,657,576
vat1l,5,5,8,4,13,4,15,4,9,8,3,9
vav1,269,115,225,139,353,143,191,149,214,75,168,127
vav2,892,915,921,906,1208,1046,929,767,924,671,877,810
vav3,110,63,133,65,168,94,152,56,115,71,109,94
vax1,0,0,0,0,0,0,0,0,0,0,0,0
vax2,3,1,4,1,2,2,1,2,2,3,3,2
vbp1,381,337,476,330,488,413,399,276,432,337,423,315
vcam1,1060,572,965,652,1471,529,1083,817,1148,514,951,656
vcan,83,25,95,62,93,78,168,34,84,37,67,81
vcl,1016,977,996,763,1038,950,793,852,792,720,747,926
vcp,8079,10149,9668,8122,9165,11124,7228,8700,6958,8460,6309,8529
vcpip1,1341,1348,1542,1303,1703,1491,1421,1218,1523,1255,1411,1479
vcpkmt,35,28,44,27,45,31,33,22,37,30,39,34
vdac1,2693,3566,3561,2886,4240,3442,3273,2891,3347,3024,3331,3047
vdac2,1643,2065,2386,1790,2552,1946,2031,1695,2136,1732,2217,1541
vdac3,2041,2119,2437,1726,2370,2171,2012,2115,1968,2247,1834,1988
vdr,1,3,4,13,4,4,5,4,3,6,346,4
vegfa,1199,1727,1777,1237,1634,1719,1869,1660,1847,1322,1541,1397
vegfb,96,74,101,63,125,93,85,76,130,67,106,122
vegfc,114,58,93,58,129,70,71,56,73,54,71,69
veph1,20,26,27,15,15,21,18,17,18,14,29,18
vezf1,348,321,423,318,483,408,349,289,419,282,419,366
vezt,516,604,732,526,586,622,595,571,625,551,558,621
vgf,0,1,0,2,0,0,1,0,0,0,0,0
vgll1,0,0,0,0,0,0,0,0,0,0,0,0
vgll2,0,0,0,0,0,0,0,0,0,0,0,2
vgll3,26,14,15,12,15,14,24,22,15,10,20,22
vgll4,633,500,892,543,587,519,664,583,518,426,549,453
vhl,263,245,308,286,349,348,296,242,306,240,273,236
vil1,9,8,8,48,5,9,3,3,5,6,1435,2
vill,97,29,51,24,92,33,55,21,75,20,47,26
vim,1439,745,1762,945,2346,908,1885,841,1872,822,1660,1425
vip,1,0,0,0,0,0,0,0,0,0,19,0
vipas39,324,380,484,335,470,443,358,294,445,282,404,282
vipr1,624,979,656,846,1048,659,789,556,761,566,898,669
vipr2,3,8,5,8,5,10,7,5,19,2,4,4
vit,12,16,19,25,23,23,32,12,22,10,27,31
vkorc1,2197,2453,2620,1941,2554,2326,2131,2216,2266,2323,2165,2271
vkorc1l1,958,1141,1089,1089,1278,1315,952,956,1054,885,981,941
vldlr,37,49,36,56,79,70,59,69,128,113,58,71
vma21,543,544,665,497,671,581,577,558,577,613,500,723
vmac,170,242,254,210,281,200,239,233,226,186,217,212
vmo1,57,56,73,45,62,63,69,37,43,55,38,61
vmp1,3311,3082,3859,2653,3083,3259,3705,3886,2925,2907,2865,2825
vnn1,193,290,190,347,279,454,118,334,155,799,240,430
vopp1,170,128,168,120,200,119,150,140,143,111,123,121
vpreb1,2,1,2,0,4,3,0,1,2,2,1,4
vpreb3,4,3,2,5,12,5,2,8,4,4,9,2
vps11,622,536,733,632,729,674,575,618,680,567,541,612
vps13a,724,1229,1072,1123,1503,1172,1335,1017,1511,1048,1392,854
vps13b,2320,2510,3291,2320,3146,2679,2773,2558,2860,2471,2497,2663
vps13c,1693,1470,2134,1401,1749,1706,1867,1377,1852,1462,1386,2350
vps13d,2847,3039,3466,3118,3712,3509,3492,2981,3680,3039,3311,3742
vps16,561,595,660,506,619,628,590,541,574,506,504,506
vps18,282,251,343,253,355,296,252,228,268,242,231,296
vps25,695,888,953,712,994,758,711,686,773,648,670,680
vps26a,936,1142,1238,1021,1397,1204,1134,927,1119,1046,1065,873
vps26b,663,665,753,656,912,750,646,535,699,499,604,613
vps29,875,819,933,748,1054,887,844,678,901,774,906,758
vps33a,628,619,703,562,775,666,631,465,613,438,594,539
vps33b,160,169,179,136,167,229,142,130,161,121,166,121
vps35,3409,3695,4234,3056,4122,3643,3456,3336,3680,3732,3389,3226
vps36,677,645,817,534,843,655,606,563,623,643,602,608
vps37a,1195,1483,1746,1389,1706,1733,1430,1305,1378,1347,1290,1414
vps37b,167,109,140,83,183,123,112,101,157,99,132,117
vps37c,160,153,142,159,200,230,130,144,160,121,132,113
vps37d,6,1,7,5,5,8,8,4,3,3,5,6
vps39,596,607,705,553,736,661,648,576,652,528,627,584
vps41,1426,1584,1740,1478,1702,1632,1356,1407,1467,1578,1322,1513
vps45,228,238,252,180,248,246,206,231,189,197,231,214
vps4a,402,472,519,415,504,484,445,389,470,410,416,355
vps4b,1537,1502,1972,1446,1840,1655,1522,1560,1539,1649,1582,1472
vps50,619,555,769,618,710,676,623,599,647,615,647,633
vps51,314,318,432,341,448,335,321,315,322,246,297,316
vps52,344,416,367,291,414,391,331,275,266,254,280,265
vps53,446,491,515,392,553,509,407,399,410,404,365,463
vps54,1135,1112,1279,1029,1346,1212,1121,1092,1173,1159,1248,1231
vps72,202,203,189,167,204,196,164,137,194,172,160,175
vps8,359,306,370,315,336,355,307,239,277,276,286,310
vps9d1,203,234,219,237,302,248,246,215,254,152,268,187
vrk1,133,140,191,130,221,164,140,141,161,147,146,117
vrk2,196,152,206,149,229,170,162,173,174,171,166,178
vrk3,381,362,448,315,447,416,340,280,375,229,361,312
vrtn,0,0,0,0,0,0,0,0,0,0,0,0
vsig1,0,0,0,0,0,0,1,0,0,0,0,0
vsig10,75,57,72,43,87,55,85,30,97,18,95,40
vsig10l,20,7,13,10,17,17,8,14,23,4,13,19
vsig2,13,10,7,11,4,8,14,6,17,10,14,6
vsig4,1732,1146,1332,967,1723,1035,1056,970,1047,844,934,861
vsig8,3,3,11,4,22,1,18,1,20,6,16,11
vsir,519,389,529,271,733,396,589,262,526,267,497,386
vsnl1,2,2,0,1,0,2,1,3,1,1,1,0
vstm2a,0,0,0,0,0,0,0,0,0,0,0,0
vstm2b,0,0,1,0,0,0,1,0,0,0,1,0
vstm2l,0,0,0,0,0,0,0,0,0,0,1,0
vstm4,106,27,68,25,112,27,55,39,61,26,61,30
vstm5,8,4,9,3,7,4,1,8,7,5,23,3
vsx1,0,0,2,1,0,1,2,0,0,0,1,1
vsx2,14,16,18,16,22,18,15,11,20,8,12,20
vta1,310,304,372,317,389,369,294,321,303,317,305,280
vtcn1,10,7,7,6,11,4,15,8,14,13,11,7
vti1a,274,252,344,218,313,239,254,244,250,214,271,241
vti1b,915,957,1123,790,1106,981,871,1063,926,999,885,947
vtn,51681,43818,52469,38244,47492,46614,45667,36009,43565,31779,38189,36013
vwa1,21,31,26,21,38,32,19,19,34,21,52,34
vwa2,0,0,0,0,1,1,0,1,0,1,0,0
vwa3a,6,14,17,13,11,13,9,21,24,10,14,8
vwa3b,10,23,11,22,9,34,9,13,29,12,14,23
vwa5a,1643,1219,1697,1242,1714,1528,1470,1242,1361,1279,1332,1244
vwa5b1,6,3,9,1,6,9,7,7,5,3,2,1
vwa5b2,0,0,2,1,0,5,2,0,5,5,5,1
vwa7,10,6,11,6,12,12,12,5,11,12,10,13
vwa8,2935,3523,4006,3715,4084,3838,3293,3094,3592,3416,3413,3708
vwc2,0,4,1,2,2,3,3,1,1,6,2,1
vwc2l,0,1,0,2,1,1,1,4,0,0,0,0
vwce,231,300,305,286,319,286,270,267,314,246,313,360
vwde,0,0,0,0,0,0,0,0,0,1,0,0
vwf,627,276,348,201,607,243,419,198,617,154,503,319
wac,1171,1250,1491,1074,1468,1342,1144,1208,1350,1224,1318,1154
wapl,3121,3302,3674,2978,3595,3621,3138,3126,3208,3347,2918,3089
wars2,150,134,199,115,203,182,175,136,165,145,144,147
was,101,34,86,51,150,55,79,42,92,42,52,54
wasf1,0,5,6,4,14,13,8,5,4,8,6,12
wasf2,466,384,460,405,640,409,449,328,493,332,436,541
wasf3,9,9,7,6,7,10,9,10,9,2,16,9
wasl,913,957,911,928,1119,863,873,788,1030,766,949,1035
wbp1,543,621,637,456,712,521,547,563,538,421,501,585
wbp11,308,377,371,331,377,425,307,238,378,237,306,313
wbp1l,3346,3720,3221,3830,4171,4185,2951,3068,3511,2490,2966,2986
wbp2,873,1084,946,801,1271,1013,986,869,1034,736,813,948
wbp2nl,0,0,0,0,0,0,0,0,0,0,1,0
wbp4,336,416,415,381,417,470,377,355,362,407,343,341
wdfy1,792,1042,1000,811,1013,937,771,787,846,814,864,771
wdfy2,242,239,314,238,363,267,254,263,280,214,226,254
wdfy3,1522,1485,1654,1486,1861,1365,1653,1159,1895,1069,1489,1820
wdfy4,321,187,336,159,461,172,345,240,330,168,303,285
wdhd1,46,86,68,53,81,68,66,66,75,41,71,58
wdpcp,87,92,109,78,116,92,87,99,98,102,111,96
wdr1,2039,1549,2184,1575,2489,1739,1842,1670,1916,1628,2011,1969
wdr11,773,824,986,666,967,839,849,647,765,571,844,725
wdr12,381,480,480,499,497,607,414,414,430,452,419,344
wdr13,613,529,659,520,695,584,560,521,646,480,548,475
wdr17,8,7,9,5,7,4,9,3,4,5,4,6
wdr18,790,1053,1085,877,1164,1076,794,821,833,771,776,775
wdr19,118,109,165,120,162,116,112,97,139,86,124,113
wdr20,387,425,475,361,423,427,359,396,403,444,376,357
wdr24,355,432,511,386,478,389,377,299,366,309,364,332
wdr25,109,97,100,76,78,89,62,71,61,67,59,78
wdr26,2302,2083,2696,2348,2659,2513,2437,2163,2713,2081,2391,2493
wdr27,0,0,0,1,0,0,1,1,0,0,0,5
wdr3,469,517,529,455,673,616,535,515,457,490,464,415
wdr31,197,223,208,174,206,221,200,194,175,181,216,201
wdr33,646,798,828,660,799,745,758,701,814,689,701,658
wdr35,142,149,195,139,127,183,161,141,148,115,153,151
wdr36,691,794,790,638,946,735,801,621,735,595,679,582
wdr37,349,444,503,373,524,429,466,378,406,330,364,381
wdr38,11,6,13,7,11,11,8,8,8,4,7,7
wdr4,213,209,264,223,346,244,256,212,267,164,219,240
wdr41,281,291,323,296,376,316,272,329,278,303,278,291
wdr43,528,733,728,735,939,1020,686,622,703,688,636,536
wdr44,189,160,189,134,239,185,187,164,214,127,199,158
wdr45,693,726,938,800,877,801,728,677,920,686,703,687
wdr45b,812,958,1316,1113,974,1196,1127,892,860,895,813,803
wdr46,283,359,377,317,393,347,310,279,272,265,233,266
wdr47,73,62,76,74,83,87,78,64,75,49,73,62
wdr48,687,729,921,696,873,765,698,642,665,646,703,581
wdr49,2,2,7,4,3,6,7,7,2,1,4,4
wdr5,552,747,697,674,904,770,683,584,681,529,634,632
wdr53,228,251,282,240,238,246,179,185,224,173,185,204
wdr54,13,25,16,9,16,29,12,15,31,18,11,6
wdr55,310,349,344,309,302,368,387,300,332,280,320,262
wdr59,250,344,342,266,314,369,300,264,300,251,280,263
wdr5b,66,67,77,57,63,81,68,54,57,59,62,57
wdr6,436,504,618,559,556,504,548,440,611,373,512,625
wdr62,30,39,52,32,50,53,30,38,49,26,44,44
wdr64,0,0,0,0,0,0,0,0,0,0,0,0
wdr7,821,1014,1163,1065,1086,1108,972,807,989,730,839,925
wdr70,93,91,96,88,110,98,108,88,117,71,94,89
wdr72,2,12,2,7,6,5,2,3,14,5,2,2
wdr73,260,308,334,328,404,414,315,272,300,349,236,280
wdr74,291,306,378,346,415,477,303,288,316,301,262,273
wdr75,324,359,427,348,462,513,355,345,333,399,313,330
wdr76,112,110,172,83,117,113,102,102,124,84,94,81
wdr77,564,603,663,624,738,787,593,549,528,521,536,500
wdr81,1017,872,961,743,933,883,693,692,910,608,816,961
wdr82,1139,1314,1565,1168,1523,1388,1370,1255,1417,1112,1265,1099
wdr83,247,316,310,224,309,310,295,255,221,244,197,220
wdr83os,407,458,450,382,554,417,407,393,390,322,391,343
wdr86,23,13,19,13,18,11,28,14,22,13,18,8
wdr89,51,63,46,22,56,52,39,31,22,38,31,46
wdr90,98,83,102,82,73,105,93,100,84,79,89,97
wdr91,345,308,428,229,358,337,274,311,383,252,321,408
wdr93,14,21,21,14,30,12,15,28,14,19,17,15
wdsub1,128,128,148,129,143,107,120,134,150,87,106,119
wdtc1,989,1211,1173,1211,1097,1184,907,1030,1119,925,844,1405
wee1,47,382,178,315,542,257,427,174,584,188,458,127
wee2,0,0,1,1,0,1,0,0,0,0,1,1
wfdc1,76,119,85,113,111,76,89,99,101,107,89,127
wfdc11,0,0,0,0,0,0,0,0,0,0,0,0
wfdc12,2,5,3,1,0,0,3,3,2,2,1,4
wfdc13,0,0,0,0,2,1,0,0,1,1,0,1
wfdc2,237,40,176,20,240,51,187,55,198,71,145,59
wfdc3,4,3,6,3,5,5,5,6,6,5,4,7
wfdc5,0,1,0,0,0,0,0,0,0,0,0,0
wfdc8,1,0,0,0,0,0,0,1,0,0,0,0
wfdc9,0,0,0,0,0,0,0,0,0,0,0,0
wfikkn1,10,17,20,11,12,18,21,21,14,13,15,9
wfikkn2,6,5,10,6,11,7,6,7,12,9,12,7
wfs1,154,137,159,160,200,227,146,112,136,94,122,137
whamm,513,746,822,613,859,734,704,747,807,624,795,687
whrn,4,18,4,7,13,12,9,11,17,2,15,5
wif1,1,4,0,8,1,3,0,0,2,0,1,5
wipf1,217,106,205,104,272,137,200,114,186,109,210,169
wipf2,155,175,175,154,188,179,175,171,205,145,199,170
wipf3,56,76,60,46,94,68,72,44,110,48,69,112
wipi1,295,288,327,295,332,368,275,212,296,178,232,292
wipi2,1721,2081,2121,1924,2309,2252,1793,1634,1677,1493,1669,1568
wiz,97,129,118,104,107,119,116,95,132,77,103,156
wls,396,255,414,318,560,293,485,251,482,292,440,328
wnk1,1789,1542,1888,1489,2173,1714,2005,1353,2046,1233,1692,2431
wnk2,3,12,3,16,3,16,14,2,68,2,12,11
wnk3,12,8,10,10,14,7,13,4,7,7,13,11
wnk4,20,31,24,37,35,27,35,12,39,9,27,23
wnt1,0,0,0,0,0,0,0,0,0,0,0,0
wnt10a,0,1,0,0,0,1,0,0,0,1,1,0
wnt10b,0,0,2,0,0,1,0,0,1,0,2,0
wnt11,1,3,2,3,1,5,3,2,6,1,4,3
wnt16,2,2,2,3,0,3,2,2,1,1,3,2
wnt2,124,111,162,89,185,121,113,83,140,98,140,82
wnt2b,16,22,22,19,17,15,14,17,25,10,24,24
wnt3,0,1,1,0,0,0,0,0,0,0,1,1
wnt3a,0,0,0,0,0,0,0,0,0,0,0,0
wnt4,90,50,82,65,75,78,103,44,108,66,85,65
wnt5a,58,27,71,31,80,69,68,28,69,35,79,53
wnt5b,89,193,91,109,138,95,199,106,111,62,114,94
wnt6,4,3,1,1,3,1,3,0,4,0,2,1
wnt7a,1,0,1,0,0,2,0,0,1,0,1,0
wnt7b,4,0,0,0,3,1,2,1,0,0,6,3
wnt8a,0,0,1,0,0,0,0,0,2,0,0,0
wnt8b,2,2,3,2,0,0,0,1,1,2,0,1
wnt9a,7,12,17,19,12,26,27,19,9,8,9,23
wnt9b,30,28,39,34,82,41,51,20,82,17,68,23
wrap53,144,163,161,119,158,163,142,116,107,93,141,109
wrap73,205,178,253,127,189,206,194,163,158,156,132,203
wrn,506,580,649,397,669,542,516,465,541,493,547,450
wrnip1,792,682,798,723,724,892,618,645,603,788,635,691
wsb1,625,356,960,442,467,499,803,482,478,322,900,469
wsb2,857,893,870,870,1050,987,752,722,877,578,821,743
wscd1,11,15,13,14,17,12,16,13,26,12,23,12
wscd2,10,4,0,1,5,2,4,3,8,2,4,2
wt1,51,28,57,37,60,30,90,27,80,24,61,64
wtap,1033,1043,1336,881,1229,1123,998,987,1043,987,955,972
wtip,55,34,50,34,76,33,46,39,51,28,36,33
wwc1,599,791,529,618,875,800,736,732,759,607,638,711
wwox,127,131,175,119,189,136,132,183,168,129,152,142
wwp1,2456,3078,3291,2688,3674,3028,3007,2600,3280,2924,2974,2777
wwp2,527,513,615,487,636,471,457,473,438,423,464,517
wwtr1,620,562,658,499,844,603,610,418,696,525,599,591
xab2,393,389,513,357,547,490,391,332,442,312,379,354
xaf1,169,148,213,143,204,190,146,134,149,127,181,120
xbp1,4832,5430,7758,4651,6065,7607,6558,4069,4140,3919,3877,4079
xcl1,6,4,6,2,3,3,9,8,6,7,6,4
xcr1,16,19,29,17,32,27,17,24,38,12,27,22
xdh,3211,4883,4189,3458,5645,4481,4144,3429,4137,3123,4841,3183
xiap,3410,3509,3994,3021,3927,3822,3326,3248,3107,3225,3228,3434
xirp1,37,64,94,69,29,141,59,60,21,19,25,66
xirp2,12,3,24,0,0,10,0,0,0,0,0,216
xk,136,93,136,94,103,168,103,126,81,116,121,126
xkr4,3,2,9,4,2,5,3,3,2,4,5,4
xkr6,53,50,39,39,45,51,37,41,34,41,45,33
xkr7,0,0,0,0,0,0,1,0,0,0,0,0
xkr8,147,186,189,120,207,161,146,128,171,98,122,124
xkr9,423,575,484,539,464,543,446,739,547,782,466,569
xkrx,5,9,9,3,12,12,9,6,17,11,10,14
xpa,275,259,375,274,270,276,275,253,268,281,307,257
xpc,564,560,703,514,670,610,518,473,548,459,501,475
xpnpep1,658,740,761,577,779,717,667,647,609,524,758,610
xpnpep2,25,17,18,19,18,31,13,14,26,17,35,16
xpnpep3,455,628,601,561,654,762,559,456,510,496,457,424
xpo1,1555,1451,1829,1174,1666,1783,1428,1344,1289,1360,1408,1299
xpo4,301,371,403,397,448,513,358,303,409,302,313,323
xpo5,398,506,528,478,616,642,437,447,492,431,383,422
xpo6,560,647,682,640,727,648,627,553,670,576,634,708
xpo7,1138,1230,1275,1093,1473,1331,1112,1102,1256,1109,1015,1359
xpot,1676,1846,1878,1817,2237,2051,1672,1637,1826,1721,1646,1608
xpr1,740,806,998,968,1008,1001,850,764,913,786,828,894
xrcc1,178,189,228,168,211,210,200,156,159,152,174,226
xrcc2,45,57,60,60,60,77,41,55,45,69,39,49
xrcc3,57,57,68,60,54,91,54,69,70,65,51,64
xrcc4,215,227,288,212,252,257,247,263,257,261,229,226
xrcc5,596,779,792,539,701,739,637,699,623,772,543,661
xrcc6,429,530,520,371,583,581,445,453,413,477,427,429
xrn1,665,729,907,704,861,798,800,659,886,729,804,881
xrn2,1364,1367,1805,1531,1785,1709,1647,1308,1619,1376,1575,1343
xrra1,1,9,1,5,1,4,6,5,23,6,15,4
xxylt1,63,55,60,48,87,63,64,62,57,53,52,63
xylb,1222,1843,1637,1721,1903,1893,1615,1611,1684,1480,1419,1563
xylt1,25,23,40,16,32,23,43,24,52,13,38,37
xylt2,326,352,368,349,359,369,364,297,316,271,284,391
yaf2,235,298,315,288,401,328,291,309,334,326,287,299
yap1,1135,1207,1219,1187,1379,1527,1006,1054,1075,1003,1042,1190
yars2,329,402,417,290,393,379,318,280,345,344,280,297
ybey,107,145,202,102,176,150,137,116,120,154,116,128
ybx1,2724,3069,3386,2534,3491,2900,2671,2653,2541,2554,2766,2580
ybx2,0,0,0,2,2,0,0,0,0,2,1,0
ybx3,316,300,358,236,453,263,340,193,362,186,347,264
ydjc,6,11,19,11,11,14,18,12,19,8,20,13
yeats2,217,290,270,181,303,334,284,222,273,216,246,274
yeats4,357,397,492,351,445,402,345,337,342,350,374,358
yes1,1038,1066,1293,955,1277,1061,1102,1010,1173,1054,1191,1013
yif1a,920,1099,1114,882,1325,910,904,833,868,799,864,820
yif1b,445,550,435,380,584,458,411,430,435,372,358,407
yipf1,749,900,977,727,924,883,749,767,741,842,665,773
yipf2,472,469,490,447,523,442,449,465,414,390,358,394
yipf3,481,484,645,487,605,546,596,421,568,386,528,608
yipf4,741,745,950,673,910,779,688,708,782,723,715,704
yipf5,778,736,786,688,842,910,677,585,650,619,587,685
yipf6,879,1095,1095,858,1014,1183,847,886,852,875,745,813
yipf7,0,0,0,0,1,0,0,0,0,0,0,12
yjefn3,3,6,4,1,6,0,6,2,4,1,3,4
ykt6,1256,1347,1421,1303,1570,1544,1210,1216,1121,1181,1043,1028
ylpm1,265,291,357,304,385,353,346,275,376,262,380,383
yme1l1,4505,4581,5234,3945,5127,4644,4450,4228,4316,4800,4322,4195
yod1,508,714,591,784,755,846,586,745,863,628,673,454
ypel1,28,26,34,22,23,28,27,27,28,24,34,23
ypel2,679,308,509,159,282,270,327,277,319,290,307,423
ypel3,404,330,556,339,434,335,409,347,485,302,457,394
ypel4,12,11,12,7,12,17,2,5,14,1,10,11
ypel5,975,1160,1415,1077,1292,1142,1184,970,1256,1146,1085,969
yrdc,214,234,267,300,364,387,235,253,259,250,212,184
ythdc1,879,954,955,682,929,853,884,770,915,778,886,720
ythdc2,396,458,509,463,487,514,443,412,404,368,385,382
ythdf1,522,573,634,587,671,705,523,518,554,509,452,507
ythdf2,699,759,770,684,837,857,680,662,687,646,627,659
ythdf3,1942,2358,2537,2291,3002,2566,2332,2072,2206,2055,2200,2085
ywhab,1386,1281,1482,1135,1743,1360,1540,1229,1467,1280,1340,1653
ywhae,1627,1967,2040,1640,2171,1954,1741,1653,1712,1654,1786,1795
ywhag,1105,1346,1174,1171,1467,1583,1141,1076,1094,947,936,1167
ywhah,732,610,773,470,1032,590,735,490,704,475,735,558
ywhaq,2178,2461,2676,1811,2627,2387,2153,1975,2209,2004,2178,1896
ywhaz,2509,2344,2855,2110,2976,2714,2293,2148,2295,2259,2467,2459
yy1,796,775,878,738,1000,740,711,633,794,684,746,677
yy2,16,16,26,12,28,15,4,18,20,11,0,12
zan,23,36,39,30,29,39,24,40,24,26,28,35
zap70,335,415,324,250,392,268,342,294,287,287,325,326
zar1,4,1,1,4,1,1,1,1,3,1,2,2
zar1l,0,0,0,0,0,0,0,0,0,0,0,0
zbbx,0,0,0,0,0,0,0,0,0,0,0,0
zbed3,33,32,41,29,39,37,40,30,28,23,35,39
zbed4,188,180,261,202,276,239,223,228,275,211,212,166
zbed5,71,77,116,112,88,126,90,49,102,78,100,83
zbed6,353,402,464,399,417,474,462,406,477,398,356,579
zbp1,147,82,138,84,162,124,119,135,124,102,103,104
zbtb1,321,389,471,353,510,417,385,372,492,409,391,352
zbtb10,184,175,224,160,149,177,171,147,185,165,142,156
zbtb11,419,537,592,552,569,537,469,484,563,585,460,446
zbtb12,45,52,84,56,71,60,72,61,76,50,66,43
zbtb14,251,330,379,293,409,297,340,241,404,233,340,251
zbtb16,268,691,214,268,381,217,472,276,223,105,294,129
zbtb17,194,195,233,198,249,255,215,192,247,169,177,196
zbtb18,419,487,607,493,614,660,525,494,586,515,446,499
zbtb2,130,113,172,108,159,130,155,100,157,110,144,121
zbtb20,4478,5129,4532,4631,7351,5546,6256,4123,6506,4156,5601,6335
zbtb21,202,169,186,137,213,164,177,165,163,148,181,173
zbtb22,316,271,358,283,390,322,304,245,358,249,253,296
zbtb24,243,232,297,205,277,233,231,259,287,227,235,213
zbtb25,44,39,39,44,38,36,46,45,43,46,48,41
zbtb26,197,191,272,165,216,253,202,174,191,165,142,159
zbtb3,14,9,21,6,14,7,6,7,14,3,9,10
zbtb32,34,37,48,36,32,45,31,24,45,24,24,34
zbtb33,353,333,377,348,448,328,377,366,722,318,350,678
zbtb34,80,72,100,56,101,75,101,61,123,53,84,104
zbtb37,310,312,378,250,365,412,382,265,440,266,393,351
zbtb38,671,787,817,691,891,869,737,724,720,672,690,746
zbtb39,194,148,220,144,257,201,185,133,281,128,190,205
zbtb4,546,396,526,408,635,488,532,369,521,275,433,447
zbtb40,138,188,168,187,250,215,168,184,183,160,185,159
zbtb41,716,871,1138,975,1071,1078,897,866,976,961,813,834
zbtb42,84,78,87,92,89,125,101,65,112,62,81,67
zbtb43,550,677,760,517,687,732,605,539,662,528,562,568
zbtb44,1229,1514,1609,1741,1774,1740,1589,1358,1827,1688,1699,1723
zbtb45,115,201,148,84,157,136,140,96,148,96,153,132
zbtb46,176,197,230,170,276,218,254,170,250,167,191,191
zbtb48,232,345,337,271,303,303,275,222,264,167,255,213
zbtb49,68,95,102,85,96,107,85,85,115,70,89,90
zbtb5,288,325,313,324,368,399,316,283,285,192,289,278
zbtb6,419,362,448,382,473,505,385,376,391,389,396,357
zbtb7a,349,433,445,344,581,386,471,341,588,259,454,452
zbtb7b,1112,1054,1169,1023,1250,1345,898,1140,1048,1058,872,1138
zbtb7c,42,66,37,39,60,119,64,19,39,27,35,47
zbtb8a,58,55,64,57,107,98,51,60,77,37,70,55
zbtb8b,17,18,12,13,12,20,13,12,21,12,16,12
zbtb8os,602,798,731,670,738,753,640,711,674,734,611,664
zbtb9,161,111,188,135,213,155,147,136,146,106,126,136
zc2hc1a,45,38,55,37,68,36,42,36,75,37,63,58
zc2hc1b,0,0,0,0,0,1,0,0,0,0,1,1
zc2hc1c,71,69,122,54,83,110,73,72,50,61,44,92
zc3h10,161,160,170,164,200,160,155,145,197,110,178,150
zc3h11a,952,1142,1205,1144,1377,1341,1262,1210,1395,1278,1145,1303
zc3h12a,55,57,74,52,106,68,79,55,102,46,63,49
zc3h12b,21,25,19,19,19,22,25,13,29,20,16,21
zc3h12c,321,345,403,327,431,376,349,396,467,401,376,427
zc3h12d,134,103,144,67,104,92,80,81,77,79,100,143
zc3h13,281,316,386,317,401,382,378,296,324,288,342,317
zc3h14,1360,1732,1984,1608,1879,1793,1651,1520,1814,1709,1559,1562
zc3h15,1193,1292,1452,1200,1376,1458,1102,1174,1147,1334,1191,1052
zc3h18,812,907,841,774,971,965,789,771,847,661,656,704
zc3h3,60,61,69,59,67,73,82,62,82,47,73,63
zc3h4,368,434,422,389,472,460,361,355,458,294,434,414
zc3h6,89,69,122,59,68,72,115,57,111,83,130,122
zc3h7a,882,781,1021,1015,989,1338,846,856,861,821,924,819
zc3h7b,510,558,576,502,755,554,508,448,562,388,472,605
zc3h8,36,87,81,71,94,89,76,76,103,76,73,44
zc3hav1,1548,1445,1906,1333,1963,1561,1415,1299,1454,1250,1490,1384
zc3hav1l,26,28,23,10,17,18,28,18,28,15,16,12
zc3hc1,234,258,276,196,276,306,221,219,244,222,215,214
zc4h2,38,26,27,22,31,28,30,27,29,33,20,39
zcchc10,24,22,33,40,39,39,35,37,28,39,35,34
zcchc12,0,0,0,0,0,0,0,0,0,0,3,0
zcchc13,0,0,0,0,2,0,0,0,0,0,0,0
zcchc14,441,617,571,504,729,550,557,479,730,400,551,664
zcchc17,348,389,418,302,378,406,303,285,310,303,294,276
zcchc18,8,3,4,5,6,3,3,3,8,4,5,14
zcchc2,499,577,742,458,659,588,607,530,719,526,576,635
zcchc24,1600,2050,1987,1961,2611,2222,2165,1626,2079,1452,1868,1789
zcchc3,23,11,37,15,29,20,29,14,23,4,26,15
zcchc4,147,135,202,123,182,198,162,136,172,108,172,139
zcchc7,406,462,501,377,423,520,415,407,433,367,420,391
zcchc8,308,316,385,325,394,385,337,302,386,265,352,279
zcchc9,169,184,252,206,221,238,181,223,209,216,203,163
zcrb1,301,382,364,318,342,362,266,274,291,274,285,301
zcwpw1,65,98,78,70,72,71,64,86,84,79,80,60
zcwpw2,4,7,2,6,9,3,3,4,3,2,6,6
zdbf2,3,9,2,6,5,4,15,1,2,1,6,5
zdhhc1,32,39,43,27,40,33,39,19,38,26,39,35
zdhhc11,0,0,0,0,0,0,0,0,0,0,0,0
zdhhc12,209,203,215,172,252,196,188,149,185,139,187,175
zdhhc13,132,131,267,131,163,178,178,149,167,106,180,130
zdhhc14,63,90,81,63,88,66,54,67,63,30,51,59
zdhhc15,10,8,17,3,22,4,13,6,21,5,25,4
zdhhc16,227,245,259,238,277,266,273,242,286,187,219,232
zdhhc17,334,371,384,319,421,408,346,320,379,311,360,367
zdhhc18,301,327,347,289,445,383,329,316,351,275,269,335
zdhhc19,3,1,5,6,3,2,5,3,1,1,4,0
zdhhc2,18,32,40,30,42,32,40,28,42,13,58,20
zdhhc20,386,340,534,437,575,484,502,414,660,406,532,469
zdhhc21,465,553,498,406,623,564,528,439,476,443,498,467
zdhhc22,0,0,0,0,0,0,0,0,0,0,0,0
zdhhc23,10,2,4,4,4,5,2,5,7,3,8,0
zdhhc24,71,59,82,63,88,86,58,69,79,52,52,40
zdhhc3,781,695,914,641,927,761,811,718,792,609,773,671
zdhhc4,212,277,251,202,273,205,235,202,203,177,223,211
zdhhc5,1262,1529,1530,1350,1787,1589,1454,1279,1483,1147,1299,1292
zdhhc6,1394,1812,2006,1499,1745,1776,1521,1301,1541,1496,1386,1256
zdhhc7,287,346,366,308,486,389,343,248,410,238,368,264
zdhhc8,83,113,98,66,113,94,86,57,105,42,81,100
zdhhc9,540,629,631,603,699,648,582,575,658,490,519,946
zeb1,539,535,659,459,709,595,573,534,605,478,601,515
zeb2,1319,782,1517,838,1813,897,1417,712,1359,747,1177,1076
zer1,343,343,381,277,358,277,362,277,320,212,276,376
zfand1,507,503,753,431,691,458,589,589,545,616,608,583
zfand2a,197,249,260,230,265,342,234,201,173,233,183,221
zfand2b,388,489,528,429,521,450,410,453,467,371,474,427
zfand3,1030,1158,1203,1001,1252,1044,958,1026,1103,956,994,1002
zfand4,502,736,569,448,505,523,436,794,518,640,461,735
zfand5,1114,1028,1100,913,1409,1031,1075,965,1117,1127,1170,1214
zfand6,1833,1454,2313,1631,2044,1828,1831,1464,2001,1842,2070,1630
zfat,67,76,75,39,89,63,61,67,56,44,56,56
zfc3h1,838,990,1115,1080,947,1165,953,767,1180,775,976,792
zfhx2,87,77,54,58,49,104,78,83,101,65,61,122
zfhx3,236,239,227,247,345,253,280,231,329,177,254,506
zfhx4,312,299,336,269,321,252,340,272,320,266,227,567
zfp1,137,104,135,103,106,139,112,98,77,105,104,97
zfp14,29,26,49,24,34,23,37,22,37,34,35,31
zfp2,99,161,179,131,152,182,123,134,137,125,125,145
zfp28,33,22,49,32,53,47,53,37,45,39,62,27
zfp3,30,25,43,36,34,53,46,26,30,29,28,29
zfp30,64,81,89,78,87,79,87,60,96,75,66,75
zfp36,1513,1526,1088,952,1613,1076,952,1102,1203,1045,1174,1259
zfp36l1,1124,832,1066,429,1048,643,1054,651,772,630,694,1074
zfp36l2,835,680,732,371,961,507,787,487,802,539,808,702
zfp37,59,46,58,49,60,47,45,54,47,34,67,41
zfp41,52,39,80,48,71,58,57,30,52,25,55,46
zfp42,4,1,1,0,1,1,1,0,2,2,1,1
zfp57,15,15,11,9,22,5,13,6,8,14,21,11
zfp62,716,635,843,643,833,756,696,730,757,743,663,646
zfp64,136,151,215,146,186,193,150,120,181,119,133,127
zfp69,35,24,54,22,41,25,39,10,36,17,35,36
zfp82,3,12,16,9,27,15,17,16,15,11,21,7
zfp90,68,47,77,49,81,48,65,48,84,55,65,54
zfp91,2186,2929,2895,2745,3342,3142,2834,2708,3245,2762,2776,2314
zfp92,6,4,8,6,13,9,8,11,11,14,9,12
zfpl1,184,158,185,146,201,223,163,172,162,147,155,155
zfpm1,305,349,293,301,426,414,298,366,410,304,375,432
zfpm2,47,36,51,41,61,31,69,31,69,30,62,50
zfr,1609,1456,1523,1119,1681,1611,1412,1249,1192,1321,1171,1270
zfr2,22,15,15,20,25,25,21,14,25,24,38,26
zfx,924,890,1076,761,1061,945,868,903,964,890,1013,898
zfyve1,1415,1632,1712,1104,1433,1387,1396,1140,1607,1136,1308,1237
zfyve16,413,310,441,265,460,398,330,376,348,396,310,324
zfyve19,308,296,343,279,357,351,291,305,283,248,277,339
zfyve21,540,835,781,688,849,681,673,565,726,594,703,572
zfyve26,689,877,828,658,755,840,589,662,661,568,584,908
zfyve27,284,349,403,310,437,399,372,339,413,303,360,291
zfyve28,11,7,8,6,4,3,11,6,22,9,9,11
zfyve9,798,1005,995,878,1125,1017,1035,828,1045,824,1030,843
zg16,140,5386,192,7948,386,5583,2607,2363,16555,13,2689,537
zglp1,0,1,1,2,3,2,1,0,1,3,0,0
zgpat,406,447,534,372,543,435,431,438,474,321,448,357
zgrf1,35,47,50,39,31,39,44,44,45,37,44,42
zhx1,1656,1593,1981,1483,1892,1874,1678,1408,1635,1504,1540,1382
zhx2,299,429,371,343,468,352,370,298,380,243,357,308
zhx3,2095,2337,2614,2244,2555,2577,2184,2081,2715,1959,2133,2364
zic1,6,8,11,13,12,17,16,9,17,6,6,12
zic2,0,0,0,0,0,0,0,0,0,0,0,0
zic3,0,0,0,0,0,1,0,0,0,0,0,0
zic4,1,1,0,1,0,0,1,2,0,0,0,1
zic5,1,2,2,1,0,3,1,1,4,2,5,1
zik1,39,27,63,35,43,37,49,32,52,33,40,37
zkscan1,1901,1917,2042,1470,2309,1823,1874,1424,2203,1398,2042,1557
zkscan2,41,40,45,27,22,32,38,42,44,27,32,27
zkscan3,1144,1463,1447,1161,1245,1437,1272,1286,1199,1177,1069,1396
zkscan4,32,30,43,12,32,24,28,26,16,21,21,21
zkscan5,268,350,420,345,357,369,341,268,256,244,250,278
zkscan7,186,315,275,317,220,318,229,272,202,245,204,209
zkscan8,295,321,477,367,438,468,347,288,342,342,299,378
zmat1,109,131,94,82,111,110,105,106,112,106,133,158
zmat2,824,978,969,679,833,899,771,746,697,835,753,648
zmat3,136,101,113,105,172,124,130,109,146,107,132,141
zmat4,0,1,3,2,1,2,0,0,1,0,6,2
zmat5,101,94,130,59,107,108,72,78,79,77,82,94
zmiz1,376,288,348,209,423,273,406,281,476,226,338,620
zmiz2,151,155,118,141,192,148,147,99,160,74,140,176
zmpste24,1710,1919,1946,1414,1751,1980,1595,1682,1533,1753,1393,1476
zmym1,131,127,160,137,127,176,111,120,131,140,77,141
zmym2,1258,1135,1415,1103,1341,1284,1262,1120,1472,1149,1325,1165
zmym3,267,274,348,229,305,301,314,251,314,206,309,257
zmym4,379,381,486,381,468,400,380,354,453,387,404,418
zmym5,714,775,912,717,900,798,740,639,916,680,867,668
zmym6,210,316,282,184,264,258,242,179,268,181,228,199
zmynd10,2,10,3,4,5,2,6,1,6,2,0,2
zmynd11,941,1084,1110,995,1285,1096,956,985,981,911,988,956
zmynd12,1,4,6,3,4,1,8,3,3,3,5,6
zmynd15,84,46,85,39,111,63,50,61,71,40,66,43
zmynd19,144,186,173,190,218,260,191,192,204,181,167,154
zmynd8,543,496,490,421,544,557,451,431,500,383,455,504
znfx1,1054,1226,1312,1236,1749,1595,1211,1054,1255,993,1118,1015
znhit1,453,562,527,421,556,461,452,429,414,370,369,414
znhit2,161,225,232,242,331,281,221,187,240,156,185,171
znhit3,146,175,155,163,158,176,135,151,127,126,138,144
znhit6,88,91,116,107,115,124,99,108,93,103,105,131
znrf1,368,450,419,382,432,484,411,409,456,368,332,416
znrf2,1823,1749,2172,1439,2005,1832,1672,1529,1635,1566,1468,1623
znrf3,172,241,260,245,267,242,213,257,325,220,258,314
znrf4,0,0,0,0,0,0,0,0,0,0,0,0
zp1,0,0,1,0,0,0,0,0,1,0,0,0
zp2,0,0,0,0,0,0,0,0,0,0,1,0
zp3,0,0,0,0,0,0,0,0,0,0,0,0
zpbp,1,1,3,4,4,3,3,3,1,12,3,1
zpbp2,3,3,4,2,4,1,2,4,3,2,3,3
zpld1,0,0,0,1,0,0,0,0,1,0,0,0
zpr1,781,882,975,618,876,863,1116,937,1170,803,1519,869
zranb1,1345,1649,1842,1625,1637,1676,1635,1532,1707,1663,1599,1601
zranb2,1147,1368,1290,1057,1209,1531,1165,1190,1160,1267,957,1083
zranb3,80,122,139,92,128,89,117,111,134,103,97,114
zrsr2,157,180,218,182,175,224,177,175,166,148,159,150
zscan10,0,0,0,0,0,0,0,0,1,0,0,0
zscan12,148,151,226,150,185,207,159,141,154,140,164,128
zscan18,7,1,11,3,4,3,6,1,2,5,2,5
zscan2,43,41,45,36,71,48,54,42,63,39,47,52
zscan20,77,54,80,60,95,65,72,50,78,42,50,69
zscan21,338,296,335,291,329,354,257,307,304,313,271,314
zscan22,53,61,65,74,87,97,62,77,66,61,48,61
zscan25,84,90,98,89,100,79,94,70,90,58,87,87
zscan29,355,366,402,362,390,388,359,343,403,323,355,354
zscan30,0,6,4,0,4,0,6,3,8,1,6,1
zscan5b,3,5,0,0,0,6,1,0,4,0,0,0
zswim1,36,53,50,48,53,60,57,43,62,20,33,42
zswim2,0,0,0,0,0,0,0,0,0,0,0,0
zswim3,21,16,28,15,29,31,20,22,18,18,21,21
zswim4,147,150,206,166,159,151,173,131,201,120,152,148
zswim5,59,75,95,75,75,104,64,78,86,52,88,78
zswim6,132,119,153,104,228,99,164,125,150,95,173,122
zswim7,121,144,156,136,157,154,113,130,119,167,137,147
zswim8,476,482,443,439,535,536,481,404,558,376,439,443
zw10,282,315,364,315,358,399,335,270,269,264,279,249
zwilch,21,23,29,26,26,19,14,27,15,12,33,28
zwint,1233,1239,1434,1113,1374,1392,1218,1342,1189,1496,989,1209
zxda,0,7,10,3,23,11,17,40,13,9,4,34
zxdb,166,143,217,143,203,193,152,136,199,130,165,196
zxdc,290,421,374,335,414,358,321,290,397,268,350,325
zyg11a,83,122,192,172,75,138,147,93,94,70,76,122
zyg11b,1713,2317,2388,2025,2542,2362,2065,1949,2091,2032,1927,2058
zyx,481,425,418,320,618,388,479,328,564,321,514,396
zzef1,1341,1473,1691,1359,1751,1594,1471,1270,1453,1163,1696,1445
zzz3,829,997,1091,940,1077,1182,1080,1020,1187,1035,963,963
mt-atp6,80839,99086,98162,80734,83465,89032,70688,107994,89354,100971,79891,102783
mt-atp8,12942,15919,15424,12517,12363,12289,9626,17496,11434,14983,12113,13517
mt-co1,436221,546512,636695,454666,488027,550333,433194,556631,486668,646440,437349,484118
mt-co2,65682,84690,79014,60592,48220,65545,43057,83748,48703,64126,63241,53765
mt-co3,302927,347392,382307,305822,289013,357606,280434,360741,298118,391797,288090,355590
mt-nd1,46920,58351,61738,51976,48990,59542,43466,57139,54924,57492,46327,55279
mt-nd2,18670,22768,22188,20620,18240,22277,16435,21525,25327,19939,20904,23481
mt-nd3,9805,8066,8672,9020,7316,8853,6646,9313,6218,9097,8342,8975
mt-nd4,26462,33494,30352,29477,25224,32806,24717,33573,33113,29928,25289,41894
mt-nd4l,2926,3801,3416,3179,2847,3694,2441,3963,3703,3160,2984,3175
mt-nd5,17297,17376,17992,18814,16155,18969,17767,18343,21511,15814,16334,31330
mt-nd6,4943,4797,4606,4503,3998,4879,3900,4457,4434,3759,3871,5313
